draw,key,stat,estimate,boot_var,lo,hi,balanced_accuracy,area,full_estimate,unsafe_full,decision,ba_unsafe
0,selection|Qwen/Qwen2.5-7B-Instruct|a,delta_pp:1,1.094,0.8131,-0.2607,2.7139,0.8585,selection,-0.401,False,abstain,False
0,selection|allenai/OLMo-2-1124-7B-Instruct|a,delta_pp:1,-0.1,3.7488,-3.367,3.3391,0.7825,selection,-0.8898,False,abstain,True
0,selection|ibm-granite/granite-3.3-8b-instruct|a,delta_pp:1,4.0258,2.5829,1.4664,6.7552,0.8599,selection,0.9105,False,unsafe,False
0,selection|microsoft/Phi-3.5-mini-instruct|a,delta_pp:1,2.9516,2.8114,0.4862,5.8971,0.8703,selection,1.8188,True,abstain,False
0,selection|Qwen/Qwen2.5-7B-Instruct|b,delta_pp:1,1.5182,1.2815,-0.4536,3.186,0.8289,selection,-0.5102,False,abstain,False
0,selection|allenai/OLMo-2-1124-7B-Instruct|b,delta_pp:1,0.4639,2.9219,-2.1849,3.2246,0.8381,selection,0.3366,False,abstain,False
0,selection|ibm-granite/granite-3.3-8b-instruct|b,delta_pp:1,3.9707,3.0839,1.0464,7.1805,0.8407,selection,1.8088,True,unsafe,False
0,selection|microsoft/Phi-3.5-mini-instruct|b,delta_pp:1,0.8919,4.1769,-2.564,4.0545,0.857,selection,2.3681,True,abstain,False
0,selection|Qwen/Qwen2.5-7B-Instruct|c,delta_pp:1,2.3336,1.1826,0.6448,4.271,0.8159,selection,-0.384,False,abstain,False
0,selection|allenai/OLMo-2-1124-7B-Instruct|c,delta_pp:1,0.9533,3.5553,-2.2129,3.545,0.753,selection,1.2233,True,abstain,True
0,selection|ibm-granite/granite-3.3-8b-instruct|c,delta_pp:1,4.2599,1.8855,2.01,6.2603,0.7949,selection,1.1876,True,unsafe,True
0,selection|microsoft/Phi-3.5-mini-instruct|c,delta_pp:1,4.8854,4.4716,2.3314,9.0287,0.8307,selection,3.7391,True,unsafe,False
1,selection|Qwen/Qwen2.5-7B-Instruct|a,delta_pp:1,0.3089,1.9436,-1.6839,3.0976,0.812,selection,-0.401,False,abstain,False
1,selection|allenai/OLMo-2-1124-7B-Instruct|a,delta_pp:1,0.1212,3.2256,-3.0236,3.2025,0.8818,selection,-0.8898,False,abstain,False
1,selection|ibm-granite/granite-3.3-8b-instruct|a,delta_pp:1,2.012,2.4299,-0.1763,5.0657,0.9101,selection,0.9105,False,abstain,False
1,selection|microsoft/Phi-3.5-mini-instruct|a,delta_pp:1,2.2031,4.1169,-1.1578,5.5286,0.8515,selection,1.8188,True,abstain,False
1,selection|Qwen/Qwen2.5-7B-Instruct|b,delta_pp:1,0.5852,1.6402,-1.2972,2.8234,0.8272,selection,-0.5102,False,abstain,False
1,selection|allenai/OLMo-2-1124-7B-Instruct|b,delta_pp:1,3.4434,4.7652,0.1579,7.2401,0.88,selection,0.3366,False,abstain,False
1,selection|ibm-granite/granite-3.3-8b-instruct|b,delta_pp:1,1.914,3.024,-0.6473,4.4901,0.8361,selection,1.8088,True,abstain,False
1,selection|microsoft/Phi-3.5-mini-instruct|b,delta_pp:1,1.6436,3.8232,-1.1178,5.1114,0.9237,selection,2.3681,True,abstain,False
1,selection|Qwen/Qwen2.5-7B-Instruct|c,delta_pp:1,-0.9408,1.7658,-2.7754,1.5001,0.796,selection,-0.384,False,abstain,True
1,selection|allenai/OLMo-2-1124-7B-Instruct|c,delta_pp:1,1.921,3.4389,-1.0174,5.3302,0.8381,selection,1.2233,True,abstain,False
1,selection|ibm-granite/granite-3.3-8b-instruct|c,delta_pp:1,1.337,1.7014,-0.7546,3.3646,0.8076,selection,1.1876,True,abstain,False
1,selection|microsoft/Phi-3.5-mini-instruct|c,delta_pp:1,3.0401,6.2811,-1.4257,6.858,0.9025,selection,3.7391,True,abstain,False
2,selection|Qwen/Qwen2.5-7B-Instruct|a,delta_pp:1,-0.5738,1.3907,-2.4889,1.2743,0.8636,selection,-0.401,False,abstain,False
2,selection|allenai/OLMo-2-1124-7B-Instruct|a,delta_pp:1,-2.4483,3.7836,-4.9115,1.8326,0.7947,selection,-0.8898,False,abstain,True
2,selection|ibm-granite/granite-3.3-8b-instruct|a,delta_pp:1,1.1368,1.9175,-1.2645,3.5157,0.8592,selection,0.9105,False,abstain,False
2,selection|microsoft/Phi-3.5-mini-instruct|a,delta_pp:1,-1.5428,2.8962,-4.2053,1.32,0.8616,selection,1.8188,True,abstain,False
2,selection|Qwen/Qwen2.5-7B-Instruct|b,delta_pp:1,-0.87,1.5462,-2.9931,1.1238,0.8323,selection,-0.5102,False,abstain,False
2,selection|allenai/OLMo-2-1124-7B-Instruct|b,delta_pp:1,0.8255,4.4489,-2.3436,4.2325,0.8041,selection,0.3366,False,abstain,False
2,selection|ibm-granite/granite-3.3-8b-instruct|b,delta_pp:1,2.4803,2.5917,0.0607,5.2621,0.886,selection,1.8088,True,abstain,False
2,selection|microsoft/Phi-3.5-mini-instruct|b,delta_pp:1,-0.1325,4.4733,-3.4001,3.2019,0.8545,selection,2.3681,True,abstain,False
2,selection|Qwen/Qwen2.5-7B-Instruct|c,delta_pp:1,-0.2277,1.114,-1.9904,1.3961,0.8341,selection,-0.384,False,abstain,False
2,selection|allenai/OLMo-2-1124-7B-Instruct|c,delta_pp:1,0.5179,3.0767,-2.3949,3.8507,0.7991,selection,1.2233,True,abstain,True
2,selection|ibm-granite/granite-3.3-8b-instruct|c,delta_pp:1,1.437,1.8688,-0.5319,3.8158,0.8618,selection,1.1876,True,abstain,False
2,selection|microsoft/Phi-3.5-mini-instruct|c,delta_pp:1,0.6444,5.1507,-2.774,4.3441,0.8761,selection,3.7391,True,abstain,False
3,selection|Qwen/Qwen2.5-7B-Instruct|a,delta_pp:1,0.4874,1.3381,-1.3043,2.4463,0.8263,selection,-0.401,False,abstain,False
3,selection|allenai/OLMo-2-1124-7B-Instruct|a,delta_pp:1,1.3382,3.4813,-1.4318,4.6909,0.8053,selection,-0.8898,False,abstain,False
3,selection|ibm-granite/granite-3.3-8b-instruct|a,delta_pp:1,2.08,2.2741,-0.4854,4.7483,0.836,selection,0.9105,False,abstain,False
3,selection|microsoft/Phi-3.5-mini-instruct|a,delta_pp:1,4.1836,3.1462,1.4355,7.3061,0.8754,selection,1.8188,True,unsafe,False
3,selection|Qwen/Qwen2.5-7B-Instruct|b,delta_pp:1,-0.0698,1.2544,-1.8133,1.9953,0.8105,selection,-0.5102,False,abstain,False
3,selection|allenai/OLMo-2-1124-7B-Instruct|b,delta_pp:1,3.5803,3.1654,0.8593,6.7035,0.8737,selection,0.3366,False,abstain,False
3,selection|ibm-granite/granite-3.3-8b-instruct|b,delta_pp:1,2.4491,2.4653,0.0677,5.0032,0.8833,selection,1.8088,True,abstain,False
3,selection|microsoft/Phi-3.5-mini-instruct|b,delta_pp:1,4.6852,4.6594,1.5026,8.3856,0.85,selection,2.3681,True,unsafe,False
3,selection|Qwen/Qwen2.5-7B-Instruct|c,delta_pp:1,0.3738,1.2587,-1.2857,2.0677,0.7939,selection,-0.384,False,abstain,True
3,selection|allenai/OLMo-2-1124-7B-Instruct|c,delta_pp:1,2.8496,3.3439,0.1698,6.0051,0.8272,selection,1.2233,True,abstain,False
3,selection|ibm-granite/granite-3.3-8b-instruct|c,delta_pp:1,2.143,1.6697,0.0161,4.2678,0.7737,selection,1.1876,True,abstain,True
3,selection|microsoft/Phi-3.5-mini-instruct|c,delta_pp:1,6.4736,6.861,2.3068,11.1166,0.8833,selection,3.7391,True,unsafe,False
4,selection|Qwen/Qwen2.5-7B-Instruct|a,delta_pp:1,-0.4704,1.2893,-2.5038,1.4624,0.8494,selection,-0.401,False,abstain,False
4,selection|allenai/OLMo-2-1124-7B-Instruct|a,delta_pp:1,-0.8063,3.454,-3.4907,2.1708,0.804,selection,-0.8898,False,abstain,False
4,selection|ibm-granite/granite-3.3-8b-instruct|a,delta_pp:1,2.5961,3.0166,-0.2478,5.3205,0.8381,selection,0.9105,False,abstain,False
4,selection|microsoft/Phi-3.5-mini-instruct|a,delta_pp:1,5.5081,3.5258,2.2141,8.5911,0.8949,selection,1.8188,True,unsafe,False
4,selection|Qwen/Qwen2.5-7B-Instruct|b,delta_pp:1,0.6795,1.2407,-1.3516,2.301,0.874,selection,-0.5102,False,abstain,False
4,selection|allenai/OLMo-2-1124-7B-Instruct|b,delta_pp:1,1.0446,3.2237,-1.4011,3.9361,0.8235,selection,0.3366,False,abstain,False
4,selection|ibm-granite/granite-3.3-8b-instruct|b,delta_pp:1,5.5873,3.3256,2.7617,8.0646,0.8373,selection,1.8088,True,unsafe,False
4,selection|microsoft/Phi-3.5-mini-instruct|b,delta_pp:1,2.8674,3.879,-0.3973,5.8897,0.8932,selection,2.3681,True,abstain,False
4,selection|Qwen/Qwen2.5-7B-Instruct|c,delta_pp:1,0.3416,1.1702,-1.6864,1.9624,0.8749,selection,-0.384,False,abstain,False
4,selection|allenai/OLMo-2-1124-7B-Instruct|c,delta_pp:1,3.4942,4.5598,-0.1143,6.5893,0.7529,selection,1.2233,True,abstain,True
4,selection|ibm-granite/granite-3.3-8b-instruct|c,delta_pp:1,4.5609,2.2929,1.8203,6.7537,0.8416,selection,1.1876,True,unsafe,False
4,selection|microsoft/Phi-3.5-mini-instruct|c,delta_pp:1,6.774,5.7314,2.5194,9.9302,0.8573,selection,3.7391,True,unsafe,False
5,selection|Qwen/Qwen2.5-7B-Instruct|a,delta_pp:1,-0.9198,1.4499,-2.5837,1.2289,0.7833,selection,-0.401,False,abstain,True
5,selection|allenai/OLMo-2-1124-7B-Instruct|a,delta_pp:1,0.2898,3.9348,-2.9577,3.6713,0.8302,selection,-0.8898,False,abstain,False
5,selection|ibm-granite/granite-3.3-8b-instruct|a,delta_pp:1,2.1191,2.5511,-0.3924,4.6754,0.8695,selection,0.9105,False,abstain,False
5,selection|microsoft/Phi-3.5-mini-instruct|a,delta_pp:1,4.0789,2.3686,1.4685,6.7372,0.883,selection,1.8188,True,unsafe,False
5,selection|Qwen/Qwen2.5-7B-Instruct|b,delta_pp:1,0.3785,1.6628,-1.7254,2.2129,0.7798,selection,-0.5102,False,abstain,True
5,selection|allenai/OLMo-2-1124-7B-Instruct|b,delta_pp:1,2.2956,3.4904,-0.5875,5.5406,0.815,selection,0.3366,False,abstain,False
5,selection|ibm-granite/granite-3.3-8b-instruct|b,delta_pp:1,2.7766,2.0896,0.0648,4.9207,0.8713,selection,1.8088,True,abstain,False
5,selection|microsoft/Phi-3.5-mini-instruct|b,delta_pp:1,4.777,3.7201,1.6313,8.1201,0.8725,selection,2.3681,True,unsafe,False
5,selection|Qwen/Qwen2.5-7B-Instruct|c,delta_pp:1,0.4227,1.393,-1.3976,2.2464,0.768,selection,-0.384,False,abstain,True
5,selection|allenai/OLMo-2-1124-7B-Instruct|c,delta_pp:1,4.4246,3.8278,1.3383,7.2096,0.7657,selection,1.2233,True,unsafe,True
5,selection|ibm-granite/granite-3.3-8b-instruct|c,delta_pp:1,1.1814,1.8488,-1.2229,3.1768,0.8434,selection,1.1876,True,abstain,False
5,selection|microsoft/Phi-3.5-mini-instruct|c,delta_pp:1,9.3317,3.4283,6.6232,12.2639,0.8959,selection,3.7391,True,unsafe,False
6,selection|Qwen/Qwen2.5-7B-Instruct|a,delta_pp:1,-0.0508,2.097,-2.5464,2.1876,0.7862,selection,-0.401,False,abstain,True
6,selection|allenai/OLMo-2-1124-7B-Instruct|a,delta_pp:1,0.6763,4.4621,-3.5806,4.2935,0.7564,selection,-0.8898,False,abstain,True
6,selection|ibm-granite/granite-3.3-8b-instruct|a,delta_pp:1,1.6433,2.611,-0.6135,4.0504,0.7644,selection,0.9105,False,abstain,True
6,selection|microsoft/Phi-3.5-mini-instruct|a,delta_pp:1,6.2008,4.2251,2.7894,9.3948,0.8073,selection,1.8188,True,unsafe,False
6,selection|Qwen/Qwen2.5-7B-Instruct|b,delta_pp:1,1.8834,1.5323,-0.1727,3.6593,0.8173,selection,-0.5102,False,abstain,False
6,selection|allenai/OLMo-2-1124-7B-Instruct|b,delta_pp:1,4.6027,3.5306,1.3052,7.3863,0.7859,selection,0.3366,False,unsafe,True
6,selection|ibm-granite/granite-3.3-8b-instruct|b,delta_pp:1,3.2275,3.5501,0.5376,5.9054,0.8326,selection,1.8088,True,abstain,False
6,selection|microsoft/Phi-3.5-mini-instruct|b,delta_pp:1,6.4758,5.1188,2.8415,9.9838,0.8547,selection,2.3681,True,unsafe,False
6,selection|Qwen/Qwen2.5-7B-Instruct|c,delta_pp:1,1.561,1.5464,-0.6304,3.4488,0.8026,selection,-0.384,False,abstain,False
6,selection|allenai/OLMo-2-1124-7B-Instruct|c,delta_pp:1,2.7322,4.3155,-0.2006,6.1445,0.7097,selection,1.2233,True,abstain,True
6,selection|ibm-granite/granite-3.3-8b-instruct|c,delta_pp:1,1.2502,1.9011,-1.0157,3.255,0.8,selection,1.1876,True,abstain,True
6,selection|microsoft/Phi-3.5-mini-instruct|c,delta_pp:1,7.8153,6.497,3.957,11.6068,0.8526,selection,3.7391,True,unsafe,False
7,selection|Qwen/Qwen2.5-7B-Instruct|a,delta_pp:1,0.7668,1.4729,-0.9593,2.807,0.8566,selection,-0.401,False,abstain,False
7,selection|allenai/OLMo-2-1124-7B-Instruct|a,delta_pp:1,-0.7237,4.622,-4.0047,2.7316,0.7436,selection,-0.8898,False,abstain,True
7,selection|ibm-granite/granite-3.3-8b-instruct|a,delta_pp:1,2.6284,2.1096,0.0217,4.774,0.8798,selection,0.9105,False,abstain,False
7,selection|microsoft/Phi-3.5-mini-instruct|a,delta_pp:1,2.5441,3.7727,-0.2071,5.7491,0.7981,selection,1.8188,True,abstain,True
7,selection|Qwen/Qwen2.5-7B-Instruct|b,delta_pp:1,0.8942,1.2227,-0.7841,2.5986,0.8423,selection,-0.5102,False,abstain,False
7,selection|allenai/OLMo-2-1124-7B-Instruct|b,delta_pp:1,1.5245,5.4739,-1.8748,6.1948,0.7535,selection,0.3366,False,abstain,True
7,selection|ibm-granite/granite-3.3-8b-instruct|b,delta_pp:1,2.0833,2.3506,-0.8582,4.5261,0.8638,selection,1.8088,True,abstain,False
7,selection|microsoft/Phi-3.5-mini-instruct|b,delta_pp:1,3.0278,4.0388,-1.0958,5.827,0.8703,selection,2.3681,True,abstain,False
7,selection|Qwen/Qwen2.5-7B-Instruct|c,delta_pp:1,0.4196,0.908,-1.0471,1.9043,0.8138,selection,-0.384,False,abstain,False
7,selection|allenai/OLMo-2-1124-7B-Instruct|c,delta_pp:1,1.7041,3.8603,-1.5694,4.6308,0.6813,selection,1.2233,True,abstain,True
7,selection|ibm-granite/granite-3.3-8b-instruct|c,delta_pp:1,1.7362,2.3641,-0.6654,3.8762,0.821,selection,1.1876,True,abstain,False
7,selection|microsoft/Phi-3.5-mini-instruct|c,delta_pp:1,5.8092,6.302,2.2051,9.384,0.8527,selection,3.7391,True,unsafe,False
8,selection|Qwen/Qwen2.5-7B-Instruct|a,delta_pp:1,-0.0101,1.2167,-1.8021,1.8394,0.866,selection,-0.401,False,abstain,False
8,selection|allenai/OLMo-2-1124-7B-Instruct|a,delta_pp:1,0.7113,3.3658,-2.1569,3.1031,0.7895,selection,-0.8898,False,abstain,True
8,selection|ibm-granite/granite-3.3-8b-instruct|a,delta_pp:1,3.2529,2.0451,0.8312,5.184,0.8714,selection,0.9105,False,abstain,False
8,selection|microsoft/Phi-3.5-mini-instruct|a,delta_pp:1,4.8706,3.6699,1.9732,7.8436,0.8847,selection,1.8188,True,unsafe,False
8,selection|Qwen/Qwen2.5-7B-Instruct|b,delta_pp:1,-0.0955,1.1783,-1.8102,1.7769,0.8837,selection,-0.5102,False,abstain,False
8,selection|allenai/OLMo-2-1124-7B-Instruct|b,delta_pp:1,0.1006,3.1513,-3.0762,3.3067,0.7736,selection,0.3366,False,abstain,True
8,selection|ibm-granite/granite-3.3-8b-instruct|b,delta_pp:1,2.7077,1.9994,0.2968,4.7319,0.852,selection,1.8088,True,abstain,False
8,selection|microsoft/Phi-3.5-mini-instruct|b,delta_pp:1,1.2142,4.1301,-2.5332,4.3807,0.891,selection,2.3681,True,abstain,False
8,selection|Qwen/Qwen2.5-7B-Instruct|c,delta_pp:1,0.7413,0.9181,-0.8586,2.1643,0.9216,selection,-0.384,False,abstain,False
8,selection|allenai/OLMo-2-1124-7B-Instruct|c,delta_pp:1,3.4332,2.5953,0.9078,6.114,0.7701,selection,1.2233,True,abstain,True
8,selection|ibm-granite/granite-3.3-8b-instruct|c,delta_pp:1,0.3417,1.4387,-1.7483,2.499,0.8616,selection,1.1876,True,abstain,False
8,selection|microsoft/Phi-3.5-mini-instruct|c,delta_pp:1,7.24,6.5543,3.087,11.5156,0.8736,selection,3.7391,True,unsafe,False
9,selection|Qwen/Qwen2.5-7B-Instruct|a,delta_pp:1,-0.8589,1.7841,-2.7438,1.0609,0.8091,selection,-0.401,False,abstain,False
9,selection|allenai/OLMo-2-1124-7B-Instruct|a,delta_pp:1,-3.3261,4.2442,-6.168,0.0976,0.793,selection,-0.8898,False,abstain,True
9,selection|ibm-granite/granite-3.3-8b-instruct|a,delta_pp:1,1.9558,2.5263,-0.1797,4.6885,0.8501,selection,0.9105,False,abstain,False
9,selection|microsoft/Phi-3.5-mini-instruct|a,delta_pp:1,3.0532,3.6406,0.0513,6.4289,0.8419,selection,1.8188,True,abstain,False
9,selection|Qwen/Qwen2.5-7B-Instruct|b,delta_pp:1,-1.287,1.6315,-3.351,0.7872,0.8193,selection,-0.5102,False,abstain,False
9,selection|allenai/OLMo-2-1124-7B-Instruct|b,delta_pp:1,-3.412,3.4708,-6.1107,-0.1595,0.7735,selection,0.3366,False,abstain,True
9,selection|ibm-granite/granite-3.3-8b-instruct|b,delta_pp:1,2.6799,2.8298,0.2054,5.3301,0.8177,selection,1.8088,True,abstain,False
9,selection|microsoft/Phi-3.5-mini-instruct|b,delta_pp:1,3.5647,5.3179,-0.0767,7.1974,0.8803,selection,2.3681,True,abstain,False
9,selection|Qwen/Qwen2.5-7B-Instruct|c,delta_pp:1,-0.3987,2.0432,-2.9745,1.5603,0.7989,selection,-0.384,False,abstain,True
9,selection|allenai/OLMo-2-1124-7B-Instruct|c,delta_pp:1,1.4826,4.338,-1.5417,4.6811,0.7798,selection,1.2233,True,abstain,True
9,selection|ibm-granite/granite-3.3-8b-instruct|c,delta_pp:1,3.3826,2.6911,1.2904,6.2328,0.812,selection,1.1876,True,unsafe,False
9,selection|microsoft/Phi-3.5-mini-instruct|c,delta_pp:1,5.6911,5.6388,1.4404,9.0042,0.8694,selection,3.7391,True,unsafe,False
10,selection|Qwen/Qwen2.5-7B-Instruct|a,delta_pp:1,0.0802,0.7093,-1.6002,1.3004,0.9198,selection,-0.401,False,abstain,False
10,selection|allenai/OLMo-2-1124-7B-Instruct|a,delta_pp:1,-0.2616,3.8086,-3.3937,3.1654,0.861,selection,-0.8898,False,abstain,False
10,selection|ibm-granite/granite-3.3-8b-instruct|a,delta_pp:1,4.0227,2.4125,1.7223,6.4947,0.9235,selection,0.9105,False,unsafe,False
10,selection|microsoft/Phi-3.5-mini-instruct|a,delta_pp:1,4.7449,3.68,2.2956,8.3525,0.9183,selection,1.8188,True,unsafe,False
10,selection|Qwen/Qwen2.5-7B-Instruct|b,delta_pp:1,0.0802,0.7093,-1.6002,1.3004,0.9198,selection,-0.5102,False,abstain,False
10,selection|allenai/OLMo-2-1124-7B-Instruct|b,delta_pp:1,0.3651,4.5706,-2.8379,3.1235,0.8302,selection,0.3366,False,abstain,False
10,selection|ibm-granite/granite-3.3-8b-instruct|b,delta_pp:1,2.4212,2.2911,0.2301,5.2141,0.8882,selection,1.8088,True,abstain,False
10,selection|microsoft/Phi-3.5-mini-instruct|b,delta_pp:1,7.4665,5.6679,3.7277,11.212,0.8823,selection,2.3681,True,unsafe,False
10,selection|Qwen/Qwen2.5-7B-Instruct|c,delta_pp:1,0.5697,0.919,-0.9014,1.9462,0.9013,selection,-0.384,False,abstain,False
10,selection|allenai/OLMo-2-1124-7B-Instruct|c,delta_pp:1,5.0949,4.8498,1.3225,8.0673,0.7579,selection,1.2233,True,unsafe,True
10,selection|ibm-granite/granite-3.3-8b-instruct|c,delta_pp:1,4.8613,1.7872,2.7896,7.1691,0.8732,selection,1.1876,True,unsafe,False
10,selection|microsoft/Phi-3.5-mini-instruct|c,delta_pp:1,10.3062,5.5351,7.1348,14.1227,0.8956,selection,3.7391,True,unsafe,False
11,selection|Qwen/Qwen2.5-7B-Instruct|a,delta_pp:1,-0.1333,1.2814,-1.6108,1.9654,0.7879,selection,-0.401,False,abstain,True
11,selection|allenai/OLMo-2-1124-7B-Instruct|a,delta_pp:1,-0.2135,2.9203,-2.8694,2.4148,0.7409,selection,-0.8898,False,abstain,True
11,selection|ibm-granite/granite-3.3-8b-instruct|a,delta_pp:1,2.4923,2.8476,-0.2165,4.618,0.8665,selection,0.9105,False,abstain,False
11,selection|microsoft/Phi-3.5-mini-instruct|a,delta_pp:1,2.747,3.9618,-1.4762,5.2355,0.7988,selection,1.8188,True,abstain,True
11,selection|Qwen/Qwen2.5-7B-Instruct|b,delta_pp:1,-0.197,1.152,-1.7318,1.7284,0.8182,selection,-0.5102,False,abstain,False
11,selection|allenai/OLMo-2-1124-7B-Instruct|b,delta_pp:1,0.0896,3.1592,-2.6869,3.4269,0.7685,selection,0.3366,False,abstain,True
11,selection|ibm-granite/granite-3.3-8b-instruct|b,delta_pp:1,3.889,2.9611,1.369,6.5717,0.8612,selection,1.8088,True,unsafe,False
11,selection|microsoft/Phi-3.5-mini-instruct|b,delta_pp:1,2.2005,5.1504,-1.2604,5.5945,0.79,selection,2.3681,True,abstain,True
11,selection|Qwen/Qwen2.5-7B-Instruct|c,delta_pp:1,-0.1333,1.378,-1.899,2.2929,0.7879,selection,-0.384,False,abstain,True
11,selection|allenai/OLMo-2-1124-7B-Instruct|c,delta_pp:1,2.3465,3.3477,-0.5039,5.3981,0.7226,selection,1.2233,True,abstain,True
11,selection|ibm-granite/granite-3.3-8b-instruct|c,delta_pp:1,1.526,2.051,-0.7311,3.6623,0.8388,selection,1.1876,True,abstain,False
11,selection|microsoft/Phi-3.5-mini-instruct|c,delta_pp:1,5.6571,6.8453,0.467,9.559,0.7794,selection,3.7391,True,abstain,True
12,selection|Qwen/Qwen2.5-7B-Instruct|a,delta_pp:1,-0.17,1.4007,-2.2923,1.7826,0.8786,selection,-0.401,False,abstain,False
12,selection|allenai/OLMo-2-1124-7B-Instruct|a,delta_pp:1,-2.7796,2.9235,-6.0815,-0.0995,0.7788,selection,-0.8898,False,abstain,True
12,selection|ibm-granite/granite-3.3-8b-instruct|a,delta_pp:1,0.4555,2.1556,-1.803,3.1449,0.8573,selection,0.9105,False,abstain,False
12,selection|microsoft/Phi-3.5-mini-instruct|a,delta_pp:1,-1.5552,3.9944,-4.9864,1.606,0.8565,selection,1.8188,True,abstain,False
12,selection|Qwen/Qwen2.5-7B-Instruct|b,delta_pp:1,-0.65,1.0173,-2.0596,0.9659,0.8652,selection,-0.5102,False,abstain,False
12,selection|allenai/OLMo-2-1124-7B-Instruct|b,delta_pp:1,-3.526,3.7248,-6.6411,-0.5622,0.8601,selection,0.3366,False,abstain,False
12,selection|ibm-granite/granite-3.3-8b-instruct|b,delta_pp:1,0.1721,2.7175,-2.5607,2.6843,0.8805,selection,1.8088,True,abstain,False
12,selection|microsoft/Phi-3.5-mini-instruct|b,delta_pp:1,-2.8704,3.6493,-6.2628,-0.2608,0.8824,selection,2.3681,True,abstain,False
12,selection|Qwen/Qwen2.5-7B-Instruct|c,delta_pp:1,-0.9807,1.1479,-2.8165,0.6398,0.8384,selection,-0.384,False,abstain,False
12,selection|allenai/OLMo-2-1124-7B-Instruct|c,delta_pp:1,-1.5494,2.86,-4.0482,1.7308,0.81,selection,1.2233,True,abstain,False
12,selection|ibm-granite/granite-3.3-8b-instruct|c,delta_pp:1,0.9336,1.3988,-0.8199,3.4402,0.8465,selection,1.1876,True,abstain,False
12,selection|microsoft/Phi-3.5-mini-instruct|c,delta_pp:1,-1.8746,7.0532,-6.2221,1.9765,0.8317,selection,3.7391,True,abstain,False
13,selection|Qwen/Qwen2.5-7B-Instruct|a,delta_pp:1,0.8577,1.6633,-1.2055,2.598,0.8697,selection,-0.401,False,abstain,False
13,selection|allenai/OLMo-2-1124-7B-Instruct|a,delta_pp:1,-0.961,5.1037,-4.4053,2.9888,0.8395,selection,-0.8898,False,abstain,False
13,selection|ibm-granite/granite-3.3-8b-instruct|a,delta_pp:1,2.3435,2.1042,-0.1149,4.8061,0.9173,selection,0.9105,False,abstain,False
13,selection|microsoft/Phi-3.5-mini-instruct|a,delta_pp:1,2.6069,2.9163,0.0772,5.3419,0.8511,selection,1.8188,True,abstain,False
13,selection|Qwen/Qwen2.5-7B-Instruct|b,delta_pp:1,0.1626,1.963,-1.7767,2.177,0.8809,selection,-0.5102,False,abstain,False
13,selection|allenai/OLMo-2-1124-7B-Instruct|b,delta_pp:1,-1.6351,5.2318,-6.0079,2.1592,0.8466,selection,0.3366,False,abstain,False
13,selection|ibm-granite/granite-3.3-8b-instruct|b,delta_pp:1,3.261,2.5541,1.0474,5.959,0.9388,selection,1.8088,True,unsafe,False
13,selection|microsoft/Phi-3.5-mini-instruct|b,delta_pp:1,2.8363,3.7234,-0.4748,6.4011,0.8821,selection,2.3681,True,abstain,False
13,selection|Qwen/Qwen2.5-7B-Instruct|c,delta_pp:1,0.0486,1.6618,-1.8765,2.6784,0.8262,selection,-0.384,False,abstain,False
13,selection|allenai/OLMo-2-1124-7B-Instruct|c,delta_pp:1,2.2319,5.2851,-1.7639,5.5454,0.7754,selection,1.2233,True,abstain,True
13,selection|ibm-granite/granite-3.3-8b-instruct|c,delta_pp:1,2.1766,1.7421,-0.3606,3.9411,0.8791,selection,1.1876,True,abstain,False
13,selection|microsoft/Phi-3.5-mini-instruct|c,delta_pp:1,3.9088,5.7728,0.0011,7.3225,0.8593,selection,3.7391,True,abstain,False
14,selection|Qwen/Qwen2.5-7B-Instruct|a,delta_pp:1,-0.3425,0.7096,-1.6476,0.9336,0.8924,selection,-0.401,False,abstain,False
14,selection|allenai/OLMo-2-1124-7B-Instruct|a,delta_pp:1,0.885,4.9846,-3.1595,3.6218,0.776,selection,-0.8898,False,abstain,True
14,selection|ibm-granite/granite-3.3-8b-instruct|a,delta_pp:1,1.6429,1.8226,-0.6883,3.836,0.8984,selection,0.9105,False,abstain,False
14,selection|microsoft/Phi-3.5-mini-instruct|a,delta_pp:1,4.9359,2.991,1.9374,7.883,0.763,selection,1.8188,True,unsafe,True
14,selection|Qwen/Qwen2.5-7B-Instruct|b,delta_pp:1,0.0717,0.6486,-1.2501,1.4059,0.8715,selection,-0.5102,False,abstain,False
14,selection|allenai/OLMo-2-1124-7B-Instruct|b,delta_pp:1,-0.7778,3.607,-4.0771,1.7537,0.7769,selection,0.3366,False,abstain,True
14,selection|ibm-granite/granite-3.3-8b-instruct|b,delta_pp:1,0.1154,2.8789,-2.6558,2.4741,0.8741,selection,1.8088,True,abstain,False
14,selection|microsoft/Phi-3.5-mini-instruct|b,delta_pp:1,3.2806,4.1267,0.1104,6.397,0.9019,selection,2.3681,True,abstain,False
14,selection|Qwen/Qwen2.5-7B-Instruct|c,delta_pp:1,0.2909,0.6925,-1.1491,1.6689,0.8924,selection,-0.384,False,abstain,False
14,selection|allenai/OLMo-2-1124-7B-Instruct|c,delta_pp:1,1.0043,4.3781,-2.0182,4.1201,0.7595,selection,1.2233,True,abstain,True
14,selection|ibm-granite/granite-3.3-8b-instruct|c,delta_pp:1,1.3991,1.8812,-0.9659,3.4421,0.7986,selection,1.1876,True,abstain,True
14,selection|microsoft/Phi-3.5-mini-instruct|c,delta_pp:1,4.1228,6.1922,-0.2588,7.9675,0.8628,selection,3.7391,True,abstain,False
15,selection|Qwen/Qwen2.5-7B-Instruct|a,delta_pp:1,-1.2352,1.8515,-3.5103,0.8302,0.8451,selection,-0.401,False,abstain,False
15,selection|allenai/OLMo-2-1124-7B-Instruct|a,delta_pp:1,-2.0497,2.9354,-4.8164,0.4046,0.8265,selection,-0.8898,False,abstain,False
15,selection|ibm-granite/granite-3.3-8b-instruct|a,delta_pp:1,0.2571,1.8558,-2.1804,2.3643,0.9047,selection,0.9105,False,abstain,False
15,selection|microsoft/Phi-3.5-mini-instruct|a,delta_pp:1,2.9968,2.8089,0.5349,5.5015,0.8517,selection,1.8188,True,abstain,False
15,selection|Qwen/Qwen2.5-7B-Instruct|b,delta_pp:1,-1.1305,1.8398,-3.2897,1.1071,0.8713,selection,-0.5102,False,abstain,False
15,selection|allenai/OLMo-2-1124-7B-Instruct|b,delta_pp:1,-0.8683,3.0722,-3.5808,2.3109,0.8814,selection,0.3366,False,abstain,False
15,selection|ibm-granite/granite-3.3-8b-instruct|b,delta_pp:1,1.864,2.4123,-0.76,4.6294,0.8724,selection,1.8088,True,abstain,False
15,selection|microsoft/Phi-3.5-mini-instruct|b,delta_pp:1,0.9988,3.133,-1.5723,4.705,0.8978,selection,2.3681,True,abstain,False
15,selection|Qwen/Qwen2.5-7B-Instruct|c,delta_pp:1,0.1606,1.2099,-1.507,1.9596,0.873,selection,-0.384,False,abstain,False
15,selection|allenai/OLMo-2-1124-7B-Instruct|c,delta_pp:1,-1.7154,4.0179,-5.0644,1.7604,0.8238,selection,1.2233,True,abstain,False
15,selection|ibm-granite/granite-3.3-8b-instruct|c,delta_pp:1,1.8334,2.2212,-0.9765,3.9949,0.8759,selection,1.1876,True,abstain,False
15,selection|microsoft/Phi-3.5-mini-instruct|c,delta_pp:1,2.9656,5.1617,-0.707,6.6564,0.898,selection,3.7391,True,abstain,False
16,selection|Qwen/Qwen2.5-7B-Instruct|a,delta_pp:1,4.5551,1.4891,2.4975,6.5074,0.8108,selection,-0.401,False,unsafe,False
16,selection|allenai/OLMo-2-1124-7B-Instruct|a,delta_pp:1,1.4047,4.0215,-2.0652,4.2766,0.7798,selection,-0.8898,False,abstain,True
16,selection|ibm-granite/granite-3.3-8b-instruct|a,delta_pp:1,3.4047,2.7439,0.5897,6.091,0.8759,selection,0.9105,False,abstain,False
16,selection|microsoft/Phi-3.5-mini-instruct|a,delta_pp:1,5.428,3.0929,2.867,8.075,0.8539,selection,1.8188,True,unsafe,False
16,selection|Qwen/Qwen2.5-7B-Instruct|b,delta_pp:1,2.1152,1.8502,0.023,4.2964,0.8587,selection,-0.5102,False,abstain,False
16,selection|allenai/OLMo-2-1124-7B-Instruct|b,delta_pp:1,4.2534,5.1746,0.2083,7.4736,0.8241,selection,0.3366,False,abstain,False
16,selection|ibm-granite/granite-3.3-8b-instruct|b,delta_pp:1,4.1944,3.2511,1.1717,7.1191,0.8331,selection,1.8088,True,unsafe,False
16,selection|microsoft/Phi-3.5-mini-instruct|b,delta_pp:1,5.7373,3.818,2.6501,8.5838,0.8667,selection,2.3681,True,unsafe,False
16,selection|Qwen/Qwen2.5-7B-Instruct|c,delta_pp:1,3.9066,1.3123,2.0784,5.7391,0.8108,selection,-0.384,False,unsafe,False
16,selection|allenai/OLMo-2-1124-7B-Instruct|c,delta_pp:1,4.8348,5.7577,0.7468,7.8438,0.7483,selection,1.2233,True,abstain,True
16,selection|ibm-granite/granite-3.3-8b-instruct|c,delta_pp:1,3.9596,2.3236,1.6059,6.2683,0.8037,selection,1.1876,True,unsafe,False
16,selection|microsoft/Phi-3.5-mini-instruct|c,delta_pp:1,4.6957,7.5442,-0.3294,8.4465,0.8854,selection,3.7391,True,abstain,False
17,selection|Qwen/Qwen2.5-7B-Instruct|a,delta_pp:1,0.2437,1.1843,-1.2035,2.1143,0.8449,selection,-0.401,False,abstain,False
17,selection|allenai/OLMo-2-1124-7B-Instruct|a,delta_pp:1,-0.2893,4.5035,-3.349,3.2195,0.8019,selection,-0.8898,False,abstain,False
17,selection|ibm-granite/granite-3.3-8b-instruct|a,delta_pp:1,-0.9576,2.8037,-3.776,1.703,0.8361,selection,0.9105,False,abstain,False
17,selection|microsoft/Phi-3.5-mini-instruct|a,delta_pp:1,-0.0959,3.536,-2.7806,3.0941,0.8459,selection,1.8188,True,abstain,False
17,selection|Qwen/Qwen2.5-7B-Instruct|b,delta_pp:1,-0.4196,1.1786,-2.2863,1.3716,0.8449,selection,-0.5102,False,abstain,False
17,selection|allenai/OLMo-2-1124-7B-Instruct|b,delta_pp:1,2.9925,3.5512,0.3364,6.5659,0.8054,selection,0.3366,False,abstain,False
17,selection|ibm-granite/granite-3.3-8b-instruct|b,delta_pp:1,0.7182,4.2493,-2.3477,4.3269,0.8645,selection,1.8088,True,abstain,False
17,selection|microsoft/Phi-3.5-mini-instruct|b,delta_pp:1,0.8781,5.7704,-3.0436,3.9696,0.8143,selection,2.3681,True,abstain,False
17,selection|Qwen/Qwen2.5-7B-Instruct|c,delta_pp:1,0.2652,1.0528,-1.0162,2.0777,0.8087,selection,-0.384,False,abstain,False
17,selection|allenai/OLMo-2-1124-7B-Instruct|c,delta_pp:1,2.7427,3.7739,-0.0376,6.4155,0.7851,selection,1.2233,True,abstain,True
17,selection|ibm-granite/granite-3.3-8b-instruct|c,delta_pp:1,0.5197,2.3719,-1.3853,3.2048,0.8168,selection,1.1876,True,abstain,False
17,selection|microsoft/Phi-3.5-mini-instruct|c,delta_pp:1,1.4557,6.9733,-2.6929,5.5829,0.8232,selection,3.7391,True,abstain,False
18,selection|Qwen/Qwen2.5-7B-Instruct|a,delta_pp:1,-0.5019,1.0843,-2.1694,1.1756,0.8179,selection,-0.401,False,abstain,False
18,selection|allenai/OLMo-2-1124-7B-Instruct|a,delta_pp:1,-0.6759,5.1512,-3.8804,3.1958,0.7943,selection,-0.8898,False,abstain,True
18,selection|ibm-granite/granite-3.3-8b-instruct|a,delta_pp:1,3.4386,2.2874,1.1273,6.2593,0.861,selection,0.9105,False,unsafe,False
18,selection|microsoft/Phi-3.5-mini-instruct|a,delta_pp:1,1.888,2.6276,-0.7782,4.787,0.8549,selection,1.8188,True,abstain,False
18,selection|Qwen/Qwen2.5-7B-Instruct|b,delta_pp:1,-1.199,0.7561,-2.9882,0.0708,0.8715,selection,-0.5102,False,abstain,False
18,selection|allenai/OLMo-2-1124-7B-Instruct|b,delta_pp:1,-0.5413,4.3565,-3.4053,3.3917,0.7773,selection,0.3366,False,abstain,True
18,selection|ibm-granite/granite-3.3-8b-instruct|b,delta_pp:1,1.7752,2.5284,-0.8235,3.8115,0.8236,selection,1.8088,True,abstain,False
18,selection|microsoft/Phi-3.5-mini-instruct|b,delta_pp:1,1.4009,2.641,-1.2176,3.8674,0.8327,selection,2.3681,True,abstain,False
18,selection|Qwen/Qwen2.5-7B-Instruct|c,delta_pp:1,0.0129,0.8531,-1.4406,1.5985,0.8367,selection,-0.384,False,abstain,False
18,selection|allenai/OLMo-2-1124-7B-Instruct|c,delta_pp:1,-0.0029,4.6072,-3.145,3.7442,0.7094,selection,1.2233,True,abstain,True
18,selection|ibm-granite/granite-3.3-8b-instruct|c,delta_pp:1,2.0921,2.0078,-0.2144,4.5406,0.7761,selection,1.1876,True,abstain,True
18,selection|microsoft/Phi-3.5-mini-instruct|c,delta_pp:1,2.7611,5.5232,-1.2028,6.6896,0.8322,selection,3.7391,True,abstain,False
19,selection|Qwen/Qwen2.5-7B-Instruct|a,delta_pp:1,-1.1337,1.2743,-2.9952,0.6348,0.793,selection,-0.401,False,abstain,True
19,selection|allenai/OLMo-2-1124-7B-Instruct|a,delta_pp:1,-3.2138,4.5172,-6.5915,0.4603,0.8175,selection,-0.8898,False,abstain,False
19,selection|ibm-granite/granite-3.3-8b-instruct|a,delta_pp:1,-2.1303,2.0079,-4.8282,-0.3549,0.886,selection,0.9105,False,abstain,False
19,selection|microsoft/Phi-3.5-mini-instruct|a,delta_pp:1,1.6904,3.2667,-1.4531,4.5465,0.8395,selection,1.8188,True,abstain,False
19,selection|Qwen/Qwen2.5-7B-Instruct|b,delta_pp:1,-0.9932,1.2374,-2.662,0.8597,0.843,selection,-0.5102,False,abstain,False
19,selection|allenai/OLMo-2-1124-7B-Instruct|b,delta_pp:1,-2.9529,4.0717,-6.3338,-0.0654,0.8342,selection,0.3366,False,abstain,False
19,selection|ibm-granite/granite-3.3-8b-instruct|b,delta_pp:1,0.081,2.0059,-2.1646,2.3502,0.9114,selection,1.8088,True,abstain,False
19,selection|microsoft/Phi-3.5-mini-instruct|b,delta_pp:1,0.0704,3.4302,-3.5034,2.4681,0.8298,selection,2.3681,True,abstain,False
19,selection|Qwen/Qwen2.5-7B-Instruct|c,delta_pp:1,-0.9259,1.2501,-2.7607,0.9458,0.8272,selection,-0.384,False,abstain,False
19,selection|allenai/OLMo-2-1124-7B-Instruct|c,delta_pp:1,-0.5676,4.6683,-4.1213,2.9749,0.8193,selection,1.2233,True,abstain,False
19,selection|ibm-granite/granite-3.3-8b-instruct|c,delta_pp:1,-0.6975,2.3536,-3.2695,1.9682,0.8509,selection,1.1876,True,abstain,False
19,selection|microsoft/Phi-3.5-mini-instruct|c,delta_pp:1,4.3667,5.1521,0.1438,7.3771,0.8325,selection,3.7391,True,abstain,False
20,selection|Qwen/Qwen2.5-7B-Instruct|a,delta_pp:1,-0.4671,1.1909,-2.3884,1.2749,0.8956,selection,-0.401,False,abstain,False
20,selection|allenai/OLMo-2-1124-7B-Instruct|a,delta_pp:1,1.531,3.5272,-1.0459,4.5217,0.7333,selection,-0.8898,False,abstain,True
20,selection|ibm-granite/granite-3.3-8b-instruct|a,delta_pp:1,0.7117,2.9755,-2.0323,3.5185,0.9132,selection,0.9105,False,abstain,False
20,selection|microsoft/Phi-3.5-mini-instruct|a,delta_pp:1,1.7791,3.4781,-1.1095,4.9292,0.8746,selection,1.8188,True,abstain,False
20,selection|Qwen/Qwen2.5-7B-Instruct|b,delta_pp:1,-0.4409,1.4414,-2.3859,1.6977,0.8614,selection,-0.5102,False,abstain,False
20,selection|allenai/OLMo-2-1124-7B-Instruct|b,delta_pp:1,0.5453,4.1377,-2.681,3.702,0.7991,selection,0.3366,False,abstain,True
20,selection|ibm-granite/granite-3.3-8b-instruct|b,delta_pp:1,1.8252,1.9324,-0.5584,4.3235,0.9018,selection,1.8088,True,abstain,False
20,selection|microsoft/Phi-3.5-mini-instruct|b,delta_pp:1,2.3702,4.1073,-0.6544,5.2139,0.8816,selection,2.3681,True,abstain,False
20,selection|Qwen/Qwen2.5-7B-Instruct|c,delta_pp:1,-0.1186,1.0187,-1.6202,1.5044,0.8623,selection,-0.384,False,abstain,False
20,selection|allenai/OLMo-2-1124-7B-Instruct|c,delta_pp:1,1.711,3.6626,-0.912,4.9471,0.7193,selection,1.2233,True,abstain,True
20,selection|ibm-granite/granite-3.3-8b-instruct|c,delta_pp:1,2.1661,2.2206,0.0288,4.5351,0.9009,selection,1.1876,True,abstain,False
20,selection|microsoft/Phi-3.5-mini-instruct|c,delta_pp:1,4.2418,7.1352,-0.4508,8.2499,0.8614,selection,3.7391,True,abstain,False
21,selection|Qwen/Qwen2.5-7B-Instruct|a,delta_pp:1,-1.146,1.1749,-3.2339,0.2479,0.9172,selection,-0.401,False,abstain,False
21,selection|allenai/OLMo-2-1124-7B-Instruct|a,delta_pp:1,-1.8523,4.1066,-5.4584,1.0874,0.8969,selection,-0.8898,False,abstain,False
21,selection|ibm-granite/granite-3.3-8b-instruct|a,delta_pp:1,0.4362,2.634,-2.3105,3.2241,0.9529,selection,0.9105,False,abstain,False
21,selection|microsoft/Phi-3.5-mini-instruct|a,delta_pp:1,-1.5106,4.7588,-4.7418,1.8469,0.8666,selection,1.8188,True,abstain,False
21,selection|Qwen/Qwen2.5-7B-Instruct|b,delta_pp:1,-0.9682,1.0474,-2.8694,0.4702,0.9323,selection,-0.5102,False,abstain,False
21,selection|allenai/OLMo-2-1124-7B-Instruct|b,delta_pp:1,-0.8801,4.7445,-3.7466,2.6024,0.8185,selection,0.3366,False,abstain,False
21,selection|ibm-granite/granite-3.3-8b-instruct|b,delta_pp:1,1.4422,2.8635,-1.2088,4.3393,0.9521,selection,1.8088,True,abstain,False
21,selection|microsoft/Phi-3.5-mini-instruct|b,delta_pp:1,-0.6138,4.2337,-3.7579,3.0498,0.9041,selection,2.3681,True,abstain,False
21,selection|Qwen/Qwen2.5-7B-Instruct|c,delta_pp:1,-0.7272,1.8637,-2.6119,1.6025,0.8539,selection,-0.384,False,abstain,False
21,selection|allenai/OLMo-2-1124-7B-Instruct|c,delta_pp:1,3.1556,5.104,-0.3941,6.7608,0.8943,selection,1.2233,True,abstain,False
21,selection|ibm-granite/granite-3.3-8b-instruct|c,delta_pp:1,0.6682,1.4061,-1.3431,2.5619,0.9609,selection,1.1876,True,abstain,False
21,selection|microsoft/Phi-3.5-mini-instruct|c,delta_pp:1,-0.8568,7.7945,-5.6981,3.5705,0.8705,selection,3.7391,True,abstain,False
22,selection|Qwen/Qwen2.5-7B-Instruct|a,delta_pp:1,0.7566,1.3724,-1.0256,2.6951,0.8241,selection,-0.401,False,abstain,False
22,selection|allenai/OLMo-2-1124-7B-Instruct|a,delta_pp:1,-3.3895,5.0901,-6.7438,-0.0207,0.7932,selection,-0.8898,False,abstain,True
22,selection|ibm-granite/granite-3.3-8b-instruct|a,delta_pp:1,-0.1524,2.291,-2.7747,1.7742,0.9269,selection,0.9105,False,abstain,False
22,selection|microsoft/Phi-3.5-mini-instruct|a,delta_pp:1,3.1906,3.5157,0.1283,5.9465,0.802,selection,1.8188,True,abstain,False
22,selection|Qwen/Qwen2.5-7B-Instruct|b,delta_pp:1,0.0107,1.4941,-2.0175,1.7621,0.8375,selection,-0.5102,False,abstain,False
22,selection|allenai/OLMo-2-1124-7B-Instruct|b,delta_pp:1,-5.7903,4.2199,-8.778,-2.2061,0.8092,selection,0.3366,False,unsafe,False
22,selection|ibm-granite/granite-3.3-8b-instruct|b,delta_pp:1,0.2732,2.4467,-2.169,2.995,0.8546,selection,1.8088,True,abstain,False
22,selection|microsoft/Phi-3.5-mini-instruct|b,delta_pp:1,4.0232,5.0688,0.46,7.5587,0.8343,selection,2.3681,True,abstain,False
22,selection|Qwen/Qwen2.5-7B-Instruct|c,delta_pp:1,0.7566,1.3657,-0.7805,2.7627,0.8241,selection,-0.384,False,abstain,False
22,selection|allenai/OLMo-2-1124-7B-Instruct|c,delta_pp:1,-2.0398,4.445,-4.5115,1.1087,0.7387,selection,1.2233,True,abstain,True
22,selection|ibm-granite/granite-3.3-8b-instruct|c,delta_pp:1,0.159,2.1626,-2.1249,2.4166,0.8733,selection,1.1876,True,abstain,False
22,selection|microsoft/Phi-3.5-mini-instruct|c,delta_pp:1,5.466,4.5006,2.7595,9.0715,0.812,selection,3.7391,True,unsafe,False
23,selection|Qwen/Qwen2.5-7B-Instruct|a,delta_pp:1,-0.1164,1.7262,-2.2602,2.006,0.8643,selection,-0.401,False,abstain,False
23,selection|allenai/OLMo-2-1124-7B-Instruct|a,delta_pp:1,3.053,3.7419,0.2652,6.7313,0.8306,selection,-0.8898,False,abstain,False
23,selection|ibm-granite/granite-3.3-8b-instruct|a,delta_pp:1,0.0808,1.8341,-1.7175,2.4326,0.943,selection,0.9105,False,abstain,False
23,selection|microsoft/Phi-3.5-mini-instruct|a,delta_pp:1,0.6331,4.3058,-2.7429,3.8356,0.8466,selection,1.8188,True,abstain,False
23,selection|Qwen/Qwen2.5-7B-Instruct|b,delta_pp:1,-0.5359,1.3146,-2.3518,1.4863,0.8786,selection,-0.5102,False,abstain,False
23,selection|allenai/OLMo-2-1124-7B-Instruct|b,delta_pp:1,4.0596,4.7535,1.4685,7.9218,0.8824,selection,0.3366,False,unsafe,False
23,selection|ibm-granite/granite-3.3-8b-instruct|b,delta_pp:1,-1.6085,2.5011,-3.5589,1.3336,0.8939,selection,1.8088,True,abstain,False
23,selection|microsoft/Phi-3.5-mini-instruct|b,delta_pp:1,2.1099,5.363,-1.6139,5.7794,0.8789,selection,2.3681,True,abstain,False
23,selection|Qwen/Qwen2.5-7B-Instruct|c,delta_pp:1,-1.3028,1.0642,-2.9728,0.4978,0.8956,selection,-0.384,False,abstain,False
23,selection|allenai/OLMo-2-1124-7B-Instruct|c,delta_pp:1,0.6311,3.7019,-2.7436,3.6639,0.8502,selection,1.2233,True,abstain,False
23,selection|ibm-granite/granite-3.3-8b-instruct|c,delta_pp:1,1.1401,2.0385,-1.0458,3.4643,0.8724,selection,1.1876,True,abstain,False
23,selection|microsoft/Phi-3.5-mini-instruct|c,delta_pp:1,3.4677,8.5734,-0.5416,8.3237,0.8764,selection,3.7391,True,abstain,False
24,selection|Qwen/Qwen2.5-7B-Instruct|a,delta_pp:1,1.0278,1.7553,-1.1616,3.6001,0.8197,selection,-0.401,False,abstain,False
24,selection|allenai/OLMo-2-1124-7B-Instruct|a,delta_pp:1,-1.2123,4.4867,-4.4288,2.2555,0.7142,selection,-0.8898,False,abstain,True
24,selection|ibm-granite/granite-3.3-8b-instruct|a,delta_pp:1,0.4469,2.9282,-2.3915,3.3938,0.8609,selection,0.9105,False,abstain,False
24,selection|microsoft/Phi-3.5-mini-instruct|a,delta_pp:1,0.9892,2.9355,-1.6856,4.085,0.8738,selection,1.8188,True,abstain,False
24,selection|Qwen/Qwen2.5-7B-Instruct|b,delta_pp:1,1.2332,1.6728,-0.6262,3.5571,0.8369,selection,-0.5102,False,abstain,False
24,selection|allenai/OLMo-2-1124-7B-Instruct|b,delta_pp:1,0.0348,4.0555,-2.5772,3.8331,0.7324,selection,0.3366,False,abstain,True
24,selection|ibm-granite/granite-3.3-8b-instruct|b,delta_pp:1,-0.123,2.5941,-2.517,2.7362,0.8446,selection,1.8088,True,abstain,False
24,selection|microsoft/Phi-3.5-mini-instruct|b,delta_pp:1,1.2976,4.9041,-2.9494,4.0161,0.8805,selection,2.3681,True,abstain,False
24,selection|Qwen/Qwen2.5-7B-Instruct|c,delta_pp:1,0.9345,1.6456,-1.1513,2.9972,0.8361,selection,-0.384,False,abstain,False
24,selection|allenai/OLMo-2-1124-7B-Instruct|c,delta_pp:1,3.4102,3.6439,0.2774,6.4244,0.766,selection,1.2233,True,abstain,True
24,selection|ibm-granite/granite-3.3-8b-instruct|c,delta_pp:1,0.5353,2.6535,-1.637,3.4795,0.7963,selection,1.1876,True,abstain,True
24,selection|microsoft/Phi-3.5-mini-instruct|c,delta_pp:1,3.1532,6.4517,-0.8818,7.1708,0.8534,selection,3.7391,True,abstain,False
25,selection|Qwen/Qwen2.5-7B-Instruct|a,delta_pp:1,-2.938,1.9185,-5.0325,-0.6231,0.9037,selection,-0.401,False,abstain,False
25,selection|allenai/OLMo-2-1124-7B-Instruct|a,delta_pp:1,-5.5209,4.0717,-9.3378,-2.883,0.7824,selection,-0.8898,False,unsafe,True
25,selection|ibm-granite/granite-3.3-8b-instruct|a,delta_pp:1,-1.6695,2.3241,-4.288,0.9042,0.9234,selection,0.9105,False,abstain,False
25,selection|microsoft/Phi-3.5-mini-instruct|a,delta_pp:1,1.6006,3.9704,-1.0814,5.2563,0.8396,selection,1.8188,True,abstain,False
25,selection|Qwen/Qwen2.5-7B-Instruct|b,delta_pp:1,-2.49,1.6877,-4.6275,-0.458,0.8626,selection,-0.5102,False,abstain,False
25,selection|allenai/OLMo-2-1124-7B-Instruct|b,delta_pp:1,-4.9508,3.9183,-8.4035,-1.7512,0.8128,selection,0.3366,False,unsafe,False
25,selection|ibm-granite/granite-3.3-8b-instruct|b,delta_pp:1,0.6928,2.5329,-1.7411,3.2623,0.9073,selection,1.8088,True,abstain,False
25,selection|microsoft/Phi-3.5-mini-instruct|b,delta_pp:1,0.664,5.5098,-2.9495,4.4613,0.8182,selection,2.3681,True,abstain,False
25,selection|Qwen/Qwen2.5-7B-Instruct|c,delta_pp:1,-2.7954,1.7541,-4.9842,-0.8589,0.8599,selection,-0.384,False,abstain,False
25,selection|allenai/OLMo-2-1124-7B-Instruct|c,delta_pp:1,-1.5821,3.7626,-4.8024,1.5171,0.7895,selection,1.2233,True,abstain,True
25,selection|ibm-granite/granite-3.3-8b-instruct|c,delta_pp:1,-1.5183,1.6388,-3.4928,0.5623,0.8733,selection,1.1876,True,abstain,False
25,selection|microsoft/Phi-3.5-mini-instruct|c,delta_pp:1,2.1741,7.1762,-2.6067,6.0243,0.8621,selection,3.7391,True,abstain,False
26,selection|Qwen/Qwen2.5-7B-Instruct|a,delta_pp:1,1.4316,1.9469,-0.3696,4.2829,0.8629,selection,-0.401,False,abstain,False
26,selection|allenai/OLMo-2-1124-7B-Instruct|a,delta_pp:1,1.2654,3.8259,-1.7025,4.403,0.8442,selection,-0.8898,False,abstain,False
26,selection|ibm-granite/granite-3.3-8b-instruct|a,delta_pp:1,2.7636,2.7033,0.3779,5.9455,0.9309,selection,0.9105,False,abstain,False
26,selection|microsoft/Phi-3.5-mini-instruct|a,delta_pp:1,3.8542,3.3563,1.5223,7.3407,0.888,selection,1.8188,True,unsafe,False
26,selection|Qwen/Qwen2.5-7B-Instruct|b,delta_pp:1,2.1936,1.9578,0.3528,4.9135,0.851,selection,-0.5102,False,abstain,False
26,selection|allenai/OLMo-2-1124-7B-Instruct|b,delta_pp:1,4.2406,3.6329,1.6595,7.1274,0.7765,selection,0.3366,False,unsafe,True
26,selection|ibm-granite/granite-3.3-8b-instruct|b,delta_pp:1,4.0935,3.8123,1.693,7.6342,0.8972,selection,1.8088,True,unsafe,False
26,selection|microsoft/Phi-3.5-mini-instruct|b,delta_pp:1,4.4556,3.8234,1.7241,8.3467,0.9295,selection,2.3681,True,unsafe,False
26,selection|Qwen/Qwen2.5-7B-Instruct|c,delta_pp:1,1.9086,2.1896,-0.2877,4.935,0.8483,selection,-0.384,False,abstain,False
26,selection|allenai/OLMo-2-1124-7B-Instruct|c,delta_pp:1,4.4918,5.1897,0.8541,8.9736,0.8159,selection,1.2233,True,abstain,False
26,selection|ibm-granite/granite-3.3-8b-instruct|c,delta_pp:1,3.4406,2.7676,1.0908,6.6723,0.8942,selection,1.1876,True,unsafe,False
26,selection|microsoft/Phi-3.5-mini-instruct|c,delta_pp:1,5.6184,5.8964,1.9048,9.9947,0.9125,selection,3.7391,True,unsafe,False
27,selection|Qwen/Qwen2.5-7B-Instruct|a,delta_pp:1,0.4524,1.8482,-1.5846,2.5237,0.7671,selection,-0.401,False,abstain,True
27,selection|allenai/OLMo-2-1124-7B-Instruct|a,delta_pp:1,-0.1863,4.3502,-3.6947,3.0557,0.7701,selection,-0.8898,False,abstain,True
27,selection|ibm-granite/granite-3.3-8b-instruct|a,delta_pp:1,2.236,2.6134,-0.2795,5.0588,0.8129,selection,0.9105,False,abstain,False
27,selection|microsoft/Phi-3.5-mini-instruct|a,delta_pp:1,0.8432,3.5595,-2.2098,3.7173,0.7651,selection,1.8188,True,abstain,True
27,selection|Qwen/Qwen2.5-7B-Instruct|b,delta_pp:1,0.6258,2.1882,-1.6327,2.9023,0.7793,selection,-0.5102,False,abstain,True
27,selection|allenai/OLMo-2-1124-7B-Instruct|b,delta_pp:1,0.5473,4.8384,-3.1623,4.1027,0.7648,selection,0.3366,False,abstain,True
27,selection|ibm-granite/granite-3.3-8b-instruct|b,delta_pp:1,2.9362,3.5098,-0.2153,5.9206,0.7825,selection,1.8088,True,abstain,True
27,selection|microsoft/Phi-3.5-mini-instruct|b,delta_pp:1,5.6169,6.0138,1.6139,9.2172,0.8082,selection,2.3681,True,unsafe,False
27,selection|Qwen/Qwen2.5-7B-Instruct|c,delta_pp:1,0.4524,1.9012,-1.811,2.6368,0.7671,selection,-0.384,False,abstain,True
27,selection|allenai/OLMo-2-1124-7B-Instruct|c,delta_pp:1,3.2333,3.6259,-0.0277,6.0316,0.7875,selection,1.2233,True,abstain,True
27,selection|ibm-granite/granite-3.3-8b-instruct|c,delta_pp:1,2.2225,2.6811,-0.0881,5.2588,0.7609,selection,1.1876,True,abstain,True
27,selection|microsoft/Phi-3.5-mini-instruct|c,delta_pp:1,4.7743,5.3148,0.9709,8.9852,0.7967,selection,3.7391,True,abstain,True
28,selection|Qwen/Qwen2.5-7B-Instruct|a,delta_pp:1,-1.0231,1.0121,-2.6087,0.7359,0.8696,selection,-0.401,False,abstain,False
28,selection|allenai/OLMo-2-1124-7B-Instruct|a,delta_pp:1,-0.1504,3.0622,-3.1505,2.7168,0.8241,selection,-0.8898,False,abstain,False
28,selection|ibm-granite/granite-3.3-8b-instruct|a,delta_pp:1,1.9413,2.2625,-0.4628,4.3728,0.8732,selection,0.9105,False,abstain,False
28,selection|microsoft/Phi-3.5-mini-instruct|a,delta_pp:1,1.9371,3.8839,-1.1773,4.9557,0.842,selection,1.8188,True,abstain,False
28,selection|Qwen/Qwen2.5-7B-Instruct|b,delta_pp:1,0.0037,1.509,-1.8215,1.9269,0.867,selection,-0.5102,False,abstain,False
28,selection|allenai/OLMo-2-1124-7B-Instruct|b,delta_pp:1,-0.1996,3.2907,-3.126,2.5898,0.7705,selection,0.3366,False,abstain,True
28,selection|ibm-granite/granite-3.3-8b-instruct|b,delta_pp:1,3.9056,2.9136,1.0015,6.5597,0.8438,selection,1.8088,True,unsafe,False
28,selection|microsoft/Phi-3.5-mini-instruct|b,delta_pp:1,3.5774,4.5488,0.4347,7.1134,0.8714,selection,2.3681,True,abstain,False
28,selection|Qwen/Qwen2.5-7B-Instruct|c,delta_pp:1,-0.2221,0.9624,-1.8293,1.4589,0.858,selection,-0.384,False,abstain,False
28,selection|allenai/OLMo-2-1124-7B-Instruct|c,delta_pp:1,2.1325,2.965,-0.5107,4.5787,0.7696,selection,1.2233,True,abstain,True
28,selection|ibm-granite/granite-3.3-8b-instruct|c,delta_pp:1,2.0329,2.4652,-0.6919,4.2186,0.8357,selection,1.1876,True,abstain,False
28,selection|microsoft/Phi-3.5-mini-instruct|c,delta_pp:1,3.5883,5.6819,-0.2549,7.1669,0.8705,selection,3.7391,True,abstain,False
29,selection|Qwen/Qwen2.5-7B-Instruct|a,delta_pp:1,1.1594,1.1059,-0.2748,2.9224,0.8518,selection,-0.401,False,abstain,False
29,selection|allenai/OLMo-2-1124-7B-Instruct|a,delta_pp:1,1.3391,4.0207,-1.4309,4.381,0.7565,selection,-0.8898,False,abstain,True
29,selection|ibm-granite/granite-3.3-8b-instruct|a,delta_pp:1,1.3995,2.0703,-1.1396,3.6004,0.8751,selection,0.9105,False,abstain,False
29,selection|microsoft/Phi-3.5-mini-instruct|a,delta_pp:1,2.7499,3.3595,0.1038,5.5151,0.8796,selection,1.8188,True,abstain,False
29,selection|Qwen/Qwen2.5-7B-Instruct|b,delta_pp:1,0.8424,1.0109,-0.5546,2.6671,0.8509,selection,-0.5102,False,abstain,False
29,selection|allenai/OLMo-2-1124-7B-Instruct|b,delta_pp:1,4.4098,4.4002,1.6652,8.1531,0.8154,selection,0.3366,False,unsafe,False
29,selection|ibm-granite/granite-3.3-8b-instruct|b,delta_pp:1,3.8647,2.1812,1.7616,6.2875,0.8867,selection,1.8088,True,unsafe,False
29,selection|microsoft/Phi-3.5-mini-instruct|b,delta_pp:1,7.738,4.5948,5.0422,10.7394,0.8556,selection,2.3681,True,unsafe,False
29,selection|Qwen/Qwen2.5-7B-Instruct|c,delta_pp:1,1.1594,1.1278,-0.2839,2.9228,0.8518,selection,-0.384,False,abstain,False
29,selection|allenai/OLMo-2-1124-7B-Instruct|c,delta_pp:1,5.3609,3.1476,3.0076,8.0446,0.8181,selection,1.2233,True,unsafe,False
29,selection|ibm-granite/granite-3.3-8b-instruct|c,delta_pp:1,3.8062,1.8631,1.7641,5.9696,0.8903,selection,1.1876,True,unsafe,False
29,selection|microsoft/Phi-3.5-mini-instruct|c,delta_pp:1,6.9625,5.2549,3.8886,10.5867,0.8424,selection,3.7391,True,unsafe,False
30,selection|Qwen/Qwen2.5-7B-Instruct|a,delta_pp:1,-1.0958,0.6591,-2.3386,0.1485,0.8789,selection,-0.401,False,abstain,False
30,selection|allenai/OLMo-2-1124-7B-Instruct|a,delta_pp:1,0.248,3.341,-2.8279,3.1506,0.7737,selection,-0.8898,False,abstain,True
30,selection|ibm-granite/granite-3.3-8b-instruct|a,delta_pp:1,3.3962,2.7539,0.9756,6.0334,0.8482,selection,0.9105,False,abstain,False
30,selection|microsoft/Phi-3.5-mini-instruct|a,delta_pp:1,4.3065,3.1083,1.8227,7.1819,0.8114,selection,1.8188,True,unsafe,False
30,selection|Qwen/Qwen2.5-7B-Instruct|b,delta_pp:1,0.3244,0.9071,-1.283,1.6879,0.8614,selection,-0.5102,False,abstain,False
30,selection|allenai/OLMo-2-1124-7B-Instruct|b,delta_pp:1,1.7114,4.6614,-2.1753,4.524,0.8026,selection,0.3366,False,abstain,False
30,selection|ibm-granite/granite-3.3-8b-instruct|b,delta_pp:1,2.9568,2.9776,0.4132,5.84,0.8149,selection,1.8088,True,abstain,False
30,selection|microsoft/Phi-3.5-mini-instruct|b,delta_pp:1,6.2094,3.9418,2.7873,9.3216,0.8807,selection,2.3681,True,unsafe,False
30,selection|Qwen/Qwen2.5-7B-Instruct|c,delta_pp:1,-0.5586,0.9369,-2.064,1.034,0.8447,selection,-0.384,False,abstain,False
30,selection|allenai/OLMo-2-1124-7B-Instruct|c,delta_pp:1,2.4576,3.9894,-0.9132,6.2667,0.7904,selection,1.2233,True,abstain,True
30,selection|ibm-granite/granite-3.3-8b-instruct|c,delta_pp:1,0.7208,1.7301,-1.466,2.9024,0.8553,selection,1.1876,True,abstain,False
30,selection|microsoft/Phi-3.5-mini-instruct|c,delta_pp:1,8.4886,5.2484,4.9594,12.4028,0.8868,selection,3.7391,True,unsafe,False
31,selection|Qwen/Qwen2.5-7B-Instruct|a,delta_pp:1,-1.484,1.2472,-3.3111,0.3857,0.8631,selection,-0.401,False,abstain,False
31,selection|allenai/OLMo-2-1124-7B-Instruct|a,delta_pp:1,1.3673,4.4835,-2.1583,4.6907,0.7969,selection,-0.8898,False,abstain,True
31,selection|ibm-granite/granite-3.3-8b-instruct|a,delta_pp:1,1.0937,1.9082,-0.9728,3.4565,0.87,selection,0.9105,False,abstain,False
31,selection|microsoft/Phi-3.5-mini-instruct|a,delta_pp:1,2.9896,3.5551,0.0499,6.1304,0.8426,selection,1.8188,True,abstain,False
31,selection|Qwen/Qwen2.5-7B-Instruct|b,delta_pp:1,-1.5642,1.3106,-3.2992,0.5342,0.8754,selection,-0.5102,False,abstain,False
31,selection|allenai/OLMo-2-1124-7B-Instruct|b,delta_pp:1,2.3036,3.1287,-0.9757,4.5976,0.7996,selection,0.3366,False,abstain,True
31,selection|ibm-granite/granite-3.3-8b-instruct|b,delta_pp:1,0.3925,2.5624,-1.7866,2.9521,0.8769,selection,1.8088,True,abstain,False
31,selection|microsoft/Phi-3.5-mini-instruct|b,delta_pp:1,4.2877,4.4039,0.8043,7.9344,0.846,selection,2.3681,True,abstain,False
31,selection|Qwen/Qwen2.5-7B-Instruct|c,delta_pp:1,-1.4699,1.6919,-3.2406,0.8949,0.8613,selection,-0.384,False,abstain,False
31,selection|allenai/OLMo-2-1124-7B-Instruct|c,delta_pp:1,0.7285,2.929,-2.3809,3.8643,0.7505,selection,1.2233,True,abstain,True
31,selection|ibm-granite/granite-3.3-8b-instruct|c,delta_pp:1,-0.2651,2.3223,-2.6709,2.6151,0.8305,selection,1.1876,True,abstain,False
31,selection|microsoft/Phi-3.5-mini-instruct|c,delta_pp:1,4.127,4.9954,0.1004,7.5812,0.8703,selection,3.7391,True,abstain,False
32,selection|Qwen/Qwen2.5-7B-Instruct|a,delta_pp:1,0.0528,1.3322,-1.7776,2.0753,0.8237,selection,-0.401,False,abstain,False
32,selection|allenai/OLMo-2-1124-7B-Instruct|a,delta_pp:1,0.1364,3.3012,-2.5186,3.6979,0.7754,selection,-0.8898,False,abstain,True
32,selection|ibm-granite/granite-3.3-8b-instruct|a,delta_pp:1,1.623,1.4528,-0.3829,3.3729,0.8693,selection,0.9105,False,abstain,False
32,selection|microsoft/Phi-3.5-mini-instruct|a,delta_pp:1,-0.1912,3.3104,-3.1613,2.6595,0.8535,selection,1.8188,True,abstain,False
32,selection|Qwen/Qwen2.5-7B-Instruct|b,delta_pp:1,-0.9503,1.4412,-2.9545,1.1863,0.8246,selection,-0.5102,False,abstain,False
32,selection|allenai/OLMo-2-1124-7B-Instruct|b,delta_pp:1,0.8484,3.3093,-1.8865,3.8466,0.7702,selection,0.3366,False,abstain,True
32,selection|ibm-granite/granite-3.3-8b-instruct|b,delta_pp:1,1.0754,1.6388,-1.1168,2.9114,0.8535,selection,1.8088,True,abstain,False
32,selection|microsoft/Phi-3.5-mini-instruct|b,delta_pp:1,1.897,4.0012,-1.8589,5.0783,0.9149,selection,2.3681,True,abstain,False
32,selection|Qwen/Qwen2.5-7B-Instruct|c,delta_pp:1,-0.6105,1.4521,-2.3779,1.3328,0.8237,selection,-0.384,False,abstain,False
32,selection|allenai/OLMo-2-1124-7B-Instruct|c,delta_pp:1,1.8185,4.1565,-2.0413,5.4199,0.7368,selection,1.2233,True,abstain,True
32,selection|ibm-granite/granite-3.3-8b-instruct|c,delta_pp:1,1.4118,1.8636,-0.8287,3.5214,0.8202,selection,1.1876,True,abstain,False
32,selection|microsoft/Phi-3.5-mini-instruct|c,delta_pp:1,3.159,5.7644,-0.9021,6.8573,0.886,selection,3.7391,True,abstain,False
33,selection|Qwen/Qwen2.5-7B-Instruct|a,delta_pp:1,-2.5801,0.9557,-4.3462,-1.1315,0.8214,selection,-0.401,False,unsafe,False
33,selection|allenai/OLMo-2-1124-7B-Instruct|a,delta_pp:1,-1.4088,5.6897,-5.3633,2.6311,0.7616,selection,-0.8898,False,abstain,True
33,selection|ibm-granite/granite-3.3-8b-instruct|a,delta_pp:1,-0.9929,1.7817,-3.1975,1.199,0.8955,selection,0.9105,False,abstain,False
33,selection|microsoft/Phi-3.5-mini-instruct|a,delta_pp:1,-1.0398,3.2704,-4.3634,1.822,0.8777,selection,1.8188,True,abstain,False
33,selection|Qwen/Qwen2.5-7B-Instruct|b,delta_pp:1,-2.4441,0.8345,-4.1277,-1.1207,0.858,selection,-0.5102,False,unsafe,False
33,selection|allenai/OLMo-2-1124-7B-Instruct|b,delta_pp:1,-0.7351,5.042,-4.2654,2.9029,0.7839,selection,0.3366,False,abstain,True
33,selection|ibm-granite/granite-3.3-8b-instruct|b,delta_pp:1,-2.6381,1.9729,-5.1163,-0.1575,0.8946,selection,1.8088,True,abstain,False
33,selection|microsoft/Phi-3.5-mini-instruct|b,delta_pp:1,-0.0328,5.2048,-4.0393,3.3498,0.9,selection,2.3681,True,abstain,False
33,selection|Qwen/Qwen2.5-7B-Instruct|c,delta_pp:1,-2.0987,0.9062,-3.8549,-0.6088,0.8589,selection,-0.384,False,abstain,False
33,selection|allenai/OLMo-2-1124-7B-Instruct|c,delta_pp:1,1.3587,4.4723,-2.1315,4.6164,0.7518,selection,1.2233,True,abstain,True
33,selection|ibm-granite/granite-3.3-8b-instruct|c,delta_pp:1,-0.6854,1.884,-3.0887,1.3491,0.8723,selection,1.1876,True,abstain,False
33,selection|microsoft/Phi-3.5-mini-instruct|c,delta_pp:1,1.517,6.3061,-2.9362,5.3318,0.8616,selection,3.7391,True,abstain,False
34,selection|Qwen/Qwen2.5-7B-Instruct|a,delta_pp:1,1.1181,0.9004,-0.6329,2.5967,0.8862,selection,-0.401,False,abstain,False
34,selection|allenai/OLMo-2-1124-7B-Instruct|a,delta_pp:1,-0.0049,4.5073,-3.5888,3.5766,0.8067,selection,-0.8898,False,abstain,False
34,selection|ibm-granite/granite-3.3-8b-instruct|a,delta_pp:1,1.4314,2.0858,-1.0359,3.7563,0.9459,selection,0.9105,False,abstain,False
34,selection|microsoft/Phi-3.5-mini-instruct|a,delta_pp:1,1.9058,2.2836,-0.4086,4.3435,0.8703,selection,1.8188,True,abstain,False
34,selection|Qwen/Qwen2.5-7B-Instruct|b,delta_pp:1,0.0362,0.8212,-1.642,1.4048,0.9019,selection,-0.5102,False,abstain,False
34,selection|allenai/OLMo-2-1124-7B-Instruct|b,delta_pp:1,2.5716,4.3345,-0.5765,6.1508,0.818,selection,0.3366,False,abstain,False
34,selection|ibm-granite/granite-3.3-8b-instruct|b,delta_pp:1,2.7814,2.1148,0.1727,5.3956,0.9424,selection,1.8088,True,abstain,False
34,selection|microsoft/Phi-3.5-mini-instruct|b,delta_pp:1,3.0447,3.3132,0.5856,6.1416,0.9004,selection,2.3681,True,abstain,False
34,selection|Qwen/Qwen2.5-7B-Instruct|c,delta_pp:1,1.7507,0.7758,0.0511,3.0076,0.888,selection,-0.384,False,abstain,False
34,selection|allenai/OLMo-2-1124-7B-Instruct|c,delta_pp:1,2.7249,4.2434,-1.0517,5.9148,0.7955,selection,1.2233,True,abstain,True
34,selection|ibm-granite/granite-3.3-8b-instruct|c,delta_pp:1,1.1028,1.9478,-1.1927,2.9012,0.8939,selection,1.1876,True,abstain,False
34,selection|microsoft/Phi-3.5-mini-instruct|c,delta_pp:1,6.5712,6.5883,3.1604,11.3277,0.8661,selection,3.7391,True,unsafe,False
35,selection|Qwen/Qwen2.5-7B-Instruct|a,delta_pp:1,-0.5608,1.1094,-2.3854,1.08,0.8545,selection,-0.401,False,abstain,False
35,selection|allenai/OLMo-2-1124-7B-Instruct|a,delta_pp:1,0.8615,3.524,-2.3242,3.5317,0.8466,selection,-0.8898,False,abstain,False
35,selection|ibm-granite/granite-3.3-8b-instruct|a,delta_pp:1,1.3812,1.9249,-0.8687,3.5182,0.8608,selection,0.9105,False,abstain,False
35,selection|microsoft/Phi-3.5-mini-instruct|a,delta_pp:1,2.3331,2.5457,-0.2007,5.2689,0.8216,selection,1.8188,True,abstain,False
35,selection|Qwen/Qwen2.5-7B-Instruct|b,delta_pp:1,-1.2828,0.8647,-2.6741,0.1629,0.8679,selection,-0.5102,False,abstain,False
35,selection|allenai/OLMo-2-1124-7B-Instruct|b,delta_pp:1,0.3636,3.0336,-2.7019,2.7589,0.8216,selection,0.3366,False,abstain,False
35,selection|ibm-granite/granite-3.3-8b-instruct|b,delta_pp:1,-0.7592,1.7422,-2.8655,1.4261,0.8894,selection,1.8088,True,abstain,False
35,selection|microsoft/Phi-3.5-mini-instruct|b,delta_pp:1,3.88,3.1126,0.9995,6.7244,0.8869,selection,2.3681,True,abstain,False
35,selection|Qwen/Qwen2.5-7B-Instruct|c,delta_pp:1,0.1153,1.5215,-1.8863,2.0744,0.8527,selection,-0.384,False,abstain,False
35,selection|allenai/OLMo-2-1124-7B-Instruct|c,delta_pp:1,2.4198,2.5403,-0.3486,5.3298,0.8181,selection,1.2233,True,abstain,False
35,selection|ibm-granite/granite-3.3-8b-instruct|c,delta_pp:1,1.5247,1.3873,-0.4119,3.5407,0.7912,selection,1.1876,True,abstain,True
35,selection|microsoft/Phi-3.5-mini-instruct|c,delta_pp:1,4.8592,4.5476,1.7519,8.2652,0.8887,selection,3.7391,True,unsafe,False
36,selection|Qwen/Qwen2.5-7B-Instruct|a,delta_pp:1,0.1058,1.625,-1.7753,2.0447,0.8218,selection,-0.401,False,abstain,False
36,selection|allenai/OLMo-2-1124-7B-Instruct|a,delta_pp:1,0.5519,3.651,-2.9759,2.684,0.79,selection,-0.8898,False,abstain,True
36,selection|ibm-granite/granite-3.3-8b-instruct|a,delta_pp:1,2.5347,2.1379,0.1513,5.0006,0.8937,selection,0.9105,False,abstain,False
36,selection|microsoft/Phi-3.5-mini-instruct|a,delta_pp:1,0.9134,2.3738,-1.2203,3.9238,0.8656,selection,1.8188,True,abstain,False
36,selection|Qwen/Qwen2.5-7B-Instruct|b,delta_pp:1,0.6084,1.6435,-1.5032,2.4278,0.8341,selection,-0.5102,False,abstain,False
36,selection|allenai/OLMo-2-1124-7B-Instruct|b,delta_pp:1,2.7025,4.1067,-0.6268,5.9998,0.8304,selection,0.3366,False,abstain,False
36,selection|ibm-granite/granite-3.3-8b-instruct|b,delta_pp:1,2.0306,1.7192,0.078,4.0763,0.9068,selection,1.8088,True,abstain,False
36,selection|microsoft/Phi-3.5-mini-instruct|b,delta_pp:1,3.4096,3.9134,0.1276,7.5341,0.8776,selection,2.3681,True,abstain,False
36,selection|Qwen/Qwen2.5-7B-Instruct|c,delta_pp:1,0.2415,1.4105,-1.7369,1.9937,0.8368,selection,-0.384,False,abstain,False
36,selection|allenai/OLMo-2-1124-7B-Instruct|c,delta_pp:1,1.5837,3.2061,-1.2046,4.2425,0.7619,selection,1.2233,True,abstain,True
36,selection|ibm-granite/granite-3.3-8b-instruct|c,delta_pp:1,2.2783,1.3068,0.7328,4.5604,0.8858,selection,1.1876,True,abstain,False
36,selection|microsoft/Phi-3.5-mini-instruct|c,delta_pp:1,5.9765,6.8918,2.1693,10.0604,0.8318,selection,3.7391,True,unsafe,False
37,selection|Qwen/Qwen2.5-7B-Instruct|a,delta_pp:1,-0.485,1.6221,-2.7622,1.1936,0.846,selection,-0.401,False,abstain,False
37,selection|allenai/OLMo-2-1124-7B-Instruct|a,delta_pp:1,2.1882,4.4707,-1.5031,5.2255,0.7571,selection,-0.8898,False,abstain,True
37,selection|ibm-granite/granite-3.3-8b-instruct|a,delta_pp:1,0.705,2.547,-2.0562,2.922,0.8912,selection,0.9105,False,abstain,False
37,selection|microsoft/Phi-3.5-mini-instruct|a,delta_pp:1,3.329,3.3299,-0.2139,6.4511,0.8985,selection,1.8188,True,abstain,False
37,selection|Qwen/Qwen2.5-7B-Instruct|b,delta_pp:1,-0.1307,2.0421,-2.5085,1.9209,0.8307,selection,-0.5102,False,abstain,False
37,selection|allenai/OLMo-2-1124-7B-Instruct|b,delta_pp:1,-0.7104,3.4074,-4.1802,2.1551,0.8238,selection,0.3366,False,abstain,False
37,selection|ibm-granite/granite-3.3-8b-instruct|b,delta_pp:1,1.4512,1.9788,-0.8918,3.6163,0.8642,selection,1.8088,True,abstain,False
37,selection|microsoft/Phi-3.5-mini-instruct|b,delta_pp:1,3.6706,3.6034,0.5081,6.3547,0.8905,selection,2.3681,True,abstain,False
37,selection|Qwen/Qwen2.5-7B-Instruct|c,delta_pp:1,-0.4792,1.5708,-2.6361,1.2261,0.8442,selection,-0.384,False,abstain,False
37,selection|allenai/OLMo-2-1124-7B-Instruct|c,delta_pp:1,2.0501,3.2763,-0.7493,4.6407,0.7859,selection,1.2233,True,abstain,True
37,selection|ibm-granite/granite-3.3-8b-instruct|c,delta_pp:1,1.8697,1.545,-0.073,4.0754,0.8325,selection,1.1876,True,abstain,False
37,selection|microsoft/Phi-3.5-mini-instruct|c,delta_pp:1,4.3564,5.3971,0.1543,7.5985,0.8871,selection,3.7391,True,abstain,False
38,selection|Qwen/Qwen2.5-7B-Instruct|a,delta_pp:1,0.6075,1.5492,-1.6136,2.6333,0.8003,selection,-0.401,False,abstain,False
38,selection|allenai/OLMo-2-1124-7B-Instruct|a,delta_pp:1,-0.3362,3.8343,-3.673,2.9777,0.7165,selection,-0.8898,False,abstain,True
38,selection|ibm-granite/granite-3.3-8b-instruct|a,delta_pp:1,2.8879,2.6403,0.2802,5.7497,0.8848,selection,0.9105,False,abstain,False
38,selection|microsoft/Phi-3.5-mini-instruct|a,delta_pp:1,1.3811,4.3132,-1.6631,5.1963,0.781,selection,1.8188,True,abstain,True
38,selection|Qwen/Qwen2.5-7B-Instruct|b,delta_pp:1,1.0795,1.661,-1.1777,3.095,0.7672,selection,-0.5102,False,abstain,True
38,selection|allenai/OLMo-2-1124-7B-Instruct|b,delta_pp:1,0.5268,4.0983,-3.0996,3.8709,0.8197,selection,0.3366,False,abstain,False
38,selection|ibm-granite/granite-3.3-8b-instruct|b,delta_pp:1,4.0849,3.008,1.428,6.6341,0.8346,selection,1.8088,True,unsafe,False
38,selection|microsoft/Phi-3.5-mini-instruct|b,delta_pp:1,4.1999,3.7968,1.736,7.6608,0.8188,selection,2.3681,True,unsafe,False
38,selection|Qwen/Qwen2.5-7B-Instruct|c,delta_pp:1,0.6901,1.7572,-1.4116,2.6547,0.7833,selection,-0.384,False,abstain,True
38,selection|allenai/OLMo-2-1124-7B-Instruct|c,delta_pp:1,3.5317,3.6162,0.7884,6.5721,0.7434,selection,1.2233,True,abstain,True
38,selection|ibm-granite/granite-3.3-8b-instruct|c,delta_pp:1,3.6243,2.4462,0.7392,5.7745,0.7889,selection,1.1876,True,abstain,True
38,selection|microsoft/Phi-3.5-mini-instruct|c,delta_pp:1,3.9617,5.6779,0.0547,8.2253,0.7986,selection,3.7391,True,abstain,True
39,selection|Qwen/Qwen2.5-7B-Instruct|a,delta_pp:1,-1.1082,1.5914,-3.0392,0.7727,0.8046,selection,-0.401,False,abstain,False
39,selection|allenai/OLMo-2-1124-7B-Instruct|a,delta_pp:1,-3.0818,3.9647,-6.5512,0.2309,0.7941,selection,-0.8898,False,abstain,True
39,selection|ibm-granite/granite-3.3-8b-instruct|a,delta_pp:1,1.2748,2.4448,-1.393,3.8196,0.8795,selection,0.9105,False,abstain,False
39,selection|microsoft/Phi-3.5-mini-instruct|a,delta_pp:1,0.605,3.9528,-2.1883,4.0848,0.8436,selection,1.8188,True,abstain,False
39,selection|Qwen/Qwen2.5-7B-Instruct|b,delta_pp:1,-0.776,1.7569,-2.9383,1.3163,0.8055,selection,-0.5102,False,abstain,False
39,selection|allenai/OLMo-2-1124-7B-Instruct|b,delta_pp:1,-0.0644,3.6077,-3.2771,3.2439,0.8473,selection,0.3366,False,abstain,False
39,selection|ibm-granite/granite-3.3-8b-instruct|b,delta_pp:1,-0.0375,2.8464,-2.6091,2.6256,0.9029,selection,1.8088,True,abstain,False
39,selection|microsoft/Phi-3.5-mini-instruct|b,delta_pp:1,1.6128,4.1488,-0.9937,5.4143,0.904,selection,2.3681,True,abstain,False
39,selection|Qwen/Qwen2.5-7B-Instruct|c,delta_pp:1,0.8835,1.8152,-1.3257,3.059,0.8334,selection,-0.384,False,abstain,False
39,selection|allenai/OLMo-2-1124-7B-Instruct|c,delta_pp:1,-2.0863,3.3998,-4.585,1.3817,0.795,selection,1.2233,True,abstain,True
39,selection|ibm-granite/granite-3.3-8b-instruct|c,delta_pp:1,1.9236,2.1609,0.027,4.9419,0.8686,selection,1.1876,True,abstain,False
39,selection|microsoft/Phi-3.5-mini-instruct|c,delta_pp:1,1.8959,6.347,-1.9265,6.5105,0.8656,selection,3.7391,True,abstain,False
40,selection|Qwen/Qwen2.5-7B-Instruct|a,delta_pp:1,-0.1411,0.8417,-1.4901,1.378,0.8001,selection,-0.401,False,abstain,False
40,selection|allenai/OLMo-2-1124-7B-Instruct|a,delta_pp:1,0.6636,3.7447,-2.6762,3.8965,0.7943,selection,-0.8898,False,abstain,True
40,selection|ibm-granite/granite-3.3-8b-instruct|a,delta_pp:1,2.6262,2.52,0.4432,5.4023,0.8924,selection,0.9105,False,abstain,False
40,selection|microsoft/Phi-3.5-mini-instruct|a,delta_pp:1,3.3043,3.8008,0.602,6.6912,0.8274,selection,1.8188,True,abstain,False
40,selection|Qwen/Qwen2.5-7B-Instruct|b,delta_pp:1,-0.6119,0.7957,-2.0098,0.912,0.8528,selection,-0.5102,False,abstain,False
40,selection|allenai/OLMo-2-1124-7B-Instruct|b,delta_pp:1,4.5471,3.1179,1.7,7.5701,0.7961,selection,0.3366,False,unsafe,True
40,selection|ibm-granite/granite-3.3-8b-instruct|b,delta_pp:1,2.6078,2.4057,0.5008,5.7459,0.8941,selection,1.8088,True,abstain,False
40,selection|microsoft/Phi-3.5-mini-instruct|b,delta_pp:1,6.3723,4.1279,2.9594,9.6342,0.8196,selection,2.3681,True,unsafe,False
40,selection|Qwen/Qwen2.5-7B-Instruct|c,delta_pp:1,-0.8927,0.9645,-2.5609,0.7769,0.7805,selection,-0.384,False,abstain,True
40,selection|allenai/OLMo-2-1124-7B-Instruct|c,delta_pp:1,2.5776,3.1851,-0.0253,5.3919,0.7978,selection,1.2233,True,abstain,True
40,selection|ibm-granite/granite-3.3-8b-instruct|c,delta_pp:1,1.2257,1.5118,-0.6017,2.9249,0.8994,selection,1.1876,True,abstain,False
40,selection|microsoft/Phi-3.5-mini-instruct|c,delta_pp:1,6.6534,5.5874,2.8424,10.2627,0.8565,selection,3.7391,True,unsafe,False
41,selection|Qwen/Qwen2.5-7B-Instruct|a,delta_pp:1,-2.6449,1.0606,-4.2638,-1.08,0.8841,selection,-0.401,False,unsafe,False
41,selection|allenai/OLMo-2-1124-7B-Instruct|a,delta_pp:1,0.3534,3.1723,-2.662,3.1558,0.881,selection,-0.8898,False,abstain,False
41,selection|ibm-granite/granite-3.3-8b-instruct|a,delta_pp:1,-1.5932,2.092,-4.135,0.4861,0.878,selection,0.9105,False,abstain,False
41,selection|microsoft/Phi-3.5-mini-instruct|a,delta_pp:1,-0.2111,3.4181,-3.4432,3.0101,0.8675,selection,1.8188,True,abstain,False
41,selection|Qwen/Qwen2.5-7B-Instruct|b,delta_pp:1,-2.5766,1.0526,-3.9798,-0.7857,0.8671,selection,-0.5102,False,abstain,False
41,selection|allenai/OLMo-2-1124-7B-Instruct|b,delta_pp:1,0.2549,3.6958,-3.0442,3.5215,0.8427,selection,0.3366,False,abstain,False
41,selection|ibm-granite/granite-3.3-8b-instruct|b,delta_pp:1,-0.9949,2.5595,-4.0375,1.3682,0.8897,selection,1.8088,True,abstain,False
41,selection|microsoft/Phi-3.5-mini-instruct|b,delta_pp:1,2.2344,4.4876,-1.9083,4.9759,0.9097,selection,2.3681,True,abstain,False
41,selection|Qwen/Qwen2.5-7B-Instruct|c,delta_pp:1,-3.2062,1.1695,-4.7594,-1.4241,0.8654,selection,-0.384,False,unsafe,False
41,selection|allenai/OLMo-2-1124-7B-Instruct|c,delta_pp:1,2.6563,3.5672,-0.9738,5.4581,0.8148,selection,1.2233,True,abstain,False
41,selection|ibm-granite/granite-3.3-8b-instruct|c,delta_pp:1,-2.2251,0.9604,-3.884,-0.4485,0.868,selection,1.1876,True,abstain,False
41,selection|microsoft/Phi-3.5-mini-instruct|c,delta_pp:1,2.3952,7.2814,-2.4401,6.1919,0.8752,selection,3.7391,True,abstain,False
42,selection|Qwen/Qwen2.5-7B-Instruct|a,delta_pp:1,0.7943,1.124,-0.8774,2.5313,0.855,selection,-0.401,False,abstain,False
42,selection|allenai/OLMo-2-1124-7B-Instruct|a,delta_pp:1,-0.0141,3.6049,-2.6542,3.0234,0.7601,selection,-0.8898,False,abstain,True
42,selection|ibm-granite/granite-3.3-8b-instruct|a,delta_pp:1,0.8129,1.5717,-1.1549,3.0183,0.8515,selection,0.9105,False,abstain,False
42,selection|microsoft/Phi-3.5-mini-instruct|a,delta_pp:1,1.9082,3.4674,-1.1297,4.8874,0.8253,selection,1.8188,True,abstain,False
42,selection|Qwen/Qwen2.5-7B-Instruct|b,delta_pp:1,1.3669,1.0131,-0.3663,3.0477,0.8715,selection,-0.5102,False,abstain,False
42,selection|allenai/OLMo-2-1124-7B-Instruct|b,delta_pp:1,0.1728,2.9462,-2.4422,2.8585,0.8504,selection,0.3366,False,abstain,False
42,selection|ibm-granite/granite-3.3-8b-instruct|b,delta_pp:1,2.2619,1.7427,0.1025,4.5675,0.893,selection,1.8088,True,abstain,False
42,selection|microsoft/Phi-3.5-mini-instruct|b,delta_pp:1,4.7117,3.5294,1.9588,7.5462,0.8616,selection,2.3681,True,unsafe,False
42,selection|Qwen/Qwen2.5-7B-Instruct|c,delta_pp:1,0.8849,1.3273,-1.0453,2.6017,0.8385,selection,-0.384,False,abstain,False
42,selection|allenai/OLMo-2-1124-7B-Instruct|c,delta_pp:1,0.3408,4.4551,-2.9493,4.09,0.7557,selection,1.2233,True,abstain,True
42,selection|ibm-granite/granite-3.3-8b-instruct|c,delta_pp:1,0.6578,1.4433,-1.4735,2.2113,0.8193,selection,1.1876,True,abstain,False
42,selection|microsoft/Phi-3.5-mini-instruct|c,delta_pp:1,5.4402,5.1822,1.0345,8.8549,0.8493,selection,3.7391,True,unsafe,False
43,selection|Qwen/Qwen2.5-7B-Instruct|a,delta_pp:1,0.0805,1.7465,-2.0319,1.951,0.8663,selection,-0.401,False,abstain,False
43,selection|allenai/OLMo-2-1124-7B-Instruct|a,delta_pp:1,-1.9748,5.3815,-5.403,1.6601,0.7908,selection,-0.8898,False,abstain,True
43,selection|ibm-granite/granite-3.3-8b-instruct|a,delta_pp:1,1.4426,3.229,-1.5221,4.1767,0.9111,selection,0.9105,False,abstain,False
43,selection|microsoft/Phi-3.5-mini-instruct|a,delta_pp:1,1.7811,2.8694,-0.6407,4.4721,0.8684,selection,1.8188,True,abstain,False
43,selection|Qwen/Qwen2.5-7B-Instruct|b,delta_pp:1,0.4746,2.1334,-2.144,2.5568,0.9002,selection,-0.5102,False,abstain,False
43,selection|allenai/OLMo-2-1124-7B-Instruct|b,delta_pp:1,-1.6205,6.1275,-6.0533,2.2005,0.7917,selection,0.3366,False,abstain,True
43,selection|ibm-granite/granite-3.3-8b-instruct|b,delta_pp:1,4.1235,3.4161,0.8778,6.2758,0.9076,selection,1.8088,True,abstain,False
43,selection|microsoft/Phi-3.5-mini-instruct|b,delta_pp:1,1.1872,4.0011,-1.4772,4.5005,0.8596,selection,2.3681,True,abstain,False
43,selection|Qwen/Qwen2.5-7B-Instruct|c,delta_pp:1,-0.4838,2.0847,-3.1654,1.3933,0.8994,selection,-0.384,False,abstain,False
43,selection|allenai/OLMo-2-1124-7B-Instruct|c,delta_pp:1,3.0564,3.3477,0.307,5.9827,0.78,selection,1.2233,True,abstain,True
43,selection|ibm-granite/granite-3.3-8b-instruct|c,delta_pp:1,2.8326,1.9397,0.4683,4.9137,0.8994,selection,1.1876,True,abstain,False
43,selection|microsoft/Phi-3.5-mini-instruct|c,delta_pp:1,1.9119,3.9161,-0.8111,5.5348,0.8975,selection,3.7391,True,abstain,False
44,selection|Qwen/Qwen2.5-7B-Instruct|a,delta_pp:1,2.3765,0.9389,0.5524,3.6744,0.8289,selection,-0.401,False,abstain,False
44,selection|allenai/OLMo-2-1124-7B-Instruct|a,delta_pp:1,0.5347,4.0832,-2.5062,4.7591,0.7719,selection,-0.8898,False,abstain,True
44,selection|ibm-granite/granite-3.3-8b-instruct|a,delta_pp:1,3.4367,2.4242,1.1996,6.1367,0.914,selection,0.9105,False,unsafe,False
44,selection|microsoft/Phi-3.5-mini-instruct|a,delta_pp:1,4.0728,2.654,1.5543,7.1335,0.8658,selection,1.8188,True,unsafe,False
44,selection|Qwen/Qwen2.5-7B-Instruct|b,delta_pp:1,1.6993,0.8457,0.2038,2.9943,0.8307,selection,-0.5102,False,abstain,False
44,selection|allenai/OLMo-2-1124-7B-Instruct|b,delta_pp:1,2.1146,4.611,-1.5298,5.3485,0.7851,selection,0.3366,False,abstain,True
44,selection|ibm-granite/granite-3.3-8b-instruct|b,delta_pp:1,6.2882,2.057,4.1926,8.7702,0.8825,selection,1.8088,True,unsafe,False
44,selection|microsoft/Phi-3.5-mini-instruct|b,delta_pp:1,5.5372,3.5271,3.1251,8.925,0.8518,selection,2.3681,True,unsafe,False
44,selection|Qwen/Qwen2.5-7B-Instruct|c,delta_pp:1,2.0379,0.8963,0.4762,3.5805,0.8298,selection,-0.384,False,abstain,False
44,selection|allenai/OLMo-2-1124-7B-Instruct|c,delta_pp:1,1.7336,2.9956,-0.8465,4.6434,0.743,selection,1.2233,True,abstain,True
44,selection|ibm-granite/granite-3.3-8b-instruct|c,delta_pp:1,5.9616,2.1062,3.3029,7.8878,0.8368,selection,1.1876,True,unsafe,False
44,selection|microsoft/Phi-3.5-mini-instruct|c,delta_pp:1,6.214,5.36,2.7667,10.1181,0.85,selection,3.7391,True,unsafe,False
45,selection|Qwen/Qwen2.5-7B-Instruct|a,delta_pp:1,1.4338,1.7148,-0.3367,3.7824,0.8352,selection,-0.401,False,abstain,False
45,selection|allenai/OLMo-2-1124-7B-Instruct|a,delta_pp:1,0.0961,3.3205,-2.9674,2.7003,0.7204,selection,-0.8898,False,abstain,True
45,selection|ibm-granite/granite-3.3-8b-instruct|a,delta_pp:1,1.1543,2.253,-1.429,3.4384,0.8326,selection,0.9105,False,abstain,False
45,selection|microsoft/Phi-3.5-mini-instruct|a,delta_pp:1,1.6572,2.9189,-0.8606,4.766,0.8548,selection,1.8188,True,abstain,False
45,selection|Qwen/Qwen2.5-7B-Instruct|b,delta_pp:1,1.2649,1.8114,-0.3967,3.5856,0.8162,selection,-0.5102,False,abstain,False
45,selection|allenai/OLMo-2-1124-7B-Instruct|b,delta_pp:1,2.7472,2.6364,0.2985,5.4405,0.7946,selection,0.3366,False,abstain,True
45,selection|ibm-granite/granite-3.3-8b-instruct|b,delta_pp:1,2.3997,2.4547,0.1272,4.6441,0.8808,selection,1.8088,True,abstain,False
45,selection|microsoft/Phi-3.5-mini-instruct|b,delta_pp:1,4.6802,3.9103,2.0584,8.3234,0.8469,selection,2.3681,True,unsafe,False
45,selection|Qwen/Qwen2.5-7B-Instruct|c,delta_pp:1,0.8001,1.5167,-0.7344,2.9629,0.8352,selection,-0.384,False,abstain,False
45,selection|allenai/OLMo-2-1124-7B-Instruct|c,delta_pp:1,2.0047,4.1836,-1.1033,5.1129,0.7686,selection,1.2233,True,abstain,True
45,selection|ibm-granite/granite-3.3-8b-instruct|c,delta_pp:1,2.2373,2.0128,-0.2791,4.1558,0.8188,selection,1.1876,True,abstain,False
45,selection|microsoft/Phi-3.5-mini-instruct|c,delta_pp:1,3.4067,4.2709,1.2895,7.6095,0.8864,selection,3.7391,True,unsafe,False
46,selection|Qwen/Qwen2.5-7B-Instruct|a,delta_pp:1,-0.7703,1.7148,-3.0913,0.8718,0.8682,selection,-0.401,False,abstain,False
46,selection|allenai/OLMo-2-1124-7B-Instruct|a,delta_pp:1,-0.2996,4.8348,-3.646,2.9766,0.84,selection,-0.8898,False,abstain,False
46,selection|ibm-granite/granite-3.3-8b-instruct|a,delta_pp:1,1.1319,2.4232,-1.6149,3.2767,0.9048,selection,0.9105,False,abstain,False
46,selection|microsoft/Phi-3.5-mini-instruct|a,delta_pp:1,1.5039,4.2274,-2.0717,5.1529,0.8506,selection,1.8188,True,abstain,False
46,selection|Qwen/Qwen2.5-7B-Instruct|b,delta_pp:1,-1.169,1.5179,-3.3145,0.707,0.8245,selection,-0.5102,False,abstain,False
46,selection|allenai/OLMo-2-1124-7B-Instruct|b,delta_pp:1,3.4609,5.4418,-0.4286,6.9779,0.7803,selection,0.3366,False,abstain,True
46,selection|ibm-granite/granite-3.3-8b-instruct|b,delta_pp:1,2.4494,2.3688,0.3622,5.053,0.8754,selection,1.8088,True,abstain,False
46,selection|microsoft/Phi-3.5-mini-instruct|b,delta_pp:1,1.2275,4.303,-2.3511,4.977,0.8738,selection,2.3681,True,abstain,False
46,selection|Qwen/Qwen2.5-7B-Instruct|c,delta_pp:1,-0.7493,1.2042,-2.3502,1.0633,0.8423,selection,-0.384,False,abstain,False
46,selection|allenai/OLMo-2-1124-7B-Instruct|c,delta_pp:1,2.5995,4.5723,-0.9633,5.7828,0.8462,selection,1.2233,True,abstain,False
46,selection|ibm-granite/granite-3.3-8b-instruct|c,delta_pp:1,0.4896,1.7495,-1.4214,2.8007,0.8789,selection,1.1876,True,abstain,False
46,selection|microsoft/Phi-3.5-mini-instruct|c,delta_pp:1,4.1744,6.3887,0.2791,8.7288,0.8527,selection,3.7391,True,abstain,False
47,selection|Qwen/Qwen2.5-7B-Instruct|a,delta_pp:1,1.1845,1.3522,-0.4455,3.0911,0.8272,selection,-0.401,False,abstain,False
47,selection|allenai/OLMo-2-1124-7B-Instruct|a,delta_pp:1,-1.7604,3.776,-4.5974,1.75,0.8211,selection,-0.8898,False,abstain,False
47,selection|ibm-granite/granite-3.3-8b-instruct|a,delta_pp:1,3.2218,1.964,1.1671,5.5473,0.8915,selection,0.9105,False,unsafe,False
47,selection|microsoft/Phi-3.5-mini-instruct|a,delta_pp:1,2.5527,3.7366,-0.2879,5.7893,0.8826,selection,1.8188,True,abstain,False
47,selection|Qwen/Qwen2.5-7B-Instruct|b,delta_pp:1,1.5176,1.0155,-0.0911,3.2857,0.8441,selection,-0.5102,False,abstain,False
47,selection|allenai/OLMo-2-1124-7B-Instruct|b,delta_pp:1,0.8941,3.6017,-2.6107,3.6604,0.8086,selection,0.3366,False,abstain,False
47,selection|ibm-granite/granite-3.3-8b-instruct|b,delta_pp:1,4.1983,2.5095,1.8197,6.8667,0.8906,selection,1.8088,True,unsafe,False
47,selection|microsoft/Phi-3.5-mini-instruct|b,delta_pp:1,1.5879,4.3906,-1.1075,5.1577,0.889,selection,2.3681,True,abstain,False
47,selection|Qwen/Qwen2.5-7B-Instruct|c,delta_pp:1,1.8487,1.134,0.4367,3.7268,0.8432,selection,-0.384,False,abstain,False
47,selection|allenai/OLMo-2-1124-7B-Instruct|c,delta_pp:1,1.1725,3.2896,-1.5275,4.4253,0.765,selection,1.2233,True,abstain,True
47,selection|ibm-granite/granite-3.3-8b-instruct|c,delta_pp:1,3.8534,1.6123,1.8279,6.041,0.8682,selection,1.1876,True,unsafe,False
47,selection|microsoft/Phi-3.5-mini-instruct|c,delta_pp:1,4.5429,7.3704,0.2207,9.451,0.8562,selection,3.7391,True,abstain,False
48,selection|Qwen/Qwen2.5-7B-Instruct|a,delta_pp:1,-2.1496,1.4071,-4.3489,-0.5337,0.8938,selection,-0.401,False,abstain,False
48,selection|allenai/OLMo-2-1124-7B-Instruct|a,delta_pp:1,-0.6171,3.9497,-3.5998,3.1797,0.8396,selection,-0.8898,False,abstain,False
48,selection|ibm-granite/granite-3.3-8b-instruct|a,delta_pp:1,0.1181,2.0519,-2.2536,2.4469,0.8992,selection,0.9105,False,abstain,False
48,selection|microsoft/Phi-3.5-mini-instruct|a,delta_pp:1,-1.6863,2.5746,-4.2983,0.6072,0.8805,selection,1.8188,True,abstain,False
48,selection|Qwen/Qwen2.5-7B-Instruct|b,delta_pp:1,-0.9558,1.4471,-2.6982,1.0316,0.9072,selection,-0.5102,False,abstain,False
48,selection|allenai/OLMo-2-1124-7B-Instruct|b,delta_pp:1,0.3451,2.8934,-3.0282,3.1792,0.8405,selection,0.3366,False,abstain,False
48,selection|ibm-granite/granite-3.3-8b-instruct|b,delta_pp:1,0.4585,2.3242,-1.5417,3.5744,0.8984,selection,1.8088,True,abstain,False
48,selection|microsoft/Phi-3.5-mini-instruct|b,delta_pp:1,-0.082,3.8529,-3.0418,3.0513,0.886,selection,2.3681,True,abstain,False
48,selection|Qwen/Qwen2.5-7B-Instruct|c,delta_pp:1,-1.0306,0.8346,-2.3374,0.4419,0.8813,selection,-0.384,False,abstain,False
48,selection|allenai/OLMo-2-1124-7B-Instruct|c,delta_pp:1,-0.6522,4.0136,-3.2975,2.7966,0.8431,selection,1.2233,True,abstain,False
48,selection|ibm-granite/granite-3.3-8b-instruct|c,delta_pp:1,-0.7704,1.742,-2.4731,1.8309,0.8885,selection,1.1876,True,abstain,False
48,selection|microsoft/Phi-3.5-mini-instruct|c,delta_pp:1,2.0704,5.3898,-1.627,5.8655,0.903,selection,3.7391,True,abstain,False
49,selection|Qwen/Qwen2.5-7B-Instruct|a,delta_pp:1,2.357,1.855,-0.0011,4.5756,0.8289,selection,-0.401,False,abstain,False
49,selection|allenai/OLMo-2-1124-7B-Instruct|a,delta_pp:1,-5.0449,3.3104,-7.9584,-2.1404,0.7668,selection,-0.8898,False,unsafe,True
49,selection|ibm-granite/granite-3.3-8b-instruct|a,delta_pp:1,1.4125,2.4324,-0.6815,4.0576,0.8738,selection,0.9105,False,abstain,False
49,selection|microsoft/Phi-3.5-mini-instruct|a,delta_pp:1,4.8385,3.0743,1.6007,7.6109,0.8138,selection,1.8188,True,unsafe,False
49,selection|Qwen/Qwen2.5-7B-Instruct|b,delta_pp:1,0.5061,1.6901,-1.8126,2.8962,0.8141,selection,-0.5102,False,abstain,False
49,selection|allenai/OLMo-2-1124-7B-Instruct|b,delta_pp:1,-1.1732,4.4359,-4.3659,2.5527,0.8215,selection,0.3366,False,abstain,False
49,selection|ibm-granite/granite-3.3-8b-instruct|b,delta_pp:1,2.4144,2.3423,0.0768,4.7058,0.8729,selection,1.8088,True,abstain,False
49,selection|microsoft/Phi-3.5-mini-instruct|b,delta_pp:1,4.3592,2.9078,1.5273,7.2347,0.8372,selection,2.3681,True,unsafe,False
49,selection|Qwen/Qwen2.5-7B-Instruct|c,delta_pp:1,0.7323,1.2779,-0.6858,2.5265,0.8298,selection,-0.384,False,abstain,False
49,selection|allenai/OLMo-2-1124-7B-Instruct|c,delta_pp:1,1.3505,3.0668,-1.4576,4.5497,0.7964,selection,1.2233,True,abstain,True
49,selection|ibm-granite/granite-3.3-8b-instruct|c,delta_pp:1,2.7953,1.7423,0.5977,4.9346,0.8644,selection,1.1876,True,abstain,False
49,selection|microsoft/Phi-3.5-mini-instruct|c,delta_pp:1,4.3952,5.8671,0.6488,8.2878,0.8324,selection,3.7391,True,abstain,False
50,selection|Qwen/Qwen2.5-7B-Instruct|a,delta_pp:1,-2.7684,1.9987,-5.1221,-0.2848,0.8506,selection,-0.401,False,abstain,False
50,selection|allenai/OLMo-2-1124-7B-Instruct|a,delta_pp:1,-3.0536,4.6698,-6.4359,0.5372,0.8451,selection,-0.8898,False,abstain,False
50,selection|ibm-granite/granite-3.3-8b-instruct|a,delta_pp:1,-1.881,2.1641,-4.0516,0.8173,0.9338,selection,0.9105,False,abstain,False
50,selection|microsoft/Phi-3.5-mini-instruct|a,delta_pp:1,1.5146,3.3911,-1.116,5.1807,0.9155,selection,1.8188,True,abstain,False
50,selection|Qwen/Qwen2.5-7B-Instruct|b,delta_pp:1,-2.7552,1.804,-4.8422,-0.5422,0.9122,selection,-0.5102,False,abstain,False
50,selection|allenai/OLMo-2-1124-7B-Instruct|b,delta_pp:1,-0.1521,2.5442,-2.7834,2.263,0.853,selection,0.3366,False,abstain,False
50,selection|ibm-granite/granite-3.3-8b-instruct|b,delta_pp:1,-1.9827,1.7019,-4.0608,0.2291,0.8922,selection,1.8088,True,abstain,False
50,selection|microsoft/Phi-3.5-mini-instruct|b,delta_pp:1,-1.4795,4.3421,-5.2311,2.1693,0.9206,selection,2.3681,True,abstain,False
50,selection|Qwen/Qwen2.5-7B-Instruct|c,delta_pp:1,-2.0314,1.9085,-4.5062,0.1035,0.8974,selection,-0.384,False,abstain,False
50,selection|allenai/OLMo-2-1124-7B-Instruct|c,delta_pp:1,0.723,3.1904,-2.4714,3.4019,0.807,selection,1.2233,True,abstain,False
50,selection|ibm-granite/granite-3.3-8b-instruct|c,delta_pp:1,-0.3499,2.308,-2.5911,2.2288,0.893,selection,1.1876,True,abstain,False
50,selection|microsoft/Phi-3.5-mini-instruct|c,delta_pp:1,1.2015,5.4232,-2.2703,5.5023,0.9153,selection,3.7391,True,abstain,False
51,selection|Qwen/Qwen2.5-7B-Instruct|a,delta_pp:1,-0.2156,0.8194,-1.7323,1.1263,0.9375,selection,-0.401,False,abstain,False
51,selection|allenai/OLMo-2-1124-7B-Instruct|a,delta_pp:1,-2.9759,3.5902,-6.6343,-0.4253,0.7895,selection,-0.8898,False,abstain,True
51,selection|ibm-granite/granite-3.3-8b-instruct|a,delta_pp:1,3.6385,2.8878,0.8282,5.9677,0.8975,selection,0.9105,False,abstain,False
51,selection|microsoft/Phi-3.5-mini-instruct|a,delta_pp:1,1.2688,3.8942,-1.6247,5.2977,0.8449,selection,1.8188,True,abstain,False
51,selection|Qwen/Qwen2.5-7B-Instruct|b,delta_pp:1,0.9857,1.1762,-0.8037,2.7753,0.8947,selection,-0.5102,False,abstain,False
51,selection|allenai/OLMo-2-1124-7B-Instruct|b,delta_pp:1,0.1816,3.9803,-3.1382,2.7459,0.869,selection,0.3366,False,abstain,False
51,selection|ibm-granite/granite-3.3-8b-instruct|b,delta_pp:1,3.0517,2.0984,0.9923,5.7025,0.9421,selection,1.8088,True,abstain,False
51,selection|microsoft/Phi-3.5-mini-instruct|b,delta_pp:1,-0.3521,3.367,-2.9374,2.8166,0.902,selection,2.3681,True,abstain,False
51,selection|Qwen/Qwen2.5-7B-Instruct|c,delta_pp:1,0.5088,1.3298,-1.5611,1.9756,0.8643,selection,-0.384,False,abstain,False
51,selection|allenai/OLMo-2-1124-7B-Instruct|c,delta_pp:1,0.2857,3.2265,-2.6032,2.9738,0.8493,selection,1.2233,True,abstain,False
51,selection|ibm-granite/granite-3.3-8b-instruct|c,delta_pp:1,1.4369,2.2737,-1.0719,3.6429,0.8751,selection,1.1876,True,abstain,False
51,selection|microsoft/Phi-3.5-mini-instruct|c,delta_pp:1,0.9951,5.4435,-2.8693,4.3139,0.9013,selection,3.7391,True,abstain,False
52,selection|Qwen/Qwen2.5-7B-Instruct|a,delta_pp:1,-1.9562,1.0015,-3.5388,-0.2553,0.8289,selection,-0.401,False,abstain,False
52,selection|allenai/OLMo-2-1124-7B-Instruct|a,delta_pp:1,-2.7162,3.0269,-5.0017,0.8035,0.7675,selection,-0.8898,False,abstain,True
52,selection|ibm-granite/granite-3.3-8b-instruct|a,delta_pp:1,0.002,2.5372,-2.5599,2.6829,0.8325,selection,0.9105,False,abstain,False
52,selection|microsoft/Phi-3.5-mini-instruct|a,delta_pp:1,2.785,4.2962,-0.6484,5.501,0.8184,selection,1.8188,True,abstain,False
52,selection|Qwen/Qwen2.5-7B-Instruct|b,delta_pp:1,-1.7947,1.0207,-3.4036,-0.2548,0.8114,selection,-0.5102,False,abstain,False
52,selection|allenai/OLMo-2-1124-7B-Instruct|b,delta_pp:1,-1.2901,3.3476,-3.1694,1.8878,0.7535,selection,0.3366,False,abstain,True
52,selection|ibm-granite/granite-3.3-8b-instruct|b,delta_pp:1,2.8496,3.1333,-0.0295,5.6117,0.8474,selection,1.8088,True,abstain,False
52,selection|microsoft/Phi-3.5-mini-instruct|b,delta_pp:1,4.5655,5.6221,0.4062,8.1208,0.8412,selection,2.3681,True,abstain,False
52,selection|Qwen/Qwen2.5-7B-Instruct|c,delta_pp:1,-1.1314,1.0221,-2.7074,0.3278,0.8114,selection,-0.384,False,abstain,False
52,selection|allenai/OLMo-2-1124-7B-Instruct|c,delta_pp:1,-2.2603,3.7341,-5.197,1.133,0.7868,selection,1.2233,True,abstain,True
52,selection|ibm-granite/granite-3.3-8b-instruct|c,delta_pp:1,0.6166,1.9762,-1.7385,2.8509,0.8377,selection,1.1876,True,abstain,False
52,selection|microsoft/Phi-3.5-mini-instruct|c,delta_pp:1,4.6954,7.376,0.2197,8.4367,0.8272,selection,3.7391,True,abstain,False
53,selection|Qwen/Qwen2.5-7B-Instruct|a,delta_pp:1,-1.2385,1.4519,-2.7669,0.721,0.8011,selection,-0.401,False,abstain,False
53,selection|allenai/OLMo-2-1124-7B-Instruct|a,delta_pp:1,-0.1543,5.324,-3.8401,3.3334,0.7207,selection,-0.8898,False,abstain,True
53,selection|ibm-granite/granite-3.3-8b-instruct|a,delta_pp:1,1.1736,2.5036,-1.6277,3.9019,0.9137,selection,0.9105,False,abstain,False
53,selection|microsoft/Phi-3.5-mini-instruct|a,delta_pp:1,1.464,3.4777,-1.5896,5.1396,0.8546,selection,1.8188,True,abstain,False
53,selection|Qwen/Qwen2.5-7B-Instruct|b,delta_pp:1,0.5159,1.0733,-0.9112,2.1926,0.8437,selection,-0.5102,False,abstain,False
53,selection|allenai/OLMo-2-1124-7B-Instruct|b,delta_pp:1,-0.5824,4.3335,-3.9383,2.9354,0.7417,selection,0.3366,False,abstain,True
53,selection|ibm-granite/granite-3.3-8b-instruct|b,delta_pp:1,1.774,2.8101,-0.9124,4.3001,0.9249,selection,1.8088,True,abstain,False
53,selection|microsoft/Phi-3.5-mini-instruct|b,delta_pp:1,1.7649,3.6633,-1.5872,4.7652,0.8632,selection,2.3681,True,abstain,False
53,selection|Qwen/Qwen2.5-7B-Instruct|c,delta_pp:1,-0.2926,0.9002,-1.7393,1.3713,0.8732,selection,-0.384,False,abstain,False
53,selection|allenai/OLMo-2-1124-7B-Instruct|c,delta_pp:1,-0.8184,4.3604,-4.9492,2.4787,0.7243,selection,1.2233,True,abstain,True
53,selection|ibm-granite/granite-3.3-8b-instruct|c,delta_pp:1,1.4172,1.8489,-0.7882,3.5432,0.8635,selection,1.1876,True,abstain,False
53,selection|microsoft/Phi-3.5-mini-instruct|c,delta_pp:1,-0.1855,5.5386,-3.3334,3.8164,0.8585,selection,3.7391,True,abstain,False
54,selection|Qwen/Qwen2.5-7B-Instruct|a,delta_pp:1,0.3631,1.2904,-1.3059,2.152,0.8857,selection,-0.401,False,abstain,False
54,selection|allenai/OLMo-2-1124-7B-Instruct|a,delta_pp:1,-2.4115,4.299,-5.6463,0.669,0.7941,selection,-0.8898,False,abstain,True
54,selection|ibm-granite/granite-3.3-8b-instruct|a,delta_pp:1,1.0898,1.9155,-0.8759,3.845,0.875,selection,0.9105,False,abstain,False
54,selection|microsoft/Phi-3.5-mini-instruct|a,delta_pp:1,1.2346,3.9138,-1.9152,4.6927,0.8482,selection,1.8188,True,abstain,False
54,selection|Qwen/Qwen2.5-7B-Instruct|b,delta_pp:1,-0.7186,1.2397,-2.1091,1.3307,0.846,selection,-0.5102,False,abstain,False
54,selection|allenai/OLMo-2-1124-7B-Instruct|b,delta_pp:1,-1.6735,4.3495,-4.9333,1.351,0.7851,selection,0.3366,False,abstain,True
54,selection|ibm-granite/granite-3.3-8b-instruct|b,delta_pp:1,3.2781,2.3177,0.8992,5.8075,0.8994,selection,1.8088,True,abstain,False
54,selection|microsoft/Phi-3.5-mini-instruct|b,delta_pp:1,3.1675,4.6659,-0.0019,7.034,0.8573,selection,2.3681,True,abstain,False
54,selection|Qwen/Qwen2.5-7B-Instruct|c,delta_pp:1,0.2035,1.4415,-1.507,2.3657,0.8578,selection,-0.384,False,abstain,False
54,selection|allenai/OLMo-2-1124-7B-Instruct|c,delta_pp:1,3.072,4.2845,-0.3657,5.9682,0.7653,selection,1.2233,True,abstain,True
54,selection|ibm-granite/granite-3.3-8b-instruct|c,delta_pp:1,1.3063,2.5483,-0.872,4.1061,0.8371,selection,1.1876,True,abstain,False
54,selection|microsoft/Phi-3.5-mini-instruct|c,delta_pp:1,6.036,6.6011,2.2422,10.563,0.8215,selection,3.7391,True,unsafe,False
55,selection|Qwen/Qwen2.5-7B-Instruct|a,delta_pp:1,-0.2896,1.8739,-2.5418,1.5793,0.763,selection,-0.401,False,abstain,True
55,selection|allenai/OLMo-2-1124-7B-Instruct|a,delta_pp:1,-3.7333,4.0946,-7.0878,-0.2527,0.741,selection,-0.8898,False,abstain,True
55,selection|ibm-granite/granite-3.3-8b-instruct|a,delta_pp:1,-0.7945,1.942,-2.9878,1.6643,0.8344,selection,0.9105,False,abstain,False
55,selection|microsoft/Phi-3.5-mini-instruct|a,delta_pp:1,-0.0194,3.3124,-3.0297,2.984,0.822,selection,1.8188,True,abstain,False
55,selection|Qwen/Qwen2.5-7B-Instruct|b,delta_pp:1,-0.8997,2.0826,-3.1747,1.2172,0.8067,selection,-0.5102,False,abstain,False
55,selection|allenai/OLMo-2-1124-7B-Instruct|b,delta_pp:1,-0.755,4.0249,-4.3437,2.0598,0.7419,selection,0.3366,False,abstain,True
55,selection|ibm-granite/granite-3.3-8b-instruct|b,delta_pp:1,-1.2643,2.1589,-3.4963,1.1354,0.862,selection,1.8088,True,abstain,False
55,selection|microsoft/Phi-3.5-mini-instruct|b,delta_pp:1,2.1839,4.1232,-0.7446,5.5936,0.8409,selection,2.3681,True,abstain,False
55,selection|Qwen/Qwen2.5-7B-Instruct|c,delta_pp:1,-0.5745,2.0637,-2.5522,2.268,0.8076,selection,-0.384,False,abstain,False
55,selection|allenai/OLMo-2-1124-7B-Instruct|c,delta_pp:1,0.5239,3.1967,-2.0807,3.2252,0.7454,selection,1.2233,True,abstain,True
55,selection|ibm-granite/granite-3.3-8b-instruct|c,delta_pp:1,-0.5837,1.9711,-2.8937,1.6268,0.8058,selection,1.1876,True,abstain,False
55,selection|microsoft/Phi-3.5-mini-instruct|c,delta_pp:1,1.8504,5.4593,-1.9548,5.4256,0.7929,selection,3.7391,True,abstain,True
56,selection|Qwen/Qwen2.5-7B-Instruct|a,delta_pp:1,-2.2144,1.1579,-3.8623,-0.5375,0.8217,selection,-0.401,False,abstain,False
56,selection|allenai/OLMo-2-1124-7B-Instruct|a,delta_pp:1,-0.0912,3.866,-3.6556,2.8856,0.8734,selection,-0.8898,False,abstain,False
56,selection|ibm-granite/granite-3.3-8b-instruct|a,delta_pp:1,1.7978,1.9733,-0.2778,4.4753,0.8925,selection,0.9105,False,abstain,False
56,selection|microsoft/Phi-3.5-mini-instruct|a,delta_pp:1,0.9915,2.9262,-1.2748,3.6636,0.841,selection,1.8188,True,abstain,False
56,selection|Qwen/Qwen2.5-7B-Instruct|b,delta_pp:1,-0.6757,1.71,-2.6353,1.3057,0.8558,selection,-0.5102,False,abstain,False
56,selection|allenai/OLMo-2-1124-7B-Instruct|b,delta_pp:1,-1.1352,3.2454,-3.7444,1.823,0.8795,selection,0.3366,False,abstain,False
56,selection|ibm-granite/granite-3.3-8b-instruct|b,delta_pp:1,1.1483,2.7413,-1.6261,3.5866,0.889,selection,1.8088,True,abstain,False
56,selection|microsoft/Phi-3.5-mini-instruct|b,delta_pp:1,1.8171,4.4873,-1.3217,5.5304,0.8865,selection,2.3681,True,abstain,False
56,selection|Qwen/Qwen2.5-7B-Instruct|c,delta_pp:1,-1.0246,1.1077,-2.2867,1.0831,0.8602,selection,-0.384,False,abstain,False
56,selection|allenai/OLMo-2-1124-7B-Instruct|c,delta_pp:1,-0.885,2.7948,-3.5779,1.985,0.8261,selection,1.2233,True,abstain,False
56,selection|ibm-granite/granite-3.3-8b-instruct|c,delta_pp:1,1.7018,1.8319,-0.6209,3.6068,0.8366,selection,1.1876,True,abstain,False
56,selection|microsoft/Phi-3.5-mini-instruct|c,delta_pp:1,5.8066,5.6937,2.464,9.4492,0.8892,selection,3.7391,True,unsafe,False
57,selection|Qwen/Qwen2.5-7B-Instruct|a,delta_pp:1,0.7452,0.9681,-0.8649,2.2249,0.867,selection,-0.401,False,abstain,False
57,selection|allenai/OLMo-2-1124-7B-Instruct|a,delta_pp:1,0.2019,3.0413,-2.5008,2.9894,0.7904,selection,-0.8898,False,abstain,True
57,selection|ibm-granite/granite-3.3-8b-instruct|a,delta_pp:1,0.6485,2.3289,-2.3943,2.82,0.9126,selection,0.9105,False,abstain,False
57,selection|microsoft/Phi-3.5-mini-instruct|a,delta_pp:1,1.2896,2.953,-1.6543,4.2043,0.8814,selection,1.8188,True,abstain,False
57,selection|Qwen/Qwen2.5-7B-Instruct|b,delta_pp:1,0.486,0.9161,-1.2738,1.9499,0.8956,selection,-0.5102,False,abstain,False
57,selection|allenai/OLMo-2-1124-7B-Instruct|b,delta_pp:1,-0.3065,3.1022,-4.1691,2.2809,0.8082,selection,0.3366,False,abstain,False
57,selection|ibm-granite/granite-3.3-8b-instruct|b,delta_pp:1,2.7823,2.9802,-0.7298,5.2129,0.8957,selection,1.8088,True,abstain,False
57,selection|microsoft/Phi-3.5-mini-instruct|b,delta_pp:1,4.2381,4.7429,0.6212,7.186,0.8851,selection,2.3681,True,abstain,False
57,selection|Qwen/Qwen2.5-7B-Instruct|c,delta_pp:1,0.7849,0.8898,-1.0946,2.1817,0.8965,selection,-0.384,False,abstain,False
57,selection|allenai/OLMo-2-1124-7B-Instruct|c,delta_pp:1,-0.1801,2.7982,-2.8052,2.652,0.793,selection,1.2233,True,abstain,True
57,selection|ibm-granite/granite-3.3-8b-instruct|c,delta_pp:1,2.9889,2.1882,0.6073,5.1492,0.8724,selection,1.1876,True,abstain,False
57,selection|microsoft/Phi-3.5-mini-instruct|c,delta_pp:1,2.481,6.1628,-1.7464,6.8764,0.8951,selection,3.7391,True,abstain,False
58,selection|Qwen/Qwen2.5-7B-Instruct|a,delta_pp:1,0.3316,1.6741,-1.9331,2.7175,0.8549,selection,-0.401,False,abstain,False
58,selection|allenai/OLMo-2-1124-7B-Instruct|a,delta_pp:1,-3.2838,4.3596,-6.1272,0.067,0.7736,selection,-0.8898,False,abstain,True
58,selection|ibm-granite/granite-3.3-8b-instruct|a,delta_pp:1,3.3001,2.6157,1.2808,6.447,0.8452,selection,0.9105,False,unsafe,False
58,selection|microsoft/Phi-3.5-mini-instruct|a,delta_pp:1,3.6399,2.866,0.8629,5.938,0.852,selection,1.8188,True,abstain,False
58,selection|Qwen/Qwen2.5-7B-Instruct|b,delta_pp:1,0.9868,1.5681,-1.1491,2.8367,0.8141,selection,-0.5102,False,abstain,False
58,selection|allenai/OLMo-2-1124-7B-Instruct|b,delta_pp:1,-2.645,4.4848,-5.9774,0.5529,0.8387,selection,0.3366,False,abstain,False
58,selection|ibm-granite/granite-3.3-8b-instruct|b,delta_pp:1,2.6613,3.6138,0.0285,6.2906,0.7991,selection,1.8088,True,abstain,True
58,selection|microsoft/Phi-3.5-mini-instruct|b,delta_pp:1,5.3144,4.1361,1.8241,8.444,0.8664,selection,2.3681,True,unsafe,False
58,selection|Qwen/Qwen2.5-7B-Instruct|c,delta_pp:1,0.9949,1.4358,-0.8903,2.891,0.8011,selection,-0.384,False,abstain,False
58,selection|allenai/OLMo-2-1124-7B-Instruct|c,delta_pp:1,2.3378,3.8557,-0.4395,5.677,0.8059,selection,1.2233,True,abstain,False
58,selection|ibm-granite/granite-3.3-8b-instruct|c,delta_pp:1,2.9848,2.6291,-0.0265,5.7229,0.8183,selection,1.1876,True,abstain,False
58,selection|microsoft/Phi-3.5-mini-instruct|c,delta_pp:1,5.6297,6.1237,1.6061,9.5184,0.8496,selection,3.7391,True,unsafe,False
59,selection|Qwen/Qwen2.5-7B-Instruct|a,delta_pp:1,-0.5291,1.452,-2.587,1.2499,0.8358,selection,-0.401,False,abstain,False
59,selection|allenai/OLMo-2-1124-7B-Instruct|a,delta_pp:1,-4.3062,5.3443,-7.7725,-0.445,0.7564,selection,-0.8898,False,abstain,True
59,selection|ibm-granite/granite-3.3-8b-instruct|a,delta_pp:1,-1.2242,2.1761,-4.0017,0.8494,0.9078,selection,0.9105,False,abstain,False
59,selection|microsoft/Phi-3.5-mini-instruct|a,delta_pp:1,0.123,3.8849,-2.6785,3.1393,0.8686,selection,1.8188,True,abstain,False
59,selection|Qwen/Qwen2.5-7B-Instruct|b,delta_pp:1,-1.4795,1.1722,-3.3327,0.0314,0.8688,selection,-0.5102,False,abstain,False
59,selection|allenai/OLMo-2-1124-7B-Instruct|b,delta_pp:1,-1.0512,4.5899,-4.118,2.3519,0.7938,selection,0.3366,False,abstain,True
59,selection|ibm-granite/granite-3.3-8b-instruct|b,delta_pp:1,0.7787,3.1551,-2.6115,3.4278,0.8721,selection,1.8088,True,abstain,False
59,selection|microsoft/Phi-3.5-mini-instruct|b,delta_pp:1,0.9649,5.8708,-2.9417,4.4428,0.8545,selection,2.3681,True,abstain,False
59,selection|Qwen/Qwen2.5-7B-Instruct|c,delta_pp:1,-0.5105,1.1292,-2.3354,1.2186,0.9001,selection,-0.384,False,abstain,False
59,selection|allenai/OLMo-2-1124-7B-Instruct|c,delta_pp:1,3.2026,4.1515,0.0805,6.4083,0.7964,selection,1.2233,True,abstain,True
59,selection|ibm-granite/granite-3.3-8b-instruct|c,delta_pp:1,0.6801,2.4465,-2.016,2.7679,0.8471,selection,1.1876,True,abstain,False
59,selection|microsoft/Phi-3.5-mini-instruct|c,delta_pp:1,0.65,6.4739,-4.0601,4.958,0.8847,selection,3.7391,True,abstain,False
60,selection|Qwen/Qwen2.5-7B-Instruct|a,delta_pp:1,-0.3612,1.6491,-2.0991,2.0635,0.8695,selection,-0.401,False,abstain,False
60,selection|allenai/OLMo-2-1124-7B-Instruct|a,delta_pp:1,0.2484,3.2881,-2.4448,2.9462,0.8185,selection,-0.8898,False,abstain,False
60,selection|ibm-granite/granite-3.3-8b-instruct|a,delta_pp:1,2.217,2.3705,0.1777,4.778,0.8876,selection,0.9105,False,abstain,False
60,selection|microsoft/Phi-3.5-mini-instruct|a,delta_pp:1,1.9765,3.3793,-0.4491,5.4518,0.8688,selection,1.8188,True,abstain,False
60,selection|Qwen/Qwen2.5-7B-Instruct|b,delta_pp:1,-0.0255,1.8516,-1.8895,2.6289,0.8686,selection,-0.5102,False,abstain,False
60,selection|allenai/OLMo-2-1124-7B-Instruct|b,delta_pp:1,-4.2905,4.6014,-7.7398,-0.8642,0.8005,selection,0.3366,False,abstain,False
60,selection|ibm-granite/granite-3.3-8b-instruct|b,delta_pp:1,1.5537,2.6454,-0.7047,3.7273,0.8876,selection,1.8088,True,abstain,False
60,selection|microsoft/Phi-3.5-mini-instruct|b,delta_pp:1,2.917,4.9638,-0.618,6.5121,0.8825,selection,2.3681,True,abstain,False
60,selection|Qwen/Qwen2.5-7B-Instruct|c,delta_pp:1,0.8947,1.5442,-0.739,3.2449,0.8839,selection,-0.384,False,abstain,False
60,selection|allenai/OLMo-2-1124-7B-Instruct|c,delta_pp:1,1.1944,3.9102,-1.5969,4.6737,0.8356,selection,1.2233,True,abstain,False
60,selection|ibm-granite/granite-3.3-8b-instruct|c,delta_pp:1,-0.0709,1.9965,-1.911,2.5077,0.8812,selection,1.1876,True,abstain,False
60,selection|microsoft/Phi-3.5-mini-instruct|c,delta_pp:1,2.9998,5.3494,-0.5355,6.722,0.8683,selection,3.7391,True,abstain,False
61,selection|Qwen/Qwen2.5-7B-Instruct|a,delta_pp:1,-0.6734,0.763,-2.1397,0.726,0.9139,selection,-0.401,False,abstain,False
61,selection|allenai/OLMo-2-1124-7B-Instruct|a,delta_pp:1,0.0709,3.9331,-2.4772,3.7982,0.9013,selection,-0.8898,False,abstain,False
61,selection|ibm-granite/granite-3.3-8b-instruct|a,delta_pp:1,1.698,1.6127,-0.0109,3.9552,0.9577,selection,0.9105,False,abstain,False
61,selection|microsoft/Phi-3.5-mini-instruct|a,delta_pp:1,0.759,3.2366,-1.8413,3.8701,0.8979,selection,1.8188,True,abstain,False
61,selection|Qwen/Qwen2.5-7B-Instruct|b,delta_pp:1,-1.0828,1.0331,-2.5124,0.6369,0.9253,selection,-0.5102,False,abstain,False
61,selection|allenai/OLMo-2-1124-7B-Instruct|b,delta_pp:1,1.9859,3.9611,-0.9164,5.4401,0.8636,selection,0.3366,False,abstain,False
61,selection|ibm-granite/granite-3.3-8b-instruct|b,delta_pp:1,1.3988,2.1918,-0.4542,3.942,0.9015,selection,1.8088,True,abstain,False
61,selection|microsoft/Phi-3.5-mini-instruct|b,delta_pp:1,3.647,3.707,1.0802,6.9055,0.9145,selection,2.3681,True,unsafe,False
61,selection|Qwen/Qwen2.5-7B-Instruct|c,delta_pp:1,-0.512,1.2336,-2.0446,1.3825,0.8876,selection,-0.384,False,abstain,False
61,selection|allenai/OLMo-2-1124-7B-Instruct|c,delta_pp:1,4.4247,2.8886,1.9435,7.6931,0.8953,selection,1.2233,True,unsafe,False
61,selection|ibm-granite/granite-3.3-8b-instruct|c,delta_pp:1,2.5946,1.4727,0.6025,4.6355,0.9209,selection,1.1876,True,abstain,False
61,selection|microsoft/Phi-3.5-mini-instruct|c,delta_pp:1,5.411,7.3446,1.9799,9.8908,0.8958,selection,3.7391,True,unsafe,False
62,selection|Qwen/Qwen2.5-7B-Instruct|a,delta_pp:1,0.3628,1.5335,-1.7438,2.4383,0.8469,selection,-0.401,False,abstain,False
62,selection|allenai/OLMo-2-1124-7B-Instruct|a,delta_pp:1,2.2528,5.1607,-1.3979,5.5592,0.8,selection,-0.8898,False,abstain,False
62,selection|ibm-granite/granite-3.3-8b-instruct|a,delta_pp:1,1.665,3.4616,-1.6505,4.4879,0.8346,selection,0.9105,False,abstain,False
62,selection|microsoft/Phi-3.5-mini-instruct|a,delta_pp:1,1.9914,3.4759,-0.7497,5.3879,0.832,selection,1.8188,True,abstain,False
62,selection|Qwen/Qwen2.5-7B-Instruct|b,delta_pp:1,-0.5739,1.4209,-2.7368,1.3072,0.8631,selection,-0.5102,False,abstain,False
62,selection|allenai/OLMo-2-1124-7B-Instruct|b,delta_pp:1,2.8982,5.4544,-0.8861,6.9226,0.7848,selection,0.3366,False,abstain,True
62,selection|ibm-granite/granite-3.3-8b-instruct|b,delta_pp:1,1.7036,3.6731,-1.7121,5.0512,0.8346,selection,1.8088,True,abstain,False
62,selection|microsoft/Phi-3.5-mini-instruct|b,delta_pp:1,4.7035,4.6872,1.2837,8.2766,0.8707,selection,2.3681,True,unsafe,False
62,selection|Qwen/Qwen2.5-7B-Instruct|c,delta_pp:1,0.0115,1.6624,-2.3386,2.193,0.8308,selection,-0.384,False,abstain,False
62,selection|allenai/OLMo-2-1124-7B-Instruct|c,delta_pp:1,2.6461,5.4872,-0.9648,6.4275,0.8179,selection,1.2233,True,abstain,False
62,selection|ibm-granite/granite-3.3-8b-instruct|c,delta_pp:1,3.3161,2.1893,0.8986,5.7136,0.8408,selection,1.1876,True,abstain,False
62,selection|microsoft/Phi-3.5-mini-instruct|c,delta_pp:1,2.7125,5.4553,-0.7652,7.3592,0.8666,selection,3.7391,True,abstain,False
63,selection|Qwen/Qwen2.5-7B-Instruct|a,delta_pp:1,-0.1108,1.3406,-2.0916,1.6593,0.9003,selection,-0.401,False,abstain,False
63,selection|allenai/OLMo-2-1124-7B-Instruct|a,delta_pp:1,0.4843,4.0761,-3.0902,3.3924,0.847,selection,-0.8898,False,abstain,False
63,selection|ibm-granite/granite-3.3-8b-instruct|a,delta_pp:1,2.2842,3.1226,-0.7019,5.0134,0.9235,selection,0.9105,False,abstain,False
63,selection|microsoft/Phi-3.5-mini-instruct|a,delta_pp:1,6.2397,3.4406,3.3178,9.0464,0.896,selection,1.8188,True,unsafe,False
63,selection|Qwen/Qwen2.5-7B-Instruct|b,delta_pp:1,1.057,1.4285,-1.1143,3.0657,0.9145,selection,-0.5102,False,abstain,False
63,selection|allenai/OLMo-2-1124-7B-Instruct|b,delta_pp:1,1.3856,6.4482,-3.165,5.3858,0.8257,selection,0.3366,False,abstain,False
63,selection|ibm-granite/granite-3.3-8b-instruct|b,delta_pp:1,2.6852,3.8971,-0.4344,5.4723,0.9173,selection,1.8088,True,abstain,False
63,selection|microsoft/Phi-3.5-mini-instruct|b,delta_pp:1,3.6262,3.7,0.5133,6.9139,0.8925,selection,2.3681,True,abstain,False
63,selection|Qwen/Qwen2.5-7B-Instruct|c,delta_pp:1,-0.2737,1.4789,-2.1758,1.3925,0.8851,selection,-0.384,False,abstain,False
63,selection|allenai/OLMo-2-1124-7B-Instruct|c,delta_pp:1,3.3755,4.7237,-0.6428,6.1298,0.8257,selection,1.2233,True,abstain,False
63,selection|ibm-granite/granite-3.3-8b-instruct|c,delta_pp:1,2.7845,2.7363,0.3851,5.3787,0.9084,selection,1.1876,True,abstain,False
63,selection|microsoft/Phi-3.5-mini-instruct|c,delta_pp:1,4.3288,6.0831,-0.1377,7.2253,0.8891,selection,3.7391,True,abstain,False
64,selection|Qwen/Qwen2.5-7B-Instruct|a,delta_pp:1,-1.3539,1.2377,-3.2291,0.3029,0.9037,selection,-0.401,False,abstain,False
64,selection|allenai/OLMo-2-1124-7B-Instruct|a,delta_pp:1,-1.662,3.6522,-4.9055,1.0995,0.8422,selection,-0.8898,False,abstain,False
64,selection|ibm-granite/granite-3.3-8b-instruct|a,delta_pp:1,2.5346,2.5514,0.1419,5.5339,0.9153,selection,0.9105,False,abstain,False
64,selection|microsoft/Phi-3.5-mini-instruct|a,delta_pp:1,-1.1044,3.207,-3.7894,1.8689,0.8627,selection,1.8188,True,abstain,False
64,selection|Qwen/Qwen2.5-7B-Instruct|b,delta_pp:1,-1.447,1.0899,-3.1953,0.2518,0.9188,selection,-0.5102,False,abstain,False
64,selection|allenai/OLMo-2-1124-7B-Instruct|b,delta_pp:1,0.9911,3.3586,-1.9155,3.9047,0.8422,selection,0.3366,False,abstain,False
64,selection|ibm-granite/granite-3.3-8b-instruct|b,delta_pp:1,2.5027,3.3938,-0.8925,5.1779,0.9234,selection,1.8088,True,abstain,False
64,selection|microsoft/Phi-3.5-mini-instruct|b,delta_pp:1,-1.4608,4.0311,-4.0025,2.0581,0.8664,selection,2.3681,True,abstain,False
64,selection|Qwen/Qwen2.5-7B-Instruct|c,delta_pp:1,-0.3792,1.2824,-1.9681,1.5303,0.8501,selection,-0.384,False,abstain,False
64,selection|allenai/OLMo-2-1124-7B-Instruct|c,delta_pp:1,-1.4247,2.6688,-4.3838,1.252,0.8038,selection,1.2233,True,abstain,False
64,selection|ibm-granite/granite-3.3-8b-instruct|c,delta_pp:1,0.9178,1.4076,-1.1308,2.8358,0.8518,selection,1.1876,True,abstain,False
64,selection|microsoft/Phi-3.5-mini-instruct|c,delta_pp:1,0.2444,6.5338,-3.3756,4.2613,0.8612,selection,3.7391,True,abstain,False
65,selection|Qwen/Qwen2.5-7B-Instruct|a,delta_pp:1,0.8352,0.9024,-0.5628,2.5372,0.7911,selection,-0.401,False,abstain,True
65,selection|allenai/OLMo-2-1124-7B-Instruct|a,delta_pp:1,1.2859,3.3464,-1.7821,4.0155,0.7851,selection,-0.8898,False,abstain,True
65,selection|ibm-granite/granite-3.3-8b-instruct|a,delta_pp:1,1.7405,2.5729,-0.4576,4.5758,0.8873,selection,0.9105,False,abstain,False
65,selection|microsoft/Phi-3.5-mini-instruct|a,delta_pp:1,1.682,3.2181,-1.5585,4.5801,0.7736,selection,1.8188,True,abstain,True
65,selection|Qwen/Qwen2.5-7B-Instruct|b,delta_pp:1,-0.782,1.005,-2.3496,0.8365,0.7902,selection,-0.5102,False,abstain,True
65,selection|allenai/OLMo-2-1124-7B-Instruct|b,delta_pp:1,1.1955,5.6066,-2.6754,4.8493,0.7958,selection,0.3366,False,abstain,True
65,selection|ibm-granite/granite-3.3-8b-instruct|b,delta_pp:1,1.2241,3.5451,-1.7965,3.9781,0.8662,selection,1.8088,True,abstain,False
65,selection|microsoft/Phi-3.5-mini-instruct|b,delta_pp:1,2.32,3.862,-0.9071,5.1355,0.8583,selection,2.3681,True,abstain,False
65,selection|Qwen/Qwen2.5-7B-Instruct|c,delta_pp:1,-0.7635,0.9601,-2.3236,0.813,0.7919,selection,-0.384,False,abstain,True
65,selection|allenai/OLMo-2-1124-7B-Instruct|c,delta_pp:1,2.6125,4.3035,-0.7697,5.6704,0.7851,selection,1.2233,True,abstain,True
65,selection|ibm-granite/granite-3.3-8b-instruct|c,delta_pp:1,1.1809,2.2077,-1.2331,3.6269,0.7974,selection,1.1876,True,abstain,True
65,selection|microsoft/Phi-3.5-mini-instruct|c,delta_pp:1,1.9218,7.8951,-2.3011,6.0462,0.7925,selection,3.7391,True,abstain,True
66,selection|Qwen/Qwen2.5-7B-Instruct|a,delta_pp:1,-3.2905,1.6833,-5.4872,-1.5043,0.8939,selection,-0.401,False,unsafe,False
66,selection|allenai/OLMo-2-1124-7B-Instruct|a,delta_pp:1,-3.4324,4.8557,-7.4985,-0.9093,0.7423,selection,-0.8898,False,abstain,True
66,selection|ibm-granite/granite-3.3-8b-instruct|a,delta_pp:1,1.18,2.771,-1.9026,3.4137,0.8806,selection,0.9105,False,abstain,False
66,selection|microsoft/Phi-3.5-mini-instruct|a,delta_pp:1,2.0657,5.6072,-1.9571,5.6999,0.8168,selection,1.8188,True,abstain,False
66,selection|Qwen/Qwen2.5-7B-Instruct|b,delta_pp:1,-3.7417,1.5339,-6.0858,-2.2805,0.8791,selection,-0.5102,False,unsafe,False
66,selection|allenai/OLMo-2-1124-7B-Instruct|b,delta_pp:1,-4.2833,6.1274,-9.5406,-1.1173,0.7092,selection,0.3366,False,unsafe,True
66,selection|ibm-granite/granite-3.3-8b-instruct|b,delta_pp:1,0.6282,3.4668,-2.7329,3.4404,0.8753,selection,1.8088,True,abstain,False
66,selection|microsoft/Phi-3.5-mini-instruct|b,delta_pp:1,0.0707,5.6908,-4.4317,3.6068,0.8706,selection,2.3681,True,abstain,False
66,selection|Qwen/Qwen2.5-7B-Instruct|c,delta_pp:1,-3.1042,1.5303,-5.5206,-1.5222,0.8809,selection,-0.384,False,unsafe,False
66,selection|allenai/OLMo-2-1124-7B-Instruct|c,delta_pp:1,0.9384,4.9436,-2.8964,4.2379,0.7589,selection,1.2233,True,abstain,True
66,selection|ibm-granite/granite-3.3-8b-instruct|c,delta_pp:1,0.1206,2.4124,-2.7243,2.062,0.885,selection,1.1876,True,abstain,False
66,selection|microsoft/Phi-3.5-mini-instruct|c,delta_pp:1,2.9474,6.9591,-1.6227,7.3588,0.8528,selection,3.7391,True,abstain,False
67,selection|Qwen/Qwen2.5-7B-Instruct|a,delta_pp:1,-0.6896,1.5734,-2.6334,1.3815,0.8197,selection,-0.401,False,abstain,False
67,selection|allenai/OLMo-2-1124-7B-Instruct|a,delta_pp:1,-3.2275,3.6395,-6.2592,-0.4904,0.911,selection,-0.8898,False,abstain,False
67,selection|ibm-granite/granite-3.3-8b-instruct|a,delta_pp:1,-1.6044,2.5273,-4.0692,1.2183,0.9109,selection,0.9105,False,abstain,False
67,selection|microsoft/Phi-3.5-mini-instruct|a,delta_pp:1,1.1547,3.0891,-1.6976,3.4721,0.8306,selection,1.8188,True,abstain,False
67,selection|Qwen/Qwen2.5-7B-Instruct|b,delta_pp:1,-0.0736,1.6627,-2.045,1.8657,0.8474,selection,-0.5102,False,abstain,False
67,selection|allenai/OLMo-2-1124-7B-Instruct|b,delta_pp:1,-4.1497,3.2239,-7.6833,-1.7949,0.8547,selection,0.3366,False,unsafe,False
67,selection|ibm-granite/granite-3.3-8b-instruct|b,delta_pp:1,-0.6841,3.1512,-3.4899,2.5342,0.8922,selection,1.8088,True,abstain,False
67,selection|microsoft/Phi-3.5-mini-instruct|b,delta_pp:1,0.8372,3.8961,-2.6598,3.5213,0.8539,selection,2.3681,True,abstain,False
67,selection|Qwen/Qwen2.5-7B-Instruct|c,delta_pp:1,-1.3529,1.6782,-3.2565,0.5305,0.8197,selection,-0.384,False,abstain,False
67,selection|allenai/OLMo-2-1124-7B-Instruct|c,delta_pp:1,-0.0982,4.647,-3.3138,3.489,0.8253,selection,1.2233,True,abstain,False
67,selection|ibm-granite/granite-3.3-8b-instruct|c,delta_pp:1,1.1829,2.1553,-1.0497,3.6463,0.901,selection,1.1876,True,abstain,False
67,selection|microsoft/Phi-3.5-mini-instruct|c,delta_pp:1,0.2608,5.5325,-3.3812,4.1673,0.8478,selection,3.7391,True,abstain,False
68,selection|Qwen/Qwen2.5-7B-Instruct|a,delta_pp:1,0.1583,1.4605,-1.8743,2.1591,0.8735,selection,-0.401,False,abstain,False
68,selection|allenai/OLMo-2-1124-7B-Instruct|a,delta_pp:1,-1.7313,3.2929,-5.2103,1.1278,0.8631,selection,-0.8898,False,abstain,False
68,selection|ibm-granite/granite-3.3-8b-instruct|a,delta_pp:1,0.5439,2.7202,-2.0261,3.3265,0.9218,selection,0.9105,False,abstain,False
68,selection|microsoft/Phi-3.5-mini-instruct|a,delta_pp:1,1.5231,3.7988,-0.7333,5.1043,0.8666,selection,1.8188,True,abstain,False
68,selection|Qwen/Qwen2.5-7B-Instruct|b,delta_pp:1,-0.1681,1.0051,-1.9385,1.5008,0.8726,selection,-0.5102,False,abstain,False
68,selection|allenai/OLMo-2-1124-7B-Instruct|b,delta_pp:1,0.3567,3.3552,-2.5828,3.5445,0.847,selection,0.3366,False,abstain,False
68,selection|ibm-granite/granite-3.3-8b-instruct|b,delta_pp:1,0.5539,2.7517,-1.8687,3.3145,0.9235,selection,1.8088,True,abstain,False
68,selection|microsoft/Phi-3.5-mini-instruct|b,delta_pp:1,0.6379,4.7998,-2.7835,4.2323,0.8516,selection,2.3681,True,abstain,False
68,selection|Qwen/Qwen2.5-7B-Instruct|c,delta_pp:1,-0.0276,0.984,-1.6034,1.7502,0.9038,selection,-0.384,False,abstain,False
68,selection|allenai/OLMo-2-1124-7B-Instruct|c,delta_pp:1,0.6726,3.8606,-2.4834,3.9172,0.8497,selection,1.2233,True,abstain,False
68,selection|ibm-granite/granite-3.3-8b-instruct|c,delta_pp:1,1.4702,2.2468,-0.8361,3.865,0.8789,selection,1.1876,True,abstain,False
68,selection|microsoft/Phi-3.5-mini-instruct|c,delta_pp:1,1.5252,3.9763,-1.6135,5.0623,0.8722,selection,3.7391,True,abstain,False
69,selection|Qwen/Qwen2.5-7B-Instruct|a,delta_pp:1,-0.5003,0.8286,-1.951,0.7716,0.9047,selection,-0.401,False,abstain,False
69,selection|allenai/OLMo-2-1124-7B-Instruct|a,delta_pp:1,-2.0045,4.5788,-5.4178,1.4668,0.7998,selection,-0.8898,False,abstain,True
69,selection|ibm-granite/granite-3.3-8b-instruct|a,delta_pp:1,2.5963,2.5687,0.1919,5.0016,0.8772,selection,0.9105,False,abstain,False
69,selection|microsoft/Phi-3.5-mini-instruct|a,delta_pp:1,2.8553,2.6945,0.3917,5.8022,0.8996,selection,1.8188,True,abstain,False
69,selection|Qwen/Qwen2.5-7B-Instruct|b,delta_pp:1,0.2411,1.0756,-1.4612,1.6531,0.8886,selection,-0.5102,False,abstain,False
69,selection|allenai/OLMo-2-1124-7B-Instruct|b,delta_pp:1,1.7764,4.0255,-1.1935,5.452,0.8444,selection,0.3366,False,abstain,False
69,selection|ibm-granite/granite-3.3-8b-instruct|b,delta_pp:1,0.8654,3.9339,-2.0527,3.7776,0.8238,selection,1.8088,True,abstain,False
69,selection|microsoft/Phi-3.5-mini-instruct|b,delta_pp:1,4.4689,4.0551,0.9207,7.4605,0.9041,selection,2.3681,True,abstain,False
69,selection|Qwen/Qwen2.5-7B-Instruct|c,delta_pp:1,-0.4221,1.1919,-2.5561,0.986,0.8886,selection,-0.384,False,abstain,False
69,selection|allenai/OLMo-2-1124-7B-Instruct|c,delta_pp:1,1.2906,3.1446,-0.9895,4.4179,0.8086,selection,1.2233,True,abstain,False
69,selection|ibm-granite/granite-3.3-8b-instruct|c,delta_pp:1,2.3811,2.0263,-0.1955,4.7959,0.8495,selection,1.1876,True,abstain,False
69,selection|microsoft/Phi-3.5-mini-instruct|c,delta_pp:1,3.8903,5.7674,0.2409,8.5591,0.89,selection,3.7391,True,abstain,False
70,selection|Qwen/Qwen2.5-7B-Instruct|a,delta_pp:1,0.2423,1.2882,-1.6704,1.7578,0.8385,selection,-0.401,False,abstain,False
70,selection|allenai/OLMo-2-1124-7B-Instruct|a,delta_pp:1,4.0766,3.8424,1.156,7.4433,0.8,selection,-0.8898,False,unsafe,True
70,selection|ibm-granite/granite-3.3-8b-instruct|a,delta_pp:1,3.2081,2.8279,0.1361,5.6188,0.9016,selection,0.9105,False,abstain,False
70,selection|microsoft/Phi-3.5-mini-instruct|a,delta_pp:1,3.8348,4.1291,0.2689,7.0079,0.8477,selection,1.8188,True,abstain,False
70,selection|Qwen/Qwen2.5-7B-Instruct|b,delta_pp:1,-0.2491,1.0761,-2.1235,1.0778,0.8072,selection,-0.5102,False,abstain,False
70,selection|allenai/OLMo-2-1124-7B-Instruct|b,delta_pp:1,5.3459,4.0917,2.2212,9.1445,0.746,selection,0.3366,False,unsafe,True
70,selection|ibm-granite/granite-3.3-8b-instruct|b,delta_pp:1,3.8069,3.2026,0.9757,6.4051,0.853,selection,1.8088,True,abstain,False
70,selection|microsoft/Phi-3.5-mini-instruct|b,delta_pp:1,6.9593,5.4768,2.899,10.3454,0.818,selection,2.3681,True,unsafe,False
70,selection|Qwen/Qwen2.5-7B-Instruct|c,delta_pp:1,0.4028,1.3459,-1.432,2.2432,0.8055,selection,-0.384,False,abstain,False
70,selection|allenai/OLMo-2-1124-7B-Instruct|c,delta_pp:1,3.789,4.4872,0.4362,7.8686,0.7956,selection,1.2233,True,abstain,True
70,selection|ibm-granite/granite-3.3-8b-instruct|c,delta_pp:1,2.5244,2.0543,0.3373,4.7159,0.8453,selection,1.1876,True,abstain,False
70,selection|microsoft/Phi-3.5-mini-instruct|c,delta_pp:1,7.3854,6.0837,2.5275,11.0535,0.8682,selection,3.7391,True,unsafe,False
71,selection|Qwen/Qwen2.5-7B-Instruct|a,delta_pp:1,-0.8405,1.3868,-2.6474,1.1247,0.8568,selection,-0.401,False,abstain,False
71,selection|allenai/OLMo-2-1124-7B-Instruct|a,delta_pp:1,-3.0468,4.6369,-6.8815,0.6713,0.8349,selection,-0.8898,False,abstain,False
71,selection|ibm-granite/granite-3.3-8b-instruct|a,delta_pp:1,2.2117,2.6741,-0.6644,4.7744,0.9463,selection,0.9105,False,abstain,False
71,selection|microsoft/Phi-3.5-mini-instruct|a,delta_pp:1,1.1194,3.1666,-1.8158,3.6157,0.8755,selection,1.8188,True,abstain,False
71,selection|Qwen/Qwen2.5-7B-Instruct|b,delta_pp:1,-1.1536,1.1664,-2.7269,0.721,0.8577,selection,-0.5102,False,abstain,False
71,selection|allenai/OLMo-2-1124-7B-Instruct|b,delta_pp:1,1.1036,4.805,-2.4969,4.0983,0.7753,selection,0.3366,False,abstain,True
71,selection|ibm-granite/granite-3.3-8b-instruct|b,delta_pp:1,2.3367,2.8563,-0.5596,4.7427,0.9118,selection,1.8088,True,abstain,False
71,selection|microsoft/Phi-3.5-mini-instruct|b,delta_pp:1,2.7499,3.2341,-0.2014,5.7014,0.8823,selection,2.3681,True,abstain,False
71,selection|Qwen/Qwen2.5-7B-Instruct|c,delta_pp:1,-1.301,0.8426,-2.445,0.3156,0.9103,selection,-0.384,False,abstain,False
71,selection|allenai/OLMo-2-1124-7B-Instruct|c,delta_pp:1,1.1906,3.7282,-1.4419,4.6582,0.8557,selection,1.2233,True,abstain,False
71,selection|ibm-granite/granite-3.3-8b-instruct|c,delta_pp:1,3.0589,1.7436,0.9516,4.9522,0.8843,selection,1.1876,True,abstain,False
71,selection|microsoft/Phi-3.5-mini-instruct|c,delta_pp:1,3.1307,5.1691,-0.9848,6.3695,0.8674,selection,3.7391,True,abstain,False
72,selection|Qwen/Qwen2.5-7B-Instruct|a,delta_pp:1,-1.695,1.374,-3.2135,0.4743,0.8367,selection,-0.401,False,abstain,False
72,selection|allenai/OLMo-2-1124-7B-Instruct|a,delta_pp:1,-1.5869,4.5264,-4.474,1.8485,0.825,selection,-0.8898,False,abstain,False
72,selection|ibm-granite/granite-3.3-8b-instruct|a,delta_pp:1,3.4264,3.3126,0.6566,6.6598,0.8539,selection,0.9105,False,abstain,False
72,selection|microsoft/Phi-3.5-mini-instruct|a,delta_pp:1,1.6406,4.0609,-1.0485,5.5887,0.9093,selection,1.8188,True,abstain,False
72,selection|Qwen/Qwen2.5-7B-Instruct|b,delta_pp:1,-1.6175,1.2215,-3.0841,0.3997,0.8671,selection,-0.5102,False,abstain,False
72,selection|allenai/OLMo-2-1124-7B-Instruct|b,delta_pp:1,2.3399,4.0091,-1.1207,5.8351,0.825,selection,0.3366,False,abstain,False
72,selection|ibm-granite/granite-3.3-8b-instruct|b,delta_pp:1,3.1192,3.5911,0.6016,6.5285,0.8512,selection,1.8088,True,abstain,False
72,selection|microsoft/Phi-3.5-mini-instruct|b,delta_pp:1,1.7035,5.3893,-2.1528,5.2765,0.8666,selection,2.3681,True,abstain,False
72,selection|Qwen/Qwen2.5-7B-Instruct|c,delta_pp:1,-1.6175,1.2846,-3.3555,0.6101,0.8671,selection,-0.384,False,abstain,False
72,selection|allenai/OLMo-2-1124-7B-Instruct|c,delta_pp:1,2.344,3.5677,-0.5326,5.4738,0.8303,selection,1.2233,True,abstain,False
72,selection|ibm-granite/granite-3.3-8b-instruct|c,delta_pp:1,2.5781,2.4774,0.2999,5.426,0.8739,selection,1.1876,True,abstain,False
72,selection|microsoft/Phi-3.5-mini-instruct|c,delta_pp:1,1.3416,6.2848,-2.4051,5.7508,0.8699,selection,3.7391,True,abstain,False
73,selection|Qwen/Qwen2.5-7B-Instruct|a,delta_pp:1,-1.2452,1.3246,-2.9679,0.7032,0.8316,selection,-0.401,False,abstain,False
73,selection|allenai/OLMo-2-1124-7B-Instruct|a,delta_pp:1,-0.7985,4.6421,-4.1779,2.5993,0.7888,selection,-0.8898,False,abstain,True
73,selection|ibm-granite/granite-3.3-8b-instruct|a,delta_pp:1,-0.596,1.8155,-2.9736,1.4874,0.8686,selection,0.9105,False,abstain,False
73,selection|microsoft/Phi-3.5-mini-instruct|a,delta_pp:1,1.0363,3.1648,-1.8446,3.8708,0.84,selection,1.8188,True,abstain,False
73,selection|Qwen/Qwen2.5-7B-Instruct|b,delta_pp:1,-1.2945,1.2726,-2.8818,0.5713,0.8722,selection,-0.5102,False,abstain,False
73,selection|allenai/OLMo-2-1124-7B-Instruct|b,delta_pp:1,1.6988,4.0231,-1.0416,4.8406,0.8734,selection,0.3366,False,abstain,False
73,selection|ibm-granite/granite-3.3-8b-instruct|b,delta_pp:1,0.7439,2.136,-2.0341,2.8089,0.8651,selection,1.8088,True,abstain,False
73,selection|microsoft/Phi-3.5-mini-instruct|b,delta_pp:1,1.3393,5.2236,-2.215,5.1057,0.8429,selection,2.3681,True,abstain,False
73,selection|Qwen/Qwen2.5-7B-Instruct|c,delta_pp:1,-1.1416,1.4824,-3.2198,0.6377,0.819,selection,-0.384,False,abstain,False
73,selection|allenai/OLMo-2-1124-7B-Instruct|c,delta_pp:1,4.1468,4.7258,0.8341,8.1232,0.8229,selection,1.2233,True,abstain,False
73,selection|ibm-granite/granite-3.3-8b-instruct|c,delta_pp:1,0.0454,1.412,-1.9573,1.928,0.8686,selection,1.1876,True,abstain,False
73,selection|microsoft/Phi-3.5-mini-instruct|c,delta_pp:1,4.5323,5.7821,0.8179,8.815,0.8574,selection,3.7391,True,abstain,False
74,selection|Qwen/Qwen2.5-7B-Instruct|a,delta_pp:1,2.2647,1.0331,0.2843,3.7065,0.8749,selection,-0.401,False,abstain,False
74,selection|allenai/OLMo-2-1124-7B-Instruct|a,delta_pp:1,0.7465,3.0043,-2.2102,3.4747,0.7832,selection,-0.8898,False,abstain,True
74,selection|ibm-granite/granite-3.3-8b-instruct|a,delta_pp:1,2.8746,1.806,1.025,4.7731,0.8524,selection,0.9105,False,unsafe,False
74,selection|microsoft/Phi-3.5-mini-instruct|a,delta_pp:1,2.3698,2.1223,0.1519,4.7564,0.9281,selection,1.8188,True,abstain,False
74,selection|Qwen/Qwen2.5-7B-Instruct|b,delta_pp:1,1.6234,1.2372,-0.6923,3.2999,0.8732,selection,-0.5102,False,abstain,False
74,selection|allenai/OLMo-2-1124-7B-Instruct|b,delta_pp:1,-0.1621,3.7276,-3.3807,3.0869,0.8031,selection,0.3366,False,abstain,False
74,selection|ibm-granite/granite-3.3-8b-instruct|b,delta_pp:1,1.5126,1.3771,-0.2386,3.3759,0.886,selection,1.8088,True,abstain,False
74,selection|microsoft/Phi-3.5-mini-instruct|b,delta_pp:1,1.8825,3.3822,-1.1671,4.441,0.9141,selection,2.3681,True,abstain,False
74,selection|Qwen/Qwen2.5-7B-Instruct|c,delta_pp:1,1.3406,0.7783,-0.2361,2.5695,0.8422,selection,-0.384,False,abstain,False
74,selection|allenai/OLMo-2-1124-7B-Instruct|c,delta_pp:1,3.1544,3.4066,0.5072,6.8987,0.8031,selection,1.2233,True,abstain,False
74,selection|ibm-granite/granite-3.3-8b-instruct|c,delta_pp:1,2.4745,1.2693,0.7127,4.2948,0.8887,selection,1.1876,True,abstain,False
74,selection|microsoft/Phi-3.5-mini-instruct|c,delta_pp:1,4.9129,5.3261,1.1578,8.8918,0.8837,selection,3.7391,True,unsafe,False
75,selection|Qwen/Qwen2.5-7B-Instruct|a,delta_pp:1,-0.8173,0.9664,-2.5534,0.6291,0.8484,selection,-0.401,False,abstain,False
75,selection|allenai/OLMo-2-1124-7B-Instruct|a,delta_pp:1,-0.2538,3.9384,-3.445,2.9745,0.771,selection,-0.8898,False,abstain,True
75,selection|ibm-granite/granite-3.3-8b-instruct|a,delta_pp:1,1.4753,1.4562,-0.3567,3.7471,0.8978,selection,0.9105,False,abstain,False
75,selection|microsoft/Phi-3.5-mini-instruct|a,delta_pp:1,0.9742,4.2984,-2.5233,4.2236,0.83,selection,1.8188,True,abstain,False
75,selection|Qwen/Qwen2.5-7B-Instruct|b,delta_pp:1,-1.1553,0.7151,-2.7429,0.1636,0.8492,selection,-0.5102,False,abstain,False
75,selection|allenai/OLMo-2-1124-7B-Instruct|b,delta_pp:1,-0.1561,3.7813,-3.5712,2.7204,0.8072,selection,0.3366,False,abstain,False
75,selection|ibm-granite/granite-3.3-8b-instruct|b,delta_pp:1,2.01,1.7385,-0.5971,3.6707,0.9155,selection,1.8088,True,abstain,False
75,selection|microsoft/Phi-3.5-mini-instruct|b,delta_pp:1,4.1095,5.3443,0.2638,7.3665,0.8549,selection,2.3681,True,abstain,False
75,selection|Qwen/Qwen2.5-7B-Instruct|c,delta_pp:1,-0.8173,0.9664,-2.5534,0.6291,0.8484,selection,-0.384,False,abstain,False
75,selection|allenai/OLMo-2-1124-7B-Instruct|c,delta_pp:1,3.0627,3.8559,-0.0497,5.8836,0.771,selection,1.2233,True,abstain,True
75,selection|ibm-granite/granite-3.3-8b-instruct|c,delta_pp:1,2.0283,1.2895,0.1229,3.7301,0.8634,selection,1.1876,True,abstain,False
75,selection|microsoft/Phi-3.5-mini-instruct|c,delta_pp:1,5.8502,5.7287,1.7009,9.7121,0.8435,selection,3.7391,True,unsafe,False
76,selection|Qwen/Qwen2.5-7B-Instruct|a,delta_pp:1,-1.7696,2.3586,-4.5494,0.4066,0.8154,selection,-0.401,False,abstain,False
76,selection|allenai/OLMo-2-1124-7B-Instruct|a,delta_pp:1,0.6522,3.2122,-1.8385,3.469,0.6652,selection,-0.8898,False,abstain,True
76,selection|ibm-granite/granite-3.3-8b-instruct|a,delta_pp:1,3.1939,2.6175,0.2249,5.1908,0.8165,selection,0.9105,False,abstain,False
76,selection|microsoft/Phi-3.5-mini-instruct|a,delta_pp:1,1.4628,3.4383,-1.8358,4.5413,0.8283,selection,1.8188,True,abstain,False
76,selection|Qwen/Qwen2.5-7B-Instruct|b,delta_pp:1,-2.0925,2.3231,-4.5005,0.0929,0.8146,selection,-0.5102,False,abstain,False
76,selection|allenai/OLMo-2-1124-7B-Instruct|b,delta_pp:1,3.0226,4.0189,-0.0218,6.7335,0.7292,selection,0.3366,False,abstain,True
76,selection|ibm-granite/granite-3.3-8b-instruct|b,delta_pp:1,3.103,2.9154,0.7605,6.3056,0.7589,selection,1.8088,True,abstain,True
76,selection|microsoft/Phi-3.5-mini-instruct|b,delta_pp:1,-0.7971,4.0694,-3.9249,2.1462,0.822,selection,2.3681,True,abstain,False
76,selection|Qwen/Qwen2.5-7B-Instruct|c,delta_pp:1,-2.0706,2.3916,-4.4448,0.4925,0.8146,selection,-0.384,False,abstain,False
76,selection|allenai/OLMo-2-1124-7B-Instruct|c,delta_pp:1,2.2198,4.2909,-1.4162,5.5438,0.6787,selection,1.2233,True,abstain,True
76,selection|ibm-granite/granite-3.3-8b-instruct|c,delta_pp:1,2.5095,1.9586,0.1556,4.3945,0.7831,selection,1.1876,True,abstain,True
76,selection|microsoft/Phi-3.5-mini-instruct|c,delta_pp:1,4.0938,4.9699,0.8954,7.4588,0.8304,selection,3.7391,True,abstain,False
77,selection|Qwen/Qwen2.5-7B-Instruct|a,delta_pp:1,-0.7295,0.8836,-2.1901,0.6922,0.8147,selection,-0.401,False,abstain,False
77,selection|allenai/OLMo-2-1124-7B-Instruct|a,delta_pp:1,0.9918,3.1916,-1.441,3.7576,0.7775,selection,-0.8898,False,abstain,True
77,selection|ibm-granite/granite-3.3-8b-instruct|a,delta_pp:1,0.3291,3.0723,-2.9396,3.1988,0.8781,selection,0.9105,False,abstain,False
77,selection|microsoft/Phi-3.5-mini-instruct|a,delta_pp:1,3.6944,5.0889,0.0653,7.2892,0.8034,selection,1.8188,True,abstain,False
77,selection|Qwen/Qwen2.5-7B-Instruct|b,delta_pp:1,-0.7765,0.9832,-2.4243,0.7221,0.8583,selection,-0.5102,False,abstain,False
77,selection|allenai/OLMo-2-1124-7B-Instruct|b,delta_pp:1,3.7323,4.1323,0.5346,6.9422,0.7686,selection,0.3366,False,abstain,True
77,selection|ibm-granite/granite-3.3-8b-instruct|b,delta_pp:1,1.6671,3.0346,-0.7091,4.5364,0.8434,selection,1.8088,True,abstain,False
77,selection|microsoft/Phi-3.5-mini-instruct|b,delta_pp:1,4.7005,5.8175,0.7311,8.4886,0.8721,selection,2.3681,True,abstain,False
77,selection|Qwen/Qwen2.5-7B-Instruct|c,delta_pp:1,0.2241,1.2918,-1.5205,2.0334,0.7826,selection,-0.384,False,abstain,True
77,selection|allenai/OLMo-2-1124-7B-Instruct|c,delta_pp:1,3.7943,3.4852,1.2246,6.6666,0.7597,selection,1.2233,True,unsafe,True
77,selection|ibm-granite/granite-3.3-8b-instruct|c,delta_pp:1,1.2568,2.0687,-0.832,4.0297,0.8513,selection,1.1876,True,abstain,False
77,selection|microsoft/Phi-3.5-mini-instruct|c,delta_pp:1,5.5826,6.3527,1.6453,10.1052,0.8527,selection,3.7391,True,unsafe,False
78,selection|Qwen/Qwen2.5-7B-Instruct|a,delta_pp:1,-0.3915,1.2779,-2.2022,1.4835,0.9225,selection,-0.401,False,abstain,False
78,selection|allenai/OLMo-2-1124-7B-Instruct|a,delta_pp:1,-4.1563,3.1646,-6.7741,-1.0023,0.8444,selection,-0.8898,False,unsafe,False
78,selection|ibm-granite/granite-3.3-8b-instruct|a,delta_pp:1,0.8153,2.655,-1.4535,3.3771,0.8906,selection,0.9105,False,abstain,False
78,selection|microsoft/Phi-3.5-mini-instruct|a,delta_pp:1,-0.1126,2.9231,-2.8048,2.5529,0.8845,selection,1.8188,True,abstain,False
78,selection|Qwen/Qwen2.5-7B-Instruct|b,delta_pp:1,-0.8275,0.7956,-2.1727,0.6484,0.9421,selection,-0.5102,False,abstain,False
78,selection|allenai/OLMo-2-1124-7B-Instruct|b,delta_pp:1,-0.2147,3.442,-3.3002,2.4629,0.8462,selection,0.3366,False,abstain,False
78,selection|ibm-granite/granite-3.3-8b-instruct|b,delta_pp:1,1.1411,2.3778,-1.4077,3.4892,0.8915,selection,1.8088,True,abstain,False
78,selection|microsoft/Phi-3.5-mini-instruct|b,delta_pp:1,3.5378,3.0245,0.3629,6.0556,0.9337,selection,2.3681,True,abstain,False
78,selection|Qwen/Qwen2.5-7B-Instruct|c,delta_pp:1,-0.4031,0.9673,-1.8725,1.4019,0.9242,selection,-0.384,False,abstain,False
78,selection|allenai/OLMo-2-1124-7B-Instruct|c,delta_pp:1,0.5507,3.3719,-2.6815,3.1729,0.8309,selection,1.2233,True,abstain,False
78,selection|ibm-granite/granite-3.3-8b-instruct|c,delta_pp:1,0.2159,1.5736,-1.5751,2.2984,0.9307,selection,1.1876,True,abstain,False
78,selection|microsoft/Phi-3.5-mini-instruct|c,delta_pp:1,4.3956,4.6792,0.6395,6.9822,0.9045,selection,3.7391,True,abstain,False
79,selection|Qwen/Qwen2.5-7B-Instruct|a,delta_pp:1,-0.5243,1.7588,-2.5361,1.6263,0.8064,selection,-0.401,False,abstain,False
79,selection|allenai/OLMo-2-1124-7B-Instruct|a,delta_pp:1,-2.1871,3.198,-5.0109,0.6773,0.8134,selection,-0.8898,False,abstain,False
79,selection|ibm-granite/granite-3.3-8b-instruct|a,delta_pp:1,0.6064,2.9583,-1.8506,3.5548,0.8594,selection,0.9105,False,abstain,False
79,selection|microsoft/Phi-3.5-mini-instruct|a,delta_pp:1,2.9027,3.7862,-0.1268,5.7706,0.8715,selection,1.8188,True,abstain,False
79,selection|Qwen/Qwen2.5-7B-Instruct|b,delta_pp:1,-0.5243,1.7588,-2.5361,1.6263,0.8064,selection,-0.5102,False,abstain,False
79,selection|allenai/OLMo-2-1124-7B-Instruct|b,delta_pp:1,1.3329,3.0097,-1.0057,4.2102,0.8377,selection,0.3366,False,abstain,False
79,selection|ibm-granite/granite-3.3-8b-instruct|b,delta_pp:1,3.3639,3.9664,0.3436,6.9698,0.8342,selection,1.8088,True,abstain,False
79,selection|microsoft/Phi-3.5-mini-instruct|b,delta_pp:1,4.2706,3.5983,1.6029,7.445,0.8611,selection,2.3681,True,unsafe,False
79,selection|Qwen/Qwen2.5-7B-Instruct|c,delta_pp:1,-0.5311,1.2873,-2.098,1.1567,0.8082,selection,-0.384,False,abstain,False
79,selection|allenai/OLMo-2-1124-7B-Instruct|c,delta_pp:1,0.1735,2.3249,-2.2936,2.302,0.7977,selection,1.2233,True,abstain,True
79,selection|ibm-granite/granite-3.3-8b-instruct|c,delta_pp:1,0.7667,2.3777,-1.5967,3.5744,0.8212,selection,1.1876,True,abstain,False
79,selection|microsoft/Phi-3.5-mini-instruct|c,delta_pp:1,5.1362,5.0113,1.6926,8.9936,0.8915,selection,3.7391,True,unsafe,False
80,selection|Qwen/Qwen2.5-7B-Instruct|a,delta_pp:1,0.6833,1.2767,-1.1206,2.3499,0.8334,selection,-0.401,False,abstain,False
80,selection|allenai/OLMo-2-1124-7B-Instruct|a,delta_pp:1,0.4499,3.9647,-2.8181,3.4199,0.7589,selection,-0.8898,False,abstain,True
80,selection|ibm-granite/granite-3.3-8b-instruct|a,delta_pp:1,1.3035,1.9216,-1.0695,3.2423,0.8777,selection,0.9105,False,abstain,False
80,selection|microsoft/Phi-3.5-mini-instruct|a,delta_pp:1,-0.5841,3.1005,-3.5927,2.4148,0.8318,selection,1.8188,True,abstain,False
80,selection|Qwen/Qwen2.5-7B-Instruct|b,delta_pp:1,1.2211,1.3684,-0.7932,3.0647,0.846,selection,-0.5102,False,abstain,False
80,selection|allenai/OLMo-2-1124-7B-Instruct|b,delta_pp:1,3.4617,4.2097,-0.3414,6.0114,0.8229,selection,0.3366,False,abstain,False
80,selection|ibm-granite/granite-3.3-8b-instruct|b,delta_pp:1,3.5358,2.2226,1.5139,5.952,0.8489,selection,1.8088,True,unsafe,False
80,selection|microsoft/Phi-3.5-mini-instruct|b,delta_pp:1,-0.0428,3.8339,-3.3053,3.121,0.8797,selection,2.3681,True,abstain,False
80,selection|Qwen/Qwen2.5-7B-Instruct|c,delta_pp:1,0.7771,1.1458,-0.9323,2.5518,0.8595,selection,-0.384,False,abstain,False
80,selection|allenai/OLMo-2-1124-7B-Instruct|c,delta_pp:1,1.5981,3.8925,-1.3529,5.1078,0.7769,selection,1.2233,True,abstain,True
80,selection|ibm-granite/granite-3.3-8b-instruct|c,delta_pp:1,1.5834,1.3139,-0.0597,3.3619,0.8451,selection,1.1876,True,abstain,False
80,selection|microsoft/Phi-3.5-mini-instruct|c,delta_pp:1,3.3988,5.7102,-0.4307,7.0754,0.8692,selection,3.7391,True,abstain,False
81,selection|Qwen/Qwen2.5-7B-Instruct|a,delta_pp:1,-2.9658,1.7995,-5.1539,-0.5632,0.8244,selection,-0.401,False,abstain,False
81,selection|allenai/OLMo-2-1124-7B-Instruct|a,delta_pp:1,-3.8229,4.9039,-7.377,0.1576,0.7583,selection,-0.8898,False,abstain,True
81,selection|ibm-granite/granite-3.3-8b-instruct|a,delta_pp:1,-0.7982,2.6628,-3.2324,1.9981,0.8942,selection,0.9105,False,abstain,False
81,selection|microsoft/Phi-3.5-mini-instruct|a,delta_pp:1,0.192,3.2662,-2.8667,3.0725,0.8477,selection,1.8188,True,abstain,False
81,selection|Qwen/Qwen2.5-7B-Instruct|b,delta_pp:1,-3.0548,2.0638,-5.2571,-0.5306,0.8363,selection,-0.5102,False,abstain,False
81,selection|allenai/OLMo-2-1124-7B-Instruct|b,delta_pp:1,2.7645,3.5158,-0.2084,6.1669,0.8561,selection,0.3366,False,abstain,False
81,selection|ibm-granite/granite-3.3-8b-instruct|b,delta_pp:1,-0.1479,2.759,-2.762,2.4688,0.896,selection,1.8088,True,abstain,False
81,selection|microsoft/Phi-3.5-mini-instruct|b,delta_pp:1,1.425,3.6141,-1.1696,4.8469,0.9047,selection,2.3681,True,abstain,False
81,selection|Qwen/Qwen2.5-7B-Instruct|c,delta_pp:1,-3.2734,1.974,-5.5328,-0.8565,0.8235,selection,-0.384,False,abstain,False
81,selection|allenai/OLMo-2-1124-7B-Instruct|c,delta_pp:1,1.3555,5.1473,-2.6321,4.7352,0.7756,selection,1.2233,True,abstain,True
81,selection|ibm-granite/granite-3.3-8b-instruct|c,delta_pp:1,0.6886,2.456,-1.3926,3.1582,0.8704,selection,1.1876,True,abstain,False
81,selection|microsoft/Phi-3.5-mini-instruct|c,delta_pp:1,1.1192,5.5671,-2.0981,4.894,0.9033,selection,3.7391,True,abstain,False
82,selection|Qwen/Qwen2.5-7B-Instruct|a,delta_pp:1,-0.1188,1.1858,-1.7276,1.623,0.8418,selection,-0.401,False,abstain,False
82,selection|allenai/OLMo-2-1124-7B-Instruct|a,delta_pp:1,-0.931,2.3779,-3.3183,1.5825,0.8679,selection,-0.8898,False,abstain,False
82,selection|ibm-granite/granite-3.3-8b-instruct|a,delta_pp:1,1.8077,1.6594,-0.1216,3.9675,0.9427,selection,0.9105,False,abstain,False
82,selection|microsoft/Phi-3.5-mini-instruct|a,delta_pp:1,3.6491,3.1682,1.074,6.3489,0.8253,selection,1.8188,True,unsafe,False
82,selection|Qwen/Qwen2.5-7B-Instruct|b,delta_pp:1,-0.1062,1.3487,-1.8739,1.8242,0.84,selection,-0.5102,False,abstain,False
82,selection|allenai/OLMo-2-1124-7B-Instruct|b,delta_pp:1,0.0583,2.4894,-3.0863,2.2938,0.8227,selection,0.3366,False,abstain,False
82,selection|ibm-granite/granite-3.3-8b-instruct|b,delta_pp:1,1.483,2.4179,-0.8521,4.1101,0.8957,selection,1.8088,True,abstain,False
82,selection|microsoft/Phi-3.5-mini-instruct|b,delta_pp:1,4.8744,4.6854,1.3291,8.6137,0.8801,selection,2.3681,True,unsafe,False
82,selection|Qwen/Qwen2.5-7B-Instruct|c,delta_pp:1,0.6691,1.2618,-0.966,2.4709,0.8192,selection,-0.384,False,abstain,False
82,selection|allenai/OLMo-2-1124-7B-Instruct|c,delta_pp:1,1.1595,3.4397,-1.574,4.1471,0.7566,selection,1.2233,True,abstain,True
82,selection|ibm-granite/granite-3.3-8b-instruct|c,delta_pp:1,1.8963,1.3645,-0.1011,3.7665,0.8383,selection,1.1876,True,abstain,False
82,selection|microsoft/Phi-3.5-mini-instruct|c,delta_pp:1,6.7161,6.0,3.0963,10.4834,0.9115,selection,3.7391,True,unsafe,False
83,selection|Qwen/Qwen2.5-7B-Instruct|a,delta_pp:1,1.3517,1.2762,-0.4688,3.2206,0.8122,selection,-0.401,False,abstain,False
83,selection|allenai/OLMo-2-1124-7B-Instruct|a,delta_pp:1,0.3355,4.5256,-2.3162,4.9579,0.8163,selection,-0.8898,False,abstain,False
83,selection|ibm-granite/granite-3.3-8b-instruct|a,delta_pp:1,2.0984,3.2346,-0.5906,5.6319,0.8357,selection,0.9105,False,abstain,False
83,selection|microsoft/Phi-3.5-mini-instruct|a,delta_pp:1,4.6313,4.4908,1.1001,7.8732,0.8136,selection,1.8188,True,unsafe,False
83,selection|Qwen/Qwen2.5-7B-Instruct|b,delta_pp:1,0.6885,1.3373,-1.3725,2.3904,0.8122,selection,-0.5102,False,abstain,False
83,selection|allenai/OLMo-2-1124-7B-Instruct|b,delta_pp:1,1.6543,5.9332,-2.5423,5.1739,0.8504,selection,0.3366,False,abstain,False
83,selection|ibm-granite/granite-3.3-8b-instruct|b,delta_pp:1,3.4249,2.5875,0.9208,6.2255,0.8357,selection,1.8088,True,abstain,False
83,selection|microsoft/Phi-3.5-mini-instruct|b,delta_pp:1,2.7636,4.8626,-0.6656,6.6536,0.8355,selection,2.3681,True,abstain,False
83,selection|Qwen/Qwen2.5-7B-Instruct|c,delta_pp:1,1.4144,1.3135,-0.7635,3.181,0.8377,selection,-0.384,False,abstain,False
83,selection|allenai/OLMo-2-1124-7B-Instruct|c,delta_pp:1,2.9854,5.2438,-0.4367,6.8235,0.7873,selection,1.2233,True,abstain,True
83,selection|ibm-granite/granite-3.3-8b-instruct|c,delta_pp:1,3.1384,2.1301,1.2984,6.0293,0.8314,selection,1.1876,True,unsafe,False
83,selection|microsoft/Phi-3.5-mini-instruct|c,delta_pp:1,6.6122,5.8934,2.7053,10.3143,0.8186,selection,3.7391,True,unsafe,False
84,selection|Qwen/Qwen2.5-7B-Instruct|a,delta_pp:1,0.1502,1.8141,-1.9961,2.3128,0.844,selection,-0.401,False,abstain,False
84,selection|allenai/OLMo-2-1124-7B-Instruct|a,delta_pp:1,2.4333,4.409,-0.4253,5.7094,0.7623,selection,-0.8898,False,abstain,True
84,selection|ibm-granite/granite-3.3-8b-instruct|a,delta_pp:1,1.9078,2.7448,-0.8328,4.8783,0.8344,selection,0.9105,False,abstain,False
84,selection|microsoft/Phi-3.5-mini-instruct|a,delta_pp:1,1.7065,3.7291,-1.5756,5.0971,0.771,selection,1.8188,True,abstain,True
84,selection|Qwen/Qwen2.5-7B-Instruct|b,delta_pp:1,0.2915,1.9243,-1.7219,2.5993,0.8246,selection,-0.5102,False,abstain,False
84,selection|allenai/OLMo-2-1124-7B-Instruct|b,delta_pp:1,1.6033,4.2104,-1.1002,5.4353,0.7851,selection,0.3366,False,abstain,True
84,selection|ibm-granite/granite-3.3-8b-instruct|b,delta_pp:1,1.9332,3.233,-1.0371,5.1272,0.8309,selection,1.8088,True,abstain,False
84,selection|microsoft/Phi-3.5-mini-instruct|b,delta_pp:1,4.5039,5.0671,1.1268,8.0478,0.7967,selection,2.3681,True,unsafe,True
84,selection|Qwen/Qwen2.5-7B-Instruct|c,delta_pp:1,1.2121,1.7919,-0.6454,3.9101,0.7893,selection,-0.384,False,abstain,True
84,selection|allenai/OLMo-2-1124-7B-Instruct|c,delta_pp:1,3.2425,3.4282,0.0934,6.9007,0.7878,selection,1.2233,True,abstain,True
84,selection|ibm-granite/granite-3.3-8b-instruct|c,delta_pp:1,1.7538,2.2502,-0.4322,4.4053,0.8555,selection,1.1876,True,abstain,False
84,selection|microsoft/Phi-3.5-mini-instruct|c,delta_pp:1,6.6379,5.8798,3.0083,10.6208,0.8224,selection,3.7391,True,unsafe,False
85,selection|Qwen/Qwen2.5-7B-Instruct|a,delta_pp:1,-0.5866,1.4854,-2.4137,1.2402,0.8831,selection,-0.401,False,abstain,False
85,selection|allenai/OLMo-2-1124-7B-Instruct|a,delta_pp:1,0.3772,4.6317,-3.1652,3.6399,0.8503,selection,-0.8898,False,abstain,False
85,selection|ibm-granite/granite-3.3-8b-instruct|a,delta_pp:1,2.6898,1.8635,0.737,4.8251,0.9256,selection,0.9105,False,abstain,False
85,selection|microsoft/Phi-3.5-mini-instruct|a,delta_pp:1,2.5237,3.8731,-0.6015,5.7018,0.9104,selection,1.8188,True,abstain,False
85,selection|Qwen/Qwen2.5-7B-Instruct|b,delta_pp:1,-0.136,1.4022,-2.0103,1.62,0.9075,selection,-0.5102,False,abstain,False
85,selection|allenai/OLMo-2-1124-7B-Instruct|b,delta_pp:1,0.8411,4.3098,-2.4835,4.64,0.8711,selection,0.3366,False,abstain,False
85,selection|ibm-granite/granite-3.3-8b-instruct|b,delta_pp:1,4.1086,2.6989,1.7565,7.1161,0.9149,selection,1.8088,True,unsafe,False
85,selection|microsoft/Phi-3.5-mini-instruct|b,delta_pp:1,2.3878,4.6668,-1.3292,5.6939,0.9258,selection,2.3681,True,abstain,False
85,selection|Qwen/Qwen2.5-7B-Instruct|c,delta_pp:1,-0.136,1.4103,-1.9546,1.7545,0.9075,selection,-0.384,False,abstain,False
85,selection|allenai/OLMo-2-1124-7B-Instruct|c,delta_pp:1,2.7414,4.8193,-0.7206,6.0862,0.8435,selection,1.2233,True,abstain,False
85,selection|ibm-granite/granite-3.3-8b-instruct|c,delta_pp:1,3.3405,1.9177,0.6388,5.4494,0.889,selection,1.1876,True,abstain,False
85,selection|microsoft/Phi-3.5-mini-instruct|c,delta_pp:1,3.8527,7.8332,-0.9927,8.866,0.9097,selection,3.7391,True,abstain,False
86,selection|Qwen/Qwen2.5-7B-Instruct|a,delta_pp:1,-1.1652,1.8799,-3.3705,0.829,0.8492,selection,-0.401,False,abstain,False
86,selection|allenai/OLMo-2-1124-7B-Instruct|a,delta_pp:1,-4.9863,6.0166,-8.9946,-1.4398,0.7879,selection,-0.8898,False,unsafe,True
86,selection|ibm-granite/granite-3.3-8b-instruct|a,delta_pp:1,0.3726,3.2424,-2.2377,3.4683,0.868,selection,0.9105,False,abstain,False
86,selection|microsoft/Phi-3.5-mini-instruct|a,delta_pp:1,0.49,5.4774,-3.157,3.7793,0.8967,selection,1.8188,True,abstain,False
86,selection|Qwen/Qwen2.5-7B-Instruct|b,delta_pp:1,-1.1652,1.5968,-3.4901,0.5161,0.8492,selection,-0.5102,False,abstain,False
86,selection|allenai/OLMo-2-1124-7B-Instruct|b,delta_pp:1,-2.6182,6.4625,-6.4415,1.3017,0.8263,selection,0.3366,False,abstain,False
86,selection|ibm-granite/granite-3.3-8b-instruct|b,delta_pp:1,-0.5757,3.7738,-3.3156,2.6743,0.9064,selection,1.8088,True,abstain,False
86,selection|microsoft/Phi-3.5-mini-instruct|b,delta_pp:1,-0.7519,5.6907,-4.5942,2.8215,0.8879,selection,2.3681,True,abstain,False
86,selection|Qwen/Qwen2.5-7B-Instruct|c,delta_pp:1,-1.9203,1.3467,-3.7717,-0.1708,0.8643,selection,-0.384,False,abstain,False
86,selection|allenai/OLMo-2-1124-7B-Instruct|c,delta_pp:1,-1.3779,4.9796,-4.8289,1.5998,0.7905,selection,1.2233,True,abstain,True
86,selection|ibm-granite/granite-3.3-8b-instruct|c,delta_pp:1,1.7911,3.2889,-0.7915,4.4244,0.8528,selection,1.1876,True,abstain,False
86,selection|microsoft/Phi-3.5-mini-instruct|c,delta_pp:1,-1.7625,6.483,-6.3072,1.8838,0.8898,selection,3.7391,True,abstain,False
87,selection|Qwen/Qwen2.5-7B-Instruct|a,delta_pp:1,-0.7707,0.788,-2.1207,0.8911,0.8299,selection,-0.401,False,abstain,False
87,selection|allenai/OLMo-2-1124-7B-Instruct|a,delta_pp:1,0.0991,4.9681,-4.0034,3.4624,0.7986,selection,-0.8898,False,abstain,True
87,selection|ibm-granite/granite-3.3-8b-instruct|a,delta_pp:1,1.4334,2.0642,-0.8363,3.5715,0.9028,selection,0.9105,False,abstain,False
87,selection|microsoft/Phi-3.5-mini-instruct|a,delta_pp:1,5.1456,4.1853,1.8416,8.1103,0.888,selection,1.8188,True,unsafe,False
87,selection|Qwen/Qwen2.5-7B-Instruct|b,delta_pp:1,-1.0966,0.8483,-2.4322,0.6607,0.829,selection,-0.5102,False,abstain,False
87,selection|allenai/OLMo-2-1124-7B-Instruct|b,delta_pp:1,0.9333,5.4807,-3.0065,5.0104,0.8229,selection,0.3366,False,abstain,False
87,selection|ibm-granite/granite-3.3-8b-instruct|b,delta_pp:1,2.6543,2.7141,0.3377,5.3006,0.8585,selection,1.8088,True,abstain,False
87,selection|microsoft/Phi-3.5-mini-instruct|b,delta_pp:1,3.9945,4.9891,0.2198,7.1471,0.9167,selection,2.3681,True,abstain,False
87,selection|Qwen/Qwen2.5-7B-Instruct|c,delta_pp:1,-1.3019,0.7153,-2.4636,0.2864,0.8099,selection,-0.384,False,abstain,False
87,selection|allenai/OLMo-2-1124-7B-Instruct|c,delta_pp:1,3.3697,2.97,0.6737,6.12,0.8056,selection,1.2233,True,abstain,False
87,selection|ibm-granite/granite-3.3-8b-instruct|c,delta_pp:1,-0.7478,1.3862,-2.5321,1.2295,0.8264,selection,1.1876,True,abstain,False
87,selection|microsoft/Phi-3.5-mini-instruct|c,delta_pp:1,6.4146,7.2137,1.4782,10.8643,0.8967,selection,3.7391,True,unsafe,False
88,selection|Qwen/Qwen2.5-7B-Instruct|a,delta_pp:1,1.1583,1.155,-0.1931,3.132,0.8803,selection,-0.401,False,abstain,False
88,selection|allenai/OLMo-2-1124-7B-Instruct|a,delta_pp:1,2.6408,2.5096,0.1512,5.2653,0.8069,selection,-0.8898,False,abstain,False
88,selection|ibm-granite/granite-3.3-8b-instruct|a,delta_pp:1,2.491,2.8765,0.1525,5.5483,0.8882,selection,0.9105,False,abstain,False
88,selection|microsoft/Phi-3.5-mini-instruct|a,delta_pp:1,3.8797,4.5539,0.2811,7.3892,0.82,selection,1.8188,True,abstain,False
88,selection|Qwen/Qwen2.5-7B-Instruct|b,delta_pp:1,0.3098,1.386,-0.9727,2.6657,0.917,selection,-0.5102,False,abstain,False
88,selection|allenai/OLMo-2-1124-7B-Instruct|b,delta_pp:1,0.9303,3.7131,-2.9365,3.7799,0.8192,selection,0.3366,False,abstain,False
88,selection|ibm-granite/granite-3.3-8b-instruct|b,delta_pp:1,2.0199,2.2751,0.1347,4.6714,0.9091,selection,1.8088,True,abstain,False
88,selection|microsoft/Phi-3.5-mini-instruct|b,delta_pp:1,2.2095,5.4722,-1.0429,6.3574,0.8716,selection,2.3681,True,abstain,False
88,selection|Qwen/Qwen2.5-7B-Instruct|c,delta_pp:1,0.432,1.292,-1.0921,2.8827,0.8986,selection,-0.384,False,abstain,False
88,selection|allenai/OLMo-2-1124-7B-Instruct|c,delta_pp:1,4.1871,3.5626,1.0778,7.2978,0.7649,selection,1.2233,True,unsafe,True
88,selection|ibm-granite/granite-3.3-8b-instruct|c,delta_pp:1,2.3339,1.7736,0.3576,4.9725,0.8575,selection,1.1876,True,abstain,False
88,selection|microsoft/Phi-3.5-mini-instruct|c,delta_pp:1,2.4584,6.9899,-1.8854,6.8704,0.8341,selection,3.7391,True,abstain,False
89,selection|Qwen/Qwen2.5-7B-Instruct|a,delta_pp:1,-0.5887,1.1382,-2.5402,0.8979,0.8818,selection,-0.401,False,abstain,False
89,selection|allenai/OLMo-2-1124-7B-Instruct|a,delta_pp:1,-1.8894,3.4183,-4.4436,1.6419,0.7631,selection,-0.8898,False,abstain,True
89,selection|ibm-granite/granite-3.3-8b-instruct|a,delta_pp:1,0.8134,1.8858,-1.5349,2.95,0.873,selection,0.9105,False,abstain,False
89,selection|microsoft/Phi-3.5-mini-instruct|a,delta_pp:1,1.6254,2.8249,-1.5856,3.8926,0.8974,selection,1.8188,True,abstain,False
89,selection|Qwen/Qwen2.5-7B-Instruct|b,delta_pp:1,-0.3113,0.9647,-1.9268,0.9552,0.8496,selection,-0.5102,False,abstain,False
89,selection|allenai/OLMo-2-1124-7B-Instruct|b,delta_pp:1,0.5899,4.116,-2.5782,3.5315,0.825,selection,0.3366,False,abstain,False
89,selection|ibm-granite/granite-3.3-8b-instruct|b,delta_pp:1,1.9042,2.1719,-0.5216,4.0424,0.9035,selection,1.8088,True,abstain,False
89,selection|microsoft/Phi-3.5-mini-instruct|b,delta_pp:1,1.1953,3.5692,-1.965,3.988,0.8733,selection,2.3681,True,abstain,False
89,selection|Qwen/Qwen2.5-7B-Instruct|c,delta_pp:1,-0.6505,0.9599,-2.3445,0.6832,0.8504,selection,-0.384,False,abstain,False
89,selection|allenai/OLMo-2-1124-7B-Instruct|c,delta_pp:1,2.8004,3.1134,-0.1156,6.338,0.7962,selection,1.2233,True,abstain,True
89,selection|ibm-granite/granite-3.3-8b-instruct|c,delta_pp:1,1.2119,1.8242,-0.9374,3.4797,0.8622,selection,1.1876,True,abstain,False
89,selection|microsoft/Phi-3.5-mini-instruct|c,delta_pp:1,3.6035,5.5062,-0.5766,6.795,0.8602,selection,3.7391,True,abstain,False
90,selection|Qwen/Qwen2.5-7B-Instruct|a,delta_pp:1,-1.0763,1.3609,-2.9256,0.8342,0.7585,selection,-0.401,False,abstain,True
90,selection|allenai/OLMo-2-1124-7B-Instruct|a,delta_pp:1,-0.4993,4.6137,-4.0748,2.8523,0.6611,selection,-0.8898,False,abstain,True
90,selection|ibm-granite/granite-3.3-8b-instruct|a,delta_pp:1,1.7762,2.888,-0.855,4.5576,0.8197,selection,0.9105,False,abstain,False
90,selection|microsoft/Phi-3.5-mini-instruct|a,delta_pp:1,0.0939,4.2034,-3.7168,2.9112,0.7988,selection,1.8188,True,abstain,True
90,selection|Qwen/Qwen2.5-7B-Instruct|b,delta_pp:1,-0.3897,1.5927,-2.3458,1.2752,0.7568,selection,-0.5102,False,abstain,True
90,selection|allenai/OLMo-2-1124-7B-Instruct|b,delta_pp:1,-0.2915,5.0794,-3.0685,4.2962,0.6758,selection,0.3366,False,abstain,True
90,selection|ibm-granite/granite-3.3-8b-instruct|b,delta_pp:1,0.117,2.5236,-2.1168,3.0137,0.8223,selection,1.8088,True,abstain,False
90,selection|microsoft/Phi-3.5-mini-instruct|b,delta_pp:1,-0.9357,4.4468,-5.3667,2.1893,0.7761,selection,2.3681,True,abstain,True
90,selection|Qwen/Qwen2.5-7B-Instruct|c,delta_pp:1,-0.8962,1.2621,-2.6536,1.1251,0.7447,selection,-0.384,False,abstain,True
90,selection|allenai/OLMo-2-1124-7B-Instruct|c,delta_pp:1,0.3441,4.3339,-2.7039,3.7376,0.6473,selection,1.2233,True,abstain,True
90,selection|ibm-granite/granite-3.3-8b-instruct|c,delta_pp:1,-0.8664,2.0615,-2.9934,1.6446,0.7679,selection,1.1876,True,abstain,True
90,selection|microsoft/Phi-3.5-mini-instruct|c,delta_pp:1,1.6605,5.2594,-2.0547,5.1989,0.8061,selection,3.7391,True,abstain,False
91,selection|Qwen/Qwen2.5-7B-Instruct|a,delta_pp:1,-1.5342,1.4486,-3.3566,0.5255,0.8523,selection,-0.401,False,abstain,False
91,selection|allenai/OLMo-2-1124-7B-Instruct|a,delta_pp:1,-3.0134,2.9013,-5.4948,-0.1216,0.8,selection,-0.8898,False,abstain,True
91,selection|ibm-granite/granite-3.3-8b-instruct|a,delta_pp:1,-1.5625,1.966,-3.758,0.6095,0.8583,selection,0.9105,False,abstain,False
91,selection|microsoft/Phi-3.5-mini-instruct|a,delta_pp:1,-0.3232,3.1358,-3.2867,2.4607,0.8677,selection,1.8188,True,abstain,False
91,selection|Qwen/Qwen2.5-7B-Instruct|b,delta_pp:1,-3.0318,1.7018,-4.8984,-0.6848,0.8349,selection,-0.5102,False,abstain,False
91,selection|allenai/OLMo-2-1124-7B-Instruct|b,delta_pp:1,-4.9707,3.4958,-7.7572,-1.8788,0.7964,selection,0.3366,False,unsafe,True
91,selection|ibm-granite/granite-3.3-8b-instruct|b,delta_pp:1,-0.1746,2.2855,-2.5584,1.9912,0.8904,selection,1.8088,True,abstain,False
91,selection|microsoft/Phi-3.5-mini-instruct|b,delta_pp:1,1.6445,4.1147,-1.94,5.3723,0.8702,selection,2.3681,True,abstain,False
91,selection|Qwen/Qwen2.5-7B-Instruct|c,delta_pp:1,-1.4143,1.283,-3.2981,0.8071,0.8393,selection,-0.384,False,abstain,False
91,selection|allenai/OLMo-2-1124-7B-Instruct|c,delta_pp:1,-0.7961,3.3988,-3.638,2.3463,0.7366,selection,1.2233,True,abstain,True
91,selection|ibm-granite/granite-3.3-8b-instruct|c,delta_pp:1,-0.6246,1.6194,-2.6995,1.4776,0.8644,selection,1.1876,True,abstain,False
91,selection|microsoft/Phi-3.5-mini-instruct|c,delta_pp:1,1.435,6.1957,-2.3431,5.6532,0.857,selection,3.7391,True,abstain,False
92,selection|Qwen/Qwen2.5-7B-Instruct|a,delta_pp:1,0.6878,0.7629,-0.7239,2.064,0.7482,selection,-0.401,False,abstain,True
92,selection|allenai/OLMo-2-1124-7B-Instruct|a,delta_pp:1,-1.9405,3.1318,-4.5731,0.959,0.7123,selection,-0.8898,False,abstain,True
92,selection|ibm-granite/granite-3.3-8b-instruct|a,delta_pp:1,2.7254,2.3083,0.5988,5.1996,0.812,selection,0.9105,False,abstain,False
92,selection|microsoft/Phi-3.5-mini-instruct|a,delta_pp:1,5.049,3.0322,2.7235,8.313,0.8144,selection,1.8188,True,unsafe,False
92,selection|Qwen/Qwen2.5-7B-Instruct|b,delta_pp:1,1.5225,0.8183,0.1457,3.003,0.7629,selection,-0.5102,False,abstain,True
92,selection|allenai/OLMo-2-1124-7B-Instruct|b,delta_pp:1,1.0448,4.4096,-1.8656,4.5819,0.7097,selection,0.3366,False,abstain,True
92,selection|ibm-granite/granite-3.3-8b-instruct|b,delta_pp:1,3.6004,2.844,1.0025,6.5682,0.825,selection,1.8088,True,unsafe,False
92,selection|microsoft/Phi-3.5-mini-instruct|b,delta_pp:1,6.8317,3.9946,4.0518,9.939,0.8367,selection,2.3681,True,unsafe,False
92,selection|Qwen/Qwen2.5-7B-Instruct|c,delta_pp:1,1.5225,0.7893,-0.0172,3.1161,0.7629,selection,-0.384,False,abstain,True
92,selection|allenai/OLMo-2-1124-7B-Instruct|c,delta_pp:1,3.0571,2.0884,0.7968,5.1582,0.7047,selection,1.2233,True,abstain,True
92,selection|ibm-granite/granite-3.3-8b-instruct|c,delta_pp:1,3.1443,1.6521,1.1579,5.28,0.8026,selection,1.1876,True,unsafe,False
92,selection|microsoft/Phi-3.5-mini-instruct|c,delta_pp:1,9.343,6.491,6.5028,13.4278,0.852,selection,3.7391,True,unsafe,False
93,selection|Qwen/Qwen2.5-7B-Instruct|a,delta_pp:1,-1.1636,1.1286,-2.752,0.4592,0.8483,selection,-0.401,False,abstain,False
93,selection|allenai/OLMo-2-1124-7B-Instruct|a,delta_pp:1,-3.3856,3.3885,-6.3379,-0.6698,0.8093,selection,-0.8898,False,abstain,False
93,selection|ibm-granite/granite-3.3-8b-instruct|a,delta_pp:1,1.467,3.2984,-1.4994,4.4739,0.8706,selection,0.9105,False,abstain,False
93,selection|microsoft/Phi-3.5-mini-instruct|a,delta_pp:1,1.4751,4.3089,-1.1259,5.2702,0.8494,selection,1.8188,True,abstain,False
93,selection|Qwen/Qwen2.5-7B-Instruct|b,delta_pp:1,-0.418,1.1309,-2.1564,1.1518,0.8605,selection,-0.5102,False,abstain,False
93,selection|allenai/OLMo-2-1124-7B-Instruct|b,delta_pp:1,-1.8418,2.9665,-4.7768,0.7702,0.8137,selection,0.3366,False,abstain,False
93,selection|ibm-granite/granite-3.3-8b-instruct|b,delta_pp:1,1.8996,3.0944,-0.6164,4.7799,0.8837,selection,1.8088,True,abstain,False
93,selection|microsoft/Phi-3.5-mini-instruct|b,delta_pp:1,4.0571,4.0655,1.4567,7.5451,0.8536,selection,2.3681,True,unsafe,False
93,selection|Qwen/Qwen2.5-7B-Instruct|c,delta_pp:1,1.0726,1.1319,-0.7549,2.6053,0.8492,selection,-0.384,False,abstain,False
93,selection|allenai/OLMo-2-1124-7B-Instruct|c,delta_pp:1,2.2824,3.9636,-0.6889,5.5939,0.7807,selection,1.2233,True,abstain,True
93,selection|ibm-granite/granite-3.3-8b-instruct|c,delta_pp:1,2.8965,2.3789,0.5447,5.2598,0.8646,selection,1.1876,True,abstain,False
93,selection|microsoft/Phi-3.5-mini-instruct|c,delta_pp:1,1.8748,4.2389,-1.5942,4.9782,0.8479,selection,3.7391,True,abstain,False
94,selection|Qwen/Qwen2.5-7B-Instruct|a,delta_pp:1,-1.1758,0.6154,-2.4111,0.2241,0.8715,selection,-0.401,False,abstain,False
94,selection|allenai/OLMo-2-1124-7B-Instruct|a,delta_pp:1,0.7075,3.7459,-2.3718,3.7506,0.787,selection,-0.8898,False,abstain,True
94,selection|ibm-granite/granite-3.3-8b-instruct|a,delta_pp:1,1.658,1.8401,-0.3169,3.8806,0.952,selection,0.9105,False,abstain,False
94,selection|microsoft/Phi-3.5-mini-instruct|a,delta_pp:1,5.8558,2.7838,2.973,8.4826,0.9285,selection,1.8188,True,unsafe,False
94,selection|Qwen/Qwen2.5-7B-Instruct|b,delta_pp:1,-0.5608,0.572,-1.7216,0.749,0.8732,selection,-0.5102,False,abstain,False
94,selection|allenai/OLMo-2-1124-7B-Instruct|b,delta_pp:1,1.397,3.1998,-2.0545,3.6395,0.8477,selection,0.3366,False,abstain,False
94,selection|ibm-granite/granite-3.3-8b-instruct|b,delta_pp:1,2.3027,2.3717,0.2009,5.1216,0.8878,selection,1.8088,True,abstain,False
94,selection|microsoft/Phi-3.5-mini-instruct|b,delta_pp:1,4.4918,4.6215,1.1249,8.1641,0.9005,selection,2.3681,True,unsafe,False
94,selection|Qwen/Qwen2.5-7B-Instruct|c,delta_pp:1,-0.0708,0.4605,-0.9771,1.1173,0.8897,selection,-0.384,False,abstain,False
94,selection|allenai/OLMo-2-1124-7B-Instruct|c,delta_pp:1,4.0687,4.5859,0.7682,7.1987,0.7799,selection,1.2233,True,abstain,True
94,selection|ibm-granite/granite-3.3-8b-instruct|c,delta_pp:1,1.5573,1.8223,-0.1395,4.119,0.8323,selection,1.1876,True,abstain,False
94,selection|microsoft/Phi-3.5-mini-instruct|c,delta_pp:1,7.3311,5.8651,4.0653,11.9231,0.8829,selection,3.7391,True,unsafe,False
95,selection|Qwen/Qwen2.5-7B-Instruct|a,delta_pp:1,-0.5868,1.0558,-2.5997,0.8585,0.8977,selection,-0.401,False,abstain,False
95,selection|allenai/OLMo-2-1124-7B-Instruct|a,delta_pp:1,-1.548,4.2547,-4.0175,1.987,0.7973,selection,-0.8898,False,abstain,True
95,selection|ibm-granite/granite-3.3-8b-instruct|a,delta_pp:1,0.5596,1.713,-1.1618,2.7637,0.9292,selection,0.9105,False,abstain,False
95,selection|microsoft/Phi-3.5-mini-instruct|a,delta_pp:1,1.8441,2.583,-0.3043,4.7089,0.8812,selection,1.8188,True,abstain,False
95,selection|Qwen/Qwen2.5-7B-Instruct|b,delta_pp:1,-1.5579,0.8876,-3.2294,0.0039,0.8986,selection,-0.5102,False,abstain,False
95,selection|allenai/OLMo-2-1124-7B-Instruct|b,delta_pp:1,0.8377,3.4048,-1.617,4.1367,0.8375,selection,0.3366,False,abstain,False
95,selection|ibm-granite/granite-3.3-8b-instruct|b,delta_pp:1,1.4026,2.8781,-1.2331,3.8846,0.9022,selection,1.8088,True,abstain,False
95,selection|microsoft/Phi-3.5-mini-instruct|b,delta_pp:1,1.4602,4.7296,-1.8253,5.1541,0.8935,selection,2.3681,True,abstain,False
95,selection|Qwen/Qwen2.5-7B-Instruct|c,delta_pp:1,-1.1279,0.8624,-2.9216,0.1201,0.8794,selection,-0.384,False,abstain,False
95,selection|allenai/OLMo-2-1124-7B-Instruct|c,delta_pp:1,0.4534,3.9482,-2.6639,3.6902,0.7956,selection,1.2233,True,abstain,True
95,selection|ibm-granite/granite-3.3-8b-instruct|c,delta_pp:1,0.8739,1.2155,-0.6128,2.9696,0.9319,selection,1.1876,True,abstain,False
95,selection|microsoft/Phi-3.5-mini-instruct|c,delta_pp:1,1.8716,6.647,-2.064,5.8867,0.8769,selection,3.7391,True,abstain,False
96,selection|Qwen/Qwen2.5-7B-Instruct|a,delta_pp:1,-2.0586,1.1428,-3.5124,-0.4087,0.8957,selection,-0.401,False,abstain,False
96,selection|allenai/OLMo-2-1124-7B-Instruct|a,delta_pp:1,-0.0075,3.7185,-3.6099,2.6248,0.844,selection,-0.8898,False,abstain,False
96,selection|ibm-granite/granite-3.3-8b-instruct|a,delta_pp:1,-0.2218,1.6815,-2.4837,1.8512,0.9146,selection,0.9105,False,abstain,False
96,selection|microsoft/Phi-3.5-mini-instruct|a,delta_pp:1,0.9692,3.3295,-1.5252,3.8968,0.8901,selection,1.8188,True,abstain,False
96,selection|Qwen/Qwen2.5-7B-Instruct|b,delta_pp:1,-3.357,1.4706,-5.1516,-1.3136,0.8921,selection,-0.5102,False,unsafe,False
96,selection|allenai/OLMo-2-1124-7B-Instruct|b,delta_pp:1,1.948,4.8553,-2.1702,4.76,0.8481,selection,0.3366,False,abstain,False
96,selection|ibm-granite/granite-3.3-8b-instruct|b,delta_pp:1,-0.089,1.5871,-2.2531,1.9189,0.898,selection,1.8088,True,abstain,False
96,selection|microsoft/Phi-3.5-mini-instruct|b,delta_pp:1,-0.7163,4.4892,-3.7725,2.9413,0.8933,selection,2.3681,True,abstain,False
96,selection|Qwen/Qwen2.5-7B-Instruct|c,delta_pp:1,-2.0727,1.2048,-3.8762,-0.382,0.8975,selection,-0.384,False,abstain,False
96,selection|allenai/OLMo-2-1124-7B-Instruct|c,delta_pp:1,2.1994,4.4086,-1.1789,5.4138,0.8144,selection,1.2233,True,abstain,False
96,selection|ibm-granite/granite-3.3-8b-instruct|c,delta_pp:1,-1.4437,2.692,-4.0618,1.2143,0.9016,selection,1.1876,True,abstain,False
96,selection|microsoft/Phi-3.5-mini-instruct|c,delta_pp:1,-1.6649,5.6326,-5.3109,2.5189,0.846,selection,3.7391,True,abstain,False
97,selection|Qwen/Qwen2.5-7B-Instruct|a,delta_pp:1,0.7116,0.9812,-0.7425,2.3395,0.8484,selection,-0.401,False,abstain,False
97,selection|allenai/OLMo-2-1124-7B-Instruct|a,delta_pp:1,4.7994,3.4642,2.4979,8.3356,0.8398,selection,-0.8898,False,unsafe,False
97,selection|ibm-granite/granite-3.3-8b-instruct|a,delta_pp:1,0.7783,1.9049,-1.1555,3.402,0.8017,selection,0.9105,False,abstain,False
97,selection|microsoft/Phi-3.5-mini-instruct|a,delta_pp:1,2.9383,3.1247,-0.0323,5.9473,0.8636,selection,1.8188,True,abstain,False
97,selection|Qwen/Qwen2.5-7B-Instruct|b,delta_pp:1,0.0483,1.0305,-1.485,1.8943,0.8484,selection,-0.5102,False,abstain,False
97,selection|allenai/OLMo-2-1124-7B-Instruct|b,delta_pp:1,5.0518,3.8245,2.015,8.5366,0.8063,selection,0.3366,False,unsafe,False
97,selection|ibm-granite/granite-3.3-8b-instruct|b,delta_pp:1,2.6143,2.2479,0.1679,4.9923,0.8159,selection,1.8088,True,abstain,False
97,selection|microsoft/Phi-3.5-mini-instruct|b,delta_pp:1,4.9732,3.9801,1.7912,8.1195,0.8583,selection,2.3681,True,unsafe,False
97,selection|Qwen/Qwen2.5-7B-Instruct|c,delta_pp:1,0.8286,0.8693,-0.5693,2.3987,0.8307,selection,-0.384,False,abstain,False
97,selection|allenai/OLMo-2-1124-7B-Instruct|c,delta_pp:1,3.1788,3.1245,-0.0221,6.0093,0.7886,selection,1.2233,True,abstain,True
97,selection|ibm-granite/granite-3.3-8b-instruct|c,delta_pp:1,0.1083,1.5379,-1.8192,2.1534,0.8414,selection,1.1876,True,abstain,False
97,selection|microsoft/Phi-3.5-mini-instruct|c,delta_pp:1,5.651,5.518,1.8188,8.7253,0.8568,selection,3.7391,True,unsafe,False
98,selection|Qwen/Qwen2.5-7B-Instruct|a,delta_pp:1,0.8859,0.6758,-0.5215,2.2186,0.9096,selection,-0.401,False,abstain,False
98,selection|allenai/OLMo-2-1124-7B-Instruct|a,delta_pp:1,0.4438,3.4219,-2.0976,3.5891,0.8444,selection,-0.8898,False,abstain,False
98,selection|ibm-granite/granite-3.3-8b-instruct|a,delta_pp:1,1.0059,1.3916,-0.8456,2.9885,0.9009,selection,0.9105,False,abstain,False
98,selection|microsoft/Phi-3.5-mini-instruct|a,delta_pp:1,3.337,2.2748,1.2315,5.9171,0.9392,selection,1.8188,True,unsafe,False
98,selection|Qwen/Qwen2.5-7B-Instruct|b,delta_pp:1,0.5766,1.2372,-1.2798,2.2769,0.907,selection,-0.5102,False,abstain,False
98,selection|allenai/OLMo-2-1124-7B-Instruct|b,delta_pp:1,5.5892,3.8207,2.5417,8.5953,0.8636,selection,0.3366,False,unsafe,False
98,selection|ibm-granite/granite-3.3-8b-instruct|b,delta_pp:1,3.334,2.3988,1.0914,5.9017,0.8948,selection,1.8088,True,unsafe,False
98,selection|microsoft/Phi-3.5-mini-instruct|b,delta_pp:1,4.1045,4.3999,0.5162,7.2262,0.9271,selection,2.3681,True,abstain,False
98,selection|Qwen/Qwen2.5-7B-Instruct|c,delta_pp:1,-0.3803,1.0636,-2.0358,1.0459,0.9078,selection,-0.384,False,abstain,False
98,selection|allenai/OLMo-2-1124-7B-Instruct|c,delta_pp:1,2.0947,2.505,-0.2284,4.7556,0.8453,selection,1.2233,True,abstain,False
98,selection|ibm-granite/granite-3.3-8b-instruct|c,delta_pp:1,1.4,1.4963,-0.562,3.5593,0.8826,selection,1.1876,True,abstain,False
98,selection|microsoft/Phi-3.5-mini-instruct|c,delta_pp:1,5.2112,5.3933,1.5822,8.4641,0.9141,selection,3.7391,True,unsafe,False
99,selection|Qwen/Qwen2.5-7B-Instruct|a,delta_pp:1,-0.6236,1.0502,-2.1327,1.081,0.8413,selection,-0.401,False,abstain,False
99,selection|allenai/OLMo-2-1124-7B-Instruct|a,delta_pp:1,3.0317,3.5414,0.0202,6.2992,0.834,selection,-0.8898,False,abstain,False
99,selection|ibm-granite/granite-3.3-8b-instruct|a,delta_pp:1,4.4965,1.903,2.5122,6.7328,0.8998,selection,0.9105,False,unsafe,False
99,selection|microsoft/Phi-3.5-mini-instruct|a,delta_pp:1,2.2716,2.2925,-0.5251,4.6587,0.8755,selection,1.8188,True,abstain,False
99,selection|Qwen/Qwen2.5-7B-Instruct|b,delta_pp:1,0.3092,0.8396,-0.9726,2.1334,0.8586,selection,-0.5102,False,abstain,False
99,selection|allenai/OLMo-2-1124-7B-Instruct|b,delta_pp:1,2.0056,3.4736,-0.596,5.0673,0.8565,selection,0.3366,False,abstain,False
99,selection|ibm-granite/granite-3.3-8b-instruct|b,delta_pp:1,4.8816,2.704,2.3277,7.8467,0.8937,selection,1.8088,True,unsafe,False
99,selection|microsoft/Phi-3.5-mini-instruct|b,delta_pp:1,3.3184,3.2098,0.797,6.7226,0.853,selection,2.3681,True,abstain,False
99,selection|Qwen/Qwen2.5-7B-Instruct|c,delta_pp:1,-0.3351,1.0302,-1.8269,1.4732,0.8422,selection,-0.384,False,abstain,False
99,selection|allenai/OLMo-2-1124-7B-Instruct|c,delta_pp:1,5.3066,3.8497,1.9658,8.3509,0.8367,selection,1.2233,True,unsafe,False
99,selection|ibm-granite/granite-3.3-8b-instruct|c,delta_pp:1,2.332,1.6178,0.2806,4.1712,0.8352,selection,1.1876,True,abstain,False
99,selection|microsoft/Phi-3.5-mini-instruct|c,delta_pp:1,8.1708,5.8724,4.1216,11.7967,0.9001,selection,3.7391,True,unsafe,False
100,selection|Qwen/Qwen2.5-7B-Instruct|a,delta_pp:1,-0.268,1.6626,-2.5346,1.766,0.8671,selection,-0.401,False,abstain,False
100,selection|allenai/OLMo-2-1124-7B-Instruct|a,delta_pp:1,-0.852,4.4612,-4.0993,2.588,0.7991,selection,-0.8898,False,abstain,True
100,selection|ibm-granite/granite-3.3-8b-instruct|a,delta_pp:1,1.4546,2.5721,-1.1897,3.7436,0.919,selection,0.9105,False,abstain,False
100,selection|microsoft/Phi-3.5-mini-instruct|a,delta_pp:1,2.3384,3.0935,-0.428,5.4604,0.8825,selection,1.8188,True,abstain,False
100,selection|Qwen/Qwen2.5-7B-Instruct|b,delta_pp:1,-1.2562,1.3976,-3.1709,0.649,0.8697,selection,-0.5102,False,abstain,False
100,selection|allenai/OLMo-2-1124-7B-Instruct|b,delta_pp:1,2.3925,4.7095,-1.9546,5.6973,0.8121,selection,0.3366,False,abstain,False
100,selection|ibm-granite/granite-3.3-8b-instruct|b,delta_pp:1,2.8205,2.8958,0.4708,5.6467,0.9155,selection,1.8088,True,abstain,False
100,selection|microsoft/Phi-3.5-mini-instruct|b,delta_pp:1,5.9564,4.183,2.873,9.0946,0.8875,selection,2.3681,True,unsafe,False
100,selection|Qwen/Qwen2.5-7B-Instruct|c,delta_pp:1,-0.3379,1.7697,-2.4459,1.6843,0.8836,selection,-0.384,False,abstain,False
100,selection|allenai/OLMo-2-1124-7B-Instruct|c,delta_pp:1,2.595,5.4298,-1.4987,6.2024,0.7678,selection,1.2233,True,abstain,True
100,selection|ibm-granite/granite-3.3-8b-instruct|c,delta_pp:1,0.344,1.6832,-1.6989,2.5679,0.8801,selection,1.1876,True,abstain,False
100,selection|microsoft/Phi-3.5-mini-instruct|c,delta_pp:1,6.216,5.8748,2.7985,9.7966,0.9038,selection,3.7391,True,unsafe,False
101,selection|Qwen/Qwen2.5-7B-Instruct|a,delta_pp:1,-0.9962,1.1072,-2.4882,0.9126,0.844,selection,-0.401,False,abstain,False
101,selection|allenai/OLMo-2-1124-7B-Instruct|a,delta_pp:1,-0.4468,3.9311,-4.1017,2.5898,0.8871,selection,-0.8898,False,abstain,False
101,selection|ibm-granite/granite-3.3-8b-instruct|a,delta_pp:1,1.2349,1.6207,-0.3454,3.7323,0.9629,selection,0.9105,False,abstain,False
101,selection|microsoft/Phi-3.5-mini-instruct|a,delta_pp:1,2.5999,2.9686,0.147,5.7147,0.8724,selection,1.8188,True,abstain,False
101,selection|Qwen/Qwen2.5-7B-Instruct|b,delta_pp:1,-1.3313,0.9036,-2.6308,0.4752,0.8448,selection,-0.5102,False,abstain,False
101,selection|allenai/OLMo-2-1124-7B-Instruct|b,delta_pp:1,1.5581,4.4324,-2.0599,5.2565,0.7862,selection,0.3366,False,abstain,True
101,selection|ibm-granite/granite-3.3-8b-instruct|b,delta_pp:1,2.5248,2.594,-0.1277,5.3065,0.8828,selection,1.8088,True,abstain,False
101,selection|microsoft/Phi-3.5-mini-instruct|b,delta_pp:1,4.2127,4.8042,0.8182,7.9929,0.9638,selection,2.3681,True,abstain,False
101,selection|Qwen/Qwen2.5-7B-Instruct|c,delta_pp:1,-0.668,0.8236,-1.9544,1.0949,0.8448,selection,-0.384,False,abstain,False
101,selection|allenai/OLMo-2-1124-7B-Instruct|c,delta_pp:1,4.1118,3.0632,1.5514,7.1364,0.819,selection,1.2233,True,unsafe,False
101,selection|ibm-granite/granite-3.3-8b-instruct|c,delta_pp:1,0.5075,1.3492,-0.8617,2.8006,0.8897,selection,1.1876,True,abstain,False
101,selection|microsoft/Phi-3.5-mini-instruct|c,delta_pp:1,5.2863,6.3296,2.0209,9.7727,0.944,selection,3.7391,True,unsafe,False
102,selection|Qwen/Qwen2.5-7B-Instruct|a,delta_pp:1,-0.6851,0.9905,-2.1126,0.9909,0.8602,selection,-0.401,False,abstain,False
102,selection|allenai/OLMo-2-1124-7B-Instruct|a,delta_pp:1,-1.3543,2.393,-3.6356,1.1236,0.8611,selection,-0.8898,False,abstain,False
102,selection|ibm-granite/granite-3.3-8b-instruct|a,delta_pp:1,-0.6317,1.0373,-2.2671,1.0758,0.9511,selection,0.9105,False,abstain,False
102,selection|microsoft/Phi-3.5-mini-instruct|a,delta_pp:1,3.4395,3.0966,0.2715,5.9674,0.8786,selection,1.8188,True,abstain,False
102,selection|Qwen/Qwen2.5-7B-Instruct|b,delta_pp:1,-1.3484,1.128,-3.1894,0.3375,0.8602,selection,-0.5102,False,abstain,False
102,selection|allenai/OLMo-2-1124-7B-Instruct|b,delta_pp:1,-1.1088,2.7551,-3.6995,1.7999,0.8375,selection,0.3366,False,abstain,False
102,selection|ibm-granite/granite-3.3-8b-instruct|b,delta_pp:1,0.787,2.3599,-1.6809,3.0854,0.9424,selection,1.8088,True,abstain,False
102,selection|microsoft/Phi-3.5-mini-instruct|b,delta_pp:1,2.5249,4.0424,-0.4531,6.1132,0.9031,selection,2.3681,True,abstain,False
102,selection|Qwen/Qwen2.5-7B-Instruct|c,delta_pp:1,-1.3484,0.9582,-2.9576,0.068,0.8602,selection,-0.384,False,abstain,False
102,selection|allenai/OLMo-2-1124-7B-Instruct|c,delta_pp:1,1.0896,3.7422,-2.1498,4.4622,0.8174,selection,1.2233,True,abstain,False
102,selection|ibm-granite/granite-3.3-8b-instruct|c,delta_pp:1,-0.2909,1.165,-1.8754,1.4754,0.9502,selection,1.1876,True,abstain,False
102,selection|microsoft/Phi-3.5-mini-instruct|c,delta_pp:1,5.1537,5.8492,1.4841,9.0222,0.9058,selection,3.7391,True,unsafe,False
103,selection|Qwen/Qwen2.5-7B-Instruct|a,delta_pp:1,1.2106,1.905,-1.0125,3.4367,0.8431,selection,-0.401,False,abstain,False
103,selection|allenai/OLMo-2-1124-7B-Instruct|a,delta_pp:1,0.3232,3.8383,-2.4948,3.8588,0.7869,selection,-0.8898,False,abstain,True
103,selection|ibm-granite/granite-3.3-8b-instruct|a,delta_pp:1,1.5426,3.6496,-1.1883,4.8423,0.8512,selection,0.9105,False,abstain,False
103,selection|microsoft/Phi-3.5-mini-instruct|a,delta_pp:1,3.3574,2.9045,0.5779,6.4119,0.8671,selection,1.8188,True,abstain,False
103,selection|Qwen/Qwen2.5-7B-Instruct|b,delta_pp:1,1.6773,1.7845,-0.5569,3.8102,0.8246,selection,-0.5102,False,abstain,False
103,selection|allenai/OLMo-2-1124-7B-Instruct|b,delta_pp:1,-2.6863,4.6642,-6.0844,1.238,0.8398,selection,0.3366,False,abstain,False
103,selection|ibm-granite/granite-3.3-8b-instruct|b,delta_pp:1,1.2558,3.8248,-1.7446,4.4053,0.8865,selection,1.8088,True,abstain,False
103,selection|microsoft/Phi-3.5-mini-instruct|b,delta_pp:1,1.8112,3.5696,-0.7954,4.9572,0.8557,selection,2.3681,True,abstain,False
103,selection|Qwen/Qwen2.5-7B-Instruct|c,delta_pp:1,1.0862,1.2656,-0.7399,2.8472,0.8643,selection,-0.384,False,abstain,False
103,selection|allenai/OLMo-2-1124-7B-Instruct|c,delta_pp:1,2.5097,4.6132,-0.8719,6.0274,0.8054,selection,1.2233,True,abstain,False
103,selection|ibm-granite/granite-3.3-8b-instruct|c,delta_pp:1,0.5896,2.1254,-1.6466,3.1564,0.8414,selection,1.1876,True,abstain,False
103,selection|microsoft/Phi-3.5-mini-instruct|c,delta_pp:1,2.9609,5.523,-0.9711,6.7355,0.884,selection,3.7391,True,abstain,False
104,selection|Qwen/Qwen2.5-7B-Instruct|a,delta_pp:1,0.042,0.4824,-1.1422,1.181,0.903,selection,-0.401,False,abstain,False
104,selection|allenai/OLMo-2-1124-7B-Instruct|a,delta_pp:1,-0.5766,4.1399,-3.5007,2.6714,0.8506,selection,-0.8898,False,abstain,False
104,selection|ibm-granite/granite-3.3-8b-instruct|a,delta_pp:1,0.548,1.1008,-0.699,2.5264,0.931,selection,0.9105,False,abstain,False
104,selection|microsoft/Phi-3.5-mini-instruct|a,delta_pp:1,1.4438,2.2207,-0.3634,3.7811,0.9004,selection,1.8188,True,abstain,False
104,selection|Qwen/Qwen2.5-7B-Instruct|b,delta_pp:1,-0.7139,0.3593,-1.7094,0.2662,0.9213,selection,-0.5102,False,abstain,False
104,selection|allenai/OLMo-2-1124-7B-Instruct|b,delta_pp:1,0.4999,2.8424,-2.2789,3.6502,0.7842,selection,0.3366,False,abstain,True
104,selection|ibm-granite/granite-3.3-8b-instruct|b,delta_pp:1,0.03,1.5476,-1.8187,2.6602,0.9091,selection,1.8088,True,abstain,False
104,selection|microsoft/Phi-3.5-mini-instruct|b,delta_pp:1,1.187,2.8091,-1.1044,4.2285,0.8891,selection,2.3681,True,abstain,False
104,selection|Qwen/Qwen2.5-7B-Instruct|c,delta_pp:1,-0.028,0.7763,-1.1918,1.6717,0.8636,selection,-0.384,False,abstain,False
104,selection|allenai/OLMo-2-1124-7B-Instruct|c,delta_pp:1,0.5698,3.4271,-2.8456,3.3283,0.8235,selection,1.2233,True,abstain,False
104,selection|ibm-granite/granite-3.3-8b-instruct|c,delta_pp:1,0.2514,1.1998,-1.1456,2.2247,0.8759,selection,1.1876,True,abstain,False
104,selection|microsoft/Phi-3.5-mini-instruct|c,delta_pp:1,3.9908,4.8366,1.137,8.1747,0.9162,selection,3.7391,True,unsafe,False
105,selection|Qwen/Qwen2.5-7B-Instruct|a,delta_pp:1,1.8351,1.1242,0.0914,3.4521,0.7393,selection,-0.401,False,abstain,True
105,selection|allenai/OLMo-2-1124-7B-Instruct|a,delta_pp:1,4.9419,3.6772,1.6859,7.9399,0.8214,selection,-0.8898,False,unsafe,False
105,selection|ibm-granite/granite-3.3-8b-instruct|a,delta_pp:1,4.2064,3.0046,1.6178,7.436,0.8373,selection,0.9105,False,unsafe,False
105,selection|microsoft/Phi-3.5-mini-instruct|a,delta_pp:1,6.6849,4.499,3.3454,10.1215,0.7766,selection,1.8188,True,unsafe,True
105,selection|Qwen/Qwen2.5-7B-Instruct|b,delta_pp:1,1.8351,1.0023,0.4412,3.458,0.7393,selection,-0.5102,False,abstain,True
105,selection|allenai/OLMo-2-1124-7B-Instruct|b,delta_pp:1,5.7944,3.3564,2.8637,8.754,0.7587,selection,0.3366,False,unsafe,True
105,selection|ibm-granite/granite-3.3-8b-instruct|b,delta_pp:1,4.7243,2.7489,2.0151,7.7344,0.7754,selection,1.8088,True,unsafe,True
105,selection|microsoft/Phi-3.5-mini-instruct|b,delta_pp:1,4.7846,4.073,1.0836,8.4956,0.8537,selection,2.3681,True,unsafe,False
105,selection|Qwen/Qwen2.5-7B-Instruct|c,delta_pp:1,1.7992,1.2719,0.1403,3.8563,0.7545,selection,-0.384,False,abstain,True
105,selection|allenai/OLMo-2-1124-7B-Instruct|c,delta_pp:1,6.1488,3.782,2.5545,8.983,0.7578,selection,1.2233,True,unsafe,True
105,selection|ibm-granite/granite-3.3-8b-instruct|c,delta_pp:1,3.169,2.3302,1.2209,6.0951,0.7475,selection,1.1876,True,unsafe,True
105,selection|microsoft/Phi-3.5-mini-instruct|c,delta_pp:1,9.2287,5.6004,5.1173,12.519,0.8048,selection,3.7391,True,unsafe,False
106,selection|Qwen/Qwen2.5-7B-Instruct|a,delta_pp:1,-0.4208,1.2561,-2.5313,1.2465,0.8321,selection,-0.401,False,abstain,False
106,selection|allenai/OLMo-2-1124-7B-Instruct|a,delta_pp:1,0.1905,3.0882,-2.5768,3.2855,0.7841,selection,-0.8898,False,abstain,True
106,selection|ibm-granite/granite-3.3-8b-instruct|a,delta_pp:1,4.0557,2.8035,1.5749,6.4597,0.8014,selection,0.9105,False,unsafe,False
106,selection|microsoft/Phi-3.5-mini-instruct|a,delta_pp:1,3.5377,4.0954,0.0536,6.5959,0.842,selection,1.8188,True,abstain,False
106,selection|Qwen/Qwen2.5-7B-Instruct|b,delta_pp:1,-1.6517,1.268,-3.6657,0.0748,0.8182,selection,-0.5102,False,abstain,False
106,selection|allenai/OLMo-2-1124-7B-Instruct|b,delta_pp:1,3.8998,3.9434,0.9265,7.2239,0.7761,selection,0.3366,False,abstain,True
106,selection|ibm-granite/granite-3.3-8b-instruct|b,delta_pp:1,1.9806,2.2832,-0.4918,4.106,0.8206,selection,1.8088,True,abstain,False
106,selection|microsoft/Phi-3.5-mini-instruct|b,delta_pp:1,4.6727,4.2754,1.2772,7.7469,0.88,selection,2.3681,True,unsafe,False
106,selection|Qwen/Qwen2.5-7B-Instruct|c,delta_pp:1,-1.3439,1.3666,-3.5477,0.3489,0.8191,selection,-0.384,False,abstain,False
106,selection|allenai/OLMo-2-1124-7B-Instruct|c,delta_pp:1,3.9163,4.2694,0.2759,6.6047,0.7026,selection,1.2233,True,abstain,True
106,selection|ibm-granite/granite-3.3-8b-instruct|c,delta_pp:1,2.4986,2.2268,0.3608,4.6065,0.78,selection,1.1876,True,abstain,True
106,selection|microsoft/Phi-3.5-mini-instruct|c,delta_pp:1,6.7653,7.0508,1.9658,11.0436,0.8605,selection,3.7391,True,unsafe,False
107,selection|Qwen/Qwen2.5-7B-Instruct|a,delta_pp:1,-0.9814,1.4842,-3.1859,0.4393,0.8759,selection,-0.401,False,abstain,False
107,selection|allenai/OLMo-2-1124-7B-Instruct|a,delta_pp:1,0.4022,3.1038,-2.2703,3.3551,0.744,selection,-0.8898,False,abstain,True
107,selection|ibm-granite/granite-3.3-8b-instruct|a,delta_pp:1,1.1149,2.48,-1.6064,3.5275,0.8471,selection,0.9105,False,abstain,False
107,selection|microsoft/Phi-3.5-mini-instruct|a,delta_pp:1,4.1199,4.258,0.9077,7.2665,0.8305,selection,1.8188,True,abstain,False
107,selection|Qwen/Qwen2.5-7B-Instruct|b,delta_pp:1,-1.5297,1.4434,-3.9594,-0.3079,0.8374,selection,-0.5102,False,abstain,False
107,selection|allenai/OLMo-2-1124-7B-Instruct|b,delta_pp:1,0.7672,4.0465,-2.7955,3.564,0.8506,selection,0.3366,False,abstain,False
107,selection|ibm-granite/granite-3.3-8b-instruct|b,delta_pp:1,0.8183,3.1194,-2.411,3.2386,0.8427,selection,1.8088,True,abstain,False
107,selection|microsoft/Phi-3.5-mini-instruct|b,delta_pp:1,2.5152,5.1928,-1.4763,5.464,0.8192,selection,2.3681,True,abstain,False
107,selection|Qwen/Qwen2.5-7B-Instruct|c,delta_pp:1,-1.8637,1.525,-4.1032,-0.3108,0.8383,selection,-0.384,False,abstain,False
107,selection|allenai/OLMo-2-1124-7B-Instruct|c,delta_pp:1,0.2649,3.2256,-2.3483,2.8323,0.7973,selection,1.2233,True,abstain,True
107,selection|ibm-granite/granite-3.3-8b-instruct|c,delta_pp:1,-0.5267,2.1689,-3.0411,1.8137,0.8497,selection,1.1876,True,abstain,False
107,selection|microsoft/Phi-3.5-mini-instruct|c,delta_pp:1,4.0332,6.4472,0.0031,7.807,0.8647,selection,3.7391,True,abstain,False
108,selection|Qwen/Qwen2.5-7B-Instruct|a,delta_pp:1,0.002,1.6279,-2.1385,2.5353,0.8792,selection,-0.401,False,abstain,False
108,selection|allenai/OLMo-2-1124-7B-Instruct|a,delta_pp:1,0.9566,4.5536,-2.4091,4.2339,0.7755,selection,-0.8898,False,abstain,True
108,selection|ibm-granite/granite-3.3-8b-instruct|a,delta_pp:1,1.5053,2.0385,-0.3016,4.0583,0.9181,selection,0.9105,False,abstain,False
108,selection|microsoft/Phi-3.5-mini-instruct|a,delta_pp:1,0.4228,2.8079,-2.2489,3.3181,0.8347,selection,1.8188,True,abstain,False
108,selection|Qwen/Qwen2.5-7B-Instruct|b,delta_pp:1,-0.0871,1.6176,-2.0917,2.1611,0.8636,selection,-0.5102,False,abstain,False
108,selection|allenai/OLMo-2-1124-7B-Instruct|b,delta_pp:1,2.9744,4.3737,-0.7882,5.9357,0.7738,selection,0.3366,False,abstain,True
108,selection|ibm-granite/granite-3.3-8b-instruct|b,delta_pp:1,3.6328,2.7367,1.3651,7.1881,0.8842,selection,1.8088,True,unsafe,False
108,selection|microsoft/Phi-3.5-mini-instruct|b,delta_pp:1,0.7963,4.0405,-2.3987,3.8668,0.8537,selection,2.3681,True,abstain,False
108,selection|Qwen/Qwen2.5-7B-Instruct|c,delta_pp:1,0.4872,1.5827,-1.5805,2.8962,0.8479,selection,-0.384,False,abstain,False
108,selection|allenai/OLMo-2-1124-7B-Instruct|c,delta_pp:1,1.7648,2.9452,-1.076,4.6183,0.7661,selection,1.2233,True,abstain,True
108,selection|ibm-granite/granite-3.3-8b-instruct|c,delta_pp:1,0.6898,1.4156,-0.8983,2.9892,0.86,selection,1.1876,True,abstain,False
108,selection|microsoft/Phi-3.5-mini-instruct|c,delta_pp:1,1.1945,5.5118,-2.017,4.9516,0.8534,selection,3.7391,True,abstain,False
109,selection|Qwen/Qwen2.5-7B-Instruct|a,delta_pp:1,1.136,0.5503,0.0234,2.3652,0.8367,selection,-0.401,False,abstain,False
109,selection|allenai/OLMo-2-1124-7B-Instruct|a,delta_pp:1,-0.1677,5.1164,-3.6993,3.9333,0.7712,selection,-0.8898,False,abstain,True
109,selection|ibm-granite/granite-3.3-8b-instruct|a,delta_pp:1,0.7682,1.6847,-1.3619,2.7286,0.844,selection,0.9105,False,abstain,False
109,selection|microsoft/Phi-3.5-mini-instruct|a,delta_pp:1,3.8158,3.013,1.0395,6.5002,0.8344,selection,1.8188,True,unsafe,False
109,selection|Qwen/Qwen2.5-7B-Instruct|b,delta_pp:1,0.4991,0.7908,-0.7242,2.0544,0.8698,selection,-0.5102,False,abstain,False
109,selection|allenai/OLMo-2-1124-7B-Instruct|b,delta_pp:1,1.1589,4.8617,-2.2555,4.4762,0.7712,selection,0.3366,False,abstain,True
109,selection|ibm-granite/granite-3.3-8b-instruct|b,delta_pp:1,1.6346,1.9908,-0.6393,4.3153,0.8601,selection,1.8088,True,abstain,False
109,selection|microsoft/Phi-3.5-mini-instruct|b,delta_pp:1,3.7005,3.5953,0.5811,6.1262,0.8775,selection,2.3681,True,abstain,False
109,selection|Qwen/Qwen2.5-7B-Instruct|c,delta_pp:1,0.2308,0.751,-1.0894,1.4894,0.7644,selection,-0.384,False,abstain,True
109,selection|allenai/OLMo-2-1124-7B-Instruct|c,delta_pp:1,1.4958,3.67,-0.9935,4.9717,0.7425,selection,1.2233,True,abstain,True
109,selection|ibm-granite/granite-3.3-8b-instruct|c,delta_pp:1,1.4751,1.9602,-0.6799,3.6214,0.7761,selection,1.1876,True,abstain,True
109,selection|microsoft/Phi-3.5-mini-instruct|c,delta_pp:1,5.6741,4.7991,1.7927,8.6885,0.8474,selection,3.7391,True,unsafe,False
110,selection|Qwen/Qwen2.5-7B-Instruct|a,delta_pp:1,-0.8676,0.8709,-2.0242,0.7454,0.8715,selection,-0.401,False,abstain,False
110,selection|allenai/OLMo-2-1124-7B-Instruct|a,delta_pp:1,-1.6224,4.5364,-4.5539,2.0578,0.7522,selection,-0.8898,False,abstain,True
110,selection|ibm-granite/granite-3.3-8b-instruct|a,delta_pp:1,0.1561,2.8553,-3.0207,3.0723,0.8618,selection,0.9105,False,abstain,False
110,selection|microsoft/Phi-3.5-mini-instruct|a,delta_pp:1,1.0253,3.7952,-1.6785,4.6267,0.925,selection,1.8188,True,abstain,False
110,selection|Qwen/Qwen2.5-7B-Instruct|b,delta_pp:1,-1.7237,1.3183,-3.4453,0.4342,0.8541,selection,-0.5102,False,abstain,False
110,selection|allenai/OLMo-2-1124-7B-Instruct|b,delta_pp:1,-1.029,3.4934,-3.4006,2.8205,0.761,selection,0.3366,False,abstain,True
110,selection|ibm-granite/granite-3.3-8b-instruct|b,delta_pp:1,0.6876,2.28,-2.0417,2.6028,0.8783,selection,1.8088,True,abstain,False
110,selection|microsoft/Phi-3.5-mini-instruct|b,delta_pp:1,-0.4802,3.9705,-3.8929,2.7656,0.9058,selection,2.3681,True,abstain,False
110,selection|Qwen/Qwen2.5-7B-Instruct|c,delta_pp:1,-2.0623,1.0426,-3.5872,-0.1778,0.855,selection,-0.384,False,abstain,False
110,selection|allenai/OLMo-2-1124-7B-Instruct|c,delta_pp:1,0.5742,4.1967,-2.9178,3.8727,0.7678,selection,1.2233,True,abstain,True
110,selection|ibm-granite/granite-3.3-8b-instruct|c,delta_pp:1,0.5846,1.9448,-1.5787,2.7692,0.8497,selection,1.1876,True,abstain,False
110,selection|microsoft/Phi-3.5-mini-instruct|c,delta_pp:1,-1.3424,5.3342,-5.4118,2.3469,0.8891,selection,3.7391,True,abstain,False
111,selection|Qwen/Qwen2.5-7B-Instruct|a,delta_pp:1,-1.0753,0.6003,-2.1168,0.4768,0.8716,selection,-0.401,False,abstain,False
111,selection|allenai/OLMo-2-1124-7B-Instruct|a,delta_pp:1,-1.8131,3.1613,-4.9417,1.1861,0.8,selection,-0.8898,False,abstain,False
111,selection|ibm-granite/granite-3.3-8b-instruct|a,delta_pp:1,-1.3189,1.3958,-3.3286,0.5476,0.9388,selection,0.9105,False,abstain,False
111,selection|microsoft/Phi-3.5-mini-instruct|a,delta_pp:1,-0.5792,2.4229,-3.0741,1.7344,0.831,selection,1.8188,True,abstain,False
111,selection|Qwen/Qwen2.5-7B-Instruct|b,delta_pp:1,-1.2809,0.6855,-2.4365,0.013,0.9216,selection,-0.5102,False,abstain,False
111,selection|allenai/OLMo-2-1124-7B-Instruct|b,delta_pp:1,0.3402,3.6119,-2.4585,3.6753,0.8491,selection,0.3366,False,abstain,False
111,selection|ibm-granite/granite-3.3-8b-instruct|b,delta_pp:1,1.4202,1.9224,-0.5465,3.5828,0.9095,selection,1.8088,True,abstain,False
111,selection|microsoft/Phi-3.5-mini-instruct|b,delta_pp:1,-1.2152,3.293,-3.7588,1.8357,0.8241,selection,2.3681,True,abstain,False
111,selection|Qwen/Qwen2.5-7B-Instruct|c,delta_pp:1,-1.1747,0.7924,-2.4568,0.3396,0.8957,selection,-0.384,False,abstain,False
111,selection|allenai/OLMo-2-1124-7B-Instruct|c,delta_pp:1,-0.3871,3.3088,-3.0691,2.7184,0.7759,selection,1.2233,True,abstain,True
111,selection|ibm-granite/granite-3.3-8b-instruct|c,delta_pp:1,-1.8175,1.2756,-3.321,0.1899,0.8905,selection,1.1876,True,abstain,False
111,selection|microsoft/Phi-3.5-mini-instruct|c,delta_pp:1,0.3814,5.0466,-3.0321,4.4792,0.8302,selection,3.7391,True,abstain,False
112,selection|Qwen/Qwen2.5-7B-Instruct|a,delta_pp:1,0.4786,1.5048,-1.7249,2.3681,0.8696,selection,-0.401,False,abstain,False
112,selection|allenai/OLMo-2-1124-7B-Instruct|a,delta_pp:1,1.5442,3.4733,-1.2375,5.1273,0.8262,selection,-0.8898,False,abstain,False
112,selection|ibm-granite/granite-3.3-8b-instruct|a,delta_pp:1,3.2663,1.9696,1.5056,5.7137,0.9079,selection,0.9105,False,unsafe,False
112,selection|microsoft/Phi-3.5-mini-instruct|a,delta_pp:1,4.2498,4.1083,0.6593,7.6878,0.883,selection,1.8188,True,abstain,False
112,selection|Qwen/Qwen2.5-7B-Instruct|b,delta_pp:1,0.0048,1.4556,-2.2356,1.77,0.9028,selection,-0.5102,False,abstain,False
112,selection|allenai/OLMo-2-1124-7B-Instruct|b,delta_pp:1,3.1091,4.2713,-0.3739,5.9434,0.8322,selection,0.3366,False,abstain,False
112,selection|ibm-granite/granite-3.3-8b-instruct|b,delta_pp:1,2.6718,2.2982,0.5978,5.5217,0.8824,selection,1.8088,True,abstain,False
112,selection|microsoft/Phi-3.5-mini-instruct|b,delta_pp:1,5.3569,3.5663,1.1992,7.3512,0.8985,selection,2.3681,True,unsafe,False
112,selection|Qwen/Qwen2.5-7B-Instruct|c,delta_pp:1,0.6556,1.2898,-0.9881,2.6752,0.881,selection,-0.384,False,abstain,False
112,selection|allenai/OLMo-2-1124-7B-Instruct|c,delta_pp:1,2.598,3.7375,-0.5936,5.2865,0.7999,selection,1.2233,True,abstain,True
112,selection|ibm-granite/granite-3.3-8b-instruct|c,delta_pp:1,3.2414,2.3161,0.8461,6.1916,0.8642,selection,1.1876,True,abstain,False
112,selection|microsoft/Phi-3.5-mini-instruct|c,delta_pp:1,3.8499,7.4882,-1.1662,7.0396,0.8665,selection,3.7391,True,abstain,False
113,selection|Qwen/Qwen2.5-7B-Instruct|a,delta_pp:1,-1.2881,0.8509,-2.691,0.3354,0.7956,selection,-0.401,False,abstain,True
113,selection|allenai/OLMo-2-1124-7B-Instruct|a,delta_pp:1,1.265,4.7897,-1.865,5.3743,0.7798,selection,-0.8898,False,abstain,True
113,selection|ibm-granite/granite-3.3-8b-instruct|a,delta_pp:1,-0.1096,2.2254,-2.1088,2.6012,0.8707,selection,0.9105,False,abstain,False
113,selection|microsoft/Phi-3.5-mini-instruct|a,delta_pp:1,2.9222,3.3977,-0.0394,6.0349,0.8368,selection,1.8188,True,abstain,False
113,selection|Qwen/Qwen2.5-7B-Instruct|b,delta_pp:1,-1.7527,0.933,-3.2335,-0.0275,0.8099,selection,-0.5102,False,abstain,False
113,selection|allenai/OLMo-2-1124-7B-Instruct|b,delta_pp:1,2.9092,4.9713,-0.1477,7.251,0.8083,selection,0.3366,False,abstain,False
113,selection|ibm-granite/granite-3.3-8b-instruct|b,delta_pp:1,0.7231,2.8732,-1.8957,3.8412,0.8555,selection,1.8088,True,abstain,False
113,selection|microsoft/Phi-3.5-mini-instruct|b,delta_pp:1,6.7592,5.5452,3.6891,10.8394,0.82,selection,2.3681,True,unsafe,False
113,selection|Qwen/Qwen2.5-7B-Instruct|c,delta_pp:1,-1.7726,0.7604,-3.1503,-0.3066,0.8116,selection,-0.384,False,abstain,False
113,selection|allenai/OLMo-2-1124-7B-Instruct|c,delta_pp:1,3.5619,4.9915,0.2819,7.4793,0.8413,selection,1.2233,True,abstain,False
113,selection|ibm-granite/granite-3.3-8b-instruct|c,delta_pp:1,0.4648,1.8885,-1.5653,2.956,0.8465,selection,1.1876,True,abstain,False
113,selection|microsoft/Phi-3.5-mini-instruct|c,delta_pp:1,6.9474,5.9293,3.3102,11.0952,0.8353,selection,3.7391,True,unsafe,False
114,selection|Qwen/Qwen2.5-7B-Instruct|a,delta_pp:1,2.3304,1.7042,0.2676,4.4892,0.8478,selection,-0.401,False,abstain,False
114,selection|allenai/OLMo-2-1124-7B-Instruct|a,delta_pp:1,-1.7845,4.3297,-5.5699,1.2932,0.8311,selection,-0.8898,False,abstain,False
114,selection|ibm-granite/granite-3.3-8b-instruct|a,delta_pp:1,1.7543,1.659,-0.0597,3.8529,0.9241,selection,0.9105,False,abstain,False
114,selection|microsoft/Phi-3.5-mini-instruct|a,delta_pp:1,7.4775,3.5698,4.2599,10.6569,0.8725,selection,1.8188,True,unsafe,False
114,selection|Qwen/Qwen2.5-7B-Instruct|b,delta_pp:1,2.0947,1.4123,0.5327,4.292,0.8783,selection,-0.5102,False,abstain,False
114,selection|allenai/OLMo-2-1124-7B-Instruct|b,delta_pp:1,-0.5791,4.3938,-4.1053,2.8046,0.8097,selection,0.3366,False,abstain,False
114,selection|ibm-granite/granite-3.3-8b-instruct|b,delta_pp:1,4.097,2.8588,1.2574,6.8092,0.883,selection,1.8088,True,unsafe,False
114,selection|microsoft/Phi-3.5-mini-instruct|b,delta_pp:1,6.3616,5.0002,3.301,10.1047,0.9282,selection,2.3681,True,unsafe,False
114,selection|Qwen/Qwen2.5-7B-Instruct|c,delta_pp:1,1.1187,1.5561,-0.6619,3.4206,0.8792,selection,-0.384,False,abstain,False
114,selection|allenai/OLMo-2-1124-7B-Instruct|c,delta_pp:1,1.9743,3.7764,-1.1197,5.0572,0.7766,selection,1.2233,True,abstain,True
114,selection|ibm-granite/granite-3.3-8b-instruct|c,delta_pp:1,3.092,1.9329,0.8372,5.6544,0.8425,selection,1.1876,True,abstain,False
114,selection|microsoft/Phi-3.5-mini-instruct|c,delta_pp:1,7.6197,6.6189,3.102,11.3354,0.8945,selection,3.7391,True,unsafe,False
115,selection|Qwen/Qwen2.5-7B-Instruct|a,delta_pp:1,0.2926,0.7134,-1.1802,1.6497,0.8367,selection,-0.401,False,abstain,False
115,selection|allenai/OLMo-2-1124-7B-Instruct|a,delta_pp:1,0.5637,3.807,-2.163,4.3741,0.8435,selection,-0.8898,False,abstain,False
115,selection|ibm-granite/granite-3.3-8b-instruct|a,delta_pp:1,0.2302,2.5463,-2.0021,3.2008,0.8797,selection,0.9105,False,abstain,False
115,selection|microsoft/Phi-3.5-mini-instruct|a,delta_pp:1,2.1168,3.3831,0.0189,5.5524,0.8549,selection,1.8188,True,abstain,False
115,selection|Qwen/Qwen2.5-7B-Instruct|b,delta_pp:1,-0.3707,0.6186,-1.5596,0.739,0.8367,selection,-0.5102,False,abstain,False
115,selection|allenai/OLMo-2-1124-7B-Instruct|b,delta_pp:1,2.7104,3.4352,-0.4798,6.0697,0.83,selection,0.3366,False,abstain,False
115,selection|ibm-granite/granite-3.3-8b-instruct|b,delta_pp:1,4.2423,2.5627,1.9307,7.237,0.8762,selection,1.8088,True,unsafe,False
115,selection|microsoft/Phi-3.5-mini-instruct|b,delta_pp:1,4.7153,4.336,1.7935,8.7747,0.8248,selection,2.3681,True,unsafe,False
115,selection|Qwen/Qwen2.5-7B-Instruct|c,delta_pp:1,-0.383,0.8021,-1.7311,1.2972,0.8018,selection,-0.384,False,abstain,False
115,selection|allenai/OLMo-2-1124-7B-Instruct|c,delta_pp:1,3.3602,5.1996,-0.04,7.3156,0.7917,selection,1.2233,True,abstain,True
115,selection|ibm-granite/granite-3.3-8b-instruct|c,delta_pp:1,2.871,2.2329,0.8899,5.9176,0.8449,selection,1.1876,True,abstain,False
115,selection|microsoft/Phi-3.5-mini-instruct|c,delta_pp:1,7.6658,6.3891,3.7595,11.8857,0.8287,selection,3.7391,True,unsafe,False
116,selection|Qwen/Qwen2.5-7B-Instruct|a,delta_pp:1,-0.8511,1.2476,-2.8689,0.6915,0.8378,selection,-0.401,False,abstain,False
116,selection|allenai/OLMo-2-1124-7B-Instruct|a,delta_pp:1,0.2227,4.9234,-3.0538,4.1403,0.7934,selection,-0.8898,False,abstain,True
116,selection|ibm-granite/granite-3.3-8b-instruct|a,delta_pp:1,1.5298,1.7153,-0.2848,3.4989,0.9153,selection,0.9105,False,abstain,False
116,selection|microsoft/Phi-3.5-mini-instruct|a,delta_pp:1,3.8612,4.1167,0.5913,7.3125,0.8685,selection,1.8188,True,abstain,False
116,selection|Qwen/Qwen2.5-7B-Instruct|b,delta_pp:1,-0.6225,1.446,-2.6071,1.0023,0.8533,selection,-0.5102,False,abstain,False
116,selection|allenai/OLMo-2-1124-7B-Instruct|b,delta_pp:1,1.4753,3.4897,-1.8935,4.2245,0.7633,selection,0.3366,False,abstain,True
116,selection|ibm-granite/granite-3.3-8b-instruct|b,delta_pp:1,2.0241,2.1793,-0.42,4.1433,0.8963,selection,1.8088,True,abstain,False
116,selection|microsoft/Phi-3.5-mini-instruct|b,delta_pp:1,5.1229,4.1101,1.8144,8.6206,0.8761,selection,2.3681,True,unsafe,False
116,selection|Qwen/Qwen2.5-7B-Instruct|c,delta_pp:1,-1.0501,1.0593,-2.894,0.5022,0.8223,selection,-0.384,False,abstain,False
116,selection|allenai/OLMo-2-1124-7B-Instruct|c,delta_pp:1,1.1813,4.6459,-2.442,4.506,0.759,selection,1.2233,True,abstain,True
116,selection|ibm-granite/granite-3.3-8b-instruct|c,delta_pp:1,1.1172,1.8189,-0.8383,3.1406,0.8825,selection,1.1876,True,abstain,False
116,selection|microsoft/Phi-3.5-mini-instruct|c,delta_pp:1,5.5019,4.9316,2.6606,9.9052,0.8741,selection,3.7391,True,unsafe,False
117,selection|Qwen/Qwen2.5-7B-Instruct|a,delta_pp:1,-0.3015,1.6562,-2.2916,1.3751,0.8312,selection,-0.401,False,abstain,False
117,selection|allenai/OLMo-2-1124-7B-Instruct|a,delta_pp:1,-0.531,3.1864,-3.8085,2.0879,0.7823,selection,-0.8898,False,abstain,True
117,selection|ibm-granite/granite-3.3-8b-instruct|a,delta_pp:1,3.1069,3.2429,0.5869,6.1166,0.9106,selection,0.9105,False,abstain,False
117,selection|microsoft/Phi-3.5-mini-instruct|a,delta_pp:1,5.4666,3.7142,1.936,8.8618,0.867,selection,1.8188,True,unsafe,False
117,selection|Qwen/Qwen2.5-7B-Instruct|b,delta_pp:1,-0.7431,1.1595,-2.2783,0.9901,0.8476,selection,-0.5102,False,abstain,False
117,selection|allenai/OLMo-2-1124-7B-Instruct|b,delta_pp:1,0.5458,4.2527,-2.7251,3.8092,0.8135,selection,0.3366,False,abstain,False
117,selection|ibm-granite/granite-3.3-8b-instruct|b,delta_pp:1,4.9919,3.4276,2.0306,8.0168,0.8767,selection,1.8088,True,unsafe,False
117,selection|microsoft/Phi-3.5-mini-instruct|b,delta_pp:1,4.0572,4.5044,0.4404,7.014,0.8773,selection,2.3681,True,abstain,False
117,selection|Qwen/Qwen2.5-7B-Instruct|c,delta_pp:1,-0.9569,1.2062,-2.4221,0.9161,0.8329,selection,-0.384,False,abstain,False
117,selection|allenai/OLMo-2-1124-7B-Instruct|c,delta_pp:1,0.1183,3.9173,-3.4825,2.5651,0.74,selection,1.2233,True,abstain,True
117,selection|ibm-granite/granite-3.3-8b-instruct|c,delta_pp:1,4.1837,2.5322,1.6759,6.6199,0.8535,selection,1.1876,True,unsafe,False
117,selection|microsoft/Phi-3.5-mini-instruct|c,delta_pp:1,6.4149,7.1386,1.747,10.8008,0.8726,selection,3.7391,True,unsafe,False
118,selection|Qwen/Qwen2.5-7B-Instruct|a,delta_pp:1,1.3711,0.9167,-0.3712,2.7396,0.8493,selection,-0.401,False,abstain,False
118,selection|allenai/OLMo-2-1124-7B-Instruct|a,delta_pp:1,4.258,4.5281,0.7595,7.6548,0.7525,selection,-0.8898,False,abstain,True
118,selection|ibm-granite/granite-3.3-8b-instruct|a,delta_pp:1,1.6411,1.7823,-0.9295,3.3465,0.912,selection,0.9105,False,abstain,False
118,selection|microsoft/Phi-3.5-mini-instruct|a,delta_pp:1,3.2643,3.0654,0.6308,5.8918,0.8675,selection,1.8188,True,abstain,False
118,selection|Qwen/Qwen2.5-7B-Instruct|b,delta_pp:1,-0.9181,1.4611,-3.1472,0.8421,0.8484,selection,-0.5102,False,abstain,False
118,selection|allenai/OLMo-2-1124-7B-Instruct|b,delta_pp:1,3.1933,5.0936,-0.4604,6.713,0.7669,selection,0.3366,False,abstain,True
118,selection|ibm-granite/granite-3.3-8b-instruct|b,delta_pp:1,2.3159,2.0347,-0.3898,4.4316,0.9102,selection,1.8088,True,abstain,False
118,selection|microsoft/Phi-3.5-mini-instruct|b,delta_pp:1,3.9507,3.9703,0.6657,6.9472,0.864,selection,2.3681,True,abstain,False
118,selection|Qwen/Qwen2.5-7B-Instruct|c,delta_pp:1,0.4955,1.2551,-1.1788,2.1955,0.8314,selection,-0.384,False,abstain,False
118,selection|allenai/OLMo-2-1124-7B-Instruct|c,delta_pp:1,3.3709,5.004,0.3506,7.172,0.79,selection,1.2233,True,abstain,True
118,selection|ibm-granite/granite-3.3-8b-instruct|c,delta_pp:1,3.1301,1.6872,0.8196,4.8824,0.8797,selection,1.1876,True,abstain,False
118,selection|microsoft/Phi-3.5-mini-instruct|c,delta_pp:1,7.8977,4.688,4.0548,10.5912,0.8688,selection,3.7391,True,unsafe,False
119,selection|Qwen/Qwen2.5-7B-Instruct|a,delta_pp:1,0.2975,1.0298,-1.389,2.132,0.9148,selection,-0.401,False,abstain,False
119,selection|allenai/OLMo-2-1124-7B-Instruct|a,delta_pp:1,0.4448,5.7007,-3.3777,4.2955,0.8433,selection,-0.8898,False,abstain,False
119,selection|ibm-granite/granite-3.3-8b-instruct|a,delta_pp:1,1.015,2.3507,-1.7593,3.8255,0.8574,selection,0.9105,False,abstain,False
119,selection|microsoft/Phi-3.5-mini-instruct|a,delta_pp:1,0.6013,2.7927,-1.8635,3.1226,0.8695,selection,1.8188,True,abstain,False
119,selection|Qwen/Qwen2.5-7B-Instruct|b,delta_pp:1,1.4985,1.451,-0.5247,3.2028,0.8809,selection,-0.5102,False,abstain,False
119,selection|allenai/OLMo-2-1124-7B-Instruct|b,delta_pp:1,-0.3075,3.5974,-3.0253,2.9189,0.8598,selection,0.3366,False,abstain,False
119,selection|ibm-granite/granite-3.3-8b-instruct|b,delta_pp:1,0.9155,2.2008,-1.5459,3.1344,0.8721,selection,1.8088,True,abstain,False
119,selection|microsoft/Phi-3.5-mini-instruct|b,delta_pp:1,1.2232,4.2799,-1.6344,5.0789,0.8754,selection,2.3681,True,abstain,False
119,selection|Qwen/Qwen2.5-7B-Instruct|c,delta_pp:1,1.3978,1.2667,-0.1198,3.3557,0.8992,selection,-0.384,False,abstain,False
119,selection|allenai/OLMo-2-1124-7B-Instruct|c,delta_pp:1,1.8709,3.9403,-1.5282,5.0031,0.8286,selection,1.2233,True,abstain,False
119,selection|ibm-granite/granite-3.3-8b-instruct|c,delta_pp:1,0.5431,1.7955,-1.6208,2.6738,0.8783,selection,1.1876,True,abstain,False
119,selection|microsoft/Phi-3.5-mini-instruct|c,delta_pp:1,3.9049,7.3566,-0.3883,8.532,0.8708,selection,3.7391,True,abstain,False
120,selection|Qwen/Qwen2.5-7B-Instruct|a,delta_pp:1,-1.1443,1.1342,-3.0838,0.5841,0.8657,selection,-0.401,False,abstain,False
120,selection|allenai/OLMo-2-1124-7B-Instruct|a,delta_pp:1,0.5627,3.9369,-2.6438,3.8356,0.7918,selection,-0.8898,False,abstain,True
120,selection|ibm-granite/granite-3.3-8b-instruct|a,delta_pp:1,0.1412,2.8411,-2.4593,3.3892,0.8722,selection,0.9105,False,abstain,False
120,selection|microsoft/Phi-3.5-mini-instruct|a,delta_pp:1,-1.5073,3.7856,-4.6133,1.9031,0.8123,selection,1.8188,True,abstain,False
120,selection|Qwen/Qwen2.5-7B-Instruct|b,delta_pp:1,-1.2026,1.193,-3.095,0.6202,0.8173,selection,-0.5102,False,abstain,False
120,selection|allenai/OLMo-2-1124-7B-Instruct|b,delta_pp:1,1.5642,4.3815,-2.2214,4.2625,0.7945,selection,0.3366,False,abstain,True
120,selection|ibm-granite/granite-3.3-8b-instruct|b,delta_pp:1,1.0912,3.7461,-2.1083,4.2392,0.883,selection,1.8088,True,abstain,False
120,selection|microsoft/Phi-3.5-mini-instruct|b,delta_pp:1,1.2028,4.3178,-2.4644,4.757,0.8572,selection,2.3681,True,abstain,False
120,selection|Qwen/Qwen2.5-7B-Instruct|c,delta_pp:1,-1.3669,1.5032,-3.1396,0.5039,0.8478,selection,-0.384,False,abstain,False
120,selection|allenai/OLMo-2-1124-7B-Instruct|c,delta_pp:1,0.555,3.7107,-3.1832,3.0183,0.8006,selection,1.2233,True,abstain,False
120,selection|ibm-granite/granite-3.3-8b-instruct|c,delta_pp:1,0.4663,2.9075,-2.5159,2.7982,0.8695,selection,1.1876,True,abstain,False
120,selection|microsoft/Phi-3.5-mini-instruct|c,delta_pp:1,2.1605,4.7597,-1.7733,5.6185,0.8593,selection,3.7391,True,abstain,False
121,selection|Qwen/Qwen2.5-7B-Instruct|a,delta_pp:1,0.5745,1.244,-1.0083,2.2174,0.853,selection,-0.401,False,abstain,False
121,selection|allenai/OLMo-2-1124-7B-Instruct|a,delta_pp:1,-0.3366,3.9422,-3.4549,3.2445,0.7887,selection,-0.8898,False,abstain,True
121,selection|ibm-granite/granite-3.3-8b-instruct|a,delta_pp:1,0.9176,2.8774,-1.9161,3.3954,0.8609,selection,0.9105,False,abstain,False
121,selection|microsoft/Phi-3.5-mini-instruct|a,delta_pp:1,3.4271,3.4598,0.2074,6.6074,0.8748,selection,1.8188,True,abstain,False
121,selection|Qwen/Qwen2.5-7B-Instruct|b,delta_pp:1,-0.164,1.9026,-2.649,2.2377,0.8704,selection,-0.5102,False,abstain,False
121,selection|allenai/OLMo-2-1124-7B-Instruct|b,delta_pp:1,1.4669,3.7343,-1.2942,4.7377,0.8748,selection,0.3366,False,abstain,False
121,selection|ibm-granite/granite-3.3-8b-instruct|b,delta_pp:1,0.3696,3.3212,-3.1338,2.9664,0.9017,selection,1.8088,True,abstain,False
121,selection|microsoft/Phi-3.5-mini-instruct|b,delta_pp:1,3.971,4.1356,1.0362,7.4783,0.8443,selection,2.3681,True,unsafe,False
121,selection|Qwen/Qwen2.5-7B-Instruct|c,delta_pp:1,1.0266,0.9382,-0.4772,2.3095,0.833,selection,-0.384,False,abstain,False
121,selection|allenai/OLMo-2-1124-7B-Instruct|c,delta_pp:1,2.024,2.9482,-1.1241,4.6959,0.7774,selection,1.2233,True,abstain,True
121,selection|ibm-granite/granite-3.3-8b-instruct|c,delta_pp:1,0.5601,2.6746,-2.3523,2.7974,0.8052,selection,1.1876,True,abstain,False
121,selection|microsoft/Phi-3.5-mini-instruct|c,delta_pp:1,10.2774,8.3884,5.315,14.3841,0.8383,selection,3.7391,True,unsafe,False
122,selection|Qwen/Qwen2.5-7B-Instruct|a,delta_pp:1,-1.8032,1.0137,-3.5734,-0.3454,0.8289,selection,-0.401,False,abstain,False
122,selection|allenai/OLMo-2-1124-7B-Instruct|a,delta_pp:1,0.0903,3.0204,-2.3577,2.7572,0.843,selection,-0.8898,False,abstain,False
122,selection|ibm-granite/granite-3.3-8b-instruct|a,delta_pp:1,1.1708,2.5577,-1.7091,3.3615,0.8833,selection,0.9105,False,abstain,False
122,selection|microsoft/Phi-3.5-mini-instruct|a,delta_pp:1,3.861,4.1464,0.9234,7.5663,0.8211,selection,1.8188,True,abstain,False
122,selection|Qwen/Qwen2.5-7B-Instruct|b,delta_pp:1,-0.4808,1.15,-2.1619,1.0687,0.8789,selection,-0.5102,False,abstain,False
122,selection|allenai/OLMo-2-1124-7B-Instruct|b,delta_pp:1,-0.1303,3.9331,-3.447,2.9235,0.8228,selection,0.3366,False,abstain,False
122,selection|ibm-granite/granite-3.3-8b-instruct|b,delta_pp:1,1.9277,2.8555,-1.1429,4.511,0.8658,selection,1.8088,True,abstain,False
122,selection|microsoft/Phi-3.5-mini-instruct|b,delta_pp:1,3.4366,4.8366,0.2275,7.5792,0.8912,selection,2.3681,True,abstain,False
122,selection|Qwen/Qwen2.5-7B-Instruct|c,delta_pp:1,-0.8067,1.0125,-2.7067,0.3803,0.8781,selection,-0.384,False,abstain,False
122,selection|allenai/OLMo-2-1124-7B-Instruct|c,delta_pp:1,2.8728,3.7317,-0.7016,5.8206,0.8237,selection,1.2233,True,abstain,False
122,selection|ibm-granite/granite-3.3-8b-instruct|c,delta_pp:1,1.2064,1.6757,-1.1219,3.3309,0.8746,selection,1.1876,True,abstain,False
122,selection|microsoft/Phi-3.5-mini-instruct|c,delta_pp:1,3.5419,6.0702,-0.4035,7.9318,0.8789,selection,3.7391,True,abstain,False
123,selection|Qwen/Qwen2.5-7B-Instruct|a,delta_pp:1,1.6413,1.1087,0.0291,3.3054,0.864,selection,-0.401,False,abstain,False
123,selection|allenai/OLMo-2-1124-7B-Instruct|a,delta_pp:1,3.3233,4.2317,0.0332,7.3368,0.7535,selection,-0.8898,False,abstain,True
123,selection|ibm-granite/granite-3.3-8b-instruct|a,delta_pp:1,5.0905,2.987,2.6389,7.9593,0.8465,selection,0.9105,False,unsafe,False
123,selection|microsoft/Phi-3.5-mini-instruct|a,delta_pp:1,4.6804,3.0125,2.0629,7.5592,0.8254,selection,1.8188,True,unsafe,False
123,selection|Qwen/Qwen2.5-7B-Instruct|b,delta_pp:1,1.6575,1.4318,-0.3162,3.6503,0.8623,selection,-0.5102,False,abstain,False
123,selection|allenai/OLMo-2-1124-7B-Instruct|b,delta_pp:1,3.7764,3.0599,1.5549,6.5806,0.7763,selection,0.3366,False,unsafe,True
123,selection|ibm-granite/granite-3.3-8b-instruct|b,delta_pp:1,6.9513,4.0162,3.8961,10.3127,0.8605,selection,1.8088,True,unsafe,False
123,selection|microsoft/Phi-3.5-mini-instruct|b,delta_pp:1,3.692,4.0525,0.2201,7.2898,0.864,selection,2.3681,True,abstain,False
123,selection|Qwen/Qwen2.5-7B-Instruct|c,delta_pp:1,1.9973,1.3441,0.1649,4.0036,0.8614,selection,-0.384,False,abstain,False
123,selection|allenai/OLMo-2-1124-7B-Instruct|c,delta_pp:1,-0.0423,4.6666,-3.4664,2.9315,0.7228,selection,1.2233,True,abstain,True
123,selection|ibm-granite/granite-3.3-8b-instruct|c,delta_pp:1,6.7081,2.6601,4.2799,10.1055,0.8509,selection,1.1876,True,unsafe,False
123,selection|microsoft/Phi-3.5-mini-instruct|c,delta_pp:1,6.0549,4.3515,3.1166,9.3633,0.8596,selection,3.7391,True,unsafe,False
124,selection|Qwen/Qwen2.5-7B-Instruct|a,delta_pp:1,-0.4059,1.2039,-2.3425,1.2892,0.8298,selection,-0.401,False,abstain,False
124,selection|allenai/OLMo-2-1124-7B-Instruct|a,delta_pp:1,0.0064,4.415,-3.1475,3.7508,0.7766,selection,-0.8898,False,abstain,True
124,selection|ibm-granite/granite-3.3-8b-instruct|a,delta_pp:1,0.9288,2.9793,-2.106,3.6171,0.9244,selection,0.9105,False,abstain,False
124,selection|microsoft/Phi-3.5-mini-instruct|a,delta_pp:1,1.4933,3.9104,-1.7297,4.2513,0.8987,selection,1.8188,True,abstain,False
124,selection|Qwen/Qwen2.5-7B-Instruct|b,delta_pp:1,0.3939,1.3842,-1.2894,2.2281,0.8592,selection,-0.5102,False,abstain,False
124,selection|allenai/OLMo-2-1124-7B-Instruct|b,delta_pp:1,0.1173,3.752,-2.6796,3.2431,0.8095,selection,0.3366,False,abstain,False
124,selection|ibm-granite/granite-3.3-8b-instruct|b,delta_pp:1,1.0525,2.2751,-1.6158,3.3199,0.9556,selection,1.8088,True,abstain,False
124,selection|microsoft/Phi-3.5-mini-instruct|b,delta_pp:1,1.3027,4.758,-2.3396,4.2499,0.8765,selection,2.3681,True,abstain,False
124,selection|Qwen/Qwen2.5-7B-Instruct|c,delta_pp:1,0.4772,1.5453,-2.078,2.4951,0.845,selection,-0.384,False,abstain,False
124,selection|allenai/OLMo-2-1124-7B-Instruct|c,delta_pp:1,0.0083,2.8963,-2.4942,2.6142,0.8273,selection,1.2233,True,abstain,False
124,selection|ibm-granite/granite-3.3-8b-instruct|c,delta_pp:1,1.0086,2.0786,-1.3673,2.8726,0.9137,selection,1.1876,True,abstain,False
124,selection|microsoft/Phi-3.5-mini-instruct|c,delta_pp:1,1.7232,6.7039,-2.5869,5.7423,0.9122,selection,3.7391,True,abstain,False
125,selection|Qwen/Qwen2.5-7B-Instruct|a,delta_pp:1,-0.1548,1.1859,-1.8335,1.6758,0.7536,selection,-0.401,False,abstain,True
125,selection|allenai/OLMo-2-1124-7B-Instruct|a,delta_pp:1,-3.9551,3.8359,-6.6121,-0.4714,0.7869,selection,-0.8898,False,abstain,True
125,selection|ibm-granite/granite-3.3-8b-instruct|a,delta_pp:1,0.7753,2.1636,-1.5072,3.2637,0.8269,selection,0.9105,False,abstain,False
125,selection|microsoft/Phi-3.5-mini-instruct|a,delta_pp:1,1.1013,3.1936,-1.7666,4.1342,0.8306,selection,1.8188,True,abstain,False
125,selection|Qwen/Qwen2.5-7B-Instruct|b,delta_pp:1,1.1762,1.148,-0.6873,2.8625,0.8099,selection,-0.5102,False,abstain,False
125,selection|allenai/OLMo-2-1124-7B-Instruct|b,delta_pp:1,-1.6963,3.3855,-4.7069,0.96,0.7431,selection,0.3366,False,abstain,True
125,selection|ibm-granite/granite-3.3-8b-instruct|b,delta_pp:1,1.1017,2.4817,-1.3148,3.6267,0.8278,selection,1.8088,True,abstain,False
125,selection|microsoft/Phi-3.5-mini-instruct|b,delta_pp:1,3.7139,4.2373,-0.0762,6.7823,0.8369,selection,2.3681,True,abstain,False
125,selection|Qwen/Qwen2.5-7B-Instruct|c,delta_pp:1,1.4199,1.1057,-0.3301,3.0823,0.8241,selection,-0.384,False,abstain,False
125,selection|allenai/OLMo-2-1124-7B-Instruct|c,delta_pp:1,1.9484,3.5378,-0.7942,4.7674,0.6743,selection,1.2233,True,abstain,True
125,selection|ibm-granite/granite-3.3-8b-instruct|c,delta_pp:1,2.0468,2.096,-0.4192,4.1349,0.776,selection,1.1876,True,abstain,True
125,selection|microsoft/Phi-3.5-mini-instruct|c,delta_pp:1,4.7582,5.4407,0.8342,8.3893,0.8254,selection,3.7391,True,abstain,False
126,selection|Qwen/Qwen2.5-7B-Instruct|a,delta_pp:1,-0.2815,1.4618,-1.9913,1.7698,0.8209,selection,-0.401,False,abstain,False
126,selection|allenai/OLMo-2-1124-7B-Instruct|a,delta_pp:1,-3.9199,4.2694,-6.432,0.0024,0.782,selection,-0.8898,False,abstain,True
126,selection|ibm-granite/granite-3.3-8b-instruct|a,delta_pp:1,-1.0299,2.5525,-3.568,1.7183,0.8279,selection,0.9105,False,abstain,False
126,selection|microsoft/Phi-3.5-mini-instruct|a,delta_pp:1,-0.0876,4.6534,-3.2161,3.4797,0.7978,selection,1.8188,True,abstain,True
126,selection|Qwen/Qwen2.5-7B-Instruct|b,delta_pp:1,0.2506,1.2129,-1.6122,2.0901,0.7973,selection,-0.5102,False,abstain,True
126,selection|allenai/OLMo-2-1124-7B-Instruct|b,delta_pp:1,-3.5146,4.5997,-6.3055,0.6113,0.8119,selection,0.3366,False,abstain,False
126,selection|ibm-granite/granite-3.3-8b-instruct|b,delta_pp:1,2.2664,3.3683,-0.4633,5.5646,0.8279,selection,1.8088,True,abstain,False
126,selection|microsoft/Phi-3.5-mini-instruct|b,delta_pp:1,-1.4022,5.4016,-4.629,2.4661,0.803,selection,2.3681,True,abstain,False
126,selection|Qwen/Qwen2.5-7B-Instruct|c,delta_pp:1,0.1523,1.4849,-1.9575,2.0901,0.7701,selection,-0.384,False,abstain,True
126,selection|allenai/OLMo-2-1124-7B-Instruct|c,delta_pp:1,-2.0289,3.7788,-4.4942,1.5178,0.7927,selection,1.2233,True,abstain,True
126,selection|ibm-granite/granite-3.3-8b-instruct|c,delta_pp:1,0.2835,1.6646,-1.8225,2.5071,0.7937,selection,1.1876,True,abstain,True
126,selection|microsoft/Phi-3.5-mini-instruct|c,delta_pp:1,0.6794,5.8311,-3.4023,4.4117,0.8264,selection,3.7391,True,abstain,False
127,selection|Qwen/Qwen2.5-7B-Instruct|a,delta_pp:1,1.2806,1.1188,-0.409,2.999,0.8209,selection,-0.401,False,abstain,False
127,selection|allenai/OLMo-2-1124-7B-Instruct|a,delta_pp:1,-2.7396,4.5679,-5.8574,0.8561,0.8411,selection,-0.8898,False,abstain,False
127,selection|ibm-granite/granite-3.3-8b-instruct|a,delta_pp:1,0.6833,1.7558,-1.7552,2.6534,0.812,selection,0.9105,False,abstain,False
127,selection|microsoft/Phi-3.5-mini-instruct|a,delta_pp:1,3.3352,3.9499,-0.4854,6.4445,0.8153,selection,1.8188,True,abstain,False
127,selection|Qwen/Qwen2.5-7B-Instruct|b,delta_pp:1,1.2233,1.1157,-0.4875,3.0234,0.8347,selection,-0.5102,False,abstain,False
127,selection|allenai/OLMo-2-1124-7B-Instruct|b,delta_pp:1,1.1356,3.3929,-1.7331,4.4434,0.8603,selection,0.3366,False,abstain,False
127,selection|ibm-granite/granite-3.3-8b-instruct|b,delta_pp:1,0.6068,1.7076,-1.7218,2.5445,0.8259,selection,1.8088,True,abstain,False
127,selection|microsoft/Phi-3.5-mini-instruct|b,delta_pp:1,1.0679,3.9506,-2.2067,4.523,0.8688,selection,2.3681,True,abstain,False
127,selection|Qwen/Qwen2.5-7B-Instruct|c,delta_pp:1,0.6267,1.4002,-1.4261,2.4764,0.8191,selection,-0.384,False,abstain,False
127,selection|allenai/OLMo-2-1124-7B-Instruct|c,delta_pp:1,0.2499,4.1274,-3.2583,3.4684,0.8403,selection,1.2233,True,abstain,False
127,selection|ibm-granite/granite-3.3-8b-instruct|c,delta_pp:1,2.8069,1.7911,0.5899,4.7369,0.7844,selection,1.1876,True,abstain,True
127,selection|microsoft/Phi-3.5-mini-instruct|c,delta_pp:1,3.2277,5.7464,-0.9041,7.1642,0.8373,selection,3.7391,True,abstain,False
128,selection|Qwen/Qwen2.5-7B-Instruct|a,delta_pp:1,-0.6104,1.4062,-2.7719,1.4534,0.8264,selection,-0.401,False,abstain,False
128,selection|allenai/OLMo-2-1124-7B-Instruct|a,delta_pp:1,-2.0746,4.0489,-5.3636,1.3685,0.7525,selection,-0.8898,False,abstain,True
128,selection|ibm-granite/granite-3.3-8b-instruct|a,delta_pp:1,-0.4667,2.1961,-3.1595,1.6075,0.8573,selection,0.9105,False,abstain,False
128,selection|microsoft/Phi-3.5-mini-instruct|a,delta_pp:1,-1.379,3.5376,-4.7456,1.4335,0.7886,selection,1.8188,True,abstain,True
128,selection|Qwen/Qwen2.5-7B-Instruct|b,delta_pp:1,-1.1563,1.5546,-3.0512,1.1816,0.807,selection,-0.5102,False,abstain,False
128,selection|allenai/OLMo-2-1124-7B-Instruct|b,delta_pp:1,-1.9736,3.9503,-4.8618,1.1813,0.7137,selection,0.3366,False,abstain,True
128,selection|ibm-granite/granite-3.3-8b-instruct|b,delta_pp:1,-0.6698,1.9377,-2.6198,1.6925,0.8405,selection,1.8088,True,abstain,False
128,selection|microsoft/Phi-3.5-mini-instruct|b,delta_pp:1,2.2193,4.5784,-1.4168,5.3072,0.7967,selection,2.3681,True,abstain,True
128,selection|Qwen/Qwen2.5-7B-Instruct|c,delta_pp:1,0.1599,1.2396,-1.5384,1.9006,0.8087,selection,-0.384,False,abstain,False
128,selection|allenai/OLMo-2-1124-7B-Instruct|c,delta_pp:1,-0.9304,3.5502,-3.873,2.0527,0.7146,selection,1.2233,True,abstain,True
128,selection|ibm-granite/granite-3.3-8b-instruct|c,delta_pp:1,0.63,1.7299,-1.3449,2.7274,0.8405,selection,1.1876,True,abstain,False
128,selection|microsoft/Phi-3.5-mini-instruct|c,delta_pp:1,1.8853,6.0084,-2.296,5.1807,0.8012,selection,3.7391,True,abstain,False
129,selection|Qwen/Qwen2.5-7B-Instruct|a,delta_pp:1,-0.3658,1.1621,-2.2136,1.3384,0.915,selection,-0.401,False,abstain,False
129,selection|allenai/OLMo-2-1124-7B-Instruct|a,delta_pp:1,-2.0456,5.0999,-6.3223,1.1247,0.7857,selection,-0.8898,False,abstain,True
129,selection|ibm-granite/granite-3.3-8b-instruct|a,delta_pp:1,-0.2961,1.5478,-2.4379,1.6809,0.9079,selection,0.9105,False,abstain,False
129,selection|microsoft/Phi-3.5-mini-instruct|a,delta_pp:1,3.4425,4.0157,-0.27,6.416,0.8285,selection,1.8188,True,abstain,False
129,selection|Qwen/Qwen2.5-7B-Instruct|b,delta_pp:1,-0.3658,1.1131,-2.2136,1.2447,0.915,selection,-0.5102,False,abstain,False
129,selection|allenai/OLMo-2-1124-7B-Instruct|b,delta_pp:1,-0.8866,4.6495,-4.8805,1.919,0.8027,selection,0.3366,False,abstain,False
129,selection|ibm-granite/granite-3.3-8b-instruct|b,delta_pp:1,1.4178,1.8822,-1.564,3.1729,0.8686,selection,1.8088,True,abstain,False
129,selection|microsoft/Phi-3.5-mini-instruct|b,delta_pp:1,3.8631,4.4285,0.0847,6.9911,0.8502,selection,2.3681,True,abstain,False
129,selection|Qwen/Qwen2.5-7B-Instruct|c,delta_pp:1,-1.2019,0.9895,-2.8852,0.4081,0.8988,selection,-0.384,False,abstain,False
129,selection|allenai/OLMo-2-1124-7B-Instruct|c,delta_pp:1,1.4891,4.6573,-2.1957,4.7389,0.7604,selection,1.2233,True,abstain,True
129,selection|ibm-granite/granite-3.3-8b-instruct|c,delta_pp:1,1.151,1.6358,-0.9782,3.1763,0.8927,selection,1.1876,True,abstain,False
129,selection|microsoft/Phi-3.5-mini-instruct|c,delta_pp:1,3.6636,6.3079,-0.7601,7.1555,0.8766,selection,3.7391,True,abstain,False
130,selection|Qwen/Qwen2.5-7B-Instruct|a,delta_pp:1,0.7969,1.8999,-1.5276,3.0007,0.9351,selection,-0.401,False,abstain,False
130,selection|allenai/OLMo-2-1124-7B-Instruct|a,delta_pp:1,-2.3446,3.2799,-5.1125,0.7843,0.8344,selection,-0.8898,False,abstain,False
130,selection|ibm-granite/granite-3.3-8b-instruct|a,delta_pp:1,1.1794,2.4689,-1.0824,3.5936,0.8932,selection,0.9105,False,abstain,False
130,selection|microsoft/Phi-3.5-mini-instruct|a,delta_pp:1,1.7451,2.5078,-0.9018,4.1028,0.9577,selection,1.8188,True,abstain,False
130,selection|Qwen/Qwen2.5-7B-Instruct|b,delta_pp:1,0.4972,1.7787,-1.485,2.4253,0.9172,selection,-0.5102,False,abstain,False
130,selection|allenai/OLMo-2-1124-7B-Instruct|b,delta_pp:1,-1.0346,4.3399,-3.8076,3.1536,0.8309,selection,0.3366,False,abstain,False
130,selection|ibm-granite/granite-3.3-8b-instruct|b,delta_pp:1,3.1122,2.4656,1.2373,5.7738,0.9237,selection,1.8088,True,unsafe,False
130,selection|microsoft/Phi-3.5-mini-instruct|b,delta_pp:1,2.7574,5.1186,-0.8787,6.7381,0.9446,selection,2.3681,True,abstain,False
130,selection|Qwen/Qwen2.5-7B-Instruct|c,delta_pp:1,0.4972,1.6661,-1.6063,2.4708,0.9172,selection,-0.384,False,abstain,False
130,selection|allenai/OLMo-2-1124-7B-Instruct|c,delta_pp:1,-0.0196,3.5216,-3.1394,2.6848,0.8318,selection,1.2233,True,abstain,False
130,selection|ibm-granite/granite-3.3-8b-instruct|c,delta_pp:1,1.2153,1.924,-0.7834,3.5739,0.8628,selection,1.1876,True,abstain,False
130,selection|microsoft/Phi-3.5-mini-instruct|c,delta_pp:1,3.8075,6.4685,0.0813,8.3539,0.9092,selection,3.7391,True,abstain,False
131,selection|Qwen/Qwen2.5-7B-Instruct|a,delta_pp:1,0.8202,1.0357,-0.9334,2.0495,0.8107,selection,-0.401,False,abstain,False
131,selection|allenai/OLMo-2-1124-7B-Instruct|a,delta_pp:1,-1.0796,5.0476,-4.393,2.7744,0.8075,selection,-0.8898,False,abstain,False
131,selection|ibm-granite/granite-3.3-8b-instruct|a,delta_pp:1,1.8139,3.0765,-0.8926,4.778,0.8707,selection,0.9105,False,abstain,False
131,selection|microsoft/Phi-3.5-mini-instruct|a,delta_pp:1,2.1633,3.8651,-0.5614,4.8958,0.8645,selection,1.8188,True,abstain,False
131,selection|Qwen/Qwen2.5-7B-Instruct|b,delta_pp:1,0.9048,1.3444,-1.002,2.5121,0.7938,selection,-0.5102,False,abstain,True
131,selection|allenai/OLMo-2-1124-7B-Instruct|b,delta_pp:1,-0.7298,3.4788,-3.7275,2.5144,0.7985,selection,0.3366,False,abstain,True
131,selection|ibm-granite/granite-3.3-8b-instruct|b,delta_pp:1,3.8778,3.2073,1.1909,6.6818,0.8555,selection,1.8088,True,unsafe,False
131,selection|microsoft/Phi-3.5-mini-instruct|b,delta_pp:1,0.1941,5.4974,-3.4416,3.9617,0.8637,selection,2.3681,True,abstain,False
131,selection|Qwen/Qwen2.5-7B-Instruct|c,delta_pp:1,0.8307,1.1331,-0.9818,2.2764,0.809,selection,-0.384,False,abstain,False
131,selection|allenai/OLMo-2-1124-7B-Instruct|c,delta_pp:1,1.6499,4.6341,-1.4318,5.1916,0.786,selection,1.2233,True,abstain,True
131,selection|ibm-granite/granite-3.3-8b-instruct|c,delta_pp:1,3.1829,1.6354,0.831,5.2681,0.8608,selection,1.1876,True,abstain,False
131,selection|microsoft/Phi-3.5-mini-instruct|c,delta_pp:1,5.6907,5.9405,1.8932,9.9801,0.8924,selection,3.7391,True,unsafe,False
132,selection|Qwen/Qwen2.5-7B-Instruct|a,delta_pp:1,-0.9269,1.1096,-2.4703,0.7296,0.9047,selection,-0.401,False,abstain,False
132,selection|allenai/OLMo-2-1124-7B-Instruct|a,delta_pp:1,-0.5458,2.9884,-3.4072,2.1417,0.8398,selection,-0.8898,False,abstain,False
132,selection|ibm-granite/granite-3.3-8b-instruct|a,delta_pp:1,0.6994,2.0928,-1.7259,2.8648,0.9431,selection,0.9105,False,abstain,False
132,selection|microsoft/Phi-3.5-mini-instruct|a,delta_pp:1,0.0586,2.2556,-2.3978,2.4611,0.936,selection,1.8188,True,abstain,False
132,selection|Qwen/Qwen2.5-7B-Instruct|b,delta_pp:1,0.0499,0.8318,-1.3278,1.6839,0.9198,selection,-0.5102,False,abstain,False
132,selection|allenai/OLMo-2-1124-7B-Instruct|b,delta_pp:1,-1.5212,3.6509,-4.7715,1.3664,0.8372,selection,0.3366,False,abstain,False
132,selection|ibm-granite/granite-3.3-8b-instruct|b,delta_pp:1,1.0351,2.5215,-1.5517,3.6184,0.9369,selection,1.8088,True,abstain,False
132,selection|microsoft/Phi-3.5-mini-instruct|b,delta_pp:1,3.3654,4.078,0.3662,6.8454,0.9237,selection,2.3681,True,abstain,False
132,selection|Qwen/Qwen2.5-7B-Instruct|c,delta_pp:1,0.0871,1.2379,-1.8911,1.8628,0.8735,selection,-0.384,False,abstain,False
132,selection|allenai/OLMo-2-1124-7B-Instruct|c,delta_pp:1,0.4851,3.3866,-2.5523,3.7432,0.8247,selection,1.2233,True,abstain,False
132,selection|ibm-granite/granite-3.3-8b-instruct|c,delta_pp:1,0.035,1.3321,-1.6231,1.8163,0.9448,selection,1.1876,True,abstain,False
132,selection|microsoft/Phi-3.5-mini-instruct|c,delta_pp:1,4.0356,4.1055,0.8486,7.2891,0.9131,selection,3.7391,True,abstain,False
133,selection|Qwen/Qwen2.5-7B-Instruct|a,delta_pp:1,0.3945,1.8196,-1.6122,2.2014,0.8304,selection,-0.401,False,abstain,False
133,selection|allenai/OLMo-2-1124-7B-Instruct|a,delta_pp:1,-1.0716,4.5745,-4.3324,2.414,0.8161,selection,-0.8898,False,abstain,False
133,selection|ibm-granite/granite-3.3-8b-instruct|a,delta_pp:1,2.6282,3.0672,0.5406,5.9962,0.8973,selection,0.9105,False,abstain,False
133,selection|microsoft/Phi-3.5-mini-instruct|a,delta_pp:1,1.5821,5.0147,-1.6879,5.0166,0.8179,selection,1.8188,True,abstain,False
133,selection|Qwen/Qwen2.5-7B-Instruct|b,delta_pp:1,1.5833,2.0566,-0.5236,3.9422,0.842,selection,-0.5102,False,abstain,False
133,selection|allenai/OLMo-2-1124-7B-Instruct|b,delta_pp:1,-0.9721,3.8148,-4.6819,1.6506,0.8393,selection,0.3366,False,abstain,False
133,selection|ibm-granite/granite-3.3-8b-instruct|b,delta_pp:1,1.4819,3.8092,-0.9244,5.3337,0.8821,selection,1.8088,True,abstain,False
133,selection|microsoft/Phi-3.5-mini-instruct|b,delta_pp:1,3.47,5.9404,-0.6229,8.4228,0.8562,selection,2.3681,True,abstain,False
133,selection|Qwen/Qwen2.5-7B-Instruct|c,delta_pp:1,0.1165,2.1916,-2.2567,2.586,0.8277,selection,-0.384,False,abstain,False
133,selection|allenai/OLMo-2-1124-7B-Instruct|c,delta_pp:1,2.55,4.018,-1.3566,4.9851,0.7848,selection,1.2233,True,abstain,True
133,selection|ibm-granite/granite-3.3-8b-instruct|c,delta_pp:1,2.0354,2.9026,-0.8109,4.8394,0.8616,selection,1.1876,True,abstain,False
133,selection|microsoft/Phi-3.5-mini-instruct|c,delta_pp:1,4.0956,8.6684,-0.8407,8.4493,0.8911,selection,3.7391,True,abstain,False
134,selection|Qwen/Qwen2.5-7B-Instruct|a,delta_pp:1,1.7723,1.4326,-0.0595,3.725,0.8623,selection,-0.401,False,abstain,False
134,selection|allenai/OLMo-2-1124-7B-Instruct|a,delta_pp:1,0.4125,5.239,-3.6902,3.6261,0.7761,selection,-0.8898,False,abstain,True
134,selection|ibm-granite/granite-3.3-8b-instruct|a,delta_pp:1,0.0979,1.7616,-1.8744,2.1822,0.9106,selection,0.9105,False,abstain,False
134,selection|microsoft/Phi-3.5-mini-instruct|a,delta_pp:1,3.1933,3.0746,-0.0971,5.3978,0.8585,selection,1.8188,True,abstain,False
134,selection|Qwen/Qwen2.5-7B-Instruct|b,delta_pp:1,1.8175,1.5665,-0.1045,3.9383,0.8606,selection,-0.5102,False,abstain,False
134,selection|allenai/OLMo-2-1124-7B-Instruct|b,delta_pp:1,3.7623,4.2867,0.0467,7.1028,0.8385,selection,0.3366,False,abstain,False
134,selection|ibm-granite/granite-3.3-8b-instruct|b,delta_pp:1,2.2941,3.1927,-0.5747,5.404,0.92,selection,1.8088,True,abstain,False
134,selection|microsoft/Phi-3.5-mini-instruct|b,delta_pp:1,3.328,4.8304,-0.26,7.3223,0.9138,selection,2.3681,True,abstain,False
134,selection|Qwen/Qwen2.5-7B-Instruct|c,delta_pp:1,1.0167,1.4032,-0.8086,2.968,0.8762,selection,-0.384,False,abstain,False
134,selection|allenai/OLMo-2-1124-7B-Instruct|c,delta_pp:1,3.6728,3.4204,0.1466,6.3012,0.7814,selection,1.2233,True,abstain,True
134,selection|ibm-granite/granite-3.3-8b-instruct|c,delta_pp:1,4.57,3.4727,1.2806,7.2008,0.8197,selection,1.1876,True,unsafe,False
134,selection|microsoft/Phi-3.5-mini-instruct|c,delta_pp:1,5.542,6.929,0.9009,9.909,0.8926,selection,3.7391,True,abstain,False
135,selection|Qwen/Qwen2.5-7B-Instruct|a,delta_pp:1,0.1387,0.7643,-1.121,1.6828,0.8845,selection,-0.401,False,abstain,False
135,selection|allenai/OLMo-2-1124-7B-Instruct|a,delta_pp:1,0.133,3.1268,-2.5021,3.1993,0.8037,selection,-0.8898,False,abstain,False
135,selection|ibm-granite/granite-3.3-8b-instruct|a,delta_pp:1,2.9268,2.9423,0.1905,5.9161,0.8688,selection,0.9105,False,abstain,False
135,selection|microsoft/Phi-3.5-mini-instruct|a,delta_pp:1,2.4439,2.7308,-0.1864,5.0247,0.8477,selection,1.8188,True,abstain,False
135,selection|Qwen/Qwen2.5-7B-Instruct|b,delta_pp:1,-0.8721,0.9663,-2.3225,0.8015,0.8475,selection,-0.5102,False,abstain,False
135,selection|allenai/OLMo-2-1124-7B-Instruct|b,delta_pp:1,1.132,3.8786,-1.3624,4.351,0.7993,selection,0.3366,False,abstain,True
135,selection|ibm-granite/granite-3.3-8b-instruct|b,delta_pp:1,1.7656,2.7377,-0.6068,4.9327,0.8494,selection,1.8088,True,abstain,False
135,selection|microsoft/Phi-3.5-mini-instruct|b,delta_pp:1,2.5339,4.4842,-0.9809,6.6463,0.8372,selection,2.3681,True,abstain,False
135,selection|Qwen/Qwen2.5-7B-Instruct|c,delta_pp:1,0.421,0.9202,-1.0843,1.9719,0.8475,selection,-0.384,False,abstain,False
135,selection|allenai/OLMo-2-1124-7B-Instruct|c,delta_pp:1,0.8683,2.9347,-1.4937,4.2127,0.7913,selection,1.2233,True,abstain,True
135,selection|ibm-granite/granite-3.3-8b-instruct|c,delta_pp:1,3.3947,2.1752,0.9558,5.8047,0.8917,selection,1.1876,True,abstain,False
135,selection|microsoft/Phi-3.5-mini-instruct|c,delta_pp:1,5.3454,4.6821,1.9626,8.7445,0.8577,selection,3.7391,True,unsafe,False
136,selection|Qwen/Qwen2.5-7B-Instruct|a,delta_pp:1,-0.4554,0.6844,-1.9281,0.7635,0.9456,selection,-0.401,False,abstain,False
136,selection|allenai/OLMo-2-1124-7B-Instruct|a,delta_pp:1,-2.3777,3.3785,-5.4515,0.4584,0.8332,selection,-0.8898,False,abstain,False
136,selection|ibm-granite/granite-3.3-8b-instruct|a,delta_pp:1,-0.0381,1.4786,-1.9916,1.9863,0.9214,selection,0.9105,False,abstain,False
136,selection|microsoft/Phi-3.5-mini-instruct|a,delta_pp:1,2.6828,3.0603,-0.5617,5.3009,0.9074,selection,1.8188,True,abstain,False
136,selection|Qwen/Qwen2.5-7B-Instruct|b,delta_pp:1,-1.301,0.8249,-3.0891,0.1439,0.9103,selection,-0.5102,False,abstain,False
136,selection|allenai/OLMo-2-1124-7B-Instruct|b,delta_pp:1,-0.1626,4.472,-3.8568,3.0995,0.8685,selection,0.3366,False,abstain,False
136,selection|ibm-granite/granite-3.3-8b-instruct|b,delta_pp:1,2.2539,1.7287,0.0123,4.3507,0.9351,selection,1.8088,True,abstain,False
136,selection|microsoft/Phi-3.5-mini-instruct|b,delta_pp:1,3.6616,5.0083,0.1195,7.2504,0.9106,selection,2.3681,True,abstain,False
136,selection|Qwen/Qwen2.5-7B-Instruct|c,delta_pp:1,-0.0613,0.7161,-1.6011,1.2098,0.9284,selection,-0.384,False,abstain,False
136,selection|allenai/OLMo-2-1124-7B-Instruct|c,delta_pp:1,0.9926,4.0321,-2.4817,4.3409,0.8186,selection,1.2233,True,abstain,False
136,selection|ibm-granite/granite-3.3-8b-instruct|c,delta_pp:1,1.0193,1.5614,-0.9456,2.9295,0.9042,selection,1.1876,True,abstain,False
136,selection|microsoft/Phi-3.5-mini-instruct|c,delta_pp:1,3.312,4.5907,-0.196,7.1089,0.9209,selection,3.7391,True,abstain,False
137,selection|Qwen/Qwen2.5-7B-Instruct|a,delta_pp:1,0.4931,1.1111,-1.0414,2.2956,0.8763,selection,-0.401,False,abstain,False
137,selection|allenai/OLMo-2-1124-7B-Instruct|a,delta_pp:1,-0.6585,3.5159,-3.0928,2.8185,0.7412,selection,-0.8898,False,abstain,True
137,selection|ibm-granite/granite-3.3-8b-instruct|a,delta_pp:1,1.8068,2.1705,-0.6088,4.0715,0.8711,selection,0.9105,False,abstain,False
137,selection|microsoft/Phi-3.5-mini-instruct|a,delta_pp:1,3.205,3.39,0.5446,6.8212,0.8289,selection,1.8188,True,abstain,False
137,selection|Qwen/Qwen2.5-7B-Instruct|b,delta_pp:1,-0.4005,1.3092,-2.3285,1.5252,0.8088,selection,-0.5102,False,abstain,False
137,selection|allenai/OLMo-2-1124-7B-Instruct|b,delta_pp:1,0.9502,4.3421,-2.3082,4.2481,0.7667,selection,0.3366,False,abstain,True
137,selection|ibm-granite/granite-3.3-8b-instruct|b,delta_pp:1,1.8336,2.7466,-0.7459,4.4183,0.8658,selection,1.8088,True,abstain,False
137,selection|microsoft/Phi-3.5-mini-instruct|b,delta_pp:1,2.5466,4.5259,-0.6346,5.7945,0.8342,selection,2.3681,True,abstain,False
137,selection|Qwen/Qwen2.5-7B-Instruct|c,delta_pp:1,-0.13,1.1894,-1.8804,1.7625,0.843,selection,-0.384,False,abstain,False
137,selection|allenai/OLMo-2-1124-7B-Instruct|c,delta_pp:1,0.6567,3.6008,-2.4401,3.7449,0.7588,selection,1.2233,True,abstain,True
137,selection|ibm-granite/granite-3.3-8b-instruct|c,delta_pp:1,2.2557,1.6361,0.151,4.2284,0.7737,selection,1.1876,True,abstain,True
137,selection|microsoft/Phi-3.5-mini-instruct|c,delta_pp:1,2.2576,8.7469,-2.1781,6.8135,0.793,selection,3.7391,True,abstain,True
138,selection|Qwen/Qwen2.5-7B-Instruct|a,delta_pp:1,0.661,0.8966,-0.9028,2.3278,0.8522,selection,-0.401,False,abstain,False
138,selection|allenai/OLMo-2-1124-7B-Instruct|a,delta_pp:1,0.3479,2.9962,-2.5523,3.1476,0.8176,selection,-0.8898,False,abstain,False
138,selection|ibm-granite/granite-3.3-8b-instruct|a,delta_pp:1,1.1754,1.751,-1.1854,2.9009,0.8757,selection,0.9105,False,abstain,False
138,selection|microsoft/Phi-3.5-mini-instruct|a,delta_pp:1,3.1586,4.0181,-0.377,6.4499,0.8733,selection,1.8188,True,abstain,False
138,selection|Qwen/Qwen2.5-7B-Instruct|b,delta_pp:1,1.1615,1.4798,-0.6728,3.0849,0.8326,selection,-0.5102,False,abstain,False
138,selection|allenai/OLMo-2-1124-7B-Instruct|b,delta_pp:1,4.2591,5.2165,0.7939,8.0318,0.7839,selection,0.3366,False,abstain,True
138,selection|ibm-granite/granite-3.3-8b-instruct|b,delta_pp:1,1.8424,2.2115,-0.1652,4.3691,0.8722,selection,1.8088,True,abstain,False
138,selection|microsoft/Phi-3.5-mini-instruct|b,delta_pp:1,5.1787,4.9692,1.8007,8.6439,0.8698,selection,2.3681,True,unsafe,False
138,selection|Qwen/Qwen2.5-7B-Instruct|c,delta_pp:1,0.1439,1.1767,-1.644,1.8036,0.8352,selection,-0.384,False,abstain,False
138,selection|allenai/OLMo-2-1124-7B-Instruct|c,delta_pp:1,1.0728,3.4034,-1.6151,4.7729,0.7657,selection,1.2233,True,abstain,True
138,selection|ibm-granite/granite-3.3-8b-instruct|c,delta_pp:1,0.7327,1.4875,-1.4839,2.835,0.8469,selection,1.1876,True,abstain,False
138,selection|microsoft/Phi-3.5-mini-instruct|c,delta_pp:1,7.8819,7.1253,3.3099,12.0445,0.864,selection,3.7391,True,unsafe,False
139,selection|Qwen/Qwen2.5-7B-Instruct|a,delta_pp:1,1.8978,1.4726,0.359,4.152,0.8754,selection,-0.401,False,abstain,False
139,selection|allenai/OLMo-2-1124-7B-Instruct|a,delta_pp:1,-0.2167,4.1377,-2.997,3.4984,0.7746,selection,-0.8898,False,abstain,True
139,selection|ibm-granite/granite-3.3-8b-instruct|a,delta_pp:1,3.144,2.8637,0.8227,5.9982,0.8842,selection,0.9105,False,abstain,False
139,selection|microsoft/Phi-3.5-mini-instruct|a,delta_pp:1,2.4965,3.1613,0.3781,6.148,0.8465,selection,1.8188,True,abstain,False
139,selection|Qwen/Qwen2.5-7B-Instruct|b,delta_pp:1,0.7165,1.3596,-0.8523,2.9327,0.8596,selection,-0.5102,False,abstain,False
139,selection|allenai/OLMo-2-1124-7B-Instruct|b,delta_pp:1,2.6605,4.0579,-0.3589,5.776,0.7895,selection,0.3366,False,abstain,True
139,selection|ibm-granite/granite-3.3-8b-instruct|b,delta_pp:1,3.3681,3.0823,1.2227,6.3541,0.8991,selection,1.8088,True,unsafe,False
139,selection|microsoft/Phi-3.5-mini-instruct|b,delta_pp:1,4.6172,3.6023,2.1877,7.9799,0.9044,selection,2.3681,True,unsafe,False
139,selection|Qwen/Qwen2.5-7B-Instruct|c,delta_pp:1,0.6836,1.1992,-0.6823,2.8874,0.8272,selection,-0.384,False,abstain,False
139,selection|allenai/OLMo-2-1124-7B-Instruct|c,delta_pp:1,1.592,3.2667,-1.3605,4.701,0.7614,selection,1.2233,True,abstain,True
139,selection|ibm-granite/granite-3.3-8b-instruct|c,delta_pp:1,3.5833,2.7471,1.1532,6.1017,0.8693,selection,1.1876,True,unsafe,False
139,selection|microsoft/Phi-3.5-mini-instruct|c,delta_pp:1,5.7172,4.1847,2.5367,9.067,0.857,selection,3.7391,True,unsafe,False
140,selection|Qwen/Qwen2.5-7B-Instruct|a,delta_pp:1,-0.4367,1.7396,-2.8796,1.6318,0.8852,selection,-0.401,False,abstain,False
140,selection|allenai/OLMo-2-1124-7B-Instruct|a,delta_pp:1,-3.2117,3.8989,-6.7536,-0.1901,0.766,selection,-0.8898,False,abstain,True
140,selection|ibm-granite/granite-3.3-8b-instruct|a,delta_pp:1,0.5095,1.8194,-2.3519,2.616,0.8937,selection,0.9105,False,abstain,False
140,selection|microsoft/Phi-3.5-mini-instruct|a,delta_pp:1,-0.4647,4.6321,-4.0815,2.6385,0.8951,selection,1.8188,True,abstain,False
140,selection|Qwen/Qwen2.5-7B-Instruct|b,delta_pp:1,0.2093,1.3517,-1.7944,1.9531,0.8869,selection,-0.5102,False,abstain,False
140,selection|allenai/OLMo-2-1124-7B-Instruct|b,delta_pp:1,-1.0216,3.4672,-4.1223,1.5934,0.8504,selection,0.3366,False,abstain,False
140,selection|ibm-granite/granite-3.3-8b-instruct|b,delta_pp:1,1.0277,2.209,-1.5467,3.4605,0.8747,selection,1.8088,True,abstain,False
140,selection|microsoft/Phi-3.5-mini-instruct|b,delta_pp:1,0.2875,5.0925,-3.3303,3.7682,0.92,selection,2.3681,True,abstain,False
140,selection|Qwen/Qwen2.5-7B-Instruct|c,delta_pp:1,0.5496,1.463,-1.7474,2.2821,0.886,selection,-0.384,False,abstain,False
140,selection|allenai/OLMo-2-1124-7B-Instruct|c,delta_pp:1,-1.9935,5.0919,-5.6933,1.1848,0.7771,selection,1.2233,True,abstain,True
140,selection|ibm-granite/granite-3.3-8b-instruct|c,delta_pp:1,0.0968,1.8043,-1.9946,2.134,0.8308,selection,1.1876,True,abstain,False
140,selection|microsoft/Phi-3.5-mini-instruct|c,delta_pp:1,-1.8538,8.4433,-6.8858,2.6218,0.868,selection,3.7391,True,abstain,False
141,selection|Qwen/Qwen2.5-7B-Instruct|a,delta_pp:1,2.1392,0.8645,0.5504,3.5896,0.9112,selection,-0.401,False,abstain,False
141,selection|allenai/OLMo-2-1124-7B-Instruct|a,delta_pp:1,2.3343,3.389,-1.2762,4.4917,0.8919,selection,-0.8898,False,abstain,False
141,selection|ibm-granite/granite-3.3-8b-instruct|a,delta_pp:1,2.5977,1.4171,0.6732,4.253,0.9033,selection,0.9105,False,abstain,False
141,selection|microsoft/Phi-3.5-mini-instruct|a,delta_pp:1,2.9374,2.5825,0.321,5.2849,0.8989,selection,1.8188,True,abstain,False
141,selection|Qwen/Qwen2.5-7B-Instruct|b,delta_pp:1,1.0557,0.5821,-0.1919,2.3809,0.9284,selection,-0.5102,False,abstain,False
141,selection|allenai/OLMo-2-1124-7B-Instruct|b,delta_pp:1,3.5882,3.2959,0.5271,6.418,0.8229,selection,0.3366,False,abstain,False
141,selection|ibm-granite/granite-3.3-8b-instruct|b,delta_pp:1,3.6152,1.6478,1.8141,5.642,0.9007,selection,1.8088,True,unsafe,False
141,selection|microsoft/Phi-3.5-mini-instruct|b,delta_pp:1,2.9604,3.2775,-0.0968,5.8485,0.9419,selection,2.3681,True,abstain,False
141,selection|Qwen/Qwen2.5-7B-Instruct|c,delta_pp:1,1.8446,0.7883,0.5441,3.4836,0.9103,selection,-0.384,False,abstain,False
141,selection|allenai/OLMo-2-1124-7B-Instruct|c,delta_pp:1,2.4881,2.4864,0.0551,4.9393,0.9126,selection,1.2233,True,abstain,False
141,selection|ibm-granite/granite-3.3-8b-instruct|c,delta_pp:1,3.0619,1.3238,1.1284,4.9378,0.8878,selection,1.1876,True,unsafe,False
141,selection|microsoft/Phi-3.5-mini-instruct|c,delta_pp:1,4.7019,4.5056,1.0624,8.2182,0.9287,selection,3.7391,True,unsafe,False
142,selection|Qwen/Qwen2.5-7B-Instruct|a,delta_pp:1,-0.6425,1.198,-2.2428,1.3844,0.885,selection,-0.401,False,abstain,False
142,selection|allenai/OLMo-2-1124-7B-Instruct|a,delta_pp:1,-0.8068,2.7786,-3.4051,2.6805,0.8183,selection,-0.8898,False,abstain,False
142,selection|ibm-granite/granite-3.3-8b-instruct|a,delta_pp:1,0.1317,2.0113,-2.5865,2.128,0.9128,selection,0.9105,False,abstain,False
142,selection|microsoft/Phi-3.5-mini-instruct|a,delta_pp:1,-0.6801,3.141,-3.7412,1.9828,0.8897,selection,1.8188,True,abstain,False
142,selection|Qwen/Qwen2.5-7B-Instruct|b,delta_pp:1,-0.1,1.6704,-1.9034,2.0839,0.9002,selection,-0.5102,False,abstain,False
142,selection|allenai/OLMo-2-1124-7B-Instruct|b,delta_pp:1,-3.4027,2.6407,-5.8759,-0.5252,0.8148,selection,0.3366,False,abstain,False
142,selection|ibm-granite/granite-3.3-8b-instruct|b,delta_pp:1,1.0267,2.6936,-1.7815,3.5687,0.9254,selection,1.8088,True,abstain,False
142,selection|microsoft/Phi-3.5-mini-instruct|b,delta_pp:1,2.393,6.1778,-2.0205,6.6411,0.8749,selection,2.3681,True,abstain,False
142,selection|Qwen/Qwen2.5-7B-Instruct|c,delta_pp:1,-0.791,1.3636,-2.9119,0.9172,0.9037,selection,-0.384,False,abstain,False
142,selection|allenai/OLMo-2-1124-7B-Instruct|c,delta_pp:1,-0.7634,3.1458,-3.3188,1.8812,0.8166,selection,1.2233,True,abstain,False
142,selection|ibm-granite/granite-3.3-8b-instruct|c,delta_pp:1,0.6049,1.9947,-1.792,2.7788,0.895,selection,1.1876,True,abstain,False
142,selection|microsoft/Phi-3.5-mini-instruct|c,delta_pp:1,0.817,6.8403,-3.8542,4.78,0.9101,selection,3.7391,True,abstain,False
143,selection|Qwen/Qwen2.5-7B-Instruct|a,delta_pp:1,1.1463,1.189,-0.6931,2.8786,0.8836,selection,-0.401,False,abstain,False
143,selection|allenai/OLMo-2-1124-7B-Instruct|a,delta_pp:1,-3.3516,3.3257,-6.1334,-0.6759,0.7896,selection,-0.8898,False,abstain,True
143,selection|ibm-granite/granite-3.3-8b-instruct|a,delta_pp:1,1.437,1.6689,-0.5825,3.2083,0.8618,selection,0.9105,False,abstain,False
143,selection|microsoft/Phi-3.5-mini-instruct|a,delta_pp:1,2.1043,3.0061,-0.6143,5.0814,0.8869,selection,1.8188,True,abstain,False
143,selection|Qwen/Qwen2.5-7B-Instruct|b,delta_pp:1,0.4621,0.9822,-1.0143,2.1174,0.8853,selection,-0.5102,False,abstain,False
143,selection|allenai/OLMo-2-1124-7B-Instruct|b,delta_pp:1,-2.9676,2.7686,-5.4622,-0.1825,0.7852,selection,0.3366,False,abstain,True
143,selection|ibm-granite/granite-3.3-8b-instruct|b,delta_pp:1,2.3965,1.6109,0.7053,4.6884,0.893,selection,1.8088,True,abstain,False
143,selection|microsoft/Phi-3.5-mini-instruct|b,delta_pp:1,0.3923,3.8557,-2.5697,3.5311,0.8633,selection,2.3681,True,abstain,False
143,selection|Qwen/Qwen2.5-7B-Instruct|c,delta_pp:1,-0.3364,0.7958,-1.8504,1.1076,0.8715,selection,-0.384,False,abstain,False
143,selection|allenai/OLMo-2-1124-7B-Instruct|c,delta_pp:1,-3.6687,2.5388,-6.4534,-1.0878,0.7601,selection,1.2233,True,unsafe,True
143,selection|ibm-granite/granite-3.3-8b-instruct|c,delta_pp:1,1.5255,1.0567,-0.1855,3.0722,0.8202,selection,1.1876,True,abstain,False
143,selection|microsoft/Phi-3.5-mini-instruct|c,delta_pp:1,0.2564,4.7379,-3.163,4.0214,0.9091,selection,3.7391,True,abstain,False
144,selection|Qwen/Qwen2.5-7B-Instruct|a,delta_pp:1,0.134,0.844,-1.2579,1.5966,0.864,selection,-0.401,False,abstain,False
144,selection|allenai/OLMo-2-1124-7B-Instruct|a,delta_pp:1,-2.8361,3.1575,-5.5479,-0.0911,0.7754,selection,-0.8898,False,abstain,True
144,selection|ibm-granite/granite-3.3-8b-instruct|a,delta_pp:1,1.2054,1.8415,-1.1113,3.6418,0.8544,selection,0.9105,False,abstain,False
144,selection|microsoft/Phi-3.5-mini-instruct|a,delta_pp:1,2.5283,2.2108,0.0317,4.796,0.8132,selection,1.8188,True,abstain,False
144,selection|Qwen/Qwen2.5-7B-Instruct|b,delta_pp:1,0.2471,1.054,-1.369,1.6807,0.8465,selection,-0.5102,False,abstain,False
144,selection|allenai/OLMo-2-1124-7B-Instruct|b,delta_pp:1,1.4948,3.1272,-1.3833,3.9379,0.7763,selection,0.3366,False,abstain,True
144,selection|ibm-granite/granite-3.3-8b-instruct|b,delta_pp:1,2.8719,2.8467,-0.154,6.2197,0.85,selection,1.8088,True,abstain,False
144,selection|microsoft/Phi-3.5-mini-instruct|b,delta_pp:1,2.9839,3.1684,0.4031,5.6785,0.8842,selection,2.3681,True,abstain,False
144,selection|Qwen/Qwen2.5-7B-Instruct|c,delta_pp:1,-0.3038,0.7332,-1.7283,1.0426,0.8807,selection,-0.384,False,abstain,False
144,selection|allenai/OLMo-2-1124-7B-Instruct|c,delta_pp:1,0.3799,2.5332,-2.9076,2.3716,0.7947,selection,1.2233,True,abstain,True
144,selection|ibm-granite/granite-3.3-8b-instruct|c,delta_pp:1,1.429,1.2122,-0.3389,3.3474,0.8263,selection,1.1876,True,abstain,False
144,selection|microsoft/Phi-3.5-mini-instruct|c,delta_pp:1,4.2789,4.239,-0.0214,7.5502,0.8465,selection,3.7391,True,abstain,False
145,selection|Qwen/Qwen2.5-7B-Instruct|a,delta_pp:1,-1.0932,1.0024,-2.7807,0.7702,0.8739,selection,-0.401,False,abstain,False
145,selection|allenai/OLMo-2-1124-7B-Instruct|a,delta_pp:1,2.1148,4.7669,-1.4268,6.0226,0.8043,selection,-0.8898,False,abstain,False
145,selection|ibm-granite/granite-3.3-8b-instruct|a,delta_pp:1,1.3249,2.8563,-1.3604,4.3894,0.9409,selection,0.9105,False,abstain,False
145,selection|microsoft/Phi-3.5-mini-instruct|a,delta_pp:1,-0.4213,4.0231,-3.3801,2.8437,0.8296,selection,1.8188,True,abstain,False
145,selection|Qwen/Qwen2.5-7B-Instruct|b,delta_pp:1,-1.5796,1.5223,-3.4933,0.387,0.8922,selection,-0.5102,False,abstain,False
145,selection|allenai/OLMo-2-1124-7B-Instruct|b,delta_pp:1,1.7759,4.2972,-1.2278,4.6628,0.7661,selection,0.3366,False,abstain,True
145,selection|ibm-granite/granite-3.3-8b-instruct|b,delta_pp:1,0.7065,2.9125,-1.7486,3.5317,0.9357,selection,1.8088,True,abstain,False
145,selection|microsoft/Phi-3.5-mini-instruct|b,delta_pp:1,0.6108,4.453,-3.0019,3.4655,0.8643,selection,2.3681,True,abstain,False
145,selection|Qwen/Qwen2.5-7B-Instruct|c,delta_pp:1,-1.4321,1.0189,-3.1911,0.054,0.8357,selection,-0.384,False,abstain,False
145,selection|allenai/OLMo-2-1124-7B-Instruct|c,delta_pp:1,3.143,3.1338,0.3303,6.2117,0.713,selection,1.2233,True,abstain,True
145,selection|ibm-granite/granite-3.3-8b-instruct|c,delta_pp:1,-0.0547,2.3528,-2.2134,2.2268,0.8643,selection,1.1876,True,abstain,False
145,selection|microsoft/Phi-3.5-mini-instruct|c,delta_pp:1,2.7352,7.4019,-1.163,6.8478,0.8487,selection,3.7391,True,abstain,False
146,selection|Qwen/Qwen2.5-7B-Instruct|a,delta_pp:1,-1.786,0.8536,-3.158,-0.3782,0.8648,selection,-0.401,False,abstain,False
146,selection|allenai/OLMo-2-1124-7B-Instruct|a,delta_pp:1,1.4962,3.4302,-0.9716,4.5076,0.808,selection,-0.8898,False,abstain,False
146,selection|ibm-granite/granite-3.3-8b-instruct|a,delta_pp:1,-0.4049,1.7389,-2.0893,1.8788,0.8874,selection,0.9105,False,abstain,False
146,selection|microsoft/Phi-3.5-mini-instruct|a,delta_pp:1,1.8119,2.7258,-0.9425,4.2081,0.8123,selection,1.8188,True,abstain,False
146,selection|Qwen/Qwen2.5-7B-Instruct|b,delta_pp:1,-1.9404,0.6835,-3.079,-0.6912,0.8504,selection,-0.5102,False,abstain,False
146,selection|allenai/OLMo-2-1124-7B-Instruct|b,delta_pp:1,2.4036,4.084,-0.7455,5.9414,0.7613,selection,0.3366,False,abstain,True
146,selection|ibm-granite/granite-3.3-8b-instruct|b,delta_pp:1,0.9879,2.3113,-1.3748,3.322,0.8821,selection,1.8088,True,abstain,False
146,selection|microsoft/Phi-3.5-mini-instruct|b,delta_pp:1,-0.1897,3.4179,-3.0081,2.6531,0.8402,selection,2.3681,True,abstain,False
146,selection|Qwen/Qwen2.5-7B-Instruct|c,delta_pp:1,-0.9571,1.1547,-2.5579,0.7588,0.8182,selection,-0.384,False,abstain,False
146,selection|allenai/OLMo-2-1124-7B-Instruct|c,delta_pp:1,2.8566,3.3165,-0.3162,6.1253,0.7783,selection,1.2233,True,abstain,True
146,selection|ibm-granite/granite-3.3-8b-instruct|c,delta_pp:1,1.0044,1.6994,-0.8882,3.1274,0.8774,selection,1.1876,True,abstain,False
146,selection|microsoft/Phi-3.5-mini-instruct|c,delta_pp:1,1.8988,5.2272,-1.5746,6.0272,0.8593,selection,3.7391,True,abstain,False
147,selection|Qwen/Qwen2.5-7B-Instruct|a,delta_pp:1,-2.4437,1.6535,-4.6996,-0.5751,0.8255,selection,-0.401,False,abstain,False
147,selection|allenai/OLMo-2-1124-7B-Instruct|a,delta_pp:1,-2.9082,3.3408,-6.4759,0.1317,0.7886,selection,-0.8898,False,abstain,True
147,selection|ibm-granite/granite-3.3-8b-instruct|a,delta_pp:1,-0.8506,2.8011,-3.8079,1.2462,0.8388,selection,0.9105,False,abstain,False
147,selection|microsoft/Phi-3.5-mini-instruct|a,delta_pp:1,-0.4419,3.631,-3.9276,2.2652,0.8274,selection,1.8188,True,abstain,False
147,selection|Qwen/Qwen2.5-7B-Instruct|b,delta_pp:1,-2.8348,1.4865,-4.6903,-0.9901,0.7691,selection,-0.5102,False,abstain,True
147,selection|allenai/OLMo-2-1124-7B-Instruct|b,delta_pp:1,-1.2067,2.6948,-3.7227,1.2684,0.8486,selection,0.3366,False,abstain,False
147,selection|ibm-granite/granite-3.3-8b-instruct|b,delta_pp:1,0.8197,2.8228,-2.0136,2.7629,0.8361,selection,1.8088,True,abstain,False
147,selection|microsoft/Phi-3.5-mini-instruct|b,delta_pp:1,0.1603,3.747,-3.3411,3.2053,0.8398,selection,2.3681,True,abstain,False
147,selection|Qwen/Qwen2.5-7B-Instruct|c,delta_pp:1,-1.7031,1.402,-3.759,-0.1653,0.8096,selection,-0.384,False,abstain,False
147,selection|allenai/OLMo-2-1124-7B-Instruct|c,delta_pp:1,-0.2223,4.038,-3.3433,3.1038,0.7869,selection,1.2233,True,abstain,True
147,selection|ibm-granite/granite-3.3-8b-instruct|c,delta_pp:1,0.1048,1.7995,-2.3647,1.9759,0.7682,selection,1.1876,True,abstain,True
147,selection|microsoft/Phi-3.5-mini-instruct|c,delta_pp:1,0.726,5.2793,-3.129,4.1898,0.8646,selection,3.7391,True,abstain,False
148,selection|Qwen/Qwen2.5-7B-Instruct|a,delta_pp:1,0.8412,1.4705,-1.1371,2.5091,0.7995,selection,-0.401,False,abstain,True
148,selection|allenai/OLMo-2-1124-7B-Instruct|a,delta_pp:1,3.6937,4.8668,0.0595,7.3843,0.8238,selection,-0.8898,False,abstain,False
148,selection|ibm-granite/granite-3.3-8b-instruct|a,delta_pp:1,2.1284,2.5051,-0.3096,4.6248,0.8664,selection,0.9105,False,abstain,False
148,selection|microsoft/Phi-3.5-mini-instruct|a,delta_pp:1,3.9677,2.3666,1.4439,6.1619,0.8335,selection,1.8188,True,unsafe,False
148,selection|Qwen/Qwen2.5-7B-Instruct|b,delta_pp:1,1.4798,1.3623,-0.1063,3.2662,0.861,selection,-0.5102,False,abstain,False
148,selection|allenai/OLMo-2-1124-7B-Instruct|b,delta_pp:1,4.3201,4.4946,0.9661,7.6512,0.7623,selection,0.3366,False,abstain,True
148,selection|ibm-granite/granite-3.3-8b-instruct|b,delta_pp:1,3.5326,2.4212,0.6165,5.5974,0.8504,selection,1.8088,True,abstain,False
148,selection|microsoft/Phi-3.5-mini-instruct|b,delta_pp:1,3.6581,3.7649,0.3915,6.337,0.8328,selection,2.3681,True,abstain,False
148,selection|Qwen/Qwen2.5-7B-Instruct|c,delta_pp:1,1.8309,1.2463,-0.0644,3.4345,0.8004,selection,-0.384,False,abstain,False
148,selection|allenai/OLMo-2-1124-7B-Instruct|c,delta_pp:1,2.0928,5.3818,-1.7726,5.621,0.8176,selection,1.2233,True,abstain,False
148,selection|ibm-granite/granite-3.3-8b-instruct|c,delta_pp:1,1.7076,2.357,-0.7697,4.3742,0.8236,selection,1.1876,True,abstain,False
148,selection|microsoft/Phi-3.5-mini-instruct|c,delta_pp:1,8.2097,6.1961,3.6577,12.2087,0.8472,selection,3.7391,True,unsafe,False
149,selection|Qwen/Qwen2.5-7B-Instruct|a,delta_pp:1,-0.132,1.0105,-1.5838,1.3703,0.8601,selection,-0.401,False,abstain,False
149,selection|allenai/OLMo-2-1124-7B-Instruct|a,delta_pp:1,-1.9234,4.4841,-5.6788,0.9209,0.8337,selection,-0.8898,False,abstain,False
149,selection|ibm-granite/granite-3.3-8b-instruct|a,delta_pp:1,-0.5717,1.601,-2.6291,1.3521,0.8842,selection,0.9105,False,abstain,False
149,selection|microsoft/Phi-3.5-mini-instruct|a,delta_pp:1,3.6987,4.395,-0.2179,6.9704,0.8363,selection,1.8188,True,abstain,False
149,selection|Qwen/Qwen2.5-7B-Instruct|b,delta_pp:1,-0.2092,1.0039,-1.7476,1.3951,0.8726,selection,-0.5102,False,abstain,False
149,selection|allenai/OLMo-2-1124-7B-Instruct|b,delta_pp:1,1.2843,3.2015,-1.1608,3.8364,0.8515,selection,0.3366,False,abstain,False
149,selection|ibm-granite/granite-3.3-8b-instruct|b,delta_pp:1,2.0819,1.4757,0.0558,4.0413,0.8807,selection,1.8088,True,abstain,False
149,selection|microsoft/Phi-3.5-mini-instruct|b,delta_pp:1,2.835,5.2261,-1.0672,6.0725,0.8721,selection,2.3681,True,abstain,False
149,selection|Qwen/Qwen2.5-7B-Instruct|c,delta_pp:1,-0.2932,1.1082,-2.1828,1.206,0.8289,selection,-0.384,False,abstain,False
149,selection|allenai/OLMo-2-1124-7B-Instruct|c,delta_pp:1,1.8578,3.8892,-1.4213,4.8342,0.7445,selection,1.2233,True,abstain,True
149,selection|ibm-granite/granite-3.3-8b-instruct|c,delta_pp:1,-0.08,1.3917,-1.621,1.7953,0.8548,selection,1.1876,True,abstain,False
149,selection|microsoft/Phi-3.5-mini-instruct|c,delta_pp:1,6.7123,5.8034,2.4365,10.9479,0.8918,selection,3.7391,True,unsafe,False
150,selection|Qwen/Qwen2.5-7B-Instruct|a,delta_pp:1,0.1396,0.9016,-1.4632,1.4829,0.7978,selection,-0.401,False,abstain,True
150,selection|allenai/OLMo-2-1124-7B-Instruct|a,delta_pp:1,0.3263,4.1059,-2.836,3.3255,0.7703,selection,-0.8898,False,abstain,True
150,selection|ibm-granite/granite-3.3-8b-instruct|a,delta_pp:1,0.8438,1.9728,-1.5478,3.0758,0.7875,selection,0.9105,False,abstain,True
150,selection|microsoft/Phi-3.5-mini-instruct|a,delta_pp:1,-0.3011,3.3062,-3.6673,2.4286,0.8336,selection,1.8188,True,abstain,False
150,selection|Qwen/Qwen2.5-7B-Instruct|b,delta_pp:1,-0.5306,0.8716,-2.0201,0.7648,0.7995,selection,-0.5102,False,abstain,True
150,selection|allenai/OLMo-2-1124-7B-Instruct|b,delta_pp:1,0.7498,2.9194,-1.9773,3.3913,0.8293,selection,0.3366,False,abstain,False
150,selection|ibm-granite/granite-3.3-8b-instruct|b,delta_pp:1,2.1772,1.9627,-0.3672,4.4934,0.7858,selection,1.8088,True,abstain,True
150,selection|microsoft/Phi-3.5-mini-instruct|b,delta_pp:1,0.2486,3.9441,-3.347,3.0739,0.7703,selection,2.3681,True,abstain,True
150,selection|Qwen/Qwen2.5-7B-Instruct|c,delta_pp:1,-0.2412,0.7529,-1.676,0.9678,0.8004,selection,-0.384,False,abstain,False
150,selection|allenai/OLMo-2-1124-7B-Instruct|c,delta_pp:1,2.6628,4.0344,-0.5092,5.4543,0.7477,selection,1.2233,True,abstain,True
150,selection|ibm-granite/granite-3.3-8b-instruct|c,delta_pp:1,0.1288,1.9177,-2.1653,2.2124,0.7093,selection,1.1876,True,abstain,True
150,selection|microsoft/Phi-3.5-mini-instruct|c,delta_pp:1,2.6417,7.1483,-1.5103,7.2835,0.7523,selection,3.7391,True,abstain,True
151,selection|Qwen/Qwen2.5-7B-Instruct|a,delta_pp:1,-0.3681,1.3674,-2.2242,1.3668,0.8188,selection,-0.401,False,abstain,False
151,selection|allenai/OLMo-2-1124-7B-Instruct|a,delta_pp:1,-3.1707,3.9631,-5.8692,0.5975,0.7446,selection,-0.8898,False,abstain,True
151,selection|ibm-granite/granite-3.3-8b-instruct|a,delta_pp:1,-1.1141,2.6767,-3.3385,2.2279,0.8929,selection,0.9105,False,abstain,False
151,selection|microsoft/Phi-3.5-mini-instruct|a,delta_pp:1,1.9838,3.5064,-1.0853,4.8767,0.8509,selection,1.8188,True,abstain,False
151,selection|Qwen/Qwen2.5-7B-Instruct|b,delta_pp:1,0.3264,1.0163,-1.33,2.0367,0.8821,selection,-0.5102,False,abstain,False
151,selection|allenai/OLMo-2-1124-7B-Instruct|b,delta_pp:1,-1.2769,3.3537,-3.626,2.0046,0.7205,selection,0.3366,False,abstain,True
151,selection|ibm-granite/granite-3.3-8b-instruct|b,delta_pp:1,-1.9182,1.9559,-4.0539,0.4507,0.908,selection,1.8088,True,abstain,False
151,selection|microsoft/Phi-3.5-mini-instruct|b,delta_pp:1,0.6868,3.3725,-1.6801,3.8792,0.8812,selection,2.3681,True,abstain,False
151,selection|Qwen/Qwen2.5-7B-Instruct|c,delta_pp:1,-0.2909,1.2601,-2.0473,1.5697,0.8446,selection,-0.384,False,abstain,False
151,selection|allenai/OLMo-2-1124-7B-Instruct|c,delta_pp:1,0.1904,4.949,-2.2523,4.6415,0.7054,selection,1.2233,True,abstain,True
151,selection|ibm-granite/granite-3.3-8b-instruct|c,delta_pp:1,-1.1803,1.2211,-2.7451,0.9632,0.8679,selection,1.1876,True,abstain,False
151,selection|microsoft/Phi-3.5-mini-instruct|c,delta_pp:1,2.2589,5.2808,-1.1469,6.2413,0.858,selection,3.7391,True,abstain,False
152,selection|Qwen/Qwen2.5-7B-Instruct|a,delta_pp:1,0.7669,1.4955,-0.9421,2.7803,0.8706,selection,-0.401,False,abstain,False
152,selection|allenai/OLMo-2-1124-7B-Instruct|a,delta_pp:1,-2.053,6.2839,-6.1266,2.4966,0.8288,selection,-0.8898,False,abstain,False
152,selection|ibm-granite/granite-3.3-8b-instruct|a,delta_pp:1,1.0864,2.7602,-1.6346,4.1697,0.879,selection,0.9105,False,abstain,False
152,selection|microsoft/Phi-3.5-mini-instruct|a,delta_pp:1,2.788,4.6816,-0.2974,6.0908,0.8659,selection,1.8188,True,abstain,False
152,selection|Qwen/Qwen2.5-7B-Instruct|b,delta_pp:1,1.0956,1.622,-0.6102,3.4516,0.8714,selection,-0.5102,False,abstain,False
152,selection|allenai/OLMo-2-1124-7B-Instruct|b,delta_pp:1,2.9419,6.4694,-0.9201,7.398,0.8227,selection,0.3366,False,abstain,False
152,selection|ibm-granite/granite-3.3-8b-instruct|b,delta_pp:1,3.4987,3.477,0.7471,6.9382,0.8419,selection,1.8088,True,abstain,False
152,selection|microsoft/Phi-3.5-mini-instruct|b,delta_pp:1,3.1457,6.4216,-0.3862,7.5356,0.858,selection,2.3681,True,abstain,False
152,selection|Qwen/Qwen2.5-7B-Instruct|c,delta_pp:1,-0.4943,1.9309,-2.7618,2.0709,0.8524,selection,-0.384,False,abstain,False
152,selection|allenai/OLMo-2-1124-7B-Instruct|c,delta_pp:1,3.3129,5.7625,-0.3459,7.7197,0.8124,selection,1.2233,True,abstain,False
152,selection|ibm-granite/granite-3.3-8b-instruct|c,delta_pp:1,2.1871,2.3221,-0.4255,4.2209,0.8326,selection,1.1876,True,abstain,False
152,selection|microsoft/Phi-3.5-mini-instruct|c,delta_pp:1,7.118,7.831,2.9572,12.1708,0.8586,selection,3.7391,True,unsafe,False
153,selection|Qwen/Qwen2.5-7B-Instruct|a,delta_pp:1,-0.6326,1.1222,-2.1805,1.136,0.8455,selection,-0.401,False,abstain,False
153,selection|allenai/OLMo-2-1124-7B-Instruct|a,delta_pp:1,-0.3532,5.0099,-4.2657,3.0918,0.7804,selection,-0.8898,False,abstain,True
153,selection|ibm-granite/granite-3.3-8b-instruct|a,delta_pp:1,1.0039,0.9406,-0.3041,2.6143,0.9429,selection,0.9105,False,abstain,False
153,selection|microsoft/Phi-3.5-mini-instruct|a,delta_pp:1,3.1061,3.3064,-0.2475,5.9876,0.8643,selection,1.8188,True,abstain,False
153,selection|Qwen/Qwen2.5-7B-Instruct|b,delta_pp:1,-0.4396,1.3326,-2.0615,1.7245,0.8321,selection,-0.5102,False,abstain,False
153,selection|allenai/OLMo-2-1124-7B-Instruct|b,delta_pp:1,1.1257,3.7969,-2.0535,3.6523,0.7946,selection,0.3366,False,abstain,True
153,selection|ibm-granite/granite-3.3-8b-instruct|b,delta_pp:1,0.7675,1.6737,-1.051,3.1121,0.8884,selection,1.8088,True,abstain,False
153,selection|microsoft/Phi-3.5-mini-instruct|b,delta_pp:1,3.5546,4.1732,0.0954,6.5815,0.8562,selection,2.3681,True,abstain,False
153,selection|Qwen/Qwen2.5-7B-Instruct|c,delta_pp:1,-0.6214,1.0436,-2.0303,1.3174,0.8696,selection,-0.384,False,abstain,False
153,selection|allenai/OLMo-2-1124-7B-Instruct|c,delta_pp:1,1.292,4.3287,-2.2417,4.4924,0.7812,selection,1.2233,True,abstain,True
153,selection|ibm-granite/granite-3.3-8b-instruct|c,delta_pp:1,1.3824,1.5313,-0.4491,3.2936,0.842,selection,1.1876,True,abstain,False
153,selection|microsoft/Phi-3.5-mini-instruct|c,delta_pp:1,6.3843,5.3273,2.9631,9.9242,0.8902,selection,3.7391,True,unsafe,False
154,selection|Qwen/Qwen2.5-7B-Instruct|a,delta_pp:1,0.8576,1.3496,-1.2934,2.3872,0.8648,selection,-0.401,False,abstain,False
154,selection|allenai/OLMo-2-1124-7B-Instruct|a,delta_pp:1,-0.003,3.114,-2.7364,2.4515,0.7335,selection,-0.8898,False,abstain,True
154,selection|ibm-granite/granite-3.3-8b-instruct|a,delta_pp:1,3.1425,1.9968,0.9317,5.0595,0.8722,selection,0.9105,False,abstain,False
154,selection|microsoft/Phi-3.5-mini-instruct|a,delta_pp:1,4.4687,3.7179,1.169,7.4791,0.8367,selection,1.8188,True,unsafe,False
154,selection|Qwen/Qwen2.5-7B-Instruct|b,delta_pp:1,-0.6354,1.2232,-2.9122,0.7418,0.8487,selection,-0.5102,False,abstain,False
154,selection|allenai/OLMo-2-1124-7B-Instruct|b,delta_pp:1,0.0124,2.894,-2.9929,2.4518,0.815,selection,0.3366,False,abstain,False
154,selection|ibm-granite/granite-3.3-8b-instruct|b,delta_pp:1,3.9406,2.5543,1.2898,6.6568,0.8534,selection,1.8088,True,unsafe,False
154,selection|microsoft/Phi-3.5-mini-instruct|b,delta_pp:1,4.3791,2.9865,1.5562,7.1131,0.8502,selection,2.3681,True,unsafe,False
154,selection|Qwen/Qwen2.5-7B-Instruct|c,delta_pp:1,0.1011,0.9716,-1.8093,1.4285,0.8818,selection,-0.384,False,abstain,False
154,selection|allenai/OLMo-2-1124-7B-Instruct|c,delta_pp:1,1.6668,3.7043,-1.0361,4.8546,0.8123,selection,1.2233,True,abstain,False
154,selection|ibm-granite/granite-3.3-8b-instruct|c,delta_pp:1,3.4942,1.8208,0.9672,5.3834,0.8282,selection,1.1876,True,abstain,False
154,selection|microsoft/Phi-3.5-mini-instruct|c,delta_pp:1,6.1845,5.3607,2.483,10.145,0.83,selection,3.7391,True,unsafe,False
155,selection|Qwen/Qwen2.5-7B-Instruct|a,delta_pp:1,-0.5019,1.878,-2.4189,1.762,0.8492,selection,-0.401,False,abstain,False
155,selection|allenai/OLMo-2-1124-7B-Instruct|a,delta_pp:1,2.5613,3.4967,-0.6456,5.7921,0.7431,selection,-0.8898,False,abstain,True
155,selection|ibm-granite/granite-3.3-8b-instruct|a,delta_pp:1,2.3882,2.607,-0.1429,4.9662,0.8645,selection,0.9105,False,abstain,False
155,selection|microsoft/Phi-3.5-mini-instruct|a,delta_pp:1,3.4449,4.4082,0.6766,7.7314,0.8083,selection,1.8188,True,abstain,False
155,selection|Qwen/Qwen2.5-7B-Instruct|b,delta_pp:1,-0.5148,1.511,-2.3876,1.2827,0.8509,selection,-0.5102,False,abstain,False
155,selection|allenai/OLMo-2-1124-7B-Instruct|b,delta_pp:1,0.0626,3.5966,-2.5315,3.4309,0.7726,selection,0.3366,False,abstain,True
155,selection|ibm-granite/granite-3.3-8b-instruct|b,delta_pp:1,4.0235,4.3058,0.722,7.5309,0.8172,selection,1.8088,True,abstain,False
155,selection|microsoft/Phi-3.5-mini-instruct|b,delta_pp:1,4.3266,5.5324,0.8667,9.3087,0.8209,selection,2.3681,True,abstain,False
155,selection|Qwen/Qwen2.5-7B-Instruct|c,delta_pp:1,-0.6488,2.0091,-2.8719,1.7292,0.8215,selection,-0.384,False,abstain,False
155,selection|allenai/OLMo-2-1124-7B-Instruct|c,delta_pp:1,2.0892,3.8707,-0.8365,5.9413,0.7145,selection,1.2233,True,abstain,True
155,selection|ibm-granite/granite-3.3-8b-instruct|c,delta_pp:1,2.0905,2.1515,-0.1033,4.8341,0.8573,selection,1.1876,True,abstain,False
155,selection|microsoft/Phi-3.5-mini-instruct|c,delta_pp:1,6.7374,7.9889,2.4622,11.5772,0.8139,selection,3.7391,True,unsafe,False
156,selection|Qwen/Qwen2.5-7B-Instruct|a,delta_pp:1,-1.0276,1.3899,-3.1195,0.9553,0.8485,selection,-0.401,False,abstain,False
156,selection|allenai/OLMo-2-1124-7B-Instruct|a,delta_pp:1,-1.8843,3.7861,-4.6971,1.477,0.8229,selection,-0.8898,False,abstain,False
156,selection|ibm-granite/granite-3.3-8b-instruct|a,delta_pp:1,0.6704,1.8857,-1.015,2.9618,0.9244,selection,0.9105,False,abstain,False
156,selection|microsoft/Phi-3.5-mini-instruct|a,delta_pp:1,2.7224,2.7728,-0.4679,4.9723,0.9053,selection,1.8188,True,abstain,False
156,selection|Qwen/Qwen2.5-7B-Instruct|b,delta_pp:1,-1.5113,1.1743,-3.1327,0.2769,0.8926,selection,-0.5102,False,abstain,False
156,selection|allenai/OLMo-2-1124-7B-Instruct|b,delta_pp:1,-2.1516,4.203,-5.1079,1.8114,0.8938,selection,0.3366,False,abstain,False
156,selection|ibm-granite/granite-3.3-8b-instruct|b,delta_pp:1,1.6024,2.2614,-0.7128,4.2246,0.9391,selection,1.8088,True,abstain,False
156,selection|microsoft/Phi-3.5-mini-instruct|b,delta_pp:1,3.9695,3.3047,0.953,6.6622,0.9276,selection,2.3681,True,abstain,False
156,selection|Qwen/Qwen2.5-7B-Instruct|c,delta_pp:1,-0.6925,1.4492,-2.5546,1.2064,0.8476,selection,-0.384,False,abstain,False
156,selection|allenai/OLMo-2-1124-7B-Instruct|c,delta_pp:1,2.029,4.3643,-1.2929,5.305,0.8385,selection,1.2233,True,abstain,False
156,selection|ibm-granite/granite-3.3-8b-instruct|c,delta_pp:1,-0.2896,1.6141,-2.2105,1.3643,0.9168,selection,1.1876,True,abstain,False
156,selection|microsoft/Phi-3.5-mini-instruct|c,delta_pp:1,4.4227,5.343,0.6759,7.9917,0.8935,selection,3.7391,True,abstain,False
157,selection|Qwen/Qwen2.5-7B-Instruct|a,delta_pp:1,1.7872,1.1853,0.091,3.907,0.9096,selection,-0.401,False,abstain,False
157,selection|allenai/OLMo-2-1124-7B-Instruct|a,delta_pp:1,-1.5334,3.7316,-4.601,1.5144,0.8684,selection,-0.8898,False,abstain,False
157,selection|ibm-granite/granite-3.3-8b-instruct|a,delta_pp:1,3.3823,2.3971,0.6388,5.5811,0.9175,selection,0.9105,False,abstain,False
157,selection|microsoft/Phi-3.5-mini-instruct|a,delta_pp:1,3.7046,4.4414,0.2611,7.1207,0.8737,selection,1.8188,True,abstain,False
157,selection|Qwen/Qwen2.5-7B-Instruct|b,delta_pp:1,2.4505,1.2172,0.7335,4.2556,0.9096,selection,-0.5102,False,abstain,False
157,selection|allenai/OLMo-2-1124-7B-Instruct|b,delta_pp:1,2.9839,4.0256,0.217,6.7332,0.8842,selection,0.3366,False,abstain,False
157,selection|ibm-granite/granite-3.3-8b-instruct|b,delta_pp:1,3.4961,2.8826,1.0768,6.3386,0.9482,selection,1.8088,True,unsafe,False
157,selection|microsoft/Phi-3.5-mini-instruct|b,delta_pp:1,2.5461,4.1611,-0.7679,5.8659,0.9009,selection,2.3681,True,abstain,False
157,selection|Qwen/Qwen2.5-7B-Instruct|c,delta_pp:1,1.7872,1.2733,0.0445,3.5923,0.9096,selection,-0.384,False,abstain,False
157,selection|allenai/OLMo-2-1124-7B-Instruct|c,delta_pp:1,1.783,3.3801,-1.0913,5.0773,0.8684,selection,1.2233,True,abstain,False
157,selection|ibm-granite/granite-3.3-8b-instruct|c,delta_pp:1,3.508,1.7753,1.1274,5.4164,0.9018,selection,1.1876,True,unsafe,False
157,selection|microsoft/Phi-3.5-mini-instruct|c,delta_pp:1,1.502,5.4034,-2.6035,5.5166,0.907,selection,3.7391,True,abstain,False
158,selection|Qwen/Qwen2.5-7B-Instruct|a,delta_pp:1,-1.3141,1.3902,-3.2413,0.5559,0.8295,selection,-0.401,False,abstain,False
158,selection|allenai/OLMo-2-1124-7B-Instruct|a,delta_pp:1,2.9297,3.9514,-0.1129,6.1148,0.8509,selection,-0.8898,False,abstain,False
158,selection|ibm-granite/granite-3.3-8b-instruct|a,delta_pp:1,2.1582,2.1848,0.4875,4.7823,0.8732,selection,0.9105,False,abstain,False
158,selection|microsoft/Phi-3.5-mini-instruct|a,delta_pp:1,3.4556,2.9296,0.1125,5.5065,0.8795,selection,1.8188,True,abstain,False
158,selection|Qwen/Qwen2.5-7B-Instruct|b,delta_pp:1,0.3827,1.4377,-1.7196,2.3944,0.817,selection,-0.5102,False,abstain,False
158,selection|allenai/OLMo-2-1124-7B-Instruct|b,delta_pp:1,3.3294,3.5972,0.1221,6.0839,0.8348,selection,0.3366,False,abstain,False
158,selection|ibm-granite/granite-3.3-8b-instruct|b,delta_pp:1,1.502,2.2412,-0.845,3.6596,0.8714,selection,1.8088,True,abstain,False
158,selection|microsoft/Phi-3.5-mini-instruct|b,delta_pp:1,3.6705,4.0134,-0.0066,6.5501,0.9161,selection,2.3681,True,abstain,False
158,selection|Qwen/Qwen2.5-7B-Instruct|c,delta_pp:1,-0.659,1.4919,-2.6657,1.4346,0.8277,selection,-0.384,False,abstain,False
158,selection|allenai/OLMo-2-1124-7B-Instruct|c,delta_pp:1,4.7485,3.7786,1.8856,7.6757,0.8098,selection,1.2233,True,unsafe,False
158,selection|ibm-granite/granite-3.3-8b-instruct|c,delta_pp:1,1.8862,1.6761,0.0273,4.0119,0.8527,selection,1.1876,True,abstain,False
158,selection|microsoft/Phi-3.5-mini-instruct|c,delta_pp:1,3.1341,5.7792,-0.9663,6.5713,0.8786,selection,3.7391,True,abstain,False
159,selection|Qwen/Qwen2.5-7B-Instruct|a,delta_pp:1,-1.0768,1.5703,-3.3055,0.8758,0.8501,selection,-0.401,False,abstain,False
159,selection|allenai/OLMo-2-1124-7B-Instruct|a,delta_pp:1,-0.1828,5.1221,-4.1689,3.1569,0.6905,selection,-0.8898,False,abstain,True
159,selection|ibm-granite/granite-3.3-8b-instruct|a,delta_pp:1,-1.0582,1.5445,-2.763,1.2841,0.8841,selection,0.9105,False,abstain,False
159,selection|microsoft/Phi-3.5-mini-instruct|a,delta_pp:1,-1.367,3.772,-4.3634,2.3091,0.8842,selection,1.8188,True,abstain,False
159,selection|Qwen/Qwen2.5-7B-Instruct|b,delta_pp:1,-1.7225,1.8253,-3.9459,0.5487,0.8483,selection,-0.5102,False,abstain,False
159,selection|allenai/OLMo-2-1124-7B-Instruct|b,delta_pp:1,1.4466,4.9257,-2.074,4.479,0.7914,selection,0.3366,False,abstain,True
159,selection|ibm-granite/granite-3.3-8b-instruct|b,delta_pp:1,0.1181,1.7201,-1.57,2.4626,0.8992,selection,1.8088,True,abstain,False
159,selection|microsoft/Phi-3.5-mini-instruct|b,delta_pp:1,-0.616,3.7392,-3.229,3.1316,0.8753,selection,2.3681,True,abstain,False
159,selection|Qwen/Qwen2.5-7B-Instruct|c,delta_pp:1,-2.4431,1.6585,-4.2837,0.0829,0.8206,selection,-0.384,False,abstain,False
159,selection|allenai/OLMo-2-1124-7B-Instruct|c,delta_pp:1,2.5609,5.2232,-1.4444,5.6248,0.7459,selection,1.2233,True,abstain,True
159,selection|ibm-granite/granite-3.3-8b-instruct|c,delta_pp:1,0.1521,1.4409,-1.6213,2.0189,0.8599,selection,1.1876,True,abstain,False
159,selection|microsoft/Phi-3.5-mini-instruct|c,delta_pp:1,2.6407,5.6905,-0.7618,6.7379,0.8479,selection,3.7391,True,abstain,False
160,selection|Qwen/Qwen2.5-7B-Instruct|a,delta_pp:1,2.0417,1.4561,-0.0962,3.3857,0.8631,selection,-0.401,False,abstain,False
160,selection|allenai/OLMo-2-1124-7B-Instruct|a,delta_pp:1,-1.1613,4.0941,-4.2102,2.4833,0.7604,selection,-0.8898,False,abstain,True
160,selection|ibm-granite/granite-3.3-8b-instruct|a,delta_pp:1,1.3429,2.3475,-1.3614,3.4704,0.8678,selection,0.9105,False,abstain,False
160,selection|microsoft/Phi-3.5-mini-instruct|a,delta_pp:1,3.3952,3.6717,0.3928,6.7564,0.9109,selection,1.8188,True,abstain,False
160,selection|Qwen/Qwen2.5-7B-Instruct|b,delta_pp:1,1.6028,1.1718,-0.1915,3.0482,0.8809,selection,-0.5102,False,abstain,False
160,selection|allenai/OLMo-2-1124-7B-Instruct|b,delta_pp:1,-0.6954,4.5499,-3.8186,3.2232,0.7839,selection,0.3366,False,abstain,True
160,selection|ibm-granite/granite-3.3-8b-instruct|b,delta_pp:1,2.4933,2.7711,-0.2008,5.0861,0.8983,selection,1.8088,True,abstain,False
160,selection|microsoft/Phi-3.5-mini-instruct|b,delta_pp:1,3.7602,4.5553,0.8489,7.6795,0.903,selection,2.3681,True,abstain,False
160,selection|Qwen/Qwen2.5-7B-Instruct|c,delta_pp:1,1.3897,0.9414,-0.4366,2.8246,0.8648,selection,-0.384,False,abstain,False
160,selection|allenai/OLMo-2-1124-7B-Instruct|c,delta_pp:1,1.8187,3.0593,-1.2596,4.3779,0.7997,selection,1.2233,True,abstain,True
160,selection|ibm-granite/granite-3.3-8b-instruct|c,delta_pp:1,1.742,1.9605,-1.173,3.5681,0.8587,selection,1.1876,True,abstain,False
160,selection|microsoft/Phi-3.5-mini-instruct|c,delta_pp:1,5.5256,6.204,1.8946,9.9054,0.8915,selection,3.7391,True,unsafe,False
161,selection|Qwen/Qwen2.5-7B-Instruct|a,delta_pp:1,1.7475,1.9639,-0.4983,3.9867,0.8723,selection,-0.401,False,abstain,False
161,selection|allenai/OLMo-2-1124-7B-Instruct|a,delta_pp:1,-1.9927,4.2487,-4.7648,1.0299,0.8443,selection,-0.8898,False,abstain,False
161,selection|ibm-granite/granite-3.3-8b-instruct|a,delta_pp:1,0.1228,2.6848,-2.6867,2.4039,0.929,selection,0.9105,False,abstain,False
161,selection|microsoft/Phi-3.5-mini-instruct|a,delta_pp:1,4.6735,4.362,1.2859,8.1328,0.8814,selection,1.8188,True,unsafe,False
161,selection|Qwen/Qwen2.5-7B-Instruct|b,delta_pp:1,0.3559,1.9041,-1.8402,2.5947,0.8869,selection,-0.5102,False,abstain,False
161,selection|allenai/OLMo-2-1124-7B-Instruct|b,delta_pp:1,-1.1682,4.7428,-4.9845,2.0047,0.8098,selection,0.3366,False,abstain,False
161,selection|ibm-granite/granite-3.3-8b-instruct|b,delta_pp:1,-0.7881,2.6423,-3.4899,1.8909,0.9153,selection,1.8088,True,abstain,False
161,selection|microsoft/Phi-3.5-mini-instruct|b,delta_pp:1,4.9454,4.0529,1.6164,8.3634,0.8951,selection,2.3681,True,unsafe,False
161,selection|Qwen/Qwen2.5-7B-Instruct|c,delta_pp:1,1.3759,1.5405,-0.657,3.4481,0.8749,selection,-0.384,False,abstain,False
161,selection|allenai/OLMo-2-1124-7B-Instruct|c,delta_pp:1,1.0384,5.8336,-3.5005,4.8205,0.7701,selection,1.2233,True,abstain,True
161,selection|ibm-granite/granite-3.3-8b-instruct|c,delta_pp:1,-0.2007,2.753,-2.8896,2.3268,0.8653,selection,1.1876,True,abstain,False
161,selection|microsoft/Phi-3.5-mini-instruct|c,delta_pp:1,7.9955,6.59,3.4344,12.3058,0.8879,selection,3.7391,True,unsafe,False
162,selection|Qwen/Qwen2.5-7B-Instruct|a,delta_pp:1,0.0882,0.8854,-1.7177,1.6548,0.9145,selection,-0.401,False,abstain,False
162,selection|allenai/OLMo-2-1124-7B-Instruct|a,delta_pp:1,3.0651,3.2591,0.1559,6.0024,0.7968,selection,-0.8898,False,abstain,True
162,selection|ibm-granite/granite-3.3-8b-instruct|a,delta_pp:1,3.4804,2.6023,0.5424,5.6657,0.9056,selection,0.9105,False,abstain,False
162,selection|microsoft/Phi-3.5-mini-instruct|a,delta_pp:1,6.1319,3.4991,2.993,9.0771,0.9058,selection,1.8188,True,unsafe,False
162,selection|Qwen/Qwen2.5-7B-Instruct|b,delta_pp:1,-0.7124,0.6873,-2.1104,0.618,0.9289,selection,-0.5102,False,abstain,False
162,selection|allenai/OLMo-2-1124-7B-Instruct|b,delta_pp:1,4.544,4.1345,1.434,7.7661,0.8085,selection,0.3366,False,unsafe,False
162,selection|ibm-granite/granite-3.3-8b-instruct|b,delta_pp:1,5.3458,3.573,1.8941,8.3893,0.885,selection,1.8088,True,unsafe,False
162,selection|microsoft/Phi-3.5-mini-instruct|b,delta_pp:1,6.393,5.0636,2.4302,9.7069,0.8825,selection,2.3681,True,unsafe,False
162,selection|Qwen/Qwen2.5-7B-Instruct|c,delta_pp:1,-0.3898,0.7882,-1.9044,1.0895,0.9001,selection,-0.384,False,abstain,False
162,selection|allenai/OLMo-2-1124-7B-Instruct|c,delta_pp:1,3.2214,3.3424,0.6387,6.9838,0.8103,selection,1.2233,True,abstain,False
162,selection|ibm-granite/granite-3.3-8b-instruct|c,delta_pp:1,3.7591,2.5461,1.4296,6.3098,0.8786,selection,1.1876,True,unsafe,False
162,selection|microsoft/Phi-3.5-mini-instruct|c,delta_pp:1,8.3068,5.7608,4.0207,13.2266,0.9232,selection,3.7391,True,unsafe,False
163,selection|Qwen/Qwen2.5-7B-Instruct|a,delta_pp:1,0.8236,0.6031,-0.3766,2.241,0.8749,selection,-0.401,False,abstain,False
163,selection|allenai/OLMo-2-1124-7B-Instruct|a,delta_pp:1,3.089,3.5404,-0.1204,6.0417,0.8504,selection,-0.8898,False,abstain,False
163,selection|ibm-granite/granite-3.3-8b-instruct|a,delta_pp:1,2.7294,2.2821,0.3404,4.9282,0.9498,selection,0.9105,False,abstain,False
163,selection|microsoft/Phi-3.5-mini-instruct|a,delta_pp:1,3.513,2.7331,0.9774,6.1634,0.8419,selection,1.8188,True,abstain,False
163,selection|Qwen/Qwen2.5-7B-Instruct|b,delta_pp:1,0.5614,0.9929,-0.9588,2.2642,0.8387,selection,-0.5102,False,abstain,False
163,selection|allenai/OLMo-2-1124-7B-Instruct|b,delta_pp:1,0.2126,4.8853,-3.5416,4.0352,0.8142,selection,0.3366,False,abstain,False
163,selection|ibm-granite/granite-3.3-8b-instruct|b,delta_pp:1,3.8965,2.4667,1.6788,6.4058,0.8972,selection,1.8088,True,unsafe,False
163,selection|microsoft/Phi-3.5-mini-instruct|b,delta_pp:1,2.5041,3.5395,-0.1786,5.4913,0.8469,selection,2.3681,True,abstain,False
163,selection|Qwen/Qwen2.5-7B-Instruct|c,delta_pp:1,0.2191,0.8863,-0.918,2.0042,0.8732,selection,-0.384,False,abstain,False
163,selection|allenai/OLMo-2-1124-7B-Instruct|c,delta_pp:1,2.8464,4.5414,-0.6716,5.4959,0.8124,selection,1.2233,True,abstain,False
163,selection|ibm-granite/granite-3.3-8b-instruct|c,delta_pp:1,3.1553,1.392,0.9882,5.1245,0.8706,selection,1.1876,True,abstain,False
163,selection|microsoft/Phi-3.5-mini-instruct|c,delta_pp:1,7.7051,6.6559,3.7335,12.3995,0.8268,selection,3.7391,True,unsafe,False
164,selection|Qwen/Qwen2.5-7B-Instruct|a,delta_pp:1,1.0766,1.2127,-1.0783,2.4022,0.8578,selection,-0.401,False,abstain,False
164,selection|allenai/OLMo-2-1124-7B-Instruct|a,delta_pp:1,-2.6099,2.9845,-5.3613,0.0275,0.7707,selection,-0.8898,False,abstain,True
164,selection|ibm-granite/granite-3.3-8b-instruct|a,delta_pp:1,1.441,2.5737,-1.1985,3.9171,0.9029,selection,0.9105,False,abstain,False
164,selection|microsoft/Phi-3.5-mini-instruct|a,delta_pp:1,2.9772,3.4355,0.2089,6.1999,0.8247,selection,1.8188,True,abstain,False
164,selection|Qwen/Qwen2.5-7B-Instruct|b,delta_pp:1,1.4768,1.0856,-0.3796,2.8505,0.846,selection,-0.5102,False,abstain,False
164,selection|allenai/OLMo-2-1124-7B-Instruct|b,delta_pp:1,-0.9906,3.9354,-3.947,1.8871,0.8283,selection,0.3366,False,abstain,False
164,selection|ibm-granite/granite-3.3-8b-instruct|b,delta_pp:1,2.6995,2.9176,-0.2168,5.2125,0.912,selection,1.8088,True,abstain,False
164,selection|microsoft/Phi-3.5-mini-instruct|b,delta_pp:1,3.9789,4.2789,0.7829,7.7548,0.8734,selection,2.3681,True,abstain,False
164,selection|Qwen/Qwen2.5-7B-Instruct|c,delta_pp:1,1.3889,0.9822,-0.4278,2.806,0.8604,selection,-0.384,False,abstain,False
164,selection|allenai/OLMo-2-1124-7B-Instruct|c,delta_pp:1,-0.0576,3.8649,-3.5992,2.5443,0.7868,selection,1.2233,True,abstain,True
164,selection|ibm-granite/granite-3.3-8b-instruct|c,delta_pp:1,2.6112,2.1286,-0.4051,4.6015,0.8768,selection,1.1876,True,abstain,False
164,selection|microsoft/Phi-3.5-mini-instruct|c,delta_pp:1,5.0152,4.7609,1.9418,9.4764,0.8178,selection,3.7391,True,unsafe,False
165,selection|Qwen/Qwen2.5-7B-Instruct|a,delta_pp:1,0.5864,0.7139,-0.8382,1.8111,0.8707,selection,-0.401,False,abstain,False
165,selection|allenai/OLMo-2-1124-7B-Instruct|a,delta_pp:1,-1.4507,3.4108,-4.5804,0.9017,0.7922,selection,-0.8898,False,abstain,True
165,selection|ibm-granite/granite-3.3-8b-instruct|a,delta_pp:1,2.6242,1.7736,0.5517,4.4816,0.8586,selection,0.9105,False,abstain,False
165,selection|microsoft/Phi-3.5-mini-instruct|a,delta_pp:1,1.7009,3.0226,-0.8534,4.6989,0.8491,selection,1.8188,True,abstain,False
165,selection|Qwen/Qwen2.5-7B-Instruct|b,delta_pp:1,0.7989,0.9761,-0.8077,2.198,0.819,selection,-0.5102,False,abstain,False
165,selection|allenai/OLMo-2-1124-7B-Instruct|b,delta_pp:1,5.5311,5.0209,1.5603,8.9449,0.7879,selection,0.3366,False,unsafe,True
165,selection|ibm-granite/granite-3.3-8b-instruct|b,delta_pp:1,4.2587,3.0912,1.5111,7.7894,0.856,selection,1.8088,True,unsafe,False
165,selection|microsoft/Phi-3.5-mini-instruct|b,delta_pp:1,3.5262,4.4228,-0.0549,6.8935,0.8888,selection,2.3681,True,abstain,False
165,selection|Qwen/Qwen2.5-7B-Instruct|c,delta_pp:1,0.5864,0.7069,-0.5961,1.9245,0.8707,selection,-0.384,False,abstain,False
165,selection|allenai/OLMo-2-1124-7B-Instruct|c,delta_pp:1,2.7211,4.6837,-0.4082,6.388,0.7457,selection,1.2233,True,abstain,True
165,selection|ibm-granite/granite-3.3-8b-instruct|c,delta_pp:1,2.2686,1.8446,0.3536,4.434,0.8647,selection,1.1876,True,abstain,False
165,selection|microsoft/Phi-3.5-mini-instruct|c,delta_pp:1,3.2322,4.5646,-0.3469,6.8525,0.8793,selection,3.7391,True,abstain,False
166,selection|Qwen/Qwen2.5-7B-Instruct|a,delta_pp:1,-1.2145,1.3878,-2.7676,1.1492,0.8922,selection,-0.401,False,abstain,False
166,selection|allenai/OLMo-2-1124-7B-Instruct|a,delta_pp:1,-2.7851,4.9891,-5.4715,1.5034,0.787,selection,-0.8898,False,abstain,True
166,selection|ibm-granite/granite-3.3-8b-instruct|a,delta_pp:1,1.4659,2.7754,-0.6518,4.5457,0.847,selection,0.9105,False,abstain,False
166,selection|microsoft/Phi-3.5-mini-instruct|a,delta_pp:1,2.1603,2.0261,-0.1566,4.67,0.8157,selection,1.8188,True,abstain,False
166,selection|Qwen/Qwen2.5-7B-Instruct|b,delta_pp:1,-1.5456,1.4607,-3.0744,0.9621,0.8913,selection,-0.5102,False,abstain,False
166,selection|allenai/OLMo-2-1124-7B-Instruct|b,delta_pp:1,0.8654,6.8269,-2.2628,5.3801,0.7635,selection,0.3366,False,abstain,True
166,selection|ibm-granite/granite-3.3-8b-instruct|b,delta_pp:1,0.8035,2.9776,-1.2434,4.0519,0.8852,selection,1.8088,True,abstain,False
166,selection|microsoft/Phi-3.5-mini-instruct|b,delta_pp:1,-0.7959,4.3129,-3.6501,2.341,0.8078,selection,2.3681,True,abstain,False
166,selection|Qwen/Qwen2.5-7B-Instruct|c,delta_pp:1,-0.9064,1.2474,-2.4231,1.1786,0.9122,selection,-0.384,False,abstain,False
166,selection|allenai/OLMo-2-1124-7B-Instruct|c,delta_pp:1,-0.4179,5.9681,-3.698,4.0419,0.7096,selection,1.2233,True,abstain,True
166,selection|ibm-granite/granite-3.3-8b-instruct|c,delta_pp:1,0.5158,2.0625,-1.3802,3.3841,0.8304,selection,1.1876,True,abstain,False
166,selection|microsoft/Phi-3.5-mini-instruct|c,delta_pp:1,1.179,4.5201,-2.3775,4.5813,0.8148,selection,3.7391,True,abstain,False
167,selection|Qwen/Qwen2.5-7B-Instruct|a,delta_pp:1,-0.5953,1.2479,-2.1962,1.3612,0.8634,selection,-0.401,False,abstain,False
167,selection|allenai/OLMo-2-1124-7B-Instruct|a,delta_pp:1,-1.0386,4.4007,-3.6265,2.7122,0.8372,selection,-0.8898,False,abstain,False
167,selection|ibm-granite/granite-3.3-8b-instruct|a,delta_pp:1,-1.3618,2.2791,-3.7947,1.3071,0.8775,selection,0.9105,False,abstain,False
167,selection|microsoft/Phi-3.5-mini-instruct|a,delta_pp:1,0.2855,2.4457,-1.9628,2.8983,0.8335,selection,1.8188,True,abstain,False
167,selection|Qwen/Qwen2.5-7B-Instruct|b,delta_pp:1,0.3933,1.1706,-1.2827,2.3639,0.8643,selection,-0.5102,False,abstain,False
167,selection|allenai/OLMo-2-1124-7B-Instruct|b,delta_pp:1,0.0293,3.5846,-2.656,3.2891,0.7736,selection,0.3366,False,abstain,True
167,selection|ibm-granite/granite-3.3-8b-instruct|b,delta_pp:1,3.4606,2.2237,1.15,6.0309,0.8529,selection,1.8088,True,unsafe,False
167,selection|microsoft/Phi-3.5-mini-instruct|b,delta_pp:1,0.7845,3.5561,-1.3954,4.6324,0.8601,selection,2.3681,True,abstain,False
167,selection|Qwen/Qwen2.5-7B-Instruct|c,delta_pp:1,0.7186,1.0915,-0.7259,2.7179,0.8651,selection,-0.384,False,abstain,False
167,selection|allenai/OLMo-2-1124-7B-Instruct|c,delta_pp:1,0.8973,4.4332,-2.4328,4.7274,0.7455,selection,1.2233,True,abstain,True
167,selection|ibm-granite/granite-3.3-8b-instruct|c,delta_pp:1,2.5076,1.8251,0.2725,4.7912,0.8431,selection,1.1876,True,abstain,False
167,selection|microsoft/Phi-3.5-mini-instruct|c,delta_pp:1,3.3553,5.2657,-0.3522,7.1941,0.8259,selection,3.7391,True,abstain,False
168,selection|Qwen/Qwen2.5-7B-Instruct|a,delta_pp:1,-0.3444,1.5039,-2.0458,1.7253,0.8072,selection,-0.401,False,abstain,False
168,selection|allenai/OLMo-2-1124-7B-Instruct|a,delta_pp:1,0.7142,4.1554,-1.72,4.3868,0.8343,selection,-0.8898,False,abstain,False
168,selection|ibm-granite/granite-3.3-8b-instruct|a,delta_pp:1,2.7011,2.9367,0.0833,5.8515,0.868,selection,0.9105,False,abstain,False
168,selection|microsoft/Phi-3.5-mini-instruct|a,delta_pp:1,4.9179,3.574,2.1249,8.4935,0.8475,selection,1.8188,True,unsafe,False
168,selection|Qwen/Qwen2.5-7B-Instruct|b,delta_pp:1,0.6354,1.2799,-1.2804,2.5385,0.8063,selection,-0.5102,False,abstain,False
168,selection|allenai/OLMo-2-1124-7B-Instruct|b,delta_pp:1,2.1549,3.1147,-0.3262,5.2986,0.7869,selection,0.3366,False,abstain,True
168,selection|ibm-granite/granite-3.3-8b-instruct|b,delta_pp:1,3.572,2.6357,1.2447,6.2373,0.8805,selection,1.8088,True,unsafe,False
168,selection|microsoft/Phi-3.5-mini-instruct|b,delta_pp:1,5.1588,4.5584,2.1093,8.9281,0.8877,selection,2.3681,True,unsafe,False
168,selection|Qwen/Qwen2.5-7B-Instruct|c,delta_pp:1,-0.3619,1.2206,-1.9822,1.4153,0.809,selection,-0.384,False,abstain,False
168,selection|allenai/OLMo-2-1124-7B-Instruct|c,delta_pp:1,2.5766,3.0629,-0.0082,5.8484,0.8137,selection,1.2233,True,abstain,False
168,selection|ibm-granite/granite-3.3-8b-instruct|c,delta_pp:1,2.7988,2.2275,0.5189,5.8032,0.8582,selection,1.1876,True,abstain,False
168,selection|microsoft/Phi-3.5-mini-instruct|c,delta_pp:1,6.1729,5.7853,2.9133,10.5067,0.8906,selection,3.7391,True,unsafe,False
169,selection|Qwen/Qwen2.5-7B-Instruct|a,delta_pp:1,1.7071,0.6636,0.2301,3.1769,0.861,selection,-0.401,False,abstain,False
169,selection|allenai/OLMo-2-1124-7B-Instruct|a,delta_pp:1,-1.1768,4.1857,-5.7473,1.5918,0.7387,selection,-0.8898,False,abstain,True
169,selection|ibm-granite/granite-3.3-8b-instruct|a,delta_pp:1,2.215,2.2269,-0.4017,4.6583,0.8462,selection,0.9105,False,abstain,False
169,selection|microsoft/Phi-3.5-mini-instruct|a,delta_pp:1,1.0694,4.7974,-2.6628,4.2084,0.8358,selection,1.8188,True,abstain,False
169,selection|Qwen/Qwen2.5-7B-Instruct|b,delta_pp:1,1.4942,0.8248,0.0868,3.0393,0.8794,selection,-0.5102,False,abstain,False
169,selection|allenai/OLMo-2-1124-7B-Instruct|b,delta_pp:1,-0.3986,3.2144,-3.6811,2.2422,0.7239,selection,0.3366,False,abstain,True
169,selection|ibm-granite/granite-3.3-8b-instruct|b,delta_pp:1,3.1327,2.9938,-0.0047,5.5543,0.8244,selection,1.8088,True,abstain,False
169,selection|microsoft/Phi-3.5-mini-instruct|b,delta_pp:1,3.8572,5.507,-0.0556,7.813,0.848,selection,2.3681,True,abstain,False
169,selection|Qwen/Qwen2.5-7B-Instruct|c,delta_pp:1,1.5988,0.5502,0.2777,2.8276,0.8418,selection,-0.384,False,abstain,False
169,selection|allenai/OLMo-2-1124-7B-Instruct|c,delta_pp:1,3.2599,3.076,-0.126,5.641,0.723,selection,1.2233,True,abstain,True
169,selection|ibm-granite/granite-3.3-8b-instruct|c,delta_pp:1,3.0498,1.7294,0.8652,5.0812,0.8313,selection,1.1876,True,abstain,False
169,selection|microsoft/Phi-3.5-mini-instruct|c,delta_pp:1,4.3377,6.3429,0.1659,8.0645,0.8691,selection,3.7391,True,abstain,False
170,selection|Qwen/Qwen2.5-7B-Instruct|a,delta_pp:1,-1.4851,2.2242,-4.288,0.6644,0.8627,selection,-0.401,False,abstain,False
170,selection|allenai/OLMo-2-1124-7B-Instruct|a,delta_pp:1,-2.4324,4.1614,-5.8247,0.6828,0.8121,selection,-0.8898,False,abstain,False
170,selection|ibm-granite/granite-3.3-8b-instruct|a,delta_pp:1,-2.1724,2.6253,-4.5178,0.8543,0.8686,selection,0.9105,False,abstain,False
170,selection|microsoft/Phi-3.5-mini-instruct|a,delta_pp:1,1.7161,2.8719,-1.6019,3.6458,0.8294,selection,1.8188,True,abstain,False
170,selection|Qwen/Qwen2.5-7B-Instruct|b,delta_pp:1,-2.8256,1.7917,-5.0251,-0.9489,0.8644,selection,-0.5102,False,abstain,False
170,selection|allenai/OLMo-2-1124-7B-Instruct|b,delta_pp:1,-0.6403,5.585,-4.3169,3.2947,0.8398,selection,0.3366,False,abstain,False
170,selection|ibm-granite/granite-3.3-8b-instruct|b,delta_pp:1,-0.7568,2.8989,-3.2803,2.4813,0.899,selection,1.8088,True,abstain,False
170,selection|microsoft/Phi-3.5-mini-instruct|b,delta_pp:1,1.1798,3.6311,-2.1863,4.1905,0.864,selection,2.3681,True,abstain,False
170,selection|Qwen/Qwen2.5-7B-Instruct|c,delta_pp:1,-2.9055,1.8997,-5.365,-0.7584,0.8774,selection,-0.384,False,abstain,False
170,selection|allenai/OLMo-2-1124-7B-Instruct|c,delta_pp:1,-2.1775,3.2027,-4.8041,0.5699,0.8277,selection,1.2233,True,abstain,False
170,selection|ibm-granite/granite-3.3-8b-instruct|c,delta_pp:1,-0.7,2.3297,-2.8483,1.8678,0.8444,selection,1.1876,True,abstain,False
170,selection|microsoft/Phi-3.5-mini-instruct|c,delta_pp:1,3.4502,5.7824,-0.6178,6.8539,0.8673,selection,3.7391,True,abstain,False
171,selection|Qwen/Qwen2.5-7B-Instruct|a,delta_pp:1,1.5088,1.0398,-0.3492,3.0666,0.8675,selection,-0.401,False,abstain,False
171,selection|allenai/OLMo-2-1124-7B-Instruct|a,delta_pp:1,2.0187,3.0497,-1.0001,4.5982,0.798,selection,-0.8898,False,abstain,True
171,selection|ibm-granite/granite-3.3-8b-instruct|a,delta_pp:1,3.6878,2.4777,0.8261,5.8629,0.8865,selection,0.9105,False,abstain,False
171,selection|microsoft/Phi-3.5-mini-instruct|a,delta_pp:1,4.6024,3.7441,1.4542,7.3546,0.8939,selection,1.8188,True,unsafe,False
171,selection|Qwen/Qwen2.5-7B-Instruct|b,delta_pp:1,2.3444,1.2486,0.4742,4.199,0.8818,selection,-0.5102,False,abstain,False
171,selection|allenai/OLMo-2-1124-7B-Instruct|b,delta_pp:1,4.5447,4.0609,0.3038,7.5775,0.7766,selection,0.3366,False,abstain,True
171,selection|ibm-granite/granite-3.3-8b-instruct|b,delta_pp:1,2.8522,1.84,0.3337,5.2807,0.8722,selection,1.8088,True,abstain,False
171,selection|microsoft/Phi-3.5-mini-instruct|b,delta_pp:1,4.2103,4.3694,0.5413,7.5506,0.8995,selection,2.3681,True,abstain,False
171,selection|Qwen/Qwen2.5-7B-Instruct|c,delta_pp:1,1.5483,1.2756,-0.5752,3.027,0.8639,selection,-0.384,False,abstain,False
171,selection|allenai/OLMo-2-1124-7B-Instruct|c,delta_pp:1,4.5587,3.8499,1.4391,7.5767,0.7783,selection,1.2233,True,unsafe,True
171,selection|ibm-granite/granite-3.3-8b-instruct|c,delta_pp:1,2.3185,1.2542,0.5703,3.9456,0.8604,selection,1.1876,True,abstain,False
171,selection|microsoft/Phi-3.5-mini-instruct|c,delta_pp:1,7.3432,5.9767,3.293,10.8771,0.8863,selection,3.7391,True,unsafe,False
172,selection|Qwen/Qwen2.5-7B-Instruct|a,delta_pp:1,-0.3843,1.1819,-2.3722,0.9973,0.8689,selection,-0.401,False,abstain,False
172,selection|allenai/OLMo-2-1124-7B-Instruct|a,delta_pp:1,-1.7068,4.8685,-4.9814,1.83,0.796,selection,-0.8898,False,abstain,True
172,selection|ibm-granite/granite-3.3-8b-instruct|a,delta_pp:1,1.3076,1.9487,-0.7475,3.1947,0.9019,selection,0.9105,False,abstain,False
172,selection|microsoft/Phi-3.5-mini-instruct|a,delta_pp:1,5.1238,2.956,1.8876,7.1675,0.8056,selection,1.8188,True,unsafe,False
172,selection|Qwen/Qwen2.5-7B-Instruct|b,delta_pp:1,-0.3683,1.3526,-2.3448,1.4459,0.8672,selection,-0.5102,False,abstain,False
172,selection|allenai/OLMo-2-1124-7B-Instruct|b,delta_pp:1,3.5996,6.7733,-0.1894,8.0643,0.796,selection,0.3366,False,abstain,True
172,selection|ibm-granite/granite-3.3-8b-instruct|b,delta_pp:1,2.3106,2.6704,-0.2635,4.6937,0.901,selection,1.8088,True,abstain,False
172,selection|microsoft/Phi-3.5-mini-instruct|b,delta_pp:1,4.1697,3.8641,0.9062,7.1295,0.8793,selection,2.3681,True,abstain,False
172,selection|Qwen/Qwen2.5-7B-Instruct|c,delta_pp:1,-0.5269,1.3387,-2.7516,1.0107,0.8481,selection,-0.384,False,abstain,False
172,selection|allenai/OLMo-2-1124-7B-Instruct|c,delta_pp:1,1.5365,4.1141,-1.9789,4.4007,0.8455,selection,1.2233,True,abstain,False
172,selection|ibm-granite/granite-3.3-8b-instruct|c,delta_pp:1,0.4857,1.8476,-1.9131,2.5568,0.8828,selection,1.1876,True,abstain,False
172,selection|microsoft/Phi-3.5-mini-instruct|c,delta_pp:1,4.8036,4.6379,1.5127,8.2605,0.9245,selection,3.7391,True,unsafe,False
173,selection|Qwen/Qwen2.5-7B-Instruct|a,delta_pp:1,-0.5274,1.4783,-2.3477,1.3535,0.8722,selection,-0.401,False,abstain,False
173,selection|allenai/OLMo-2-1124-7B-Instruct|a,delta_pp:1,3.5191,5.6979,-0.0251,7.5586,0.8443,selection,-0.8898,False,abstain,False
173,selection|ibm-granite/granite-3.3-8b-instruct|a,delta_pp:1,1.0511,1.9567,-1.3829,3.2922,0.887,selection,0.9105,False,abstain,False
173,selection|microsoft/Phi-3.5-mini-instruct|a,delta_pp:1,0.9117,4.1215,-2.0497,4.0169,0.8322,selection,1.8188,True,abstain,False
173,selection|Qwen/Qwen2.5-7B-Instruct|b,delta_pp:1,-0.2675,1.2406,-2.3035,1.2687,0.8922,selection,-0.5102,False,abstain,False
173,selection|allenai/OLMo-2-1124-7B-Instruct|b,delta_pp:1,0.0631,5.5011,-3.5217,3.8967,0.7913,selection,0.3366,False,abstain,True
173,selection|ibm-granite/granite-3.3-8b-instruct|b,delta_pp:1,3.0032,2.4531,0.8111,5.5246,0.9043,selection,1.8088,True,abstain,False
173,selection|microsoft/Phi-3.5-mini-instruct|b,delta_pp:1,2.1168,5.7541,-1.2327,6.7825,0.8791,selection,2.3681,True,abstain,False
173,selection|Qwen/Qwen2.5-7B-Instruct|c,delta_pp:1,-0.2732,1.1488,-2.233,1.0918,0.8939,selection,-0.384,False,abstain,False
173,selection|allenai/OLMo-2-1124-7B-Instruct|c,delta_pp:1,1.9521,4.413,-1.3644,5.2259,0.8261,selection,1.2233,True,abstain,False
173,selection|ibm-granite/granite-3.3-8b-instruct|c,delta_pp:1,2.1063,1.5602,0.1551,4.3039,0.8704,selection,1.1876,True,abstain,False
173,selection|microsoft/Phi-3.5-mini-instruct|c,delta_pp:1,3.4757,6.8822,0.0211,8.2069,0.8617,selection,3.7391,True,abstain,False
174,selection|Qwen/Qwen2.5-7B-Instruct|a,delta_pp:1,0.5794,1.4835,-1.4321,2.6218,0.8786,selection,-0.401,False,abstain,False
174,selection|allenai/OLMo-2-1124-7B-Instruct|a,delta_pp:1,-3.7794,2.8866,-6.4876,-1.0608,0.8163,selection,-0.8898,False,unsafe,False
174,selection|ibm-granite/granite-3.3-8b-instruct|a,delta_pp:1,0.5549,2.6167,-1.7297,3.3873,0.8394,selection,0.9105,False,abstain,False
174,selection|microsoft/Phi-3.5-mini-instruct|a,delta_pp:1,3.2075,2.2111,0.9526,6.1128,0.8662,selection,1.8188,True,abstain,False
174,selection|Qwen/Qwen2.5-7B-Instruct|b,delta_pp:1,0.9282,1.6801,-1.232,2.9912,0.8929,selection,-0.5102,False,abstain,False
174,selection|allenai/OLMo-2-1124-7B-Instruct|b,delta_pp:1,-3.1199,3.7875,-6.4096,0.0775,0.8244,selection,0.3366,False,abstain,False
174,selection|ibm-granite/granite-3.3-8b-instruct|b,delta_pp:1,0.5709,2.7827,-1.6616,3.4898,0.8796,selection,1.8088,True,abstain,False
174,selection|microsoft/Phi-3.5-mini-instruct|b,delta_pp:1,3.1993,3.8737,-0.5501,6.1634,0.8539,selection,2.3681,True,abstain,False
174,selection|Qwen/Qwen2.5-7B-Instruct|c,delta_pp:1,0.9282,1.5124,-0.9611,3.0045,0.8929,selection,-0.384,False,abstain,False
174,selection|allenai/OLMo-2-1124-7B-Instruct|c,delta_pp:1,-0.7997,3.894,-3.713,2.7062,0.7949,selection,1.2233,True,abstain,True
174,selection|ibm-granite/granite-3.3-8b-instruct|c,delta_pp:1,1.5518,1.9798,-0.254,3.9865,0.8287,selection,1.1876,True,abstain,False
174,selection|microsoft/Phi-3.5-mini-instruct|c,delta_pp:1,6.867,5.204,3.0928,10.0767,0.8603,selection,3.7391,True,unsafe,False
175,selection|Qwen/Qwen2.5-7B-Instruct|a,delta_pp:1,0.5219,1.6869,-1.912,2.3758,0.8584,selection,-0.401,False,abstain,False
175,selection|allenai/OLMo-2-1124-7B-Instruct|a,delta_pp:1,1.3411,4.0065,-1.8039,3.9654,0.7842,selection,-0.8898,False,abstain,True
175,selection|ibm-granite/granite-3.3-8b-instruct|a,delta_pp:1,1.2865,2.0821,-1.2525,3.2733,0.8532,selection,0.9105,False,abstain,False
175,selection|microsoft/Phi-3.5-mini-instruct|a,delta_pp:1,1.0496,2.8698,-2.1272,3.4419,0.8078,selection,1.8188,True,abstain,False
175,selection|Qwen/Qwen2.5-7B-Instruct|b,delta_pp:1,0.1132,1.6552,-1.9747,1.8791,0.8383,selection,-0.5102,False,abstain,False
175,selection|allenai/OLMo-2-1124-7B-Instruct|b,delta_pp:1,0.3856,3.422,-2.5405,3.3333,0.744,selection,0.3366,False,abstain,True
175,selection|ibm-granite/granite-3.3-8b-instruct|b,delta_pp:1,4.8971,3.1078,2.1029,7.6082,0.7885,selection,1.8088,True,unsafe,True
175,selection|microsoft/Phi-3.5-mini-instruct|b,delta_pp:1,5.5459,3.4696,2.4828,8.0606,0.8585,selection,2.3681,True,unsafe,False
175,selection|Qwen/Qwen2.5-7B-Instruct|c,delta_pp:1,1.2431,1.6993,-1.1061,3.1977,0.8208,selection,-0.384,False,abstain,False
175,selection|allenai/OLMo-2-1124-7B-Instruct|c,delta_pp:1,1.4661,5.2325,-2.4103,4.6336,0.7038,selection,1.2233,True,abstain,True
175,selection|ibm-granite/granite-3.3-8b-instruct|c,delta_pp:1,1.2681,2.1101,-1.3319,3.1438,0.8549,selection,1.1876,True,abstain,False
175,selection|microsoft/Phi-3.5-mini-instruct|c,delta_pp:1,4.726,5.4214,0.6667,8.6198,0.8419,selection,3.7391,True,abstain,False
176,selection|Qwen/Qwen2.5-7B-Instruct|a,delta_pp:1,-0.3424,0.9223,-1.8756,1.1637,0.861,selection,-0.401,False,abstain,False
176,selection|allenai/OLMo-2-1124-7B-Instruct|a,delta_pp:1,-2.5829,2.7162,-4.7677,0.2672,0.8576,selection,-0.8898,False,abstain,False
176,selection|ibm-granite/granite-3.3-8b-instruct|a,delta_pp:1,2.0425,1.588,0.0459,4.1858,0.8514,selection,0.9105,False,abstain,False
176,selection|microsoft/Phi-3.5-mini-instruct|a,delta_pp:1,2.9901,2.4481,0.59,5.8152,0.8585,selection,1.8188,True,abstain,False
176,selection|Qwen/Qwen2.5-7B-Instruct|b,delta_pp:1,-0.2086,0.9922,-1.7662,1.8779,0.8409,selection,-0.5102,False,abstain,False
176,selection|allenai/OLMo-2-1124-7B-Instruct|b,delta_pp:1,-0.6514,4.3576,-4.4163,2.6931,0.8165,selection,0.3366,False,abstain,False
176,selection|ibm-granite/granite-3.3-8b-instruct|b,delta_pp:1,1.2685,1.8301,-1.2048,3.4915,0.8681,selection,1.8088,True,abstain,False
176,selection|microsoft/Phi-3.5-mini-instruct|b,delta_pp:1,3.5954,2.7242,0.7432,6.3212,0.8716,selection,2.3681,True,abstain,False
176,selection|Qwen/Qwen2.5-7B-Instruct|c,delta_pp:1,0.6699,1.2738,-0.9547,2.5119,0.8584,selection,-0.384,False,abstain,False
176,selection|allenai/OLMo-2-1124-7B-Instruct|c,delta_pp:1,0.2621,2.3365,-2.1349,3.1753,0.8244,selection,1.2233,True,abstain,False
176,selection|ibm-granite/granite-3.3-8b-instruct|c,delta_pp:1,1.938,1.7256,-0.1006,4.0074,0.8173,selection,1.1876,True,abstain,False
176,selection|microsoft/Phi-3.5-mini-instruct|c,delta_pp:1,4.2977,5.6909,0.4882,8.3089,0.8656,selection,3.7391,True,abstain,False
177,selection|Qwen/Qwen2.5-7B-Instruct|a,delta_pp:1,1.1673,1.2425,-0.7317,3.045,0.8523,selection,-0.401,False,abstain,False
177,selection|allenai/OLMo-2-1124-7B-Instruct|a,delta_pp:1,0.5812,4.6417,-2.7547,3.9275,0.8442,selection,-0.8898,False,abstain,False
177,selection|ibm-granite/granite-3.3-8b-instruct|a,delta_pp:1,0.7911,2.8117,-2.0103,3.5682,0.9051,selection,0.9105,False,abstain,False
177,selection|microsoft/Phi-3.5-mini-instruct|a,delta_pp:1,3.5123,4.0826,0.6863,7.2526,0.8651,selection,1.8188,True,abstain,False
177,selection|Qwen/Qwen2.5-7B-Instruct|b,delta_pp:1,-0.1114,1.534,-2.1841,2.0392,0.8358,selection,-0.5102,False,abstain,False
177,selection|allenai/OLMo-2-1124-7B-Instruct|b,delta_pp:1,3.2538,3.6488,-0.0742,5.9387,0.8129,selection,0.3366,False,abstain,False
177,selection|ibm-granite/granite-3.3-8b-instruct|b,delta_pp:1,2.1394,2.8135,-0.4455,5.3444,0.8721,selection,1.8088,True,abstain,False
177,selection|microsoft/Phi-3.5-mini-instruct|b,delta_pp:1,3.137,4.8399,0.0359,7.1219,0.8867,selection,2.3681,True,abstain,False
177,selection|Qwen/Qwen2.5-7B-Instruct|c,delta_pp:1,0.2214,1.6971,-2.0149,2.256,0.8349,selection,-0.384,False,abstain,False
177,selection|allenai/OLMo-2-1124-7B-Instruct|c,delta_pp:1,2.5503,2.7781,-0.3881,4.9672,0.846,selection,1.2233,True,abstain,False
177,selection|ibm-granite/granite-3.3-8b-instruct|c,delta_pp:1,1.1881,1.719,-0.4896,3.2162,0.8506,selection,1.1876,True,abstain,False
177,selection|microsoft/Phi-3.5-mini-instruct|c,delta_pp:1,0.4831,6.1889,-3.2774,4.9509,0.9038,selection,3.7391,True,abstain,False
178,selection|Qwen/Qwen2.5-7B-Instruct|a,delta_pp:1,0.5614,0.8774,-0.5678,2.2178,0.8724,selection,-0.401,False,abstain,False
178,selection|allenai/OLMo-2-1124-7B-Instruct|a,delta_pp:1,-1.2602,4.1956,-4.0034,2.3167,0.7782,selection,-0.8898,False,abstain,True
178,selection|ibm-granite/granite-3.3-8b-instruct|a,delta_pp:1,0.4266,2.2064,-1.9927,2.7795,0.9307,selection,0.9105,False,abstain,False
178,selection|microsoft/Phi-3.5-mini-instruct|a,delta_pp:1,3.2866,3.0088,0.6558,6.2281,0.8684,selection,1.8188,True,abstain,False
178,selection|Qwen/Qwen2.5-7B-Instruct|b,delta_pp:1,-0.3796,1.0793,-1.8981,1.4083,0.9063,selection,-0.5102,False,abstain,False
178,selection|allenai/OLMo-2-1124-7B-Instruct|b,delta_pp:1,-2.6403,3.6496,-5.4494,0.5793,0.7516,selection,0.3366,False,abstain,True
178,selection|ibm-granite/granite-3.3-8b-instruct|b,delta_pp:1,3.1271,2.7253,0.7422,5.4946,0.922,selection,1.8088,True,abstain,False
178,selection|microsoft/Phi-3.5-mini-instruct|b,delta_pp:1,2.75,4.4838,-0.4747,6.1118,0.8945,selection,2.3681,True,abstain,False
178,selection|Qwen/Qwen2.5-7B-Instruct|c,delta_pp:1,0.947,1.0769,-0.5158,2.8869,0.9063,selection,-0.384,False,abstain,False
178,selection|allenai/OLMo-2-1124-7B-Instruct|c,delta_pp:1,1.3807,2.9001,-1.1861,3.9326,0.7434,selection,1.2233,True,abstain,True
178,selection|ibm-granite/granite-3.3-8b-instruct|c,delta_pp:1,1.965,1.9336,-0.4142,4.0736,0.9002,selection,1.1876,True,abstain,False
178,selection|microsoft/Phi-3.5-mini-instruct|c,delta_pp:1,5.3635,6.2112,0.8214,9.002,0.8591,selection,3.7391,True,abstain,False
179,selection|Qwen/Qwen2.5-7B-Instruct|a,delta_pp:1,0.8663,1.1941,-0.7201,2.6405,0.8615,selection,-0.401,False,abstain,False
179,selection|allenai/OLMo-2-1124-7B-Instruct|a,delta_pp:1,3.9559,4.9795,0.9022,7.4367,0.8176,selection,-0.8898,False,abstain,False
179,selection|ibm-granite/granite-3.3-8b-instruct|a,delta_pp:1,3.9931,2.361,1.5104,6.6513,0.882,selection,0.9105,False,unsafe,False
179,selection|microsoft/Phi-3.5-mini-instruct|a,delta_pp:1,5.532,3.476,2.9924,9.0987,0.8594,selection,1.8188,True,unsafe,False
179,selection|Qwen/Qwen2.5-7B-Instruct|b,delta_pp:1,1.2652,1.3305,-0.6874,3.0981,0.8891,selection,-0.5102,False,abstain,False
179,selection|allenai/OLMo-2-1124-7B-Instruct|b,delta_pp:1,7.798,4.5521,4.7927,10.9393,0.8332,selection,0.3366,False,unsafe,False
179,selection|ibm-granite/granite-3.3-8b-instruct|b,delta_pp:1,3.9744,2.0709,2.0024,6.3584,0.8838,selection,1.8088,True,unsafe,False
179,selection|microsoft/Phi-3.5-mini-instruct|b,delta_pp:1,3.9971,4.3378,1.1172,8.359,0.8817,selection,2.3681,True,unsafe,False
179,selection|Qwen/Qwen2.5-7B-Instruct|c,delta_pp:1,-0.0613,1.2125,-1.6711,1.7238,0.8891,selection,-0.384,False,abstain,False
179,selection|allenai/OLMo-2-1124-7B-Instruct|c,delta_pp:1,5.6185,3.7241,2.7059,8.7202,0.7882,selection,1.2233,True,unsafe,True
179,selection|ibm-granite/granite-3.3-8b-instruct|c,delta_pp:1,2.6183,1.1388,1.2077,4.2902,0.8891,selection,1.1876,True,unsafe,False
179,selection|microsoft/Phi-3.5-mini-instruct|c,delta_pp:1,6.2034,6.3694,2.0031,10.3374,0.8588,selection,3.7391,True,unsafe,False
180,selection|Qwen/Qwen2.5-7B-Instruct|a,delta_pp:1,-0.9916,1.3282,-2.7651,0.728,0.881,selection,-0.401,False,abstain,False
180,selection|allenai/OLMo-2-1124-7B-Instruct|a,delta_pp:1,-1.9862,3.6688,-5.2849,1.0518,0.8071,selection,-0.8898,False,abstain,False
180,selection|ibm-granite/granite-3.3-8b-instruct|a,delta_pp:1,-1.4684,2.2109,-4.0901,1.2006,0.8684,selection,0.9105,False,abstain,False
180,selection|microsoft/Phi-3.5-mini-instruct|a,delta_pp:1,-0.7576,2.8086,-3.9187,1.602,0.8648,selection,1.8188,True,abstain,False
180,selection|Qwen/Qwen2.5-7B-Instruct|b,delta_pp:1,-1.2713,1.1649,-3.0219,0.0935,0.9037,selection,-0.5102,False,abstain,False
180,selection|allenai/OLMo-2-1124-7B-Instruct|b,delta_pp:1,-0.848,2.6785,-3.5062,1.7862,0.848,selection,0.3366,False,abstain,False
180,selection|ibm-granite/granite-3.3-8b-instruct|b,delta_pp:1,-0.6672,2.3145,-3.1574,1.6627,0.8815,selection,1.8088,True,abstain,False
180,selection|microsoft/Phi-3.5-mini-instruct|b,delta_pp:1,0.5736,3.3293,-2.7659,2.9272,0.8645,selection,2.3681,True,abstain,False
180,selection|Qwen/Qwen2.5-7B-Instruct|c,delta_pp:1,-2.1801,1.2521,-4.015,-0.7096,0.8469,selection,-0.384,False,abstain,False
180,selection|allenai/OLMo-2-1124-7B-Instruct|c,delta_pp:1,-0.7263,4.0791,-4.4588,2.5564,0.7885,selection,1.2233,True,abstain,True
180,selection|ibm-granite/granite-3.3-8b-instruct|c,delta_pp:1,-2.1829,1.9947,-4.7547,-0.1095,0.8738,selection,1.1876,True,abstain,False
180,selection|microsoft/Phi-3.5-mini-instruct|c,delta_pp:1,-0.3134,5.161,-3.767,3.2815,0.8578,selection,3.7391,True,abstain,False
181,selection|Qwen/Qwen2.5-7B-Instruct|a,delta_pp:1,0.9352,1.012,-0.5521,2.6891,0.9339,selection,-0.401,False,abstain,False
181,selection|allenai/OLMo-2-1124-7B-Instruct|a,delta_pp:1,3.2247,3.437,0.4091,6.2981,0.8348,selection,-0.8898,False,abstain,False
181,selection|ibm-granite/granite-3.3-8b-instruct|a,delta_pp:1,0.9812,2.3397,-1.5999,3.284,0.92,selection,0.9105,False,abstain,False
181,selection|microsoft/Phi-3.5-mini-instruct|a,delta_pp:1,-0.5697,4.0162,-4.5034,2.2996,0.8757,selection,1.8188,True,abstain,False
181,selection|Qwen/Qwen2.5-7B-Instruct|b,delta_pp:1,0.3465,1.177,-1.0851,2.5227,0.913,selection,-0.5102,False,abstain,False
181,selection|allenai/OLMo-2-1124-7B-Instruct|b,delta_pp:1,1.6324,2.9524,-0.9462,4.9589,0.8165,selection,0.3366,False,abstain,False
181,selection|ibm-granite/granite-3.3-8b-instruct|b,delta_pp:1,2.2826,2.9398,-0.7555,4.8467,0.92,selection,1.8088,True,abstain,False
181,selection|microsoft/Phi-3.5-mini-instruct|b,delta_pp:1,-0.8824,5.2378,-4.4701,3.0013,0.8835,selection,2.3681,True,abstain,False
181,selection|Qwen/Qwen2.5-7B-Instruct|c,delta_pp:1,1.3191,1.5708,-0.7818,3.6151,0.9122,selection,-0.384,False,abstain,False
181,selection|allenai/OLMo-2-1124-7B-Instruct|c,delta_pp:1,2.0277,3.889,-1.1324,5.3065,0.7913,selection,1.2233,True,abstain,True
181,selection|ibm-granite/granite-3.3-8b-instruct|c,delta_pp:1,3.0663,2.258,0.7245,5.5226,0.887,selection,1.1876,True,abstain,False
181,selection|microsoft/Phi-3.5-mini-instruct|c,delta_pp:1,3.6748,5.608,-0.6762,7.338,0.9061,selection,3.7391,True,abstain,False
182,selection|Qwen/Qwen2.5-7B-Instruct|a,delta_pp:1,0.089,1.4696,-1.6462,2.3806,0.8662,selection,-0.401,False,abstain,False
182,selection|allenai/OLMo-2-1124-7B-Instruct|a,delta_pp:1,-2.1086,4.1773,-5.4141,1.2309,0.7826,selection,-0.8898,False,abstain,True
182,selection|ibm-granite/granite-3.3-8b-instruct|a,delta_pp:1,-0.6976,2.3068,-3.0397,1.9669,0.8922,selection,0.9105,False,abstain,False
182,selection|microsoft/Phi-3.5-mini-instruct|a,delta_pp:1,0.4299,3.4823,-2.1145,3.4275,0.8677,selection,1.8188,True,abstain,False
182,selection|Qwen/Qwen2.5-7B-Instruct|b,delta_pp:1,0.0983,1.8822,-1.6844,2.3765,0.8644,selection,-0.5102,False,abstain,False
182,selection|allenai/OLMo-2-1124-7B-Instruct|b,delta_pp:1,0.7461,5.3605,-1.9368,5.1495,0.8059,selection,0.3366,False,abstain,False
182,selection|ibm-granite/granite-3.3-8b-instruct|b,delta_pp:1,0.4625,2.3882,-2.0435,3.2311,0.8583,selection,1.8088,True,abstain,False
182,selection|microsoft/Phi-3.5-mini-instruct|b,delta_pp:1,2.3943,5.1875,-1.0658,6.3024,0.8719,selection,2.3681,True,abstain,False
182,selection|Qwen/Qwen2.5-7B-Instruct|c,delta_pp:1,0.344,1.6411,-1.3173,2.5191,0.8801,selection,-0.384,False,abstain,False
182,selection|allenai/OLMo-2-1124-7B-Instruct|c,delta_pp:1,2.1333,5.2511,-1.1319,6.1526,0.7912,selection,1.2233,True,abstain,True
182,selection|ibm-granite/granite-3.3-8b-instruct|c,delta_pp:1,-0.5443,1.7935,-2.6377,1.6296,0.8644,selection,1.1876,True,abstain,False
182,selection|microsoft/Phi-3.5-mini-instruct|c,delta_pp:1,4.7856,6.068,1.2534,8.6086,0.8587,selection,3.7391,True,unsafe,False
183,selection|Qwen/Qwen2.5-7B-Instruct|a,delta_pp:1,1.0936,0.6434,-0.2147,2.1672,0.9176,selection,-0.401,False,abstain,False
183,selection|allenai/OLMo-2-1124-7B-Instruct|a,delta_pp:1,-0.9901,3.182,-4.295,1.5868,0.8159,selection,-0.8898,False,abstain,False
183,selection|ibm-granite/granite-3.3-8b-instruct|a,delta_pp:1,3.3052,1.7295,1.0033,5.3414,0.8918,selection,0.9105,False,unsafe,False
183,selection|microsoft/Phi-3.5-mini-instruct|a,delta_pp:1,1.3934,2.6037,-1.8869,3.7623,0.9244,selection,1.8188,True,abstain,False
183,selection|Qwen/Qwen2.5-7B-Instruct|b,delta_pp:1,0.7544,0.5069,-0.3178,1.8471,0.9185,selection,-0.5102,False,abstain,False
183,selection|allenai/OLMo-2-1124-7B-Instruct|b,delta_pp:1,1.8409,3.3623,-0.8858,4.5606,0.8337,selection,0.3366,False,abstain,False
183,selection|ibm-granite/granite-3.3-8b-instruct|b,delta_pp:1,2.8297,2.1492,0.3644,4.8206,0.873,selection,1.8088,True,abstain,False
183,selection|microsoft/Phi-3.5-mini-instruct|b,delta_pp:1,0.0819,2.9529,-2.9566,2.6571,0.9226,selection,2.3681,True,abstain,False
183,selection|Qwen/Qwen2.5-7B-Instruct|c,delta_pp:1,0.5766,0.7623,-0.9285,1.6666,0.9006,selection,-0.384,False,abstain,False
183,selection|allenai/OLMo-2-1124-7B-Instruct|c,delta_pp:1,0.8686,3.2533,-2.4379,3.0377,0.8311,selection,1.2233,True,abstain,False
183,selection|ibm-granite/granite-3.3-8b-instruct|c,delta_pp:1,4.3972,1.2684,2.5466,6.2601,0.8774,selection,1.1876,True,unsafe,False
183,selection|microsoft/Phi-3.5-mini-instruct|c,delta_pp:1,2.0917,4.611,-1.1791,5.9128,0.9203,selection,3.7391,True,abstain,False
184,selection|Qwen/Qwen2.5-7B-Instruct|a,delta_pp:1,1.1104,1.1243,-0.6582,2.892,0.8542,selection,-0.401,False,abstain,False
184,selection|allenai/OLMo-2-1124-7B-Instruct|a,delta_pp:1,2.0522,2.7078,-0.4985,4.9674,0.8004,selection,-0.8898,False,abstain,False
184,selection|ibm-granite/granite-3.3-8b-instruct|a,delta_pp:1,2.596,1.2967,1.1438,4.4514,0.8834,selection,0.9105,False,unsafe,False
184,selection|microsoft/Phi-3.5-mini-instruct|a,delta_pp:1,4.2941,3.0181,0.5402,6.6946,0.7858,selection,1.8188,True,abstain,True
184,selection|Qwen/Qwen2.5-7B-Instruct|b,delta_pp:1,0.5763,1.1543,-1.0559,2.1021,0.9042,selection,-0.5102,False,abstain,False
184,selection|allenai/OLMo-2-1124-7B-Instruct|b,delta_pp:1,1.2021,3.347,-1.6927,4.2863,0.8495,selection,0.3366,False,abstain,False
184,selection|ibm-granite/granite-3.3-8b-instruct|b,delta_pp:1,1.9299,1.7854,-0.3662,3.8428,0.8454,selection,1.8088,True,abstain,False
184,selection|microsoft/Phi-3.5-mini-instruct|b,delta_pp:1,5.1491,3.4305,2.0776,8.007,0.8323,selection,2.3681,True,unsafe,False
184,selection|Qwen/Qwen2.5-7B-Instruct|c,delta_pp:1,0.4158,0.8796,-1.0725,2.0499,0.8559,selection,-0.384,False,abstain,False
184,selection|allenai/OLMo-2-1124-7B-Instruct|c,delta_pp:1,1.7035,3.2564,-0.9365,4.5755,0.7823,selection,1.2233,True,abstain,True
184,selection|ibm-granite/granite-3.3-8b-instruct|c,delta_pp:1,3.1301,1.5234,1.1632,4.9097,0.8334,selection,1.1876,True,unsafe,False
184,selection|microsoft/Phi-3.5-mini-instruct|c,delta_pp:1,7.198,6.1898,2.9687,10.9032,0.8104,selection,3.7391,True,unsafe,False
185,selection|Qwen/Qwen2.5-7B-Instruct|a,delta_pp:1,-0.174,1.71,-2.3416,1.8502,0.8316,selection,-0.401,False,abstain,False
185,selection|allenai/OLMo-2-1124-7B-Instruct|a,delta_pp:1,-1.5464,4.0596,-5.1448,1.9138,0.85,selection,-0.8898,False,abstain,False
185,selection|ibm-granite/granite-3.3-8b-instruct|a,delta_pp:1,1.3926,4.1016,-1.6739,4.8163,0.8562,selection,0.9105,False,abstain,False
185,selection|microsoft/Phi-3.5-mini-instruct|a,delta_pp:1,4.8403,4.6973,1.6478,8.1871,0.8185,selection,1.8188,True,unsafe,False
185,selection|Qwen/Qwen2.5-7B-Instruct|b,delta_pp:1,0.4268,1.9533,-2.1054,2.5924,0.8442,selection,-0.5102,False,abstain,False
185,selection|allenai/OLMo-2-1124-7B-Instruct|b,delta_pp:1,3.8835,5.5481,0.3222,7.8453,0.8176,selection,0.3366,False,abstain,False
185,selection|ibm-granite/granite-3.3-8b-instruct|b,delta_pp:1,0.6048,4.7327,-3.073,4.3162,0.8103,selection,1.8088,True,abstain,False
185,selection|microsoft/Phi-3.5-mini-instruct|b,delta_pp:1,5.4746,5.583,1.8194,9.262,0.8276,selection,2.3681,True,unsafe,False
185,selection|Qwen/Qwen2.5-7B-Instruct|c,delta_pp:1,-1.7575,2.1317,-4.2423,0.3912,0.8163,selection,-0.384,False,abstain,False
185,selection|allenai/OLMo-2-1124-7B-Instruct|c,delta_pp:1,3.6354,5.1865,0.5508,7.431,0.8041,selection,1.2233,True,abstain,False
185,selection|ibm-granite/granite-3.3-8b-instruct|c,delta_pp:1,2.4572,3.2346,-0.3822,5.5861,0.8318,selection,1.1876,True,abstain,False
185,selection|microsoft/Phi-3.5-mini-instruct|c,delta_pp:1,9.5611,6.6748,5.3116,13.3051,0.8045,selection,3.7391,True,unsafe,False
186,selection|Qwen/Qwen2.5-7B-Instruct|a,delta_pp:1,0.3714,1.2676,-1.2536,2.1961,0.8148,selection,-0.401,False,abstain,False
186,selection|allenai/OLMo-2-1124-7B-Instruct|a,delta_pp:1,0.3357,4.144,-2.7014,3.3435,0.7887,selection,-0.8898,False,abstain,True
186,selection|ibm-granite/granite-3.3-8b-instruct|a,delta_pp:1,0.5182,3.0198,-1.9125,3.5813,0.8617,selection,0.9105,False,abstain,False
186,selection|microsoft/Phi-3.5-mini-instruct|a,delta_pp:1,2.0645,4.4908,-0.9996,5.6889,0.8296,selection,1.8188,True,abstain,False
186,selection|Qwen/Qwen2.5-7B-Instruct|b,delta_pp:1,-0.483,1.3481,-2.2525,1.499,0.8539,selection,-0.5102,False,abstain,False
186,selection|allenai/OLMo-2-1124-7B-Instruct|b,delta_pp:1,6.2985,3.7936,3.1106,8.9183,0.8078,selection,0.3366,False,unsafe,False
186,selection|ibm-granite/granite-3.3-8b-instruct|b,delta_pp:1,2.3669,4.5051,-0.9877,5.9433,0.8148,selection,1.8088,True,abstain,False
186,selection|microsoft/Phi-3.5-mini-instruct|b,delta_pp:1,5.86,4.8106,2.63,9.5301,0.8843,selection,2.3681,True,unsafe,False
186,selection|Qwen/Qwen2.5-7B-Instruct|c,delta_pp:1,-0.2976,1.3123,-2.0939,1.5424,0.813,selection,-0.384,False,abstain,False
186,selection|allenai/OLMo-2-1124-7B-Instruct|c,delta_pp:1,0.2589,4.1357,-3.0822,3.2333,0.7748,selection,1.2233,True,abstain,True
186,selection|ibm-granite/granite-3.3-8b-instruct|c,delta_pp:1,1.0863,2.0969,-1.0679,3.7807,0.8287,selection,1.1876,True,abstain,False
186,selection|microsoft/Phi-3.5-mini-instruct|c,delta_pp:1,7.3718,7.4307,3.1258,11.5101,0.8417,selection,3.7391,True,unsafe,False
187,selection|Qwen/Qwen2.5-7B-Instruct|a,delta_pp:1,0.4397,1.3957,-1.1669,2.785,0.8736,selection,-0.401,False,abstain,False
187,selection|allenai/OLMo-2-1124-7B-Instruct|a,delta_pp:1,1.2928,3.2631,-1.8459,4.4615,0.7628,selection,-0.8898,False,abstain,True
187,selection|ibm-granite/granite-3.3-8b-instruct|a,delta_pp:1,2.2269,1.6089,0.1828,4.568,0.8963,selection,0.9105,False,abstain,False
187,selection|microsoft/Phi-3.5-mini-instruct|a,delta_pp:1,4.4326,2.7403,2.1342,7.4257,0.9129,selection,1.8188,True,unsafe,False
187,selection|Qwen/Qwen2.5-7B-Instruct|b,delta_pp:1,0.1813,0.9297,-1.3352,2.0707,0.8622,selection,-0.5102,False,abstain,False
187,selection|allenai/OLMo-2-1124-7B-Instruct|b,delta_pp:1,3.0281,3.3216,0.3128,5.8768,0.7944,selection,0.3366,False,abstain,True
187,selection|ibm-granite/granite-3.3-8b-instruct|b,delta_pp:1,3.1627,1.8865,1.0507,5.7081,0.9059,selection,1.8088,True,unsafe,False
187,selection|microsoft/Phi-3.5-mini-instruct|b,delta_pp:1,4.856,3.9427,1.6667,7.8344,0.9013,selection,2.3681,True,unsafe,False
187,selection|Qwen/Qwen2.5-7B-Instruct|c,delta_pp:1,0.8587,1.3502,-1.0001,2.7486,0.8604,selection,-0.384,False,abstain,False
187,selection|allenai/OLMo-2-1124-7B-Instruct|c,delta_pp:1,5.1405,4.1934,1.9874,9.1934,0.7768,selection,1.2233,True,unsafe,True
187,selection|ibm-granite/granite-3.3-8b-instruct|c,delta_pp:1,2.34,1.8851,0.2701,4.5336,0.8823,selection,1.1876,True,abstain,False
187,selection|microsoft/Phi-3.5-mini-instruct|c,delta_pp:1,7.4806,4.7618,4.3283,11.3099,0.9047,selection,3.7391,True,unsafe,False
188,selection|Qwen/Qwen2.5-7B-Instruct|a,delta_pp:1,1.2816,1.6275,-0.5778,3.1508,0.7903,selection,-0.401,False,abstain,True
188,selection|allenai/OLMo-2-1124-7B-Instruct|a,delta_pp:1,0.643,4.2175,-2.5001,3.9871,0.7844,selection,-0.8898,False,abstain,True
188,selection|ibm-granite/granite-3.3-8b-instruct|a,delta_pp:1,-0.1493,2.6892,-2.1556,2.689,0.8927,selection,0.9105,False,abstain,False
188,selection|microsoft/Phi-3.5-mini-instruct|a,delta_pp:1,3.1815,2.4488,0.8524,6.4737,0.8691,selection,1.8188,True,abstain,False
188,selection|Qwen/Qwen2.5-7B-Instruct|b,delta_pp:1,0.91,1.4929,-1.0006,2.6265,0.813,selection,-0.5102,False,abstain,False
188,selection|allenai/OLMo-2-1124-7B-Instruct|b,delta_pp:1,-1.6739,4.2896,-4.7315,1.4888,0.8141,selection,0.3366,False,abstain,False
188,selection|ibm-granite/granite-3.3-8b-instruct|b,delta_pp:1,1.8302,2.455,-0.2641,4.6242,0.8673,selection,1.8088,True,abstain,False
188,selection|microsoft/Phi-3.5-mini-instruct|b,delta_pp:1,3.8443,3.1007,1.1063,6.4421,0.8823,selection,2.3681,True,unsafe,False
188,selection|Qwen/Qwen2.5-7B-Instruct|c,delta_pp:1,0.616,1.4012,-1.5939,2.3135,0.792,selection,-0.384,False,abstain,True
188,selection|allenai/OLMo-2-1124-7B-Instruct|c,delta_pp:1,2.0331,4.2967,-0.9366,5.3393,0.7643,selection,1.2233,True,abstain,True
188,selection|ibm-granite/granite-3.3-8b-instruct|c,delta_pp:1,1.2108,2.328,-1.0431,3.7597,0.8288,selection,1.1876,True,abstain,False
188,selection|microsoft/Phi-3.5-mini-instruct|c,delta_pp:1,4.8153,3.4925,1.6539,7.9605,0.8929,selection,3.7391,True,unsafe,False
189,selection|Qwen/Qwen2.5-7B-Instruct|a,delta_pp:1,0.4556,0.514,-0.7743,1.5432,0.9241,selection,-0.401,False,abstain,False
189,selection|allenai/OLMo-2-1124-7B-Instruct|a,delta_pp:1,1.0476,3.8936,-1.9359,4.6276,0.825,selection,-0.8898,False,abstain,False
189,selection|ibm-granite/granite-3.3-8b-instruct|a,delta_pp:1,-1.4898,2.2056,-4.196,0.6541,0.9232,selection,0.9105,False,abstain,False
189,selection|microsoft/Phi-3.5-mini-instruct|a,delta_pp:1,3.5074,2.6324,1.0426,6.0635,0.8812,selection,1.8188,True,unsafe,False
189,selection|Qwen/Qwen2.5-7B-Instruct|b,delta_pp:1,0.5971,0.6861,-0.5973,1.8747,0.9464,selection,-0.5102,False,abstain,False
189,selection|allenai/OLMo-2-1124-7B-Instruct|b,delta_pp:1,2.0486,3.5589,-0.6832,5.4359,0.8598,selection,0.3366,False,abstain,False
189,selection|ibm-granite/granite-3.3-8b-instruct|b,delta_pp:1,0.6984,2.3318,-2.0317,3.1987,0.9,selection,1.8088,True,abstain,False
189,selection|microsoft/Phi-3.5-mini-instruct|b,delta_pp:1,5.3484,3.3519,2.4807,8.121,0.8991,selection,2.3681,True,unsafe,False
189,selection|Qwen/Qwen2.5-7B-Instruct|c,delta_pp:1,1.2418,0.7192,-0.1076,2.8424,0.9464,selection,-0.384,False,abstain,False
189,selection|allenai/OLMo-2-1124-7B-Instruct|c,delta_pp:1,2.0507,3.4127,-0.5346,4.8481,0.8241,selection,1.2233,True,abstain,False
189,selection|ibm-granite/granite-3.3-8b-instruct|c,delta_pp:1,1.2935,1.4761,-0.697,3.429,0.9054,selection,1.1876,True,abstain,False
189,selection|microsoft/Phi-3.5-mini-instruct|c,delta_pp:1,3.7057,5.1377,-0.032,7.5032,0.8973,selection,3.7391,True,abstain,False
190,selection|Qwen/Qwen2.5-7B-Instruct|a,delta_pp:1,0.8049,1.2188,-0.6586,2.6754,0.8241,selection,-0.401,False,abstain,False
190,selection|allenai/OLMo-2-1124-7B-Instruct|a,delta_pp:1,-2.3715,3.7745,-5.4981,0.4006,0.7708,selection,-0.8898,False,abstain,True
190,selection|ibm-granite/granite-3.3-8b-instruct|a,delta_pp:1,4.6636,2.1303,2.6335,7.0023,0.8841,selection,0.9105,False,unsafe,False
190,selection|microsoft/Phi-3.5-mini-instruct|a,delta_pp:1,4.2763,3.3854,1.8216,7.3586,0.8181,selection,1.8188,True,unsafe,False
190,selection|Qwen/Qwen2.5-7B-Instruct|b,delta_pp:1,0.1379,0.9897,-1.4286,1.9054,0.8536,selection,-0.5102,False,abstain,False
190,selection|allenai/OLMo-2-1124-7B-Instruct|b,delta_pp:1,3.1482,3.8221,0.1502,6.7143,0.8011,selection,0.3366,False,abstain,False
190,selection|ibm-granite/granite-3.3-8b-instruct|b,delta_pp:1,4.2669,2.281,1.5477,6.5648,0.8671,selection,1.8088,True,unsafe,False
190,selection|microsoft/Phi-3.5-mini-instruct|b,delta_pp:1,3.6395,4.0378,0.9528,7.1337,0.8405,selection,2.3681,True,abstain,False
190,selection|Qwen/Qwen2.5-7B-Instruct|c,delta_pp:1,0.6179,1.1354,-1.0784,2.8385,0.867,selection,-0.384,False,abstain,False
190,selection|allenai/OLMo-2-1124-7B-Instruct|c,delta_pp:1,-0.7256,4.0778,-3.8614,2.5976,0.7717,selection,1.2233,True,abstain,True
190,selection|ibm-granite/granite-3.3-8b-instruct|c,delta_pp:1,2.8079,2.1109,0.5165,4.9779,0.8742,selection,1.1876,True,abstain,False
190,selection|microsoft/Phi-3.5-mini-instruct|c,delta_pp:1,6.5647,6.243,3.3679,11.0332,0.8451,selection,3.7391,True,unsafe,False
191,selection|Qwen/Qwen2.5-7B-Instruct|a,delta_pp:1,0.4373,1.3061,-1.7375,2.0447,0.8551,selection,-0.401,False,abstain,False
191,selection|allenai/OLMo-2-1124-7B-Instruct|a,delta_pp:1,3.3953,4.9265,0.2944,7.492,0.7607,selection,-0.8898,False,abstain,True
191,selection|ibm-granite/granite-3.3-8b-instruct|a,delta_pp:1,2.769,2.504,0.2974,5.4925,0.8989,selection,0.9105,False,abstain,False
191,selection|microsoft/Phi-3.5-mini-instruct|a,delta_pp:1,0.0685,2.2206,-1.789,3.1996,0.86,selection,1.8188,True,abstain,False
191,selection|Qwen/Qwen2.5-7B-Instruct|b,delta_pp:1,0.6427,1.1937,-1.3283,2.1949,0.8723,selection,-0.5102,False,abstain,False
191,selection|allenai/OLMo-2-1124-7B-Instruct|b,delta_pp:1,2.6988,4.913,-1.1962,6.2948,0.8142,selection,0.3366,False,abstain,False
191,selection|ibm-granite/granite-3.3-8b-instruct|b,delta_pp:1,3.5777,2.7497,1.0932,6.5539,0.879,selection,1.8088,True,unsafe,False
191,selection|microsoft/Phi-3.5-mini-instruct|b,delta_pp:1,1.4588,3.0662,-1.0963,4.1866,0.8513,selection,2.3681,True,abstain,False
191,selection|Qwen/Qwen2.5-7B-Instruct|c,delta_pp:1,1.5192,1.2678,-0.3578,2.9998,0.8396,selection,-0.384,False,abstain,False
191,selection|allenai/OLMo-2-1124-7B-Instruct|c,delta_pp:1,1.9372,3.7888,-0.942,5.5032,0.7823,selection,1.2233,True,abstain,True
191,selection|ibm-granite/granite-3.3-8b-instruct|c,delta_pp:1,2.1874,1.4447,-0.036,4.1116,0.8878,selection,1.1876,True,abstain,False
191,selection|microsoft/Phi-3.5-mini-instruct|c,delta_pp:1,1.1488,4.9907,-2.1905,4.7638,0.7993,selection,3.7391,True,abstain,True
192,selection|Qwen/Qwen2.5-7B-Instruct|a,delta_pp:1,0.7149,1.8297,-1.6777,2.7107,0.829,selection,-0.401,False,abstain,False
192,selection|allenai/OLMo-2-1124-7B-Instruct|a,delta_pp:1,1.6994,5.8682,-1.839,5.9316,0.7722,selection,-0.8898,False,abstain,True
192,selection|ibm-granite/granite-3.3-8b-instruct|a,delta_pp:1,2.1729,4.0354,-1.5947,5.2053,0.8651,selection,0.9105,False,abstain,False
192,selection|microsoft/Phi-3.5-mini-instruct|a,delta_pp:1,1.7263,4.3359,-1.4214,5.2927,0.8258,selection,1.8188,True,abstain,False
192,selection|Qwen/Qwen2.5-7B-Instruct|b,delta_pp:1,-0.3563,2.0265,-2.8979,1.3923,0.8452,selection,-0.5102,False,abstain,False
192,selection|allenai/OLMo-2-1124-7B-Instruct|b,delta_pp:1,-0.7554,4.3362,-3.8111,3.009,0.7434,selection,0.3366,False,abstain,True
192,selection|ibm-granite/granite-3.3-8b-instruct|b,delta_pp:1,2.1743,2.7539,-0.2495,4.8074,0.8686,selection,1.8088,True,abstain,False
192,selection|microsoft/Phi-3.5-mini-instruct|b,delta_pp:1,5.9203,5.5192,1.9007,9.4128,0.8484,selection,2.3681,True,unsafe,False
192,selection|Qwen/Qwen2.5-7B-Instruct|c,delta_pp:1,0.4713,1.8134,-1.8642,2.2225,0.8147,selection,-0.384,False,abstain,False
192,selection|allenai/OLMo-2-1124-7B-Instruct|c,delta_pp:1,2.9444,5.3881,-0.6249,6.2666,0.7892,selection,1.2233,True,abstain,True
192,selection|ibm-granite/granite-3.3-8b-instruct|c,delta_pp:1,2.9005,2.5651,0.4201,5.4281,0.7933,selection,1.1876,True,abstain,True
192,selection|microsoft/Phi-3.5-mini-instruct|c,delta_pp:1,6.7346,8.1406,1.6065,10.4836,0.8775,selection,3.7391,True,unsafe,False
193,selection|Qwen/Qwen2.5-7B-Instruct|a,delta_pp:1,2.5676,1.3089,0.5988,4.3383,0.819,selection,-0.401,False,abstain,False
193,selection|allenai/OLMo-2-1124-7B-Instruct|a,delta_pp:1,3.5326,4.7768,-0.2499,7.1124,0.8014,selection,-0.8898,False,abstain,False
193,selection|ibm-granite/granite-3.3-8b-instruct|a,delta_pp:1,4.9463,2.597,2.5745,7.9088,0.8741,selection,0.9105,False,unsafe,False
193,selection|microsoft/Phi-3.5-mini-instruct|a,delta_pp:1,5.3294,3.1974,2.6841,7.9399,0.7859,selection,1.8188,True,unsafe,True
193,selection|Qwen/Qwen2.5-7B-Instruct|b,delta_pp:1,2.1431,1.5565,-0.0014,4.0206,0.8307,selection,-0.5102,False,abstain,False
193,selection|allenai/OLMo-2-1124-7B-Instruct|b,delta_pp:1,4.8963,5.3011,1.5544,8.4625,0.7941,selection,0.3366,False,unsafe,True
193,selection|ibm-granite/granite-3.3-8b-instruct|b,delta_pp:1,3.7933,3.3833,0.9191,6.8777,0.8336,selection,1.8088,True,abstain,False
193,selection|microsoft/Phi-3.5-mini-instruct|b,delta_pp:1,7.1549,4.1919,3.6393,10.5191,0.8546,selection,2.3681,True,unsafe,False
193,selection|Qwen/Qwen2.5-7B-Instruct|c,delta_pp:1,2.2737,1.2805,-0.1319,4.0176,0.8181,selection,-0.384,False,abstain,False
193,selection|allenai/OLMo-2-1124-7B-Instruct|c,delta_pp:1,3.1746,3.5341,0.4282,6.5779,0.7481,selection,1.2233,True,abstain,True
193,selection|ibm-granite/granite-3.3-8b-instruct|c,delta_pp:1,3.7161,2.6816,1.3925,6.3617,0.811,selection,1.1876,True,unsafe,False
193,selection|microsoft/Phi-3.5-mini-instruct|c,delta_pp:1,6.5068,5.2649,2.915,10.1917,0.8269,selection,3.7391,True,unsafe,False
194,selection|Qwen/Qwen2.5-7B-Instruct|a,delta_pp:1,-2.5569,1.3395,-4.5033,-0.7332,0.7913,selection,-0.401,False,abstain,True
194,selection|allenai/OLMo-2-1124-7B-Instruct|a,delta_pp:1,-3.4258,4.9988,-7.453,0.0605,0.8047,selection,-0.8898,False,abstain,False
194,selection|ibm-granite/granite-3.3-8b-instruct|a,delta_pp:1,0.7267,2.3662,-1.965,2.8991,0.8815,selection,0.9105,False,abstain,False
194,selection|microsoft/Phi-3.5-mini-instruct|a,delta_pp:1,-0.053,2.8901,-2.9152,2.9973,0.8466,selection,1.8188,True,abstain,False
194,selection|Qwen/Qwen2.5-7B-Instruct|b,delta_pp:1,-3.7132,1.2723,-5.5211,-1.8065,0.8262,selection,-0.5102,False,unsafe,False
194,selection|allenai/OLMo-2-1124-7B-Instruct|b,delta_pp:1,-1.4345,4.0098,-4.6469,1.9863,0.8029,selection,0.3366,False,abstain,False
194,selection|ibm-granite/granite-3.3-8b-instruct|b,delta_pp:1,0.6102,3.1718,-2.096,3.4841,0.8466,selection,1.8088,True,abstain,False
194,selection|microsoft/Phi-3.5-mini-instruct|b,delta_pp:1,2.0807,3.6193,-1.2476,4.4878,0.857,selection,2.3681,True,abstain,False
194,selection|Qwen/Qwen2.5-7B-Instruct|c,delta_pp:1,-1.4045,1.3437,-3.309,0.3641,0.8253,selection,-0.384,False,abstain,False
194,selection|allenai/OLMo-2-1124-7B-Instruct|c,delta_pp:1,-1.3498,5.2687,-4.6151,2.2038,0.7552,selection,1.2233,True,abstain,True
194,selection|ibm-granite/granite-3.3-8b-instruct|c,delta_pp:1,-2.1849,1.9812,-4.5286,-0.1587,0.8556,selection,1.1876,True,abstain,False
194,selection|microsoft/Phi-3.5-mini-instruct|c,delta_pp:1,1.5274,5.8505,-2.3103,5.8273,0.8519,selection,3.7391,True,abstain,False
195,selection|Qwen/Qwen2.5-7B-Instruct|a,delta_pp:1,-1.4752,1.7407,-3.5029,1.0215,0.8709,selection,-0.401,False,abstain,False
195,selection|allenai/OLMo-2-1124-7B-Instruct|a,delta_pp:1,-1.5006,4.4379,-5.3483,1.5137,0.8354,selection,-0.8898,False,abstain,False
195,selection|ibm-granite/granite-3.3-8b-instruct|a,delta_pp:1,0.8475,2.7102,-1.5165,3.4924,0.8706,selection,0.9105,False,abstain,False
195,selection|microsoft/Phi-3.5-mini-instruct|a,delta_pp:1,1.8136,4.5528,-1.4522,5.6242,0.8337,selection,1.8188,True,abstain,False
195,selection|Qwen/Qwen2.5-7B-Instruct|b,delta_pp:1,-2.0271,1.7365,-3.9357,0.6537,0.8962,selection,-0.5102,False,abstain,False
195,selection|allenai/OLMo-2-1124-7B-Instruct|b,delta_pp:1,-0.5288,3.4151,-3.7173,2.4607,0.8381,selection,0.3366,False,abstain,False
195,selection|ibm-granite/granite-3.3-8b-instruct|b,delta_pp:1,1.9775,3.3925,-1.1879,5.3083,0.853,selection,1.8088,True,abstain,False
195,selection|microsoft/Phi-3.5-mini-instruct|b,delta_pp:1,3.9277,5.3873,0.078,7.666,0.8613,selection,2.3681,True,abstain,False
195,selection|Qwen/Qwen2.5-7B-Instruct|c,delta_pp:1,-2.235,1.3837,-3.6763,0.2171,0.884,selection,-0.384,False,abstain,False
195,selection|allenai/OLMo-2-1124-7B-Instruct|c,delta_pp:1,1.2057,4.0569,-1.7327,4.4931,0.7893,selection,1.2233,True,abstain,True
195,selection|ibm-granite/granite-3.3-8b-instruct|c,delta_pp:1,0.6901,2.1329,-1.306,2.929,0.8506,selection,1.1876,True,abstain,False
195,selection|microsoft/Phi-3.5-mini-instruct|c,delta_pp:1,3.5666,7.1471,-0.9379,7.916,0.8645,selection,3.7391,True,abstain,False
196,selection|Qwen/Qwen2.5-7B-Instruct|a,delta_pp:1,0.2423,1.7591,-1.816,2.6484,0.8122,selection,-0.401,False,abstain,False
196,selection|allenai/OLMo-2-1124-7B-Instruct|a,delta_pp:1,-0.4272,4.127,-4.0027,2.4832,0.8296,selection,-0.8898,False,abstain,False
196,selection|ibm-granite/granite-3.3-8b-instruct|a,delta_pp:1,2.9334,2.824,0.2055,5.077,0.8843,selection,0.9105,False,abstain,False
196,selection|microsoft/Phi-3.5-mini-instruct|a,delta_pp:1,4.0566,3.7195,1.2979,7.6997,0.8574,selection,1.8188,True,unsafe,False
196,selection|Qwen/Qwen2.5-7B-Instruct|b,delta_pp:1,-0.421,1.6742,-2.3953,1.9682,0.8122,selection,-0.5102,False,abstain,False
196,selection|allenai/OLMo-2-1124-7B-Instruct|b,delta_pp:1,-1.9648,3.2286,-4.8782,1.3744,0.7991,selection,0.3366,False,abstain,True
196,selection|ibm-granite/granite-3.3-8b-instruct|b,delta_pp:1,4.2761,3.3826,1.6454,7.9031,0.8809,selection,1.8088,True,unsafe,False
196,selection|microsoft/Phi-3.5-mini-instruct|b,delta_pp:1,3.3255,3.9457,0.0818,6.175,0.8713,selection,2.3681,True,abstain,False
196,selection|Qwen/Qwen2.5-7B-Instruct|c,delta_pp:1,0.0066,1.0943,-1.7545,1.6532,0.7922,selection,-0.384,False,abstain,True
196,selection|allenai/OLMo-2-1124-7B-Instruct|c,delta_pp:1,1.2029,3.7612,-1.7555,4.7103,0.8357,selection,1.2233,True,abstain,False
196,selection|ibm-granite/granite-3.3-8b-instruct|c,delta_pp:1,2.2541,2.1583,0.0138,4.5122,0.8878,selection,1.1876,True,abstain,False
196,selection|microsoft/Phi-3.5-mini-instruct|c,delta_pp:1,5.3958,6.3541,1.1814,9.974,0.8539,selection,3.7391,True,unsafe,False
197,selection|Qwen/Qwen2.5-7B-Instruct|a,delta_pp:1,0.1328,1.7029,-2.1751,2.4661,0.833,selection,-0.401,False,abstain,False
197,selection|allenai/OLMo-2-1124-7B-Instruct|a,delta_pp:1,-1.3153,4.7289,-4.4399,2.1495,0.8522,selection,-0.8898,False,abstain,False
197,selection|ibm-granite/granite-3.3-8b-instruct|a,delta_pp:1,0.732,2.7724,-1.8879,3.363,0.8843,selection,0.9105,False,abstain,False
197,selection|microsoft/Phi-3.5-mini-instruct|a,delta_pp:1,2.3338,2.6372,-0.13,4.8476,0.8957,selection,1.8188,True,abstain,False
197,selection|Qwen/Qwen2.5-7B-Instruct|b,delta_pp:1,0.5806,1.6532,-1.687,2.5885,0.8148,selection,-0.5102,False,abstain,False
197,selection|allenai/OLMo-2-1124-7B-Instruct|b,delta_pp:1,-1.9935,4.0745,-5.1018,1.3047,0.8539,selection,0.3366,False,abstain,False
197,selection|ibm-granite/granite-3.3-8b-instruct|b,delta_pp:1,1.7406,3.1767,-0.7514,5.3082,0.8783,selection,1.8088,True,abstain,False
197,selection|microsoft/Phi-3.5-mini-instruct|b,delta_pp:1,1.5385,3.2007,-1.6631,4.4481,0.8722,selection,2.3681,True,abstain,False
197,selection|Qwen/Qwen2.5-7B-Instruct|c,delta_pp:1,0.0947,1.5631,-1.969,2.005,0.7548,selection,-0.384,False,abstain,True
197,selection|allenai/OLMo-2-1124-7B-Instruct|c,delta_pp:1,0.8219,4.252,-2.419,4.0678,0.8348,selection,1.2233,True,abstain,False
197,selection|ibm-granite/granite-3.3-8b-instruct|c,delta_pp:1,0.811,1.8061,-0.9937,3.1835,0.8313,selection,1.1876,True,abstain,False
197,selection|microsoft/Phi-3.5-mini-instruct|c,delta_pp:1,4.3409,4.7326,0.5987,7.8866,0.8939,selection,3.7391,True,abstain,False
198,selection|Qwen/Qwen2.5-7B-Instruct|a,delta_pp:1,-0.2957,0.9131,-1.7392,1.426,0.9281,selection,-0.401,False,abstain,False
198,selection|allenai/OLMo-2-1124-7B-Instruct|a,delta_pp:1,0.3988,4.7738,-2.57,4.3978,0.836,selection,-0.8898,False,abstain,False
198,selection|ibm-granite/granite-3.3-8b-instruct|a,delta_pp:1,2.3851,2.3613,0.429,5.4695,0.9158,selection,0.9105,False,abstain,False
198,selection|microsoft/Phi-3.5-mini-instruct|a,delta_pp:1,3.6652,2.418,1.1875,6.272,0.9263,selection,1.8188,True,unsafe,False
198,selection|Qwen/Qwen2.5-7B-Instruct|b,delta_pp:1,-0.0348,0.8276,-1.3259,1.6585,0.9447,selection,-0.5102,False,abstain,False
198,selection|allenai/OLMo-2-1124-7B-Instruct|b,delta_pp:1,-0.5334,4.0929,-3.5665,3.04,0.9044,selection,0.3366,False,abstain,False
198,selection|ibm-granite/granite-3.3-8b-instruct|b,delta_pp:1,2.5266,2.7545,0.385,5.1726,0.8825,selection,1.8088,True,abstain,False
198,selection|microsoft/Phi-3.5-mini-instruct|b,delta_pp:1,3.3579,3.1785,1.1207,6.7881,0.9202,selection,2.3681,True,unsafe,False
198,selection|Qwen/Qwen2.5-7B-Instruct|c,delta_pp:1,-0.0348,0.8276,-1.3259,1.6585,0.9447,selection,-0.384,False,abstain,False
198,selection|allenai/OLMo-2-1124-7B-Instruct|c,delta_pp:1,1.1085,3.3355,-1.686,4.1817,0.8254,selection,1.2233,True,abstain,False
198,selection|ibm-granite/granite-3.3-8b-instruct|c,delta_pp:1,2.0221,1.3994,0.4692,3.9036,0.9237,selection,1.1876,True,abstain,False
198,selection|microsoft/Phi-3.5-mini-instruct|c,delta_pp:1,7.3611,4.1975,4.5778,10.9465,0.9184,selection,3.7391,True,unsafe,False
199,selection|Qwen/Qwen2.5-7B-Instruct|a,delta_pp:1,-0.1505,1.2175,-1.788,1.9423,0.8559,selection,-0.401,False,abstain,False
199,selection|allenai/OLMo-2-1124-7B-Instruct|a,delta_pp:1,-2.0977,3.3059,-4.9251,0.6454,0.7876,selection,-0.8898,False,abstain,True
199,selection|ibm-granite/granite-3.3-8b-instruct|a,delta_pp:1,1.7157,1.929,-0.5161,3.9596,0.9024,selection,0.9105,False,abstain,False
199,selection|microsoft/Phi-3.5-mini-instruct|a,delta_pp:1,1.8005,2.9533,-1.251,4.2531,0.86,selection,1.8188,True,abstain,False
199,selection|Qwen/Qwen2.5-7B-Instruct|b,delta_pp:1,0.1551,0.9045,-1.1632,1.924,0.8586,selection,-0.5102,False,abstain,False
199,selection|allenai/OLMo-2-1124-7B-Instruct|b,delta_pp:1,-0.5535,2.7028,-3.1443,2.2243,0.8703,selection,0.3366,False,abstain,False
199,selection|ibm-granite/granite-3.3-8b-instruct|b,delta_pp:1,0.4044,1.9459,-1.4793,2.7191,0.8671,selection,1.8088,True,abstain,False
199,selection|microsoft/Phi-3.5-mini-instruct|b,delta_pp:1,1.1175,3.4987,-1.5674,4.2364,0.9366,selection,2.3681,True,abstain,False
199,selection|Qwen/Qwen2.5-7B-Instruct|c,delta_pp:1,0.658,1.0084,-0.8013,2.3835,0.8749,selection,-0.384,False,abstain,False
199,selection|allenai/OLMo-2-1124-7B-Instruct|c,delta_pp:1,1.3477,3.3296,-1.3431,4.3069,0.8048,selection,1.2233,True,abstain,False
199,selection|ibm-granite/granite-3.3-8b-instruct|c,delta_pp:1,0.3697,1.7172,-1.3482,2.5471,0.8706,selection,1.1876,True,abstain,False
199,selection|microsoft/Phi-3.5-mini-instruct|c,delta_pp:1,0.7373,5.8649,-3.7405,4.3454,0.9045,selection,3.7391,True,abstain,False
