draw,key,stat,estimate,boot_var,lo,hi,balanced_accuracy,area,full_estimate,unsafe_full,decision,ba_unsafe
0,selection|Qwen/Qwen2.5-7B-Instruct|a,delta_pp:1,-0.1075,2.0618,-2.6259,1.8544,0.8697,selection,-0.401,False,abstain,False
0,selection|allenai/OLMo-2-1124-7B-Instruct|a,delta_pp:1,1.4091,6.9427,-1.9165,5.4622,0.8138,selection,-0.8898,False,abstain,False
0,selection|ibm-granite/granite-3.3-8b-instruct|a,delta_pp:1,3.5826,5.8912,-0.034,7.9661,0.8504,selection,0.9105,False,abstain,False
0,selection|microsoft/Phi-3.5-mini-instruct|a,delta_pp:1,3.7858,8.7344,-0.8354,8.5903,0.7826,selection,1.8188,True,abstain,True
0,selection|Qwen/Qwen2.5-7B-Instruct|b,delta_pp:1,0.5294,1.5809,-1.2537,2.3987,0.8715,selection,-0.5102,False,abstain,False
0,selection|allenai/OLMo-2-1124-7B-Instruct|b,delta_pp:1,1.5662,9.3169,-2.8289,6.7659,0.7496,selection,0.3366,False,abstain,True
0,selection|ibm-granite/granite-3.3-8b-instruct|b,delta_pp:1,1.3765,4.8269,-1.8097,5.0554,0.9199,selection,1.8088,True,abstain,False
0,selection|microsoft/Phi-3.5-mini-instruct|b,delta_pp:1,0.3522,7.4539,-3.8513,5.1902,0.8451,selection,2.3681,True,abstain,False
0,selection|Qwen/Qwen2.5-7B-Instruct|c,delta_pp:1,0.2664,1.5748,-1.7535,2.2792,0.8402,selection,-0.384,False,abstain,False
0,selection|allenai/OLMo-2-1124-7B-Instruct|c,delta_pp:1,-0.109,6.0738,-3.6028,4.1046,0.7254,selection,1.2233,True,abstain,True
0,selection|ibm-granite/granite-3.3-8b-instruct|c,delta_pp:1,0.6524,4.2118,-1.9746,4.513,0.7689,selection,1.1876,True,abstain,True
0,selection|microsoft/Phi-3.5-mini-instruct|c,delta_pp:1,1.6398,13.9852,-5.0671,7.5128,0.7962,selection,3.7391,True,abstain,True
1,selection|Qwen/Qwen2.5-7B-Instruct|a,delta_pp:1,-1.7315,3.5011,-5.2126,1.1097,0.7623,selection,-0.401,False,abstain,True
1,selection|allenai/OLMo-2-1124-7B-Instruct|a,delta_pp:1,-0.2812,9.045,-4.8218,4.067,0.7381,selection,-0.8898,False,abstain,True
1,selection|ibm-granite/granite-3.3-8b-instruct|a,delta_pp:1,-1.2482,6.6539,-5.2244,2.6384,0.8411,selection,0.9105,False,abstain,False
1,selection|microsoft/Phi-3.5-mini-instruct|a,delta_pp:1,2.242,4.0574,-0.5579,6.0173,0.752,selection,1.8188,True,abstain,True
1,selection|Qwen/Qwen2.5-7B-Instruct|b,delta_pp:1,-1.1678,3.7817,-4.6866,1.9859,0.8078,selection,-0.5102,False,abstain,False
1,selection|allenai/OLMo-2-1124-7B-Instruct|b,delta_pp:1,4.1438,8.3874,-1.4465,8.2626,0.8308,selection,0.3366,False,abstain,False
1,selection|ibm-granite/granite-3.3-8b-instruct|b,delta_pp:1,0.2552,4.5658,-3.0694,3.8617,0.7572,selection,1.8088,True,abstain,True
1,selection|microsoft/Phi-3.5-mini-instruct|b,delta_pp:1,3.4906,6.2329,-0.0378,7.5733,0.8256,selection,2.3681,True,abstain,False
1,selection|Qwen/Qwen2.5-7B-Instruct|c,delta_pp:1,-0.5101,3.5843,-3.809,2.5191,0.8095,selection,-0.384,False,abstain,False
1,selection|allenai/OLMo-2-1124-7B-Instruct|c,delta_pp:1,2.2465,6.2211,-1.816,6.3947,0.7485,selection,1.2233,True,abstain,True
1,selection|ibm-granite/granite-3.3-8b-instruct|c,delta_pp:1,-1.0647,4.694,-4.7467,2.2667,0.7572,selection,1.1876,True,abstain,True
1,selection|microsoft/Phi-3.5-mini-instruct|c,delta_pp:1,0.2158,9.3433,-4.2193,4.8255,0.8537,selection,3.7391,True,abstain,False
2,selection|Qwen/Qwen2.5-7B-Instruct|a,delta_pp:1,1.321,3.4634,-1.4039,3.9226,0.8533,selection,-0.401,False,abstain,False
2,selection|allenai/OLMo-2-1124-7B-Instruct|a,delta_pp:1,-0.502,5.1265,-4.8421,2.6703,0.8411,selection,-0.8898,False,abstain,False
2,selection|ibm-granite/granite-3.3-8b-instruct|a,delta_pp:1,0.3885,2.4016,-2.3029,2.5076,0.9424,selection,0.9105,False,abstain,False
2,selection|microsoft/Phi-3.5-mini-instruct|a,delta_pp:1,4.6685,5.7614,1.0963,8.4021,0.8411,selection,1.8188,True,unsafe,False
2,selection|Qwen/Qwen2.5-7B-Instruct|b,delta_pp:1,-0.0908,2.7451,-3.1066,2.831,0.9004,selection,-0.5102,False,abstain,False
2,selection|allenai/OLMo-2-1124-7B-Instruct|b,delta_pp:1,-3.1011,8.6984,-8.637,0.7051,0.8308,selection,0.3366,False,abstain,False
2,selection|ibm-granite/granite-3.3-8b-instruct|b,delta_pp:1,1.9095,4.0387,-1.3112,4.9416,0.8953,selection,1.8088,True,abstain,False
2,selection|microsoft/Phi-3.5-mini-instruct|b,delta_pp:1,5.9238,7.4772,1.8756,11.0133,0.8814,selection,2.3681,True,unsafe,False
2,selection|Qwen/Qwen2.5-7B-Instruct|c,delta_pp:1,0.7325,2.6985,-2.564,3.0983,0.8113,selection,-0.384,False,abstain,False
2,selection|allenai/OLMo-2-1124-7B-Instruct|c,delta_pp:1,-1.3278,6.5412,-5.2776,2.8332,0.6996,selection,1.2233,True,abstain,True
2,selection|ibm-granite/granite-3.3-8b-instruct|c,delta_pp:1,0.576,3.1133,-2.4406,3.1812,0.8987,selection,1.1876,True,abstain,False
2,selection|microsoft/Phi-3.5-mini-instruct|c,delta_pp:1,7.2846,8.0588,2.2184,10.6482,0.871,selection,3.7391,True,unsafe,False
3,selection|Qwen/Qwen2.5-7B-Instruct|a,delta_pp:1,-0.303,2.0665,-2.8918,1.8544,0.8828,selection,-0.401,False,abstain,False
3,selection|allenai/OLMo-2-1124-7B-Instruct|a,delta_pp:1,-0.2522,4.7789,-3.5545,3.2191,0.851,selection,-0.8898,False,abstain,False
3,selection|ibm-granite/granite-3.3-8b-instruct|a,delta_pp:1,0.9205,2.7077,-2.028,3.1173,0.9246,selection,0.9105,False,abstain,False
3,selection|microsoft/Phi-3.5-mini-instruct|a,delta_pp:1,1.7515,3.708,-0.9891,4.9544,0.8738,selection,1.8188,True,abstain,False
3,selection|Qwen/Qwen2.5-7B-Instruct|b,delta_pp:1,-0.8332,1.9613,-3.1025,1.5414,0.86,selection,-0.5102,False,abstain,False
3,selection|allenai/OLMo-2-1124-7B-Instruct|b,delta_pp:1,3.6014,3.5233,0.5852,6.4252,0.8965,selection,0.3366,False,abstain,False
3,selection|ibm-granite/granite-3.3-8b-instruct|b,delta_pp:1,0.4223,3.9229,-2.8767,3.8441,0.8774,selection,1.8088,True,abstain,False
3,selection|microsoft/Phi-3.5-mini-instruct|b,delta_pp:1,3.109,6.5931,-0.666,7.7729,0.8594,selection,2.3681,True,abstain,False
3,selection|Qwen/Qwen2.5-7B-Instruct|c,delta_pp:1,-0.8332,1.9613,-3.1025,1.5414,0.86,selection,-0.384,False,abstain,False
3,selection|allenai/OLMo-2-1124-7B-Instruct|c,delta_pp:1,4.3942,4.6167,0.892,7.7551,0.8283,selection,1.2233,True,abstain,False
3,selection|ibm-granite/granite-3.3-8b-instruct|c,delta_pp:1,2.9819,2.7119,-0.0209,5.3733,0.8564,selection,1.1876,True,abstain,False
3,selection|microsoft/Phi-3.5-mini-instruct|c,delta_pp:1,6.2844,9.3791,0.5949,11.0399,0.8922,selection,3.7391,True,abstain,False
4,selection|Qwen/Qwen2.5-7B-Instruct|a,delta_pp:1,-0.5061,1.616,-2.6691,1.5802,0.9531,selection,-0.401,False,abstain,False
4,selection|allenai/OLMo-2-1124-7B-Instruct|a,delta_pp:1,4.084,7.1467,-0.3798,7.6394,0.7222,selection,-0.8898,False,abstain,True
4,selection|ibm-granite/granite-3.3-8b-instruct|a,delta_pp:1,3.5331,4.1636,0.3421,7.151,0.8611,selection,0.9105,False,abstain,False
4,selection|microsoft/Phi-3.5-mini-instruct|a,delta_pp:1,0.5609,5.5929,-3.4007,3.9635,0.9792,selection,1.8188,True,abstain,False
4,selection|Qwen/Qwen2.5-7B-Instruct|b,delta_pp:1,-0.4995,2.2367,-3.0231,1.5284,0.8681,selection,-0.5102,False,abstain,False
4,selection|allenai/OLMo-2-1124-7B-Instruct|b,delta_pp:1,3.4786,8.3188,-1.4971,8.3256,0.717,selection,0.3366,False,abstain,True
4,selection|ibm-granite/granite-3.3-8b-instruct|b,delta_pp:1,2.9576,5.7674,-0.9198,6.8543,0.9375,selection,1.8088,True,abstain,False
4,selection|microsoft/Phi-3.5-mini-instruct|b,delta_pp:1,1.3483,8.08,-2.7627,5.8661,0.967,selection,2.3681,True,abstain,False
4,selection|Qwen/Qwen2.5-7B-Instruct|c,delta_pp:1,1.4622,1.6172,-0.629,3.3935,0.8698,selection,-0.384,False,abstain,False
4,selection|allenai/OLMo-2-1124-7B-Instruct|c,delta_pp:1,5.9052,7.47,1.6606,9.3301,0.7569,selection,1.2233,True,unsafe,True
4,selection|ibm-granite/granite-3.3-8b-instruct|c,delta_pp:1,3.4967,3.4081,0.3378,6.221,0.8646,selection,1.1876,True,abstain,False
4,selection|microsoft/Phi-3.5-mini-instruct|c,delta_pp:1,-0.5042,8.7242,-5.095,4.0086,0.9549,selection,3.7391,True,abstain,False
5,selection|Qwen/Qwen2.5-7B-Instruct|a,delta_pp:1,0.7159,2.51,-2.3363,3.1439,0.9004,selection,-0.401,False,abstain,False
5,selection|allenai/OLMo-2-1124-7B-Instruct|a,delta_pp:1,2.5559,9.2887,-2.0745,7.1158,0.7381,selection,-0.8898,False,abstain,True
5,selection|ibm-granite/granite-3.3-8b-instruct|a,delta_pp:1,2.8998,5.5647,-1.0717,6.3259,0.8481,selection,0.9105,False,abstain,False
5,selection|microsoft/Phi-3.5-mini-instruct|a,delta_pp:1,2.0495,4.7253,-2.0764,5.3541,0.8901,selection,1.8188,True,abstain,False
5,selection|Qwen/Qwen2.5-7B-Instruct|b,delta_pp:1,0.7159,2.51,-2.3363,3.1439,0.9004,selection,-0.5102,False,abstain,False
5,selection|allenai/OLMo-2-1124-7B-Instruct|b,delta_pp:1,2.8285,8.3683,-2.0846,6.7414,0.8745,selection,0.3366,False,abstain,False
5,selection|ibm-granite/granite-3.3-8b-instruct|b,delta_pp:1,7.5354,9.5875,2.3658,11.7642,0.7888,selection,1.8088,True,unsafe,True
5,selection|microsoft/Phi-3.5-mini-instruct|b,delta_pp:1,4.8152,9.7147,-1.0226,10.3422,0.8693,selection,2.3681,True,abstain,False
5,selection|Qwen/Qwen2.5-7B-Instruct|c,delta_pp:1,-0.4115,2.7945,-3.6557,1.7624,0.8095,selection,-0.384,False,abstain,False
5,selection|allenai/OLMo-2-1124-7B-Instruct|c,delta_pp:1,-0.1825,7.9868,-5.1198,3.8171,0.7853,selection,1.2233,True,abstain,True
5,selection|ibm-granite/granite-3.3-8b-instruct|c,delta_pp:1,1.6692,4.5838,-1.6383,5.0711,0.7606,selection,1.1876,True,abstain,True
5,selection|microsoft/Phi-3.5-mini-instruct|c,delta_pp:1,8.1173,10.4374,3.6186,13.4455,0.8204,selection,3.7391,True,unsafe,False
6,selection|Qwen/Qwen2.5-7B-Instruct|a,delta_pp:1,0.4961,2.5058,-2.2697,2.675,0.8245,selection,-0.401,False,abstain,False
6,selection|allenai/OLMo-2-1124-7B-Instruct|a,delta_pp:1,4.6577,9.3784,-0.5729,8.948,0.7494,selection,-0.8898,False,abstain,True
6,selection|ibm-granite/granite-3.3-8b-instruct|a,delta_pp:1,2.592,4.4137,-0.7438,6.8493,0.9267,selection,0.9105,False,abstain,False
6,selection|microsoft/Phi-3.5-mini-instruct|a,delta_pp:1,2.1087,6.539,-2.1078,5.9197,0.8103,selection,1.8188,True,abstain,False
6,selection|Qwen/Qwen2.5-7B-Instruct|b,delta_pp:1,0.1162,2.4829,-2.742,2.3882,0.854,selection,-0.5102,False,abstain,False
6,selection|allenai/OLMo-2-1124-7B-Instruct|b,delta_pp:1,2.1087,5.9543,-1.4409,6.0865,0.8103,selection,0.3366,False,abstain,False
6,selection|ibm-granite/granite-3.3-8b-instruct|b,delta_pp:1,4.868,7.0922,0.9136,9.1158,0.8954,selection,1.8088,True,abstain,False
6,selection|microsoft/Phi-3.5-mini-instruct|b,delta_pp:1,1.1711,9.3595,-3.8571,6.3935,0.8239,selection,2.3681,True,abstain,False
6,selection|Qwen/Qwen2.5-7B-Instruct|c,delta_pp:1,0.4961,2.5058,-2.2697,2.675,0.8245,selection,-0.384,False,abstain,False
6,selection|allenai/OLMo-2-1124-7B-Instruct|c,delta_pp:1,5.2642,8.0901,0.3428,10.2118,0.805,selection,1.2233,True,abstain,False
6,selection|ibm-granite/granite-3.3-8b-instruct|c,delta_pp:1,2.8488,4.4605,-0.2161,6.5859,0.8469,selection,1.1876,True,abstain,False
6,selection|microsoft/Phi-3.5-mini-instruct|c,delta_pp:1,3.0405,10.0439,-1.7321,7.8754,0.841,selection,3.7391,True,abstain,False
7,selection|Qwen/Qwen2.5-7B-Instruct|a,delta_pp:1,-3.1204,2.0805,-5.3566,-1.2419,0.9376,selection,-0.401,False,unsafe,False
7,selection|allenai/OLMo-2-1124-7B-Instruct|a,delta_pp:1,-3.0979,6.3137,-7.2311,1.4115,0.9204,selection,-0.8898,False,abstain,False
7,selection|ibm-granite/granite-3.3-8b-instruct|a,delta_pp:1,-1.9139,3.9819,-5.8526,0.9184,0.9341,selection,0.9105,False,abstain,False
7,selection|microsoft/Phi-3.5-mini-instruct|a,delta_pp:1,5.4665,4.9203,2.3176,8.8813,0.8144,selection,1.8188,True,unsafe,False
7,selection|Qwen/Qwen2.5-7B-Instruct|b,delta_pp:1,-3.1204,2.0805,-5.3566,-1.2419,0.9376,selection,-0.5102,False,unsafe,False
7,selection|allenai/OLMo-2-1124-7B-Instruct|b,delta_pp:1,-3.7511,7.1507,-8.2578,0.897,0.9152,selection,0.3366,False,abstain,False
7,selection|ibm-granite/granite-3.3-8b-instruct|b,delta_pp:1,-0.4691,5.4861,-4.8655,2.5807,0.87,selection,1.8088,True,abstain,False
7,selection|microsoft/Phi-3.5-mini-instruct|b,delta_pp:1,3.4999,6.2691,-1.2566,7.2805,0.8631,selection,2.3681,True,abstain,False
7,selection|Qwen/Qwen2.5-7B-Instruct|c,delta_pp:1,-1.8004,2.2684,-4.2372,0.3558,0.9376,selection,-0.384,False,abstain,False
7,selection|allenai/OLMo-2-1124-7B-Instruct|c,delta_pp:1,-1.7779,6.1432,-5.483,2.0984,0.9204,selection,1.2233,True,abstain,False
7,selection|ibm-granite/granite-3.3-8b-instruct|c,delta_pp:1,-1.2517,3.3598,-4.1984,1.9281,0.9324,selection,1.1876,True,abstain,False
7,selection|microsoft/Phi-3.5-mini-instruct|c,delta_pp:1,2.8578,7.6486,-2.0898,7.4809,0.9084,selection,3.7391,True,abstain,False
8,selection|Qwen/Qwen2.5-7B-Instruct|a,delta_pp:1,-0.1943,1.5101,-1.8959,2.0493,0.8402,selection,-0.401,False,abstain,False
8,selection|allenai/OLMo-2-1124-7B-Instruct|a,delta_pp:1,1.1809,7.491,-4.0517,6.0626,0.8191,selection,-0.8898,False,abstain,False
8,selection|ibm-granite/granite-3.3-8b-instruct|a,delta_pp:1,2.3436,4.0347,-0.8481,5.3283,0.8886,selection,0.9105,False,abstain,False
8,selection|microsoft/Phi-3.5-mini-instruct|a,delta_pp:1,3.0358,6.5839,-1.3291,6.9663,0.8763,selection,1.8188,True,abstain,False
8,selection|Qwen/Qwen2.5-7B-Instruct|b,delta_pp:1,-1.5436,1.7585,-3.507,0.98,0.8697,selection,-0.5102,False,abstain,False
8,selection|allenai/OLMo-2-1124-7B-Instruct|b,delta_pp:1,2.51,7.0984,-1.4345,6.5617,0.8156,selection,0.3366,False,abstain,False
8,selection|ibm-granite/granite-3.3-8b-instruct|b,delta_pp:1,3.6634,5.2174,0.8203,8.0463,0.8886,selection,1.8088,True,abstain,False
8,selection|microsoft/Phi-3.5-mini-instruct|b,delta_pp:1,5.694,8.8192,0.3636,9.7059,0.8693,selection,2.3681,True,abstain,False
8,selection|Qwen/Qwen2.5-7B-Instruct|c,delta_pp:1,-0.8496,1.7454,-2.5626,1.5525,0.8385,selection,-0.384,False,abstain,False
8,selection|allenai/OLMo-2-1124-7B-Instruct|c,delta_pp:1,5.159,9.4231,0.856,9.9438,0.8121,selection,1.2233,True,abstain,False
8,selection|ibm-granite/granite-3.3-8b-instruct|c,delta_pp:1,3.019,3.8923,0.4624,6.5269,0.8644,selection,1.1876,True,abstain,False
8,selection|microsoft/Phi-3.5-mini-instruct|c,delta_pp:1,5.5737,9.7108,1.0005,10.2717,0.9247,selection,3.7391,True,unsafe,False
9,selection|Qwen/Qwen2.5-7B-Instruct|a,delta_pp:1,1.1859,2.8761,-1.9267,3.6554,0.7912,selection,-0.401,False,abstain,True
9,selection|allenai/OLMo-2-1124-7B-Instruct|a,delta_pp:1,-1.72,7.3952,-6.0163,2.5502,0.6754,selection,-0.8898,False,abstain,True
9,selection|ibm-granite/granite-3.3-8b-instruct|a,delta_pp:1,-0.862,5.7723,-4.2644,3.4318,0.8105,selection,0.9105,False,abstain,False
9,selection|microsoft/Phi-3.5-mini-instruct|a,delta_pp:1,3.9821,7.6448,-0.1471,9.0259,0.8702,selection,1.8188,True,abstain,False
9,selection|Qwen/Qwen2.5-7B-Instruct|b,delta_pp:1,2.0427,2.9859,-0.7914,4.6755,0.7579,selection,-0.5102,False,abstain,True
9,selection|allenai/OLMo-2-1124-7B-Instruct|b,delta_pp:1,4.0188,9.0671,-1.1098,9.3765,0.7702,selection,0.3366,False,abstain,True
9,selection|ibm-granite/granite-3.3-8b-instruct|b,delta_pp:1,-1.2512,5.8856,-4.9722,2.5314,0.7807,selection,1.8088,True,abstain,True
9,selection|microsoft/Phi-3.5-mini-instruct|b,delta_pp:1,3.0836,10.6469,-2.2143,8.3786,0.8965,selection,2.3681,True,abstain,False
9,selection|Qwen/Qwen2.5-7B-Instruct|c,delta_pp:1,2.0105,2.2556,-0.5176,4.2683,0.7614,selection,-0.384,False,abstain,True
9,selection|allenai/OLMo-2-1124-7B-Instruct|c,delta_pp:1,8.1914,10.3373,2.7794,13.7672,0.7351,selection,1.2233,True,unsafe,True
9,selection|ibm-granite/granite-3.3-8b-instruct|c,delta_pp:1,2.538,3.339,-0.0873,5.5949,0.7877,selection,1.1876,True,abstain,True
9,selection|microsoft/Phi-3.5-mini-instruct|c,delta_pp:1,5.2405,13.6056,-0.4547,10.2997,0.8772,selection,3.7391,True,abstain,False
10,selection|Qwen/Qwen2.5-7B-Instruct|a,delta_pp:1,1.8382,3.8361,-2.0594,4.6003,0.7835,selection,-0.401,False,abstain,True
10,selection|allenai/OLMo-2-1124-7B-Instruct|a,delta_pp:1,-0.6814,11.3734,-6.0639,3.925,0.7829,selection,-0.8898,False,abstain,True
10,selection|ibm-granite/granite-3.3-8b-instruct|a,delta_pp:1,-0.6121,6.4576,-5.3376,2.9392,0.8335,selection,0.9105,False,abstain,False
10,selection|microsoft/Phi-3.5-mini-instruct|a,delta_pp:1,1.7494,6.5339,-2.5274,6.3822,0.8576,selection,1.8188,True,abstain,False
10,selection|Qwen/Qwen2.5-7B-Instruct|b,delta_pp:1,1.1991,4.0624,-2.6793,4.3403,0.7818,selection,-0.5102,False,abstain,True
10,selection|allenai/OLMo-2-1124-7B-Instruct|b,delta_pp:1,-0.1895,11.0515,-5.0821,5.559,0.6741,selection,0.3366,False,abstain,True
10,selection|ibm-granite/granite-3.3-8b-instruct|b,delta_pp:1,4.6441,8.5916,0.3624,9.8156,0.8264,selection,1.8088,True,abstain,False
10,selection|microsoft/Phi-3.5-mini-instruct|b,delta_pp:1,1.9995,12.7391,-3.9179,7.8205,0.8364,selection,2.3681,True,abstain,False
10,selection|Qwen/Qwen2.5-7B-Instruct|c,delta_pp:1,2.1575,3.7832,-2.0455,4.7079,0.8129,selection,-0.384,False,abstain,False
10,selection|allenai/OLMo-2-1124-7B-Instruct|c,delta_pp:1,1.0465,9.0282,-3.6618,5.9693,0.7382,selection,1.2233,True,abstain,True
10,selection|ibm-granite/granite-3.3-8b-instruct|c,delta_pp:1,0.3467,5.9112,-3.5537,4.3909,0.8076,selection,1.1876,True,abstain,False
10,selection|microsoft/Phi-3.5-mini-instruct|c,delta_pp:1,5.4867,14.9463,-0.4732,11.9614,0.8205,selection,3.7391,True,abstain,False
11,selection|Qwen/Qwen2.5-7B-Instruct|a,delta_pp:1,-3.2902,2.4374,-5.832,-0.5543,0.8759,selection,-0.401,False,abstain,False
11,selection|allenai/OLMo-2-1124-7B-Instruct|a,delta_pp:1,-1.5099,10.5199,-6.1066,3.5056,0.7676,selection,-0.8898,False,abstain,True
11,selection|ibm-granite/granite-3.3-8b-instruct|a,delta_pp:1,1.2295,7.2569,-3.2531,5.5204,0.8969,selection,0.9105,False,abstain,False
11,selection|microsoft/Phi-3.5-mini-instruct|a,delta_pp:1,0.5901,7.7124,-4.4868,4.6233,0.8917,selection,1.8188,True,abstain,False
11,selection|Qwen/Qwen2.5-7B-Instruct|b,delta_pp:1,-1.6405,2.7811,-4.6262,0.8959,0.9511,selection,-0.5102,False,abstain,False
11,selection|allenai/OLMo-2-1124-7B-Instruct|b,delta_pp:1,2.9705,7.9545,-1.8202,7.6265,0.7798,selection,0.3366,False,abstain,True
11,selection|ibm-granite/granite-3.3-8b-instruct|b,delta_pp:1,1.2158,7.1052,-2.7097,5.3141,0.9004,selection,1.8088,True,abstain,False
11,selection|microsoft/Phi-3.5-mini-instruct|b,delta_pp:1,3.1093,8.8914,-2.1151,7.5885,0.918,selection,2.3681,True,abstain,False
11,selection|Qwen/Qwen2.5-7B-Instruct|c,delta_pp:1,-2.7988,2.2227,-4.9439,-0.2168,0.9144,selection,-0.384,False,abstain,False
11,selection|allenai/OLMo-2-1124-7B-Instruct|c,delta_pp:1,-1.5647,6.8365,-5.9704,2.5701,0.7816,selection,1.2233,True,abstain,True
11,selection|ibm-granite/granite-3.3-8b-instruct|c,delta_pp:1,-0.7709,6.274,-4.6215,2.7221,0.9022,selection,1.1876,True,abstain,False
11,selection|microsoft/Phi-3.5-mini-instruct|c,delta_pp:1,6.4845,11.3733,1.2164,11.886,0.8988,selection,3.7391,True,unsafe,False
12,selection|Qwen/Qwen2.5-7B-Instruct|a,delta_pp:1,-0.029,2.357,-2.6645,2.4785,0.8771,selection,-0.401,False,abstain,False
12,selection|allenai/OLMo-2-1124-7B-Instruct|a,delta_pp:1,-4.1396,8.8994,-9.3948,-0.1383,0.757,selection,-0.8898,False,abstain,True
12,selection|ibm-granite/granite-3.3-8b-instruct|a,delta_pp:1,-1.1097,3.216,-3.85,1.0904,0.87,selection,0.9105,False,abstain,False
12,selection|microsoft/Phi-3.5-mini-instruct|a,delta_pp:1,2.1298,5.2626,-1.72,5.869,0.9217,selection,1.8188,True,abstain,False
12,selection|Qwen/Qwen2.5-7B-Instruct|b,delta_pp:1,-1.846,1.9969,-4.6691,-0.1625,0.8753,selection,-0.5102,False,abstain,False
12,selection|allenai/OLMo-2-1124-7B-Instruct|b,delta_pp:1,-3.5052,7.1698,-8.5975,-0.1442,0.7588,selection,0.3366,False,abstain,True
12,selection|ibm-granite/granite-3.3-8b-instruct|b,delta_pp:1,-2.1296,4.2942,-5.4481,0.6066,0.8959,selection,1.8088,True,abstain,False
12,selection|microsoft/Phi-3.5-mini-instruct|b,delta_pp:1,3.9024,8.9065,-0.8226,9.1141,0.937,selection,2.3681,True,abstain,False
12,selection|Qwen/Qwen2.5-7B-Instruct|c,delta_pp:1,-0.7144,1.9789,-3.3704,1.5708,0.8788,selection,-0.384,False,abstain,False
12,selection|allenai/OLMo-2-1124-7B-Instruct|c,delta_pp:1,-2.2363,6.0044,-6.2766,1.8114,0.7623,selection,1.2233,True,abstain,True
12,selection|ibm-granite/granite-3.3-8b-instruct|c,delta_pp:1,-1.597,2.4057,-3.9878,0.5768,0.9047,selection,1.1876,True,abstain,False
12,selection|microsoft/Phi-3.5-mini-instruct|c,delta_pp:1,1.5174,9.1372,-3.7757,5.2524,0.9194,selection,3.7391,True,abstain,False
13,selection|Qwen/Qwen2.5-7B-Instruct|a,delta_pp:1,-1.4264,2.1637,-3.5311,0.898,0.8877,selection,-0.401,False,abstain,False
13,selection|allenai/OLMo-2-1124-7B-Instruct|a,delta_pp:1,-4.976,10.3875,-10.5644,0.6267,0.7954,selection,-0.8898,False,abstain,True
13,selection|ibm-granite/granite-3.3-8b-instruct|a,delta_pp:1,1.4456,2.158,-0.6661,3.7057,0.9892,selection,0.9105,False,abstain,False
13,selection|microsoft/Phi-3.5-mini-instruct|a,delta_pp:1,-6.4963,5.0942,-9.8746,-2.9442,0.8298,selection,1.8188,True,unsafe,False
13,selection|Qwen/Qwen2.5-7B-Instruct|b,delta_pp:1,-2.0792,2.3945,-4.4605,0.8941,0.8859,selection,-0.5102,False,abstain,False
13,selection|allenai/OLMo-2-1124-7B-Instruct|b,delta_pp:1,-5.7653,5.8965,-9.7838,-2.215,0.8244,selection,0.3366,False,unsafe,False
13,selection|ibm-granite/granite-3.3-8b-instruct|b,delta_pp:1,1.5538,3.3076,-1.0991,4.9462,0.9656,selection,1.8088,True,abstain,False
13,selection|microsoft/Phi-3.5-mini-instruct|b,delta_pp:1,-5.2422,7.3297,-9.8879,-0.6368,0.8425,selection,2.3681,True,abstain,False
13,selection|Qwen/Qwen2.5-7B-Instruct|c,delta_pp:1,-2.1874,1.8097,-4.2386,0.1079,0.9094,selection,-0.384,False,abstain,False
13,selection|allenai/OLMo-2-1124-7B-Instruct|c,delta_pp:1,-0.4421,8.4918,-5.0162,4.2968,0.8044,selection,1.2233,True,abstain,False
13,selection|ibm-granite/granite-3.3-8b-instruct|c,delta_pp:1,1.7362,2.2982,-0.3299,4.2785,0.9058,selection,1.1876,True,abstain,False
13,selection|microsoft/Phi-3.5-mini-instruct|c,delta_pp:1,-0.6816,10.6409,-4.8581,4.7448,0.8534,selection,3.7391,True,abstain,False
14,selection|Qwen/Qwen2.5-7B-Instruct|a,delta_pp:1,0.8266,2.4749,-1.8008,3.2429,0.8247,selection,-0.401,False,abstain,False
14,selection|allenai/OLMo-2-1124-7B-Instruct|a,delta_pp:1,4.1033,8.6126,-1.2012,8.1693,0.8455,selection,-0.8898,False,abstain,False
14,selection|ibm-granite/granite-3.3-8b-instruct|a,delta_pp:1,3.0129,4.7105,-0.2952,6.3024,0.901,selection,0.9105,False,abstain,False
14,selection|microsoft/Phi-3.5-mini-instruct|a,delta_pp:1,6.605,8.6761,2.7654,11.7594,0.7604,selection,1.8188,True,unsafe,True
14,selection|Qwen/Qwen2.5-7B-Instruct|b,delta_pp:1,-0.0203,2.4748,-2.7826,2.1646,0.8663,selection,-0.5102,False,abstain,False
14,selection|allenai/OLMo-2-1124-7B-Instruct|b,delta_pp:1,3.6576,10.7701,-2.5487,8.6727,0.8003,selection,0.3366,False,abstain,False
14,selection|ibm-granite/granite-3.3-8b-instruct|b,delta_pp:1,3.6865,4.7223,0.3552,7.3289,0.8993,selection,1.8088,True,abstain,False
14,selection|microsoft/Phi-3.5-mini-instruct|b,delta_pp:1,8.4838,12.0054,3.2682,14.8148,0.8767,selection,2.3681,True,unsafe,False
14,selection|Qwen/Qwen2.5-7B-Instruct|c,delta_pp:1,0.9608,2.7,-1.572,3.3078,0.8247,selection,-0.384,False,abstain,False
14,selection|allenai/OLMo-2-1124-7B-Instruct|c,delta_pp:1,6.9438,10.238,0.8238,11.0846,0.8021,selection,1.2233,True,abstain,False
14,selection|ibm-granite/granite-3.3-8b-instruct|c,delta_pp:1,2.0005,3.7499,-0.8135,5.2375,0.8611,selection,1.1876,True,abstain,False
14,selection|microsoft/Phi-3.5-mini-instruct|c,delta_pp:1,6.5995,15.4335,0.388,12.0547,0.8646,selection,3.7391,True,abstain,False
15,selection|Qwen/Qwen2.5-7B-Instruct|a,delta_pp:1,0.2365,1.6223,-2.0422,1.9404,0.8811,selection,-0.401,False,abstain,False
15,selection|allenai/OLMo-2-1124-7B-Instruct|a,delta_pp:1,-3.6781,9.3259,-8.3568,0.8629,0.7746,selection,-0.8898,False,abstain,True
15,selection|ibm-granite/granite-3.3-8b-instruct|a,delta_pp:1,0.4572,5.9057,-3.1232,4.5559,0.8637,selection,0.9105,False,abstain,False
15,selection|microsoft/Phi-3.5-mini-instruct|a,delta_pp:1,3.1884,10.2919,-2.6102,8.3671,0.8498,selection,1.8188,True,abstain,False
15,selection|Qwen/Qwen2.5-7B-Instruct|b,delta_pp:1,-0.0076,2.0363,-2.6157,1.9613,0.9179,selection,-0.5102,False,abstain,False
15,selection|allenai/OLMo-2-1124-7B-Instruct|b,delta_pp:1,0.167,9.2269,-4.716,4.9116,0.8078,selection,0.3366,False,abstain,False
15,selection|ibm-granite/granite-3.3-8b-instruct|b,delta_pp:1,5.7597,6.0252,2.3997,10.0195,0.8602,selection,1.8088,True,unsafe,False
15,selection|microsoft/Phi-3.5-mini-instruct|b,delta_pp:1,2.9672,9.4364,-2.0073,7.8036,0.883,selection,2.3681,True,abstain,False
15,selection|Qwen/Qwen2.5-7B-Instruct|c,delta_pp:1,-0.168,1.5772,-2.3409,2.1643,0.8427,selection,-0.384,False,abstain,False
15,selection|allenai/OLMo-2-1124-7B-Instruct|c,delta_pp:1,0.3426,7.9343,-3.631,5.4988,0.7816,selection,1.2233,True,abstain,True
15,selection|ibm-granite/granite-3.3-8b-instruct|c,delta_pp:1,1.4874,5.4569,-1.8244,5.1981,0.792,selection,1.1876,True,abstain,True
15,selection|microsoft/Phi-3.5-mini-instruct|c,delta_pp:1,4.1115,15.8058,-3.2086,10.0735,0.9093,selection,3.7391,True,abstain,False
16,selection|Qwen/Qwen2.5-7B-Instruct|a,delta_pp:1,1.6218,2.4848,-0.2323,4.5469,0.7805,selection,-0.401,False,abstain,True
16,selection|allenai/OLMo-2-1124-7B-Instruct|a,delta_pp:1,-0.4033,6.7159,-4.52,3.5473,0.7987,selection,-0.8898,False,abstain,True
16,selection|ibm-granite/granite-3.3-8b-instruct|a,delta_pp:1,-0.3907,5.0335,-3.0781,3.9409,0.8754,selection,0.9105,False,abstain,False
16,selection|microsoft/Phi-3.5-mini-instruct|a,delta_pp:1,-0.3907,3.4775,-3.3207,2.3531,0.8754,selection,1.8188,True,abstain,False
16,selection|Qwen/Qwen2.5-7B-Instruct|b,delta_pp:1,1.4116,2.3334,-0.6314,4.0905,0.8144,selection,-0.5102,False,abstain,False
16,selection|allenai/OLMo-2-1124-7B-Instruct|b,delta_pp:1,0.3242,4.0579,-2.2601,3.6563,0.8701,selection,0.3366,False,abstain,False
16,selection|ibm-granite/granite-3.3-8b-instruct|b,delta_pp:1,-0.0579,6.4247,-4.3458,4.3457,0.9076,selection,1.8088,True,abstain,False
16,selection|microsoft/Phi-3.5-mini-instruct|b,delta_pp:1,3.789,7.0881,-0.8854,7.7243,0.8544,selection,2.3681,True,abstain,False
16,selection|Qwen/Qwen2.5-7B-Instruct|c,delta_pp:1,1.3749,1.3931,-0.2899,3.6515,0.8179,selection,-0.384,False,abstain,False
16,selection|allenai/OLMo-2-1124-7B-Instruct|c,delta_pp:1,3.5197,4.7288,0.179,7.2312,0.8022,selection,1.2233,True,abstain,False
16,selection|ibm-granite/granite-3.3-8b-instruct|c,delta_pp:1,1.6075,5.5129,-1.3909,5.954,0.8736,selection,1.1876,True,abstain,False
16,selection|microsoft/Phi-3.5-mini-instruct|c,delta_pp:1,3.899,12.2946,-1.4322,9.7992,0.8439,selection,3.7391,True,abstain,False
17,selection|Qwen/Qwen2.5-7B-Instruct|a,delta_pp:1,-0.7832,1.8877,-2.9268,1.5181,0.9004,selection,-0.401,False,abstain,False
17,selection|allenai/OLMo-2-1124-7B-Instruct|a,delta_pp:1,3.7809,7.8404,-1.2422,8.2521,0.8325,selection,-0.8898,False,abstain,False
17,selection|ibm-granite/granite-3.3-8b-instruct|a,delta_pp:1,2.8582,4.4058,-0.1046,6.4896,0.9372,selection,0.9105,False,abstain,False
17,selection|microsoft/Phi-3.5-mini-instruct|a,delta_pp:1,-0.179,6.7759,-4.479,4.4517,0.8325,selection,1.8188,True,abstain,False
17,selection|Qwen/Qwen2.5-7B-Instruct|b,delta_pp:1,-1.459,1.4867,-3.5371,0.2952,0.9022,selection,-0.5102,False,abstain,False
17,selection|allenai/OLMo-2-1124-7B-Instruct|b,delta_pp:1,3.2474,6.8035,-1.3139,8.0764,0.9689,selection,0.3366,False,abstain,False
17,selection|ibm-granite/granite-3.3-8b-instruct|b,delta_pp:1,2.8582,4.4679,-0.0759,6.4792,0.9372,selection,1.8088,True,abstain,False
17,selection|microsoft/Phi-3.5-mini-instruct|b,delta_pp:1,-0.0837,8.8002,-4.6854,4.8896,0.8221,selection,2.3681,True,abstain,False
17,selection|Qwen/Qwen2.5-7B-Instruct|c,delta_pp:1,-0.7832,2.1142,-3.053,1.5701,0.9004,selection,-0.384,False,abstain,False
17,selection|allenai/OLMo-2-1124-7B-Instruct|c,delta_pp:1,5.1479,5.7848,1.2187,9.1361,0.9775,selection,1.2233,True,unsafe,False
17,selection|ibm-granite/granite-3.3-8b-instruct|c,delta_pp:1,2.4128,2.9092,0.0655,5.5015,0.9879,selection,1.1876,True,abstain,False
17,selection|microsoft/Phi-3.5-mini-instruct|c,delta_pp:1,0.7509,9.6121,-4.6624,6.1375,0.8031,selection,3.7391,True,abstain,False
18,selection|Qwen/Qwen2.5-7B-Instruct|a,delta_pp:1,1.8749,2.021,-0.0421,4.2671,0.9322,selection,-0.401,False,abstain,False
18,selection|allenai/OLMo-2-1124-7B-Instruct|a,delta_pp:1,0.3386,10.9209,-4.443,5.9752,0.7425,selection,-0.8898,False,abstain,True
18,selection|ibm-granite/granite-3.3-8b-instruct|a,delta_pp:1,2.9593,4.1126,0.2127,6.4036,0.9511,selection,0.9105,False,abstain,False
18,selection|microsoft/Phi-3.5-mini-instruct|a,delta_pp:1,0.9429,8.0583,-3.3236,6.297,0.8504,selection,1.8188,True,abstain,False
18,selection|Qwen/Qwen2.5-7B-Instruct|b,delta_pp:1,0.0291,2.0269,-2.1333,2.2974,0.8697,selection,-0.5102,False,abstain,False
18,selection|allenai/OLMo-2-1124-7B-Instruct|b,delta_pp:1,-1.5379,7.5071,-5.7675,3.217,0.7755,selection,0.3366,False,abstain,True
18,selection|ibm-granite/granite-3.3-8b-instruct|b,delta_pp:1,1.3765,5.0677,-2.0262,5.0892,0.9199,selection,1.8088,True,abstain,False
18,selection|microsoft/Phi-3.5-mini-instruct|b,delta_pp:1,0.7074,11.9981,-5.8259,6.4849,0.8693,selection,2.3681,True,abstain,False
18,selection|Qwen/Qwen2.5-7B-Instruct|c,delta_pp:1,-0.3909,0.8983,-1.6041,1.6083,0.9027,selection,-0.384,False,abstain,False
18,selection|allenai/OLMo-2-1124-7B-Instruct|c,delta_pp:1,-0.8568,5.9516,-4.8168,2.9591,0.7843,selection,1.2233,True,abstain,True
18,selection|ibm-granite/granite-3.3-8b-instruct|c,delta_pp:1,2.6502,3.1164,-0.5204,5.1784,0.9234,selection,1.1876,True,abstain,False
18,selection|microsoft/Phi-3.5-mini-instruct|c,delta_pp:1,-0.474,13.3542,-7.0212,5.1398,0.8587,selection,3.7391,True,abstain,False
19,selection|Qwen/Qwen2.5-7B-Instruct|a,delta_pp:1,-0.2668,2.3541,-3.0281,2.2049,0.7658,selection,-0.401,False,abstain,True
19,selection|allenai/OLMo-2-1124-7B-Instruct|a,delta_pp:1,2.6516,7.1379,-2.0265,6.9545,0.6489,selection,-0.8898,False,abstain,True
19,selection|ibm-granite/granite-3.3-8b-instruct|a,delta_pp:1,2.3186,5.4115,-1.4512,5.8563,0.752,selection,0.9105,False,abstain,True
19,selection|microsoft/Phi-3.5-mini-instruct|a,delta_pp:1,2.3186,4.8732,-1.0181,6.5178,0.752,selection,1.8188,True,abstain,True
19,selection|Qwen/Qwen2.5-7B-Instruct|b,delta_pp:1,-0.7325,2.2372,-3.1412,1.3272,0.8113,selection,-0.5102,False,abstain,False
19,selection|allenai/OLMo-2-1124-7B-Instruct|b,delta_pp:1,0.4773,8.6082,-4.3797,4.771,0.6035,selection,0.3366,False,abstain,True
19,selection|ibm-granite/granite-3.3-8b-instruct|b,delta_pp:1,1.6518,6.049,-1.9845,5.4478,0.7502,selection,1.8088,True,abstain,True
19,selection|microsoft/Phi-3.5-mini-instruct|b,delta_pp:1,2.5844,5.3944,-1.1479,5.8806,0.8394,selection,2.3681,True,abstain,False
19,selection|Qwen/Qwen2.5-7B-Instruct|c,delta_pp:1,-0.7325,2.2372,-3.1412,1.3272,0.8113,selection,-0.384,False,abstain,False
19,selection|allenai/OLMo-2-1124-7B-Instruct|c,delta_pp:1,0.7057,5.7533,-2.987,4.6622,0.6576,selection,1.2233,True,abstain,True
19,selection|ibm-granite/granite-3.3-8b-instruct|c,delta_pp:1,1.0259,3.5906,-2.1496,4.0279,0.7589,selection,1.1876,True,abstain,True
19,selection|microsoft/Phi-3.5-mini-instruct|c,delta_pp:1,1.0599,10.1186,-3.8028,5.7672,0.8152,selection,3.7391,True,abstain,False
20,selection|Qwen/Qwen2.5-7B-Instruct|a,delta_pp:1,-1.8363,4.5885,-5.6789,1.1615,0.8019,selection,-0.401,False,abstain,False
20,selection|allenai/OLMo-2-1124-7B-Instruct|a,delta_pp:1,-6.22,7.6172,-11.275,-2.1029,0.8433,selection,-0.8898,False,unsafe,False
20,selection|ibm-granite/granite-3.3-8b-instruct|a,delta_pp:1,2.1561,5.073,-1.2956,5.3471,0.8627,selection,0.9105,False,abstain,False
20,selection|microsoft/Phi-3.5-mini-instruct|a,delta_pp:1,2.645,6.7883,-0.8614,7.6312,0.8156,selection,1.8188,True,abstain,False
20,selection|Qwen/Qwen2.5-7B-Instruct|b,delta_pp:1,-2.68,3.7054,-5.7855,0.2228,0.8939,selection,-0.5102,False,abstain,False
20,selection|allenai/OLMo-2-1124-7B-Instruct|b,delta_pp:1,0.3055,6.6247,-4.0723,4.1248,0.8504,selection,0.3366,False,abstain,False
20,selection|ibm-granite/granite-3.3-8b-instruct|b,delta_pp:1,0.4076,6.1772,-3.538,4.3,0.9146,selection,1.8088,True,abstain,False
20,selection|microsoft/Phi-3.5-mini-instruct|b,delta_pp:1,0.7534,10.4171,-4.7393,5.9567,0.871,selection,2.3681,True,abstain,False
20,selection|Qwen/Qwen2.5-7B-Instruct|c,delta_pp:1,-0.8208,4.1931,-4.015,2.4273,0.8314,selection,-0.384,False,abstain,False
20,selection|allenai/OLMo-2-1124-7B-Instruct|c,delta_pp:1,-1.5496,6.1922,-5.447,2.0814,0.8486,selection,1.2233,True,abstain,False
20,selection|ibm-granite/granite-3.3-8b-instruct|c,delta_pp:1,1.819,4.5735,-1.6052,5.3037,0.8314,selection,1.1876,True,abstain,False
20,selection|microsoft/Phi-3.5-mini-instruct|c,delta_pp:1,2.2578,15.822,-4.6969,7.8639,0.8534,selection,3.7391,True,abstain,False
21,selection|Qwen/Qwen2.5-7B-Instruct|a,delta_pp:1,1.0942,2.2,-1.1839,3.644,0.7805,selection,-0.401,False,abstain,True
21,selection|allenai/OLMo-2-1124-7B-Instruct|a,delta_pp:1,-0.3888,6.3317,-4.5195,3.9429,0.7308,selection,-0.8898,False,abstain,True
21,selection|ibm-granite/granite-3.3-8b-instruct|a,delta_pp:1,2.4483,5.2622,-1.3643,5.857,0.8736,selection,0.9105,False,abstain,False
21,selection|microsoft/Phi-3.5-mini-instruct|a,delta_pp:1,1.7655,5.1016,-2.2522,4.4431,0.6951,selection,1.8188,True,abstain,True
21,selection|Qwen/Qwen2.5-7B-Instruct|b,delta_pp:1,0.7149,2.4504,-1.6064,3.2425,0.7448,selection,-0.5102,False,abstain,True
21,selection|allenai/OLMo-2-1124-7B-Instruct|b,delta_pp:1,0.3124,6.6711,-3.7946,4.8532,0.7255,selection,0.3366,False,abstain,True
21,selection|ibm-granite/granite-3.3-8b-instruct|b,delta_pp:1,3.0945,4.8559,-0.5395,6.2799,0.8754,selection,1.8088,True,abstain,False
21,selection|microsoft/Phi-3.5-mini-instruct|b,delta_pp:1,2.124,7.0026,-2.8499,6.2324,0.8309,selection,2.3681,True,abstain,False
21,selection|Qwen/Qwen2.5-7B-Instruct|c,delta_pp:1,-0.4988,2.6864,-3.4774,2.2008,0.7448,selection,-0.384,False,abstain,True
21,selection|allenai/OLMo-2-1124-7B-Instruct|c,delta_pp:1,2.6578,5.9485,-1.5368,6.3943,0.763,selection,1.2233,True,abstain,True
21,selection|ibm-granite/granite-3.3-8b-instruct|c,delta_pp:1,3.9014,4.4309,0.2635,7.0191,0.8432,selection,1.1876,True,abstain,False
21,selection|microsoft/Phi-3.5-mini-instruct|c,delta_pp:1,0.2679,10.6046,-5.2855,5.5697,0.8152,selection,3.7391,True,abstain,False
22,selection|Qwen/Qwen2.5-7B-Instruct|a,delta_pp:1,-0.1068,1.9787,-2.2014,1.976,0.8946,selection,-0.401,False,abstain,False
22,selection|allenai/OLMo-2-1124-7B-Instruct|a,delta_pp:1,0.999,7.8862,-3.9803,5.1716,0.8232,selection,-0.8898,False,abstain,False
22,selection|ibm-granite/granite-3.3-8b-instruct|a,delta_pp:1,0.3371,4.8901,-4.0052,3.4049,0.9089,selection,0.9105,False,abstain,False
22,selection|microsoft/Phi-3.5-mini-instruct|a,delta_pp:1,5.9465,7.9408,1.2552,10.5602,0.8018,selection,1.8188,True,unsafe,False
22,selection|Qwen/Qwen2.5-7B-Instruct|b,delta_pp:1,0.0302,2.249,-2.1964,2.1392,0.8429,selection,-0.5102,False,abstain,False
22,selection|allenai/OLMo-2-1124-7B-Instruct|b,delta_pp:1,3.6947,8.4521,-1.7072,7.0812,0.8196,selection,0.3366,False,abstain,False
22,selection|ibm-granite/granite-3.3-8b-instruct|b,delta_pp:1,0.8058,6.4246,-3.6146,4.449,0.8786,selection,1.8088,True,abstain,False
22,selection|microsoft/Phi-3.5-mini-instruct|b,delta_pp:1,2.1871,9.6597,-2.0489,7.682,0.8321,selection,2.3681,True,abstain,False
22,selection|Qwen/Qwen2.5-7B-Instruct|c,delta_pp:1,0.3057,2.3877,-2.1964,2.8211,0.8679,selection,-0.384,False,abstain,False
22,selection|allenai/OLMo-2-1124-7B-Instruct|c,delta_pp:1,5.4316,10.6738,0.4395,10.1892,0.7857,selection,1.2233,True,abstain,True
22,selection|ibm-granite/granite-3.3-8b-instruct|c,delta_pp:1,1.0498,3.8587,-2.2555,4.0332,0.8625,selection,1.1876,True,abstain,False
22,selection|microsoft/Phi-3.5-mini-instruct|c,delta_pp:1,10.8814,13.697,4.1519,16.4085,0.8679,selection,3.7391,True,unsafe,False
23,selection|Qwen/Qwen2.5-7B-Instruct|a,delta_pp:1,0.4064,1.1324,-0.9721,2.4085,0.8733,selection,-0.401,False,abstain,False
23,selection|allenai/OLMo-2-1124-7B-Instruct|a,delta_pp:1,1.3588,8.2351,-3.1368,5.8916,0.8073,selection,-0.8898,False,abstain,False
23,selection|ibm-granite/granite-3.3-8b-instruct|a,delta_pp:1,2.4182,4.5862,-0.8324,6.3212,0.8611,selection,0.9105,False,abstain,False
23,selection|microsoft/Phi-3.5-mini-instruct|a,delta_pp:1,1.0714,4.9995,-2.2224,4.8242,0.8976,selection,1.8188,True,abstain,False
23,selection|Qwen/Qwen2.5-7B-Instruct|b,delta_pp:1,0.4064,1.2606,-1.1633,2.3596,0.8733,selection,-0.5102,False,abstain,False
23,selection|allenai/OLMo-2-1124-7B-Instruct|b,delta_pp:1,6.4235,8.239,2.4903,11.4602,0.8438,selection,0.3366,False,unsafe,False
23,selection|ibm-granite/granite-3.3-8b-instruct|b,delta_pp:1,5.1122,7.7068,1.3409,10.7333,0.8142,selection,1.8088,True,unsafe,False
23,selection|microsoft/Phi-3.5-mini-instruct|b,delta_pp:1,5.0676,8.0533,1.0713,10.0655,0.8837,selection,2.3681,True,unsafe,False
23,selection|Qwen/Qwen2.5-7B-Instruct|c,delta_pp:1,-0.249,1.5039,-1.905,2.1553,0.8715,selection,-0.384,False,abstain,False
23,selection|allenai/OLMo-2-1124-7B-Instruct|c,delta_pp:1,2.3913,4.5785,-0.463,5.8661,0.8976,selection,1.2233,True,abstain,False
23,selection|ibm-granite/granite-3.3-8b-instruct|c,delta_pp:1,1.7536,3.9471,-1.311,4.981,0.8628,selection,1.1876,True,abstain,False
23,selection|microsoft/Phi-3.5-mini-instruct|c,delta_pp:1,4.4668,13.4685,-0.8061,10.3398,0.8611,selection,3.7391,True,abstain,False
24,selection|Qwen/Qwen2.5-7B-Instruct|a,delta_pp:1,-0.1578,2.7861,-2.8892,2.6095,0.8424,selection,-0.401,False,abstain,False
24,selection|allenai/OLMo-2-1124-7B-Instruct|a,delta_pp:1,-7.4385,11.2083,-11.7425,-1.5667,0.7519,selection,-0.8898,False,unsafe,True
24,selection|ibm-granite/granite-3.3-8b-instruct|a,delta_pp:1,-1.5727,3.0061,-4.3294,1.3437,0.9004,selection,0.9105,False,abstain,False
24,selection|microsoft/Phi-3.5-mini-instruct|a,delta_pp:1,0.7584,4.8832,-2.9554,4.8056,0.8298,selection,1.8188,True,abstain,False
24,selection|Qwen/Qwen2.5-7B-Instruct|b,delta_pp:1,-0.7916,3.109,-3.2687,2.2321,0.8406,selection,-0.5102,False,abstain,False
24,selection|allenai/OLMo-2-1124-7B-Instruct|b,delta_pp:1,-5.5032,6.026,-9.2156,-1.5418,0.8062,selection,0.3366,False,unsafe,False
24,selection|ibm-granite/granite-3.3-8b-instruct|b,delta_pp:1,3.8623,5.4013,0.5113,7.6796,0.8896,selection,1.8088,True,abstain,False
24,selection|microsoft/Phi-3.5-mini-instruct|b,delta_pp:1,0.8625,5.8715,-3.253,4.9571,0.8226,selection,2.3681,True,abstain,False
24,selection|Qwen/Qwen2.5-7B-Instruct|c,delta_pp:1,-1.4775,2.5633,-3.9503,1.2797,0.8424,selection,-0.384,False,abstain,False
24,selection|allenai/OLMo-2-1124-7B-Instruct|c,delta_pp:1,-1.9149,6.2273,-5.7156,1.9633,0.7809,selection,1.2233,True,abstain,True
24,selection|ibm-granite/granite-3.3-8b-instruct|c,delta_pp:1,1.0263,1.9387,-1.0633,3.1629,0.9493,selection,1.1876,True,abstain,False
24,selection|microsoft/Phi-3.5-mini-instruct|c,delta_pp:1,3.425,9.3036,-1.9321,8.6186,0.828,selection,3.7391,True,abstain,False
25,selection|Qwen/Qwen2.5-7B-Instruct|a,delta_pp:1,-0.0671,2.2162,-2.5122,2.2812,0.7465,selection,-0.401,False,abstain,True
25,selection|allenai/OLMo-2-1124-7B-Instruct|a,delta_pp:1,1.8174,6.3854,-3.0135,6.2466,0.7952,selection,-0.8898,False,abstain,True
25,selection|ibm-granite/granite-3.3-8b-instruct|a,delta_pp:1,2.874,5.4499,-1.5486,6.5403,0.8771,selection,0.9105,False,abstain,False
25,selection|microsoft/Phi-3.5-mini-instruct|a,delta_pp:1,5.9228,5.9113,1.9673,9.1453,0.7273,selection,1.8188,True,unsafe,True
25,selection|Qwen/Qwen2.5-7B-Instruct|b,delta_pp:1,0.4517,3.7431,-2.6399,3.3313,0.8127,selection,-0.5102,False,abstain,False
25,selection|allenai/OLMo-2-1124-7B-Instruct|b,delta_pp:1,4.2306,6.7469,-1.0395,7.1627,0.8631,selection,0.3366,False,abstain,False
25,selection|ibm-granite/granite-3.3-8b-instruct|b,delta_pp:1,2.8924,5.6639,-1.9314,6.1519,0.8701,selection,1.8088,True,abstain,False
25,selection|microsoft/Phi-3.5-mini-instruct|b,delta_pp:1,-1.4918,9.271,-6.6813,3.2757,0.8204,selection,2.3681,True,abstain,False
25,selection|Qwen/Qwen2.5-7B-Instruct|c,delta_pp:1,1.804,3.0155,-0.9727,4.6384,0.7787,selection,-0.384,False,abstain,True
25,selection|allenai/OLMo-2-1124-7B-Instruct|c,delta_pp:1,5.6638,6.0345,1.4525,8.9087,0.8292,selection,1.2233,True,unsafe,False
25,selection|ibm-granite/granite-3.3-8b-instruct|c,delta_pp:1,4.2264,5.0145,0.0751,7.1026,0.8432,selection,1.1876,True,abstain,False
25,selection|microsoft/Phi-3.5-mini-instruct|c,delta_pp:1,-0.1261,12.6679,-6.923,4.7433,0.8029,selection,3.7391,True,abstain,False
26,selection|Qwen/Qwen2.5-7B-Instruct|a,delta_pp:1,0.1606,1.7595,-2.3142,2.0871,0.7447,selection,-0.401,False,abstain,True
26,selection|allenai/OLMo-2-1124-7B-Instruct|a,delta_pp:1,2.5974,9.4912,-2.1293,7.527,0.6576,selection,-0.8898,False,abstain,True
26,selection|ibm-granite/granite-3.3-8b-instruct|a,delta_pp:1,1.6138,5.5795,-2.0504,5.1705,0.8904,selection,0.9105,False,abstain,False
26,selection|microsoft/Phi-3.5-mini-instruct|a,delta_pp:1,5.5803,6.7987,1.1652,9.5544,0.7236,selection,1.8188,True,unsafe,True
26,selection|Qwen/Qwen2.5-7B-Instruct|b,delta_pp:1,-0.8963,2.3058,-3.6294,1.507,0.776,selection,-0.5102,False,abstain,True
26,selection|allenai/OLMo-2-1124-7B-Instruct|b,delta_pp:1,1.665,6.0943,-2.3979,5.616,0.7306,selection,0.3366,False,abstain,True
26,selection|ibm-granite/granite-3.3-8b-instruct|b,delta_pp:1,3.6815,4.0482,0.2312,6.6722,0.8314,selection,1.8088,True,abstain,False
26,selection|microsoft/Phi-3.5-mini-instruct|b,delta_pp:1,5.6265,7.3365,1.0749,9.5061,0.7201,selection,2.3681,True,unsafe,True
26,selection|Qwen/Qwen2.5-7B-Instruct|c,delta_pp:1,-1.5332,2.6963,-4.7082,0.8175,0.7742,selection,-0.384,False,abstain,True
26,selection|allenai/OLMo-2-1124-7B-Instruct|c,delta_pp:1,-0.6008,5.8452,-4.4579,2.8962,0.7011,selection,1.2233,True,abstain,True
26,selection|ibm-granite/granite-3.3-8b-instruct|c,delta_pp:1,2.4264,2.3846,-0.0546,4.7933,0.7742,selection,1.1876,True,abstain,True
26,selection|microsoft/Phi-3.5-mini-instruct|c,delta_pp:1,4.4707,8.3349,-0.0628,9.0405,0.7702,selection,3.7391,True,abstain,True
27,selection|Qwen/Qwen2.5-7B-Instruct|a,delta_pp:1,-0.6373,4.2009,-3.9781,2.2829,0.8406,selection,-0.401,False,abstain,False
27,selection|allenai/OLMo-2-1124-7B-Instruct|a,delta_pp:1,-2.1482,8.0386,-6.4668,2.9689,0.7347,selection,-0.8898,False,abstain,True
27,selection|ibm-granite/granite-3.3-8b-instruct|a,delta_pp:1,1.9476,4.9108,-1.8519,5.1126,0.837,selection,0.9105,False,abstain,False
27,selection|microsoft/Phi-3.5-mini-instruct|a,delta_pp:1,5.1539,11.1334,-0.1188,10.4581,0.8694,selection,1.8188,True,abstain,False
27,selection|Qwen/Qwen2.5-7B-Instruct|b,delta_pp:1,-0.706,3.8318,-3.7398,2.3465,0.8406,selection,-0.5102,False,abstain,False
27,selection|allenai/OLMo-2-1124-7B-Instruct|b,delta_pp:1,-2.9135,8.7915,-7.2474,2.7353,0.757,selection,0.3366,False,abstain,True
27,selection|ibm-granite/granite-3.3-8b-instruct|b,delta_pp:1,0.3727,5.0429,-3.1876,4.1481,0.9235,selection,1.8088,True,abstain,False
27,selection|microsoft/Phi-3.5-mini-instruct|b,delta_pp:1,3.2088,10.2449,-1.2899,9.2591,0.8605,selection,2.3681,True,abstain,False
27,selection|Qwen/Qwen2.5-7B-Instruct|c,delta_pp:1,0.6138,3.7878,-2.5609,3.7619,0.8406,selection,-0.384,False,abstain,False
27,selection|allenai/OLMo-2-1124-7B-Instruct|c,delta_pp:1,0.2391,8.6723,-4.6821,5.7951,0.79,selection,1.2233,True,abstain,True
27,selection|ibm-granite/granite-3.3-8b-instruct|c,delta_pp:1,-1.359,4.1805,-4.9194,1.1667,0.8388,selection,1.1876,True,abstain,False
27,selection|microsoft/Phi-3.5-mini-instruct|c,delta_pp:1,5.1381,10.6,0.0808,12.0284,0.8864,selection,3.7391,True,abstain,False
28,selection|Qwen/Qwen2.5-7B-Instruct|a,delta_pp:1,0.9802,2.3724,-1.2067,3.9858,0.9216,selection,-0.401,False,abstain,False
28,selection|allenai/OLMo-2-1124-7B-Instruct|a,delta_pp:1,3.1124,7.5691,-1.4515,7.8161,0.8292,selection,-0.8898,False,abstain,False
28,selection|ibm-granite/granite-3.3-8b-instruct|a,delta_pp:1,-1.1182,3.2007,-4.0843,1.9881,0.9468,selection,0.9105,False,abstain,False
28,selection|microsoft/Phi-3.5-mini-instruct|a,delta_pp:1,5.2601,4.5392,1.3423,9.2081,0.8771,selection,1.8188,True,unsafe,False
28,selection|Qwen/Qwen2.5-7B-Instruct|b,delta_pp:1,0.3386,2.8505,-2.3844,3.2003,0.9198,selection,-0.5102,False,abstain,False
28,selection|allenai/OLMo-2-1124-7B-Instruct|b,delta_pp:1,1.8784,7.8059,-2.8711,6.2657,0.8989,selection,0.3366,False,abstain,False
28,selection|ibm-granite/granite-3.3-8b-instruct|b,delta_pp:1,-2.0927,2.8092,-4.6534,0.2302,0.9128,selection,1.8088,True,abstain,False
28,selection|microsoft/Phi-3.5-mini-instruct|b,delta_pp:1,2.1013,5.3076,-1.5321,5.6922,0.9416,selection,2.3681,True,abstain,False
28,selection|Qwen/Qwen2.5-7B-Instruct|c,delta_pp:1,0.0057,1.8345,-2.0409,1.7274,0.8876,selection,-0.384,False,abstain,False
28,selection|allenai/OLMo-2-1124-7B-Instruct|c,delta_pp:1,2.9022,9.5448,-2.8752,7.5004,0.8631,selection,1.2233,True,abstain,False
28,selection|ibm-granite/granite-3.3-8b-instruct|c,delta_pp:1,-0.7728,2.9264,-3.6264,1.7818,0.9128,selection,1.1876,True,abstain,False
28,selection|microsoft/Phi-3.5-mini-instruct|c,delta_pp:1,7.1311,8.4607,1.658,11.2211,0.9153,selection,3.7391,True,unsafe,False
29,selection|Qwen/Qwen2.5-7B-Instruct|a,delta_pp:1,-0.66,1.1633,-2.4084,1.1019,0.7983,selection,-0.401,False,abstain,True
29,selection|allenai/OLMo-2-1124-7B-Instruct|a,delta_pp:1,0.0,9.4064,-4.5466,4.9577,0.769,selection,-0.8898,False,abstain,True
29,selection|ibm-granite/granite-3.3-8b-instruct|a,delta_pp:1,0.0,3.1381,-2.6302,2.7591,0.8828,selection,0.9105,False,abstain,False
29,selection|microsoft/Phi-3.5-mini-instruct|a,delta_pp:1,-2.5341,7.5199,-6.9917,1.4984,0.8759,selection,1.8188,True,abstain,False
29,selection|Qwen/Qwen2.5-7B-Instruct|b,delta_pp:1,-0.66,1.2518,-2.5781,0.7874,0.7983,selection,-0.5102,False,abstain,True
29,selection|allenai/OLMo-2-1124-7B-Instruct|b,delta_pp:1,-0.6071,8.5061,-4.4912,5.0546,0.9121,selection,0.3366,False,abstain,False
29,selection|ibm-granite/granite-3.3-8b-instruct|b,delta_pp:1,0.66,6.679,-3.0482,5.7511,0.7741,selection,1.8088,True,abstain,True
29,selection|microsoft/Phi-3.5-mini-instruct|b,delta_pp:1,-0.6071,9.8097,-6.6785,4.4005,0.9155,selection,2.3681,True,abstain,False
29,selection|Qwen/Qwen2.5-7B-Instruct|c,delta_pp:1,0.0,0.8234,-1.3983,1.2972,0.8,selection,-0.384,False,abstain,False
29,selection|allenai/OLMo-2-1124-7B-Instruct|c,delta_pp:1,-2.587,7.4872,-6.7327,2.336,0.8207,selection,1.2233,True,abstain,False
29,selection|ibm-granite/granite-3.3-8b-instruct|c,delta_pp:1,-1.32,3.3967,-4.407,1.5096,0.7828,selection,1.1876,True,abstain,True
29,selection|microsoft/Phi-3.5-mini-instruct|c,delta_pp:1,-2.587,8.4802,-6.9814,2.2808,0.9138,selection,3.7391,True,abstain,False
30,selection|Qwen/Qwen2.5-7B-Instruct|a,delta_pp:1,-2.75,2.8248,-5.4572,0.0313,0.7689,selection,-0.401,False,abstain,True
30,selection|allenai/OLMo-2-1124-7B-Instruct|a,delta_pp:1,2.2644,7.7919,-2.4802,6.763,0.7388,selection,-0.8898,False,abstain,True
30,selection|ibm-granite/granite-3.3-8b-instruct|a,delta_pp:1,-2.0971,2.9926,-5.2234,0.3435,0.932,selection,0.9105,False,abstain,False
30,selection|microsoft/Phi-3.5-mini-instruct|a,delta_pp:1,1.4116,6.8816,-3.092,5.3379,0.805,selection,1.8188,True,abstain,False
30,selection|Qwen/Qwen2.5-7B-Instruct|b,delta_pp:1,-2.4468,2.8249,-5.2942,0.3663,0.7967,selection,-0.5102,False,abstain,True
30,selection|allenai/OLMo-2-1124-7B-Instruct|b,delta_pp:1,2.4282,6.8965,-1.8203,6.6807,0.7772,selection,0.3366,False,abstain,True
30,selection|ibm-granite/granite-3.3-8b-instruct|b,delta_pp:1,-1.9438,4.2406,-4.9485,1.1202,0.8174,selection,1.8088,True,abstain,False
30,selection|microsoft/Phi-3.5-mini-instruct|b,delta_pp:1,5.9939,8.0978,1.1755,9.9488,0.9108,selection,2.3681,True,unsafe,False
30,selection|Qwen/Qwen2.5-7B-Instruct|c,delta_pp:1,-2.1436,2.8009,-5.1462,0.5505,0.8245,selection,-0.384,False,abstain,False
30,selection|allenai/OLMo-2-1124-7B-Instruct|c,delta_pp:1,2.5513,8.0903,-2.9407,7.1726,0.7163,selection,1.2233,True,abstain,True
30,selection|ibm-granite/granite-3.3-8b-instruct|c,delta_pp:1,-2.1738,2.8754,-5.2589,0.2736,0.8783,selection,1.1876,True,abstain,False
30,selection|microsoft/Phi-3.5-mini-instruct|c,delta_pp:1,6.8164,11.8565,0.4551,11.3966,0.8983,selection,3.7391,True,abstain,False
31,selection|Qwen/Qwen2.5-7B-Instruct|a,delta_pp:1,0.4806,0.7119,-0.7035,2.0993,0.9598,selection,-0.401,False,abstain,False
31,selection|allenai/OLMo-2-1124-7B-Instruct|a,delta_pp:1,-1.3509,5.8224,-5.0226,3.31,0.8218,selection,-0.8898,False,abstain,False
31,selection|ibm-granite/granite-3.3-8b-instruct|a,delta_pp:1,3.2574,7.3095,-0.2884,7.498,0.9389,selection,0.9105,False,abstain,False
31,selection|microsoft/Phi-3.5-mini-instruct|a,delta_pp:1,5.6988,10.5175,0.3092,10.5772,0.8533,selection,1.8188,True,abstain,False
31,selection|Qwen/Qwen2.5-7B-Instruct|b,delta_pp:1,0.5034,1.495,-1.223,2.3462,0.9563,selection,-0.5102,False,abstain,False
31,selection|allenai/OLMo-2-1124-7B-Instruct|b,delta_pp:1,-0.8855,4.9436,-4.2874,2.5984,0.8672,selection,0.3366,False,abstain,False
31,selection|ibm-granite/granite-3.3-8b-instruct|b,delta_pp:1,3.4787,5.8654,-0.5296,7.5956,0.9057,selection,1.8088,True,abstain,False
31,selection|microsoft/Phi-3.5-mini-instruct|b,delta_pp:1,8.2925,13.7745,1.9753,13.5956,0.876,selection,2.3681,True,unsafe,False
31,selection|Qwen/Qwen2.5-7B-Instruct|c,delta_pp:1,0.099,1.6899,-1.5229,2.2201,0.9179,selection,-0.384,False,abstain,False
31,selection|allenai/OLMo-2-1124-7B-Instruct|c,delta_pp:1,3.4406,6.781,-1.2138,7.5442,0.7798,selection,1.2233,True,abstain,True
31,selection|ibm-granite/granite-3.3-8b-instruct|c,delta_pp:1,4.2647,4.6019,0.9491,7.4347,0.8707,selection,1.1876,True,abstain,False
31,selection|microsoft/Phi-3.5-mini-instruct|c,delta_pp:1,11.6951,14.6198,5.986,18.2074,0.8604,selection,3.7391,True,unsafe,False
32,selection|Qwen/Qwen2.5-7B-Instruct|a,delta_pp:1,-1.7893,3.9082,-4.4282,1.5872,0.8609,selection,-0.401,False,abstain,False
32,selection|allenai/OLMo-2-1124-7B-Instruct|a,delta_pp:1,-4.3183,7.6065,-9.3329,-0.1723,0.8398,selection,-0.8898,False,abstain,False
32,selection|ibm-granite/granite-3.3-8b-instruct|a,delta_pp:1,1.0547,5.5091,-1.928,5.0648,0.8244,selection,0.9105,False,abstain,False
32,selection|microsoft/Phi-3.5-mini-instruct|a,delta_pp:1,-4.7296,7.7231,-9.1624,-0.2501,0.7826,selection,1.8188,True,abstain,True
32,selection|Qwen/Qwen2.5-7B-Instruct|b,delta_pp:1,-1.1386,3.62,-4.0974,1.9627,0.8627,selection,-0.5102,False,abstain,False
32,selection|allenai/OLMo-2-1124-7B-Instruct|b,delta_pp:1,-4.5575,10.3701,-9.7423,0.3386,0.779,selection,0.3366,False,abstain,True
32,selection|ibm-granite/granite-3.3-8b-instruct|b,delta_pp:1,3.0622,7.5819,-0.5249,7.6822,0.8191,selection,1.8088,True,abstain,False
32,selection|microsoft/Phi-3.5-mini-instruct|b,delta_pp:1,-1.6416,9.1052,-6.3977,3.2289,0.8327,selection,2.3681,True,abstain,False
32,selection|Qwen/Qwen2.5-7B-Instruct|c,delta_pp:1,-1.5315,4.4034,-5.0696,1.932,0.8019,selection,-0.384,False,abstain,False
32,selection|allenai/OLMo-2-1124-7B-Instruct|c,delta_pp:1,-0.8605,8.1935,-4.8286,4.2607,0.8121,selection,1.2233,True,abstain,False
32,selection|ibm-granite/granite-3.3-8b-instruct|c,delta_pp:1,1.8727,5.6857,-2.1851,5.9425,0.7967,selection,1.1876,True,abstain,True
32,selection|microsoft/Phi-3.5-mini-instruct|c,delta_pp:1,0.4028,12.3801,-4.9158,6.0274,0.8204,selection,3.7391,True,abstain,False
33,selection|Qwen/Qwen2.5-7B-Instruct|a,delta_pp:1,0.81,2.0889,-1.8608,2.859,0.9039,selection,-0.401,False,abstain,False
33,selection|allenai/OLMo-2-1124-7B-Instruct|a,delta_pp:1,-0.9479,9.1379,-5.1396,3.7625,0.7905,selection,-0.8898,False,abstain,True
33,selection|ibm-granite/granite-3.3-8b-instruct|a,delta_pp:1,5.3471,4.7383,2.4957,9.2152,0.939,selection,0.9105,False,unsafe,False
33,selection|microsoft/Phi-3.5-mini-instruct|a,delta_pp:1,7.4324,6.3365,3.5503,11.518,0.8866,selection,1.8188,True,unsafe,False
33,selection|Qwen/Qwen2.5-7B-Instruct|b,delta_pp:1,0.904,1.5307,-0.6526,2.8847,0.8602,selection,-0.5102,False,abstain,False
33,selection|allenai/OLMo-2-1124-7B-Instruct|b,delta_pp:1,4.3319,8.7855,0.0432,9.2755,0.7905,selection,0.3366,False,abstain,True
33,selection|ibm-granite/granite-3.3-8b-instruct|b,delta_pp:1,4.6849,4.0586,1.4186,7.8938,0.9407,selection,1.8088,True,unsafe,False
33,selection|microsoft/Phi-3.5-mini-instruct|b,delta_pp:1,7.4369,6.0991,3.8668,12.2822,0.8831,selection,2.3681,True,unsafe,False
33,selection|Qwen/Qwen2.5-7B-Instruct|c,delta_pp:1,0.904,1.5307,-0.6526,2.8847,0.8602,selection,-0.384,False,abstain,False
33,selection|allenai/OLMo-2-1124-7B-Instruct|c,delta_pp:1,6.211,6.2175,1.8321,10.3237,0.8394,selection,1.2233,True,unsafe,False
33,selection|ibm-granite/granite-3.3-8b-instruct|c,delta_pp:1,4.1167,3.1181,1.3846,6.8845,0.8987,selection,1.1876,True,unsafe,False
33,selection|microsoft/Phi-3.5-mini-instruct|c,delta_pp:1,9.4418,13.3113,3.2508,16.1634,0.8641,selection,3.7391,True,unsafe,False
34,selection|Qwen/Qwen2.5-7B-Instruct|a,delta_pp:1,-2.774,3.1819,-5.953,0.217,0.8895,selection,-0.401,False,abstain,False
34,selection|allenai/OLMo-2-1124-7B-Instruct|a,delta_pp:1,-6.2115,6.6625,-11.3235,-2.4261,0.7702,selection,-0.8898,False,unsafe,True
34,selection|ibm-granite/granite-3.3-8b-instruct|a,delta_pp:1,-1.7821,5.3962,-5.6336,2.5275,0.814,selection,0.9105,False,abstain,False
34,selection|microsoft/Phi-3.5-mini-instruct|a,delta_pp:1,2.4326,6.9876,-2.2312,5.9433,0.9035,selection,1.8188,True,abstain,False
34,selection|Qwen/Qwen2.5-7B-Instruct|b,delta_pp:1,-2.1072,3.7766,-5.2669,1.3414,0.8877,selection,-0.5102,False,abstain,False
34,selection|allenai/OLMo-2-1124-7B-Instruct|b,delta_pp:1,-5.7374,8.3581,-11.3652,-2.1247,0.793,selection,0.3366,False,unsafe,True
34,selection|ibm-granite/granite-3.3-8b-instruct|b,delta_pp:1,-1.7959,3.809,-4.9312,0.9533,0.8175,selection,1.8088,True,abstain,False
34,selection|microsoft/Phi-3.5-mini-instruct|b,delta_pp:1,1.6377,7.8155,-2.2606,5.9627,0.9333,selection,2.3681,True,abstain,False
34,selection|Qwen/Qwen2.5-7B-Instruct|c,delta_pp:1,-0.8658,3.3972,-3.4139,2.1763,0.8877,selection,-0.384,False,abstain,False
34,selection|allenai/OLMo-2-1124-7B-Instruct|c,delta_pp:1,-2.9696,8.2533,-7.861,0.9516,0.7649,selection,1.2233,True,abstain,True
34,selection|ibm-granite/granite-3.3-8b-instruct|c,delta_pp:1,-1.8235,2.6139,-4.7376,1.1852,0.8246,selection,1.1876,True,abstain,False
34,selection|microsoft/Phi-3.5-mini-instruct|c,delta_pp:1,3.0128,9.3571,-2.2128,7.2619,0.9193,selection,3.7391,True,abstain,False
35,selection|Qwen/Qwen2.5-7B-Instruct|a,delta_pp:1,-1.2888,1.7155,-3.5707,0.989,0.9391,selection,-0.401,False,abstain,False
35,selection|allenai/OLMo-2-1124-7B-Instruct|a,delta_pp:1,7.7031,10.2235,2.5039,13.0148,0.7961,selection,-0.8898,False,unsafe,True
35,selection|ibm-granite/granite-3.3-8b-instruct|a,delta_pp:1,4.2717,3.465,1.2125,7.2492,0.9858,selection,0.9105,False,unsafe,False
35,selection|microsoft/Phi-3.5-mini-instruct|a,delta_pp:1,4.0271,5.4859,-0.0064,8.393,0.9249,selection,1.8188,True,abstain,False
35,selection|Qwen/Qwen2.5-7B-Instruct|b,delta_pp:1,-1.2888,1.7155,-3.5707,0.989,0.9391,selection,-0.5102,False,abstain,False
35,selection|allenai/OLMo-2-1124-7B-Instruct|b,delta_pp:1,2.3552,9.0802,-3.339,7.0702,0.8865,selection,0.3366,False,abstain,False
35,selection|ibm-granite/granite-3.3-8b-instruct|b,delta_pp:1,5.7547,4.8599,2.079,8.8068,0.9563,selection,1.8088,True,unsafe,False
35,selection|microsoft/Phi-3.5-mini-instruct|b,delta_pp:1,3.0569,8.7099,-1.4809,7.2805,0.8812,selection,2.3681,True,abstain,False
35,selection|Qwen/Qwen2.5-7B-Instruct|c,delta_pp:1,-0.6428,1.5757,-2.6488,1.274,0.9409,selection,-0.384,False,abstain,False
35,selection|allenai/OLMo-2-1124-7B-Instruct|c,delta_pp:1,1.3014,8.1747,-3.2092,5.7833,0.8534,selection,1.2233,True,abstain,False
35,selection|ibm-granite/granite-3.3-8b-instruct|c,delta_pp:1,0.7049,2.1027,-1.8182,3.0485,0.9374,selection,1.1876,True,abstain,False
35,selection|microsoft/Phi-3.5-mini-instruct|c,delta_pp:1,4.6858,10.9307,-1.0637,9.5849,0.9243,selection,3.7391,True,abstain,False
36,selection|Qwen/Qwen2.5-7B-Instruct|a,delta_pp:1,-1.1386,3.0573,-3.7089,1.3697,0.8627,selection,-0.401,False,abstain,False
36,selection|allenai/OLMo-2-1124-7B-Instruct|a,delta_pp:1,-0.4735,10.3096,-6.1647,4.2314,0.7284,selection,-0.8898,False,abstain,True
36,selection|ibm-granite/granite-3.3-8b-instruct|a,delta_pp:1,4.7166,6.0851,0.7393,7.9732,0.8763,selection,0.9105,False,abstain,False
36,selection|microsoft/Phi-3.5-mini-instruct|a,delta_pp:1,0.9059,7.7657,-3.7382,5.3013,0.8504,selection,1.8188,True,abstain,False
36,selection|Qwen/Qwen2.5-7B-Instruct|b,delta_pp:1,0.6647,3.4406,-2.2247,4.0082,0.8939,selection,-0.5102,False,abstain,False
36,selection|allenai/OLMo-2-1124-7B-Instruct|b,delta_pp:1,3.245,8.477,-1.6168,7.5642,0.772,selection,0.3366,False,abstain,True
36,selection|ibm-granite/granite-3.3-8b-instruct|b,delta_pp:1,3.8432,5.3096,0.1138,7.3626,0.9146,selection,1.8088,True,abstain,False
36,selection|microsoft/Phi-3.5-mini-instruct|b,delta_pp:1,4.6815,11.1334,-0.501,10.351,0.8952,selection,2.3681,True,abstain,False
36,selection|Qwen/Qwen2.5-7B-Instruct|c,delta_pp:1,1.4244,4.7434,-1.9137,5.2037,0.8627,selection,-0.384,False,abstain,False
36,selection|allenai/OLMo-2-1124-7B-Instruct|c,delta_pp:1,6.1074,12.815,-0.5695,12.473,0.732,selection,1.2233,True,abstain,True
36,selection|ibm-granite/granite-3.3-8b-instruct|c,delta_pp:1,0.8689,4.6942,-2.5393,4.4963,0.8574,selection,1.1876,True,abstain,False
36,selection|microsoft/Phi-3.5-mini-instruct|c,delta_pp:1,6.3348,15.4545,-0.2511,12.2528,0.8341,selection,3.7391,True,abstain,False
37,selection|Qwen/Qwen2.5-7B-Instruct|a,delta_pp:1,-0.6906,1.8435,-2.8313,1.0217,0.8007,selection,-0.401,False,abstain,False
37,selection|allenai/OLMo-2-1124-7B-Instruct|a,delta_pp:1,0.381,5.8686,-3.9704,3.7946,0.8235,selection,-0.8898,False,abstain,False
37,selection|ibm-granite/granite-3.3-8b-instruct|a,delta_pp:1,1.5365,2.4145,-0.6072,4.2341,0.8374,selection,0.9105,False,abstain,False
37,selection|microsoft/Phi-3.5-mini-instruct|a,delta_pp:1,0.4221,6.7897,-3.3075,5.156,0.82,selection,1.8188,True,abstain,False
37,selection|Qwen/Qwen2.5-7B-Instruct|b,delta_pp:1,0.4027,1.787,-1.5987,2.4041,0.7623,selection,-0.5102,False,abstain,True
37,selection|allenai/OLMo-2-1124-7B-Instruct|b,delta_pp:1,-1.5783,6.1971,-5.4855,2.5705,0.8218,selection,0.3366,False,abstain,False
37,selection|ibm-granite/granite-3.3-8b-instruct|b,delta_pp:1,3.1653,4.0345,-0.3634,6.2381,0.8689,selection,1.8088,True,abstain,False
37,selection|microsoft/Phi-3.5-mini-instruct|b,delta_pp:1,1.3293,6.0251,-2.5288,5.0249,0.8567,selection,2.3681,True,abstain,False
37,selection|Qwen/Qwen2.5-7B-Instruct|c,delta_pp:1,-0.6906,1.8011,-2.8587,1.5053,0.8007,selection,-0.384,False,abstain,False
37,selection|allenai/OLMo-2-1124-7B-Instruct|c,delta_pp:1,0.2988,3.3086,-2.4513,3.1392,0.8305,selection,1.2233,True,abstain,False
37,selection|ibm-granite/granite-3.3-8b-instruct|c,delta_pp:1,2.4437,2.6074,0.198,4.9732,0.8742,selection,1.1876,True,abstain,False
37,selection|microsoft/Phi-3.5-mini-instruct|c,delta_pp:1,1.5759,13.1632,-2.4405,7.9222,0.8358,selection,3.7391,True,abstain,False
38,selection|Qwen/Qwen2.5-7B-Instruct|a,delta_pp:1,-1.648,1.456,-4.529,-0.0046,0.9082,selection,-0.401,False,abstain,False
38,selection|allenai/OLMo-2-1124-7B-Instruct|a,delta_pp:1,-2.3276,4.2365,-5.5034,1.0584,0.8629,selection,-0.8898,False,abstain,False
38,selection|ibm-granite/granite-3.3-8b-instruct|a,delta_pp:1,2.4134,3.1054,-0.0474,5.6435,0.9012,selection,0.9105,False,abstain,False
38,selection|microsoft/Phi-3.5-mini-instruct|a,delta_pp:1,2.4297,7.4365,-3.0837,5.7424,0.9476,selection,1.8188,True,abstain,False
38,selection|Qwen/Qwen2.5-7B-Instruct|b,delta_pp:1,-1.2116,1.7168,-3.4875,0.7731,0.8771,selection,-0.5102,False,abstain,False
38,selection|allenai/OLMo-2-1124-7B-Instruct|b,delta_pp:1,1.2973,5.9753,-2.7955,5.2136,0.887,selection,0.3366,False,abstain,False
38,selection|ibm-granite/granite-3.3-8b-instruct|b,delta_pp:1,3.4497,4.5543,0.1868,6.9,0.9217,selection,1.8088,True,abstain,False
38,selection|microsoft/Phi-3.5-mini-instruct|b,delta_pp:1,3.7496,6.3874,0.0049,7.4346,0.9476,selection,2.3681,True,abstain,False
38,selection|Qwen/Qwen2.5-7B-Instruct|c,delta_pp:1,-1.2116,1.6492,-3.4474,0.4906,0.8771,selection,-0.384,False,abstain,False
38,selection|allenai/OLMo-2-1124-7B-Instruct|c,delta_pp:1,-1.5404,6.4613,-5.3204,3.2043,0.8541,selection,1.2233,True,abstain,False
38,selection|ibm-granite/granite-3.3-8b-instruct|c,delta_pp:1,-1.2625,0.861,-2.8163,0.1169,0.8806,selection,1.1876,True,abstain,False
38,selection|microsoft/Phi-3.5-mini-instruct|c,delta_pp:1,6.7968,14.0075,0.9033,12.8885,0.9194,selection,3.7391,True,abstain,False
39,selection|Qwen/Qwen2.5-7B-Instruct|a,delta_pp:1,-0.5641,1.7948,-2.3581,1.6005,0.8518,selection,-0.401,False,abstain,False
39,selection|allenai/OLMo-2-1124-7B-Instruct|a,delta_pp:1,-3.6275,6.3931,-7.5314,0.6795,0.7588,selection,-0.8898,False,abstain,True
39,selection|ibm-granite/granite-3.3-8b-instruct|a,delta_pp:1,3.2124,4.7706,-0.6937,6.116,0.863,selection,0.9105,False,abstain,False
39,selection|microsoft/Phi-3.5-mini-instruct|a,delta_pp:1,6.0962,6.1574,3.0011,10.4943,0.8487,selection,1.8188,True,unsafe,False
39,selection|Qwen/Qwen2.5-7B-Instruct|b,delta_pp:1,-0.3007,1.8332,-2.218,1.6525,0.8756,selection,-0.5102,False,abstain,False
39,selection|allenai/OLMo-2-1124-7B-Instruct|b,delta_pp:1,0.9835,8.525,-4.1695,4.9933,0.6802,selection,0.3366,False,abstain,True
39,selection|ibm-granite/granite-3.3-8b-instruct|b,delta_pp:1,3.0516,4.4348,-0.3215,6.5265,0.7934,selection,1.8088,True,abstain,True
39,selection|microsoft/Phi-3.5-mini-instruct|b,delta_pp:1,7.2136,7.8071,3.5939,11.6845,0.8213,selection,2.3681,True,unsafe,False
39,selection|Qwen/Qwen2.5-7B-Instruct|c,delta_pp:1,-0.0429,2.1329,-2.2763,1.9637,0.8536,selection,-0.384,False,abstain,False
39,selection|allenai/OLMo-2-1124-7B-Instruct|c,delta_pp:1,-1.8863,6.9562,-5.9386,2.2777,0.6874,selection,1.2233,True,abstain,True
39,selection|ibm-granite/granite-3.3-8b-instruct|c,delta_pp:1,3.4036,5.1568,0.009,7.3556,0.7988,selection,1.1876,True,abstain,True
39,selection|microsoft/Phi-3.5-mini-instruct|c,delta_pp:1,14.7666,14.985,9.2649,22.0306,0.8438,selection,3.7391,True,unsafe,False
40,selection|Qwen/Qwen2.5-7B-Instruct|a,delta_pp:1,0.3759,2.3097,-1.9188,2.98,0.8567,selection,-0.401,False,abstain,False
40,selection|allenai/OLMo-2-1124-7B-Instruct|a,delta_pp:1,-0.4204,8.3692,-5.4986,4.006,0.8779,selection,-0.8898,False,abstain,False
40,selection|ibm-granite/granite-3.3-8b-instruct|a,delta_pp:1,3.1423,5.9136,-0.1977,7.4411,0.939,selection,0.9105,False,abstain,False
40,selection|microsoft/Phi-3.5-mini-instruct|a,delta_pp:1,0.8315,5.7419,-2.4922,5.526,0.8883,selection,1.8188,True,abstain,False
40,selection|Qwen/Qwen2.5-7B-Instruct|b,delta_pp:1,0.7408,2.2347,-1.659,3.255,0.9022,selection,-0.5102,False,abstain,False
40,selection|allenai/OLMo-2-1124-7B-Instruct|b,delta_pp:1,4.6644,6.6356,0.6479,9.3938,0.9286,selection,0.3366,False,abstain,False
40,selection|ibm-granite/granite-3.3-8b-instruct|b,delta_pp:1,4.0974,4.6741,1.035,7.4621,0.8935,selection,1.8088,True,unsafe,False
40,selection|microsoft/Phi-3.5-mini-instruct|b,delta_pp:1,-0.3524,10.1405,-4.7588,4.8014,0.8676,selection,2.3681,True,abstain,False
40,selection|Qwen/Qwen2.5-7B-Instruct|c,delta_pp:1,0.3533,1.4274,-1.577,2.2983,0.8602,selection,-0.384,False,abstain,False
40,selection|allenai/OLMo-2-1124-7B-Instruct|c,delta_pp:1,0.8542,6.9622,-3.0858,5.5978,0.8849,selection,1.2233,True,abstain,False
40,selection|ibm-granite/granite-3.3-8b-instruct|c,delta_pp:1,2.2557,3.7392,-0.4772,5.3936,0.8515,selection,1.1876,True,abstain,False
40,selection|microsoft/Phi-3.5-mini-instruct|c,delta_pp:1,3.6528,11.5996,-0.3506,10.067,0.8606,selection,3.7391,True,abstain,False
41,selection|Qwen/Qwen2.5-7B-Instruct|a,delta_pp:1,-0.1082,2.871,-2.8675,2.5499,0.8533,selection,-0.401,False,abstain,False
41,selection|allenai/OLMo-2-1124-7B-Instruct|a,delta_pp:1,1.5889,7.8857,-2.4902,6.0513,0.9689,selection,-0.8898,False,abstain,False
41,selection|ibm-granite/granite-3.3-8b-instruct|a,delta_pp:1,1.5209,3.4206,-1.6636,4.4299,0.9862,selection,0.9105,False,abstain,False
41,selection|microsoft/Phi-3.5-mini-instruct|a,delta_pp:1,-1.745,7.6924,-6.1616,2.4684,0.9775,selection,1.8188,True,abstain,False
41,selection|Qwen/Qwen2.5-7B-Instruct|b,delta_pp:1,-0.1082,2.9292,-3.2952,2.554,0.8533,selection,-0.5102,False,abstain,False
41,selection|allenai/OLMo-2-1124-7B-Instruct|b,delta_pp:1,-2.1562,8.9307,-6.3447,2.9151,0.9182,selection,0.3366,False,abstain,False
41,selection|ibm-granite/granite-3.3-8b-instruct|b,delta_pp:1,2.2149,6.1123,-1.7409,6.0533,0.9775,selection,1.8088,True,abstain,False
41,selection|microsoft/Phi-3.5-mini-instruct|b,delta_pp:1,1.5889,7.6733,-3.3062,6.0514,0.9689,selection,2.3681,True,abstain,False
41,selection|Qwen/Qwen2.5-7B-Instruct|c,delta_pp:1,1.1199,2.9202,-1.4225,4.0338,0.9004,selection,-0.384,False,abstain,False
41,selection|allenai/OLMo-2-1124-7B-Instruct|c,delta_pp:1,3.2155,11.7079,-1.3199,8.4998,0.871,selection,1.2233,True,abstain,False
41,selection|ibm-granite/granite-3.3-8b-instruct|c,delta_pp:1,1.7084,3.6917,-1.6946,4.3242,0.9424,selection,1.1876,True,abstain,False
41,selection|microsoft/Phi-3.5-mini-instruct|c,delta_pp:1,6.2972,10.6966,0.1292,10.4257,0.9464,selection,3.7391,True,abstain,False
42,selection|Qwen/Qwen2.5-7B-Instruct|a,delta_pp:1,1.2658,2.4188,-1.5094,3.31,0.8442,selection,-0.401,False,abstain,False
42,selection|allenai/OLMo-2-1124-7B-Instruct|a,delta_pp:1,0.1252,8.6296,-4.4053,4.1553,0.8026,selection,-0.8898,False,abstain,False
42,selection|ibm-granite/granite-3.3-8b-instruct|a,delta_pp:1,-2.159,3.2142,-5.4055,0.8973,0.9022,selection,0.9105,False,abstain,False
42,selection|microsoft/Phi-3.5-mini-instruct|a,delta_pp:1,3.9905,8.3803,-1.2541,8.7981,0.8226,selection,1.8188,True,abstain,False
42,selection|Qwen/Qwen2.5-7B-Instruct|b,delta_pp:1,1.1134,2.3067,-1.3042,3.5137,0.8877,selection,-0.5102,False,abstain,False
42,selection|allenai/OLMo-2-1124-7B-Instruct|b,delta_pp:1,-2.6311,6.4478,-6.7369,0.9488,0.8497,selection,0.3366,False,abstain,False
42,selection|ibm-granite/granite-3.3-8b-instruct|b,delta_pp:1,-1.5719,3.945,-4.1988,1.0953,0.9167,selection,1.8088,True,abstain,False
42,selection|microsoft/Phi-3.5-mini-instruct|b,delta_pp:1,2.6051,10.5158,-2.0409,7.5222,0.8353,selection,2.3681,True,abstain,False
42,selection|Qwen/Qwen2.5-7B-Instruct|c,delta_pp:1,1.9186,2.0898,-0.7971,4.0126,0.846,selection,-0.384,False,abstain,False
42,selection|allenai/OLMo-2-1124-7B-Instruct|c,delta_pp:1,-1.3397,4.3897,-4.2815,2.7947,0.8569,selection,1.2233,True,abstain,False
42,selection|ibm-granite/granite-3.3-8b-instruct|c,delta_pp:1,0.3723,2.7036,-1.6339,3.6099,0.9258,selection,1.1876,True,abstain,False
42,selection|microsoft/Phi-3.5-mini-instruct|c,delta_pp:1,3.9232,12.3104,-2.4545,8.8016,0.8444,selection,3.7391,True,abstain,False
43,selection|Qwen/Qwen2.5-7B-Instruct|a,delta_pp:1,0.1266,2.6536,-2.3987,2.9656,0.8897,selection,-0.401,False,abstain,False
43,selection|allenai/OLMo-2-1124-7B-Instruct|a,delta_pp:1,0.4882,11.0804,-3.9113,6.9194,0.8552,selection,-0.8898,False,abstain,False
43,selection|ibm-granite/granite-3.3-8b-instruct|a,delta_pp:1,1.0847,7.3782,-2.8718,5.7446,0.9276,selection,0.9105,False,abstain,False
43,selection|microsoft/Phi-3.5-mini-instruct|a,delta_pp:1,3.5892,7.7555,-0.8014,8.4355,0.8741,selection,1.8188,True,abstain,False
43,selection|Qwen/Qwen2.5-7B-Instruct|b,delta_pp:1,-0.5515,2.0542,-3.0196,1.7086,0.8914,selection,-0.5102,False,abstain,False
43,selection|allenai/OLMo-2-1124-7B-Instruct|b,delta_pp:1,1.5094,8.7961,-2.9406,6.5741,0.9534,selection,0.3366,False,abstain,False
43,selection|ibm-granite/granite-3.3-8b-instruct|b,delta_pp:1,4.3034,8.8119,-0.262,9.4029,0.869,selection,1.8088,True,abstain,False
43,selection|microsoft/Phi-3.5-mini-instruct|b,delta_pp:1,5.1892,10.7067,0.4233,11.564,0.9138,selection,2.3681,True,abstain,False
43,selection|Qwen/Qwen2.5-7B-Instruct|c,delta_pp:1,0.1266,2.6536,-2.3987,2.9656,0.8897,selection,-0.384,False,abstain,False
43,selection|allenai/OLMo-2-1124-7B-Instruct|c,delta_pp:1,4.4842,9.9475,0.4468,10.2768,0.8517,selection,1.2233,True,abstain,False
43,selection|ibm-granite/granite-3.3-8b-instruct|c,delta_pp:1,1.5189,5.3782,-2.1221,5.7727,0.8828,selection,1.1876,True,abstain,False
43,selection|microsoft/Phi-3.5-mini-instruct|c,delta_pp:1,7.2688,14.6477,2.5499,14.0729,0.8379,selection,3.7391,True,unsafe,False
44,selection|Qwen/Qwen2.5-7B-Instruct|a,delta_pp:1,2.3851,1.9237,0.6888,5.0289,0.8316,selection,-0.401,False,abstain,False
44,selection|allenai/OLMo-2-1124-7B-Instruct|a,delta_pp:1,0.5904,6.4868,-3.3376,4.1698,0.9404,selection,-0.8898,False,abstain,False
44,selection|ibm-granite/granite-3.3-8b-instruct|a,delta_pp:1,0.4984,3.0634,-2.2517,3.7924,0.9544,selection,0.9105,False,abstain,False
44,selection|microsoft/Phi-3.5-mini-instruct|a,delta_pp:1,6.1597,6.8475,1.3692,9.9777,0.7737,selection,1.8188,True,unsafe,True
44,selection|Qwen/Qwen2.5-7B-Instruct|b,delta_pp:1,2.3851,1.64,0.5999,4.3927,0.8316,selection,-0.5102,False,abstain,False
44,selection|allenai/OLMo-2-1124-7B-Instruct|b,delta_pp:1,0.5835,4.8353,-3.452,3.8133,0.8439,selection,0.3366,False,abstain,False
44,selection|ibm-granite/granite-3.3-8b-instruct|b,delta_pp:1,5.9263,5.223,3.0109,10.6643,0.9193,selection,1.8088,True,unsafe,False
44,selection|microsoft/Phi-3.5-mini-instruct|b,delta_pp:1,7.2887,9.1556,2.7263,11.8421,0.8018,selection,2.3681,True,unsafe,False
44,selection|Qwen/Qwen2.5-7B-Instruct|c,delta_pp:1,2.3127,1.6502,0.1578,4.5857,0.7316,selection,-0.384,False,abstain,True
44,selection|allenai/OLMo-2-1124-7B-Instruct|c,delta_pp:1,-1.6217,5.2325,-5.25,1.8837,0.8772,selection,1.2233,True,abstain,False
44,selection|ibm-granite/granite-3.3-8b-instruct|c,delta_pp:1,4.1856,2.8511,1.7868,6.9807,0.8579,selection,1.1876,True,unsafe,False
44,selection|microsoft/Phi-3.5-mini-instruct|c,delta_pp:1,8.7236,13.6674,2.9796,15.2385,0.7842,selection,3.7391,True,unsafe,True
45,selection|Qwen/Qwen2.5-7B-Instruct|a,delta_pp:1,1.8177,2.4636,-0.472,4.1339,0.8696,selection,-0.401,False,abstain,False
45,selection|allenai/OLMo-2-1124-7B-Instruct|a,delta_pp:1,-0.8476,4.6271,-4.629,2.4297,0.8786,selection,-0.8898,False,abstain,False
45,selection|ibm-granite/granite-3.3-8b-instruct|a,delta_pp:1,1.734,3.5434,-1.0873,4.5941,0.9339,selection,0.9105,False,abstain,False
45,selection|microsoft/Phi-3.5-mini-instruct|a,delta_pp:1,5.0385,8.0707,0.725,9.2726,0.825,selection,1.8188,True,abstain,False
45,selection|Qwen/Qwen2.5-7B-Instruct|b,delta_pp:1,0.4979,2.0279,-1.9861,2.4345,0.8696,selection,-0.5102,False,abstain,False
45,selection|allenai/OLMo-2-1124-7B-Instruct|b,delta_pp:1,1.8856,8.4327,-2.388,6.4543,0.8714,selection,0.3366,False,abstain,False
45,selection|ibm-granite/granite-3.3-8b-instruct|b,delta_pp:1,0.7727,4.1202,-3.1155,3.5598,0.8554,selection,1.8088,True,abstain,False
45,selection|microsoft/Phi-3.5-mini-instruct|b,delta_pp:1,6.1086,8.2426,1.6916,11.1212,0.9089,selection,2.3681,True,unsafe,False
45,selection|Qwen/Qwen2.5-7B-Instruct|c,delta_pp:1,1.1812,2.3294,-1.0265,4.133,0.8679,selection,-0.384,False,abstain,False
45,selection|allenai/OLMo-2-1124-7B-Instruct|c,delta_pp:1,-0.0595,7.0815,-4.6586,4.0751,0.8179,selection,1.2233,True,abstain,False
45,selection|ibm-granite/granite-3.3-8b-instruct|c,delta_pp:1,2.671,2.9043,-0.1073,5.3119,0.9125,selection,1.1876,True,abstain,False
45,selection|microsoft/Phi-3.5-mini-instruct|c,delta_pp:1,7.192,11.4581,1.5174,12.6461,0.8696,selection,3.7391,True,unsafe,False
46,selection|Qwen/Qwen2.5-7B-Instruct|a,delta_pp:1,1.5436,2.4531,-1.1052,3.81,0.8697,selection,-0.401,False,abstain,False
46,selection|allenai/OLMo-2-1124-7B-Instruct|a,delta_pp:1,-0.9713,7.6131,-6.3287,2.6955,0.8816,selection,-0.8898,False,abstain,False
46,selection|ibm-granite/granite-3.3-8b-instruct|a,delta_pp:1,2.9267,6.3005,-1.4016,5.9766,0.8851,selection,0.9105,False,abstain,False
46,selection|microsoft/Phi-3.5-mini-instruct|a,delta_pp:1,4.208,7.0244,-0.3415,8.1955,0.8521,selection,1.8188,True,abstain,False
46,selection|Qwen/Qwen2.5-7B-Instruct|b,delta_pp:1,0.2144,4.0373,-3.2149,3.1688,0.8662,selection,-0.5102,False,abstain,False
46,selection|allenai/OLMo-2-1124-7B-Instruct|b,delta_pp:1,-2.2111,5.9784,-5.9087,1.5177,0.8851,selection,0.3366,False,abstain,False
46,selection|ibm-granite/granite-3.3-8b-instruct|b,delta_pp:1,6.2033,8.2366,1.9343,10.8797,0.8763,selection,1.8088,True,unsafe,False
46,selection|microsoft/Phi-3.5-mini-instruct|b,delta_pp:1,3.582,7.2055,-0.6878,7.858,0.8834,selection,2.3681,True,abstain,False
46,selection|Qwen/Qwen2.5-7B-Instruct|c,delta_pp:1,-0.2606,2.7715,-3.005,1.9972,0.901,selection,-0.384,False,abstain,False
46,selection|allenai/OLMo-2-1124-7B-Instruct|c,delta_pp:1,-2.2111,5.8694,-6.408,0.9894,0.8851,selection,1.2233,True,abstain,False
46,selection|ibm-granite/granite-3.3-8b-instruct|c,delta_pp:1,3.9166,4.4056,0.3906,6.8659,0.7672,selection,1.1876,True,abstain,True
46,selection|microsoft/Phi-3.5-mini-instruct|c,delta_pp:1,2.9715,12.5178,-2.7722,8.3077,0.8935,selection,3.7391,True,abstain,False
47,selection|Qwen/Qwen2.5-7B-Instruct|a,delta_pp:1,0.4301,2.0676,-2.1159,2.739,0.8464,selection,-0.401,False,abstain,False
47,selection|allenai/OLMo-2-1124-7B-Instruct|a,delta_pp:1,0.7236,8.5055,-4.0946,5.6879,0.75,selection,-0.8898,False,abstain,True
47,selection|ibm-granite/granite-3.3-8b-instruct|a,delta_pp:1,3.2837,4.057,-0.1183,7.0479,0.8821,selection,0.9105,False,abstain,False
47,selection|microsoft/Phi-3.5-mini-instruct|a,delta_pp:1,2.5016,7.1489,-2.154,6.4223,0.85,selection,1.8188,True,abstain,False
47,selection|Qwen/Qwen2.5-7B-Instruct|b,delta_pp:1,0.4301,2.0268,-1.9365,2.739,0.8464,selection,-0.5102,False,abstain,False
47,selection|allenai/OLMo-2-1124-7B-Instruct|b,delta_pp:1,5.6567,6.6235,1.4221,9.9173,0.825,selection,0.3366,False,unsafe,False
47,selection|ibm-granite/granite-3.3-8b-instruct|b,delta_pp:1,7.2057,5.7737,3.4326,10.8494,0.875,selection,1.8088,True,unsafe,False
47,selection|microsoft/Phi-3.5-mini-instruct|b,delta_pp:1,3.8219,10.1487,-1.5796,9.1824,0.8589,selection,2.3681,True,abstain,False
47,selection|Qwen/Qwen2.5-7B-Instruct|c,delta_pp:1,1.4611,2.2799,-1.1629,3.91,0.7964,selection,-0.384,False,abstain,True
47,selection|allenai/OLMo-2-1124-7B-Instruct|c,delta_pp:1,3.6111,5.4371,-0.4883,7.3132,0.8036,selection,1.2233,True,abstain,False
47,selection|ibm-granite/granite-3.3-8b-instruct|c,delta_pp:1,5.6157,4.975,2.0788,9.3199,0.8286,selection,1.1876,True,unsafe,False
47,selection|microsoft/Phi-3.5-mini-instruct|c,delta_pp:1,4.6075,9.3618,-0.1539,9.3516,0.8804,selection,3.7391,True,abstain,False
48,selection|Qwen/Qwen2.5-7B-Instruct|a,delta_pp:1,-1.684,3.1163,-4.2977,1.1534,0.854,selection,-0.401,False,abstain,False
48,selection|allenai/OLMo-2-1124-7B-Instruct|a,delta_pp:1,-3.8025,6.9457,-8.3059,-0.2532,0.7494,selection,-0.8898,False,abstain,True
48,selection|ibm-granite/granite-3.3-8b-instruct|a,delta_pp:1,-0.8437,3.8433,-3.7347,3.013,0.8452,selection,0.9105,False,abstain,False
48,selection|microsoft/Phi-3.5-mini-instruct|a,delta_pp:1,-1.7195,6.0846,-6.0499,2.0111,0.8658,selection,1.8188,True,abstain,False
48,selection|Qwen/Qwen2.5-7B-Instruct|b,delta_pp:1,-1.0427,2.5588,-3.5974,1.451,0.8558,selection,-0.5102,False,abstain,False
48,selection|allenai/OLMo-2-1124-7B-Instruct|b,delta_pp:1,-1.7804,6.3915,-6.2106,2.5129,0.8085,selection,0.3366,False,abstain,False
48,selection|ibm-granite/granite-3.3-8b-instruct|b,delta_pp:1,0.4389,2.964,-1.9978,3.3107,0.8487,selection,1.8088,True,abstain,False
48,selection|microsoft/Phi-3.5-mini-instruct|b,delta_pp:1,-2.5818,8.2747,-6.6276,1.7701,0.8221,selection,2.3681,True,abstain,False
48,selection|Qwen/Qwen2.5-7B-Instruct|c,delta_pp:1,-0.7711,2.1123,-2.9992,1.1763,0.8298,selection,-0.384,False,abstain,False
48,selection|allenai/OLMo-2-1124-7B-Instruct|c,delta_pp:1,2.4004,7.0623,-1.9266,6.4204,0.779,selection,1.2233,True,abstain,True
48,selection|ibm-granite/granite-3.3-8b-instruct|c,delta_pp:1,-0.8809,2.9326,-3.5205,2.0209,0.8487,selection,1.1876,True,abstain,False
48,selection|microsoft/Phi-3.5-mini-instruct|c,delta_pp:1,-4.0008,12.626,-9.458,1.7647,0.8948,selection,3.7391,True,abstain,False
49,selection|Qwen/Qwen2.5-7B-Instruct|a,delta_pp:1,-0.1184,2.7738,-2.6097,2.5739,0.8147,selection,-0.401,False,abstain,False
49,selection|allenai/OLMo-2-1124-7B-Instruct|a,delta_pp:1,-5.5276,12.3698,-10.5942,0.1374,0.8382,selection,-0.8898,False,abstain,False
49,selection|ibm-granite/granite-3.3-8b-instruct|a,delta_pp:1,-1.915,5.3276,-5.5995,1.5351,0.9476,selection,0.9105,False,abstain,False
49,selection|microsoft/Phi-3.5-mini-instruct|a,delta_pp:1,1.8824,8.8629,-3.1393,6.316,0.7311,selection,1.8188,True,abstain,True
49,selection|Qwen/Qwen2.5-7B-Instruct|b,delta_pp:1,-0.7945,2.17,-2.8581,1.5021,0.8165,selection,-0.5102,False,abstain,False
49,selection|allenai/OLMo-2-1124-7B-Instruct|b,delta_pp:1,-2.8782,10.51,-7.7423,2.1323,0.7464,selection,0.3366,False,abstain,True
49,selection|ibm-granite/granite-3.3-8b-instruct|b,delta_pp:1,-0.3082,6.8991,-4.728,3.7187,0.9164,selection,1.8088,True,abstain,False
49,selection|microsoft/Phi-3.5-mini-instruct|b,delta_pp:1,-0.9617,11.747,-6.5684,4.0938,0.7723,selection,2.3681,True,abstain,True
49,selection|Qwen/Qwen2.5-7B-Instruct|c,delta_pp:1,-0.7945,2.17,-2.8581,1.5021,0.8165,selection,-0.384,False,abstain,False
49,selection|allenai/OLMo-2-1124-7B-Instruct|c,delta_pp:1,-2.8879,10.6853,-8.5971,2.3442,0.757,selection,1.2233,True,abstain,True
49,selection|ibm-granite/granite-3.3-8b-instruct|c,delta_pp:1,0.8123,3.755,-1.9159,4.268,0.8665,selection,1.1876,True,abstain,False
49,selection|microsoft/Phi-3.5-mini-instruct|c,delta_pp:1,6.3331,13.7733,0.8939,12.6719,0.7493,selection,3.7391,True,abstain,True
50,selection|Qwen/Qwen2.5-7B-Instruct|a,delta_pp:1,0.3752,2.2389,-1.5596,3.0021,0.9096,selection,-0.401,False,abstain,False
50,selection|allenai/OLMo-2-1124-7B-Instruct|a,delta_pp:1,6.038,10.2518,1.0479,10.7909,0.8014,selection,-0.8898,False,unsafe,False
50,selection|ibm-granite/granite-3.3-8b-instruct|a,delta_pp:1,2.9422,4.6757,-1.3155,6.3775,0.9249,selection,0.9105,False,abstain,False
50,selection|microsoft/Phi-3.5-mini-instruct|a,delta_pp:1,2.7939,5.2267,-0.7361,6.2774,0.8676,selection,1.8188,True,abstain,False
50,selection|Qwen/Qwen2.5-7B-Instruct|b,delta_pp:1,-0.2661,2.5136,-3.1027,2.0691,0.9078,selection,-0.5102,False,abstain,False
50,selection|allenai/OLMo-2-1124-7B-Instruct|b,delta_pp:1,3.6462,11.0718,-1.9653,8.7567,0.7145,selection,0.3366,False,abstain,True
50,selection|ibm-granite/granite-3.3-8b-instruct|b,delta_pp:1,5.7795,6.6435,1.6734,10.0602,0.8345,selection,1.8088,True,unsafe,False
50,selection|microsoft/Phi-3.5-mini-instruct|b,delta_pp:1,3.1412,7.5987,-1.4169,7.7848,0.9143,selection,2.3681,True,abstain,False
50,selection|Qwen/Qwen2.5-7B-Instruct|c,delta_pp:1,0.9053,3.2556,-2.2911,3.7743,0.8505,selection,-0.384,False,abstain,False
50,selection|allenai/OLMo-2-1124-7B-Instruct|c,delta_pp:1,2.3873,7.7514,-2.7677,6.5353,0.7719,selection,1.2233,True,abstain,True
50,selection|ibm-granite/granite-3.3-8b-instruct|c,delta_pp:1,1.8926,4.3662,-1.7843,5.2773,0.8191,selection,1.1876,True,abstain,False
50,selection|microsoft/Phi-3.5-mini-instruct|c,delta_pp:1,4.6098,8.8651,-0.064,9.4638,0.9001,selection,3.7391,True,abstain,False
51,selection|Qwen/Qwen2.5-7B-Instruct|a,delta_pp:1,-0.3343,1.8557,-2.4723,1.8933,0.9546,selection,-0.401,False,abstain,False
51,selection|allenai/OLMo-2-1124-7B-Instruct|a,delta_pp:1,-1.3967,7.4454,-5.3467,3.2181,0.8935,selection,-0.8898,False,abstain,False
51,selection|ibm-granite/granite-3.3-8b-instruct|a,delta_pp:1,2.1712,3.959,-0.7296,6.0364,0.9843,selection,0.9105,False,abstain,False
51,selection|microsoft/Phi-3.5-mini-instruct|a,delta_pp:1,8.5662,5.4649,5.0019,13.0457,0.8585,selection,1.8188,True,unsafe,False
51,selection|Qwen/Qwen2.5-7B-Instruct|b,delta_pp:1,-1.6679,1.1131,-3.3984,0.0302,0.9581,selection,-0.5102,False,abstain,False
51,selection|allenai/OLMo-2-1124-7B-Instruct|b,delta_pp:1,2.247,8.1791,-1.468,7.8556,0.8148,selection,0.3366,False,abstain,False
51,selection|ibm-granite/granite-3.3-8b-instruct|b,delta_pp:1,4.0173,5.9673,0.1459,7.5505,0.8637,selection,1.8088,True,abstain,False
51,selection|microsoft/Phi-3.5-mini-instruct|b,delta_pp:1,4.5772,8.1533,0.0729,8.464,0.8847,selection,2.3681,True,abstain,False
51,selection|Qwen/Qwen2.5-7B-Instruct|c,delta_pp:1,-0.3343,1.8557,-2.4723,1.8933,0.9546,selection,-0.384,False,abstain,False
51,selection|allenai/OLMo-2-1124-7B-Instruct|c,delta_pp:1,2.5768,9.1011,-1.3163,8.3764,0.89,selection,1.2233,True,abstain,False
51,selection|ibm-granite/granite-3.3-8b-instruct|c,delta_pp:1,2.1575,3.1096,-0.5915,5.3627,0.9878,selection,1.1876,True,abstain,False
51,selection|microsoft/Phi-3.5-mini-instruct|c,delta_pp:1,10.2415,11.107,4.8232,16.4608,0.946,selection,3.7391,True,unsafe,False
52,selection|Qwen/Qwen2.5-7B-Instruct|a,delta_pp:1,-0.2352,2.9194,-3.2603,2.2753,0.8057,selection,-0.401,False,abstain,False
52,selection|allenai/OLMo-2-1124-7B-Instruct|a,delta_pp:1,0.3088,8.7208,-4.7582,4.534,0.8408,selection,-0.8898,False,abstain,False
52,selection|ibm-granite/granite-3.3-8b-instruct|a,delta_pp:1,-1.572,3.7247,-4.621,1.9274,0.8562,selection,0.9105,False,abstain,False
52,selection|microsoft/Phi-3.5-mini-instruct|a,delta_pp:1,-0.0417,6.8842,-3.8468,4.666,0.7851,selection,1.8188,True,abstain,True
52,selection|Qwen/Qwen2.5-7B-Instruct|b,delta_pp:1,-0.0429,2.6065,-2.2732,2.967,0.7414,selection,-0.5102,False,abstain,True
52,selection|allenai/OLMo-2-1124-7B-Instruct|b,delta_pp:1,2.9129,5.7085,-0.9768,6.8411,0.8545,selection,0.3366,False,abstain,False
52,selection|ibm-granite/granite-3.3-8b-instruct|b,delta_pp:1,-0.9165,4.0816,-4.3184,1.935,0.8579,selection,1.8088,True,abstain,False
52,selection|microsoft/Phi-3.5-mini-instruct|b,delta_pp:1,2.5904,10.1994,-2.3506,8.8989,0.8322,selection,2.3681,True,abstain,False
52,selection|Qwen/Qwen2.5-7B-Instruct|c,delta_pp:1,-0.0956,2.1982,-1.8194,2.6697,0.8057,selection,-0.384,False,abstain,False
52,selection|allenai/OLMo-2-1124-7B-Instruct|c,delta_pp:1,5.5619,6.8806,1.4055,9.6989,0.851,selection,1.2233,True,unsafe,False
52,selection|ibm-granite/granite-3.3-8b-instruct|c,delta_pp:1,-0.2789,1.9149,-2.3515,2.32,0.8664,selection,1.1876,True,abstain,False
52,selection|microsoft/Phi-3.5-mini-instruct|c,delta_pp:1,3.2549,11.3432,-1.522,9.3281,0.8305,selection,3.7391,True,abstain,False
53,selection|Qwen/Qwen2.5-7B-Instruct|a,delta_pp:1,1.6548,1.4802,-0.3964,3.3928,0.8965,selection,-0.401,False,abstain,False
53,selection|allenai/OLMo-2-1124-7B-Instruct|a,delta_pp:1,-4.6132,6.2771,-8.3212,-0.5307,0.8719,selection,-0.8898,False,abstain,False
53,selection|ibm-granite/granite-3.3-8b-instruct|a,delta_pp:1,0.0423,3.2363,-2.5106,2.8061,0.8561,selection,0.9105,False,abstain,False
53,selection|microsoft/Phi-3.5-mini-instruct|a,delta_pp:1,-1.5645,3.1791,-4.4253,1.2689,0.8877,selection,1.8188,True,abstain,False
53,selection|Qwen/Qwen2.5-7B-Instruct|b,delta_pp:1,0.3349,1.818,-2.3353,2.0794,0.8965,selection,-0.5102,False,abstain,False
53,selection|allenai/OLMo-2-1124-7B-Instruct|b,delta_pp:1,-2.0056,5.7331,-5.605,1.6926,0.8754,selection,0.3366,False,abstain,False
53,selection|ibm-granite/granite-3.3-8b-instruct|b,delta_pp:1,1.5062,2.2209,-0.9048,3.8691,0.9246,selection,1.8088,True,abstain,False
53,selection|microsoft/Phi-3.5-mini-instruct|b,delta_pp:1,3.1678,6.3213,-0.9522,6.6985,0.8754,selection,2.3681,True,abstain,False
53,selection|Qwen/Qwen2.5-7B-Instruct|c,delta_pp:1,2.6878,2.1062,-0.1808,4.7498,0.9281,selection,-0.384,False,abstain,False
53,selection|allenai/OLMo-2-1124-7B-Instruct|c,delta_pp:1,1.5231,7.7446,-2.3753,6.1554,0.8386,selection,1.2233,True,abstain,False
53,selection|ibm-granite/granite-3.3-8b-instruct|c,delta_pp:1,0.3671,2.1476,-1.6415,2.7122,0.893,selection,1.1876,True,abstain,False
53,selection|microsoft/Phi-3.5-mini-instruct|c,delta_pp:1,1.3007,8.8163,-2.926,6.3676,0.8632,selection,3.7391,True,abstain,False
54,selection|Qwen/Qwen2.5-7B-Instruct|a,delta_pp:1,0.9079,1.459,-1.1804,2.4865,0.8794,selection,-0.401,False,abstain,False
54,selection|allenai/OLMo-2-1124-7B-Instruct|a,delta_pp:1,-2.8007,8.1628,-8.0255,1.0572,0.8411,selection,-0.8898,False,abstain,False
54,selection|ibm-granite/granite-3.3-8b-instruct|a,delta_pp:1,-1.4194,3.7073,-4.5996,1.736,0.9476,selection,0.9105,False,abstain,False
54,selection|microsoft/Phi-3.5-mini-instruct|a,delta_pp:1,3.5472,8.205,-1.0404,7.9456,0.8952,selection,1.8188,True,abstain,False
54,selection|Qwen/Qwen2.5-7B-Instruct|b,delta_pp:1,-0.1451,2.0441,-3.0783,1.8757,0.8392,selection,-0.5102,False,abstain,False
54,selection|allenai/OLMo-2-1124-7B-Instruct|b,delta_pp:1,2.3415,11.3449,-3.0933,7.2995,0.7624,selection,0.3366,False,abstain,True
54,selection|ibm-granite/granite-3.3-8b-instruct|b,delta_pp:1,5.0275,6.4442,0.6474,8.7063,0.855,selection,1.8088,True,abstain,False
54,selection|microsoft/Phi-3.5-mini-instruct|b,delta_pp:1,4.9813,9.6404,0.0807,10.057,0.8778,selection,2.3681,True,abstain,False
54,selection|Qwen/Qwen2.5-7B-Instruct|c,delta_pp:1,0.374,1.2509,-1.2513,2.0202,0.8444,selection,-0.384,False,abstain,False
54,selection|allenai/OLMo-2-1124-7B-Instruct|c,delta_pp:1,6.4159,10.5034,1.6361,11.9874,0.8445,selection,1.2233,True,unsafe,False
54,selection|ibm-granite/granite-3.3-8b-instruct|c,delta_pp:1,0.5719,4.5762,-3.2553,3.6241,0.8305,selection,1.1876,True,abstain,False
54,selection|microsoft/Phi-3.5-mini-instruct|c,delta_pp:1,3.1042,13.6435,-3.7741,8.8645,0.8621,selection,3.7391,True,abstain,False
55,selection|Qwen/Qwen2.5-7B-Instruct|a,delta_pp:1,-1.3585,3.084,-4.1065,1.4101,0.8392,selection,-0.401,False,abstain,False
55,selection|allenai/OLMo-2-1124-7B-Instruct|a,delta_pp:1,-2.4729,7.6364,-6.8592,1.8116,0.8078,selection,-0.8898,False,abstain,False
55,selection|ibm-granite/granite-3.3-8b-instruct|a,delta_pp:1,-1.1524,4.0295,-4.6877,1.3626,0.9074,selection,0.9105,False,abstain,False
55,selection|microsoft/Phi-3.5-mini-instruct|a,delta_pp:1,-0.2979,4.9249,-4.1399,2.8435,0.862,selection,1.8188,True,abstain,False
55,selection|Qwen/Qwen2.5-7B-Instruct|b,delta_pp:1,-1.3585,3.0465,-4.0202,1.1756,0.8392,selection,-0.5102,False,abstain,False
55,selection|allenai/OLMo-2-1124-7B-Instruct|b,delta_pp:1,1.22,8.3061,-3.0131,6.4466,0.848,selection,0.3366,False,abstain,False
55,selection|ibm-granite/granite-3.3-8b-instruct|b,delta_pp:1,-2.1826,6.3234,-6.6012,1.2036,0.8637,selection,1.8088,True,abstain,False
55,selection|microsoft/Phi-3.5-mini-instruct|b,delta_pp:1,-0.1,7.7857,-5.0022,4.1155,0.848,selection,2.3681,True,abstain,False
55,selection|Qwen/Qwen2.5-7B-Instruct|c,delta_pp:1,-1.3585,3.084,-4.1065,1.4101,0.8392,selection,-0.384,False,abstain,False
55,selection|allenai/OLMo-2-1124-7B-Instruct|c,delta_pp:1,-0.7485,11.1866,-5.7137,4.5167,0.7309,selection,1.2233,True,abstain,True
55,selection|ibm-granite/granite-3.3-8b-instruct|c,delta_pp:1,-0.2141,4.7951,-4.4552,2.7659,0.8655,selection,1.1876,True,abstain,False
55,selection|microsoft/Phi-3.5-mini-instruct|c,delta_pp:1,1.4717,11.144,-3.5581,7.4632,0.9093,selection,3.7391,True,abstain,False
56,selection|Qwen/Qwen2.5-7B-Instruct|a,delta_pp:1,-0.6237,1.759,-2.4496,1.9056,0.8811,selection,-0.401,False,abstain,False
56,selection|allenai/OLMo-2-1124-7B-Instruct|a,delta_pp:1,2.0733,6.3371,-1.7924,6.1378,0.8602,selection,-0.8898,False,abstain,False
56,selection|ibm-granite/granite-3.3-8b-instruct|a,delta_pp:1,3.4521,5.4703,-0.3086,7.4739,0.9424,selection,0.9105,False,abstain,False
56,selection|microsoft/Phi-3.5-mini-instruct|a,delta_pp:1,2.788,4.2127,0.157,6.1855,0.8689,selection,1.8188,True,abstain,False
56,selection|Qwen/Qwen2.5-7B-Instruct|b,delta_pp:1,0.0203,1.1716,-1.1679,2.2048,0.8829,selection,-0.5102,False,abstain,False
56,selection|allenai/OLMo-2-1124-7B-Instruct|b,delta_pp:1,2.7055,7.3207,-0.9229,7.4652,0.9371,selection,0.3366,False,abstain,False
56,selection|ibm-granite/granite-3.3-8b-instruct|b,delta_pp:1,2.1002,3.4859,-1.4714,4.5622,0.9459,selection,1.8088,True,abstain,False
56,selection|microsoft/Phi-3.5-mini-instruct|b,delta_pp:1,0.5282,6.8477,-4.4827,3.75,0.9004,selection,2.3681,True,abstain,False
56,selection|Qwen/Qwen2.5-7B-Instruct|c,delta_pp:1,-0.6237,1.759,-2.4496,1.9056,0.8811,selection,-0.384,False,abstain,False
56,selection|allenai/OLMo-2-1124-7B-Instruct|c,delta_pp:1,-0.7716,5.713,-4.4225,3.172,0.9721,selection,1.2233,True,abstain,False
56,selection|ibm-granite/granite-3.3-8b-instruct|c,delta_pp:1,1.0964,3.5632,-2.5987,3.2136,0.9843,selection,1.1876,True,abstain,False
56,selection|microsoft/Phi-3.5-mini-instruct|c,delta_pp:1,6.6756,10.6082,1.2558,10.9835,0.8778,selection,3.7391,True,unsafe,False
57,selection|Qwen/Qwen2.5-7B-Instruct|a,delta_pp:1,1.0758,2.5571,-1.6606,3.4869,0.8697,selection,-0.401,False,abstain,False
57,selection|allenai/OLMo-2-1124-7B-Instruct|a,delta_pp:1,2.5718,6.4473,-0.4524,6.7003,0.8781,selection,-0.8898,False,abstain,False
57,selection|ibm-granite/granite-3.3-8b-instruct|a,delta_pp:1,2.9337,4.3897,0.3341,6.739,0.8904,selection,0.9105,False,abstain,False
57,selection|microsoft/Phi-3.5-mini-instruct|a,delta_pp:1,5.3566,5.0562,2.6377,9.4499,0.8556,selection,1.8188,True,unsafe,False
57,selection|Qwen/Qwen2.5-7B-Instruct|b,delta_pp:1,0.8129,2.3639,-1.6858,2.9876,0.8385,selection,-0.5102,False,abstain,False
57,selection|allenai/OLMo-2-1124-7B-Instruct|b,delta_pp:1,4.3117,6.5079,0.0463,8.4315,0.8451,selection,0.3366,False,abstain,False
57,selection|ibm-granite/granite-3.3-8b-instruct|b,delta_pp:1,2.5598,3.7075,-0.5153,5.895,0.9199,selection,1.8088,True,abstain,False
57,selection|microsoft/Phi-3.5-mini-instruct|b,delta_pp:1,4.5304,8.239,-0.2554,9.0335,0.8693,selection,2.3681,True,abstain,False
57,selection|Qwen/Qwen2.5-7B-Instruct|c,delta_pp:1,-0.5275,1.1835,-2.5849,0.7649,0.9027,selection,-0.384,False,abstain,False
57,selection|allenai/OLMo-2-1124-7B-Instruct|c,delta_pp:1,4.7216,8.0846,0.4898,9.4717,0.8433,selection,1.2233,True,abstain,False
57,selection|ibm-granite/granite-3.3-8b-instruct|c,delta_pp:1,1.4567,3.2392,-1.3749,4.7448,0.9547,selection,1.1876,True,abstain,False
57,selection|microsoft/Phi-3.5-mini-instruct|c,delta_pp:1,6.5794,11.2466,1.2193,11.0651,0.864,selection,3.7391,True,unsafe,False
58,selection|Qwen/Qwen2.5-7B-Instruct|a,delta_pp:1,0.7699,3.262,-2.153,3.6981,0.8127,selection,-0.401,False,abstain,False
58,selection|allenai/OLMo-2-1124-7B-Instruct|a,delta_pp:1,2.2732,7.3688,-2.2841,6.6317,0.7952,selection,-0.8898,False,abstain,True
58,selection|ibm-granite/granite-3.3-8b-instruct|a,delta_pp:1,-0.3414,3.7152,-3.4967,2.8751,0.8057,selection,0.9105,False,abstain,False
58,selection|microsoft/Phi-3.5-mini-instruct|a,delta_pp:1,2.7286,9.6149,-1.9268,7.7196,0.7507,selection,1.8188,True,abstain,True
58,selection|Qwen/Qwen2.5-7B-Instruct|b,delta_pp:1,-1.2282,2.607,-4.0054,1.1483,0.8144,selection,-0.5102,False,abstain,False
58,selection|allenai/OLMo-2-1124-7B-Instruct|b,delta_pp:1,2.3224,7.0912,-2.5978,6.4677,0.7255,selection,0.3366,False,abstain,True
58,selection|ibm-granite/granite-3.3-8b-instruct|b,delta_pp:1,0.2876,4.4363,-3.5521,3.5241,0.8736,selection,1.8088,True,abstain,False
58,selection|microsoft/Phi-3.5-mini-instruct|b,delta_pp:1,1.1492,10.3337,-5.3687,5.1086,0.7115,selection,2.3681,True,abstain,True
58,selection|Qwen/Qwen2.5-7B-Instruct|c,delta_pp:1,-0.2904,2.3485,-3.1943,1.8437,0.8519,selection,-0.384,False,abstain,False
58,selection|allenai/OLMo-2-1124-7B-Instruct|c,delta_pp:1,-0.2922,4.6515,-3.2367,3.4475,0.736,selection,1.2233,True,abstain,True
58,selection|ibm-granite/granite-3.3-8b-instruct|c,delta_pp:1,-0.3781,3.8365,-3.3019,2.78,0.8092,selection,1.1876,True,abstain,False
58,selection|microsoft/Phi-3.5-mini-instruct|c,delta_pp:1,4.1951,11.0585,-0.9342,9.7186,0.7368,selection,3.7391,True,abstain,True
59,selection|Qwen/Qwen2.5-7B-Instruct|a,delta_pp:1,1.3691,0.5737,-0.0028,2.2202,0.9528,selection,-0.401,False,abstain,False
59,selection|allenai/OLMo-2-1124-7B-Instruct|a,delta_pp:1,-2.0753,7.0914,-5.9672,2.1968,0.6996,selection,-0.8898,False,abstain,True
59,selection|ibm-granite/granite-3.3-8b-instruct|a,delta_pp:1,2.1435,4.2153,-1.4117,5.2404,0.8935,selection,0.9105,False,abstain,False
59,selection|microsoft/Phi-3.5-mini-instruct|a,delta_pp:1,-0.3978,4.5047,-3.83,3.2379,0.8463,selection,1.8188,True,abstain,False
59,selection|Qwen/Qwen2.5-7B-Instruct|b,delta_pp:1,1.4677,1.0819,-0.1579,3.1212,0.9056,selection,-0.5102,False,abstain,False
59,selection|allenai/OLMo-2-1124-7B-Instruct|b,delta_pp:1,-0.2766,8.6943,-4.9953,4.3734,0.829,selection,0.3366,False,abstain,False
59,selection|ibm-granite/granite-3.3-8b-instruct|b,delta_pp:1,1.4813,4.1976,-2.1125,4.4569,0.8953,selection,1.8088,True,abstain,False
59,selection|microsoft/Phi-3.5-mini-instruct|b,delta_pp:1,1.4904,5.0876,-2.466,5.0169,0.8883,selection,2.3681,True,abstain,False
59,selection|Qwen/Qwen2.5-7B-Instruct|c,delta_pp:1,0.904,1.2015,-0.8332,2.6517,0.8602,selection,-0.384,False,abstain,False
59,selection|allenai/OLMo-2-1124-7B-Instruct|c,delta_pp:1,0.372,9.2696,-4.268,5.6318,0.7905,selection,1.2233,True,abstain,True
59,selection|ibm-granite/granite-3.3-8b-instruct|c,delta_pp:1,2.233,2.8364,-0.7787,4.6435,0.8533,selection,1.1876,True,abstain,False
59,selection|microsoft/Phi-3.5-mini-instruct|c,delta_pp:1,6.0411,8.9135,1.7306,11.0862,0.913,selection,3.7391,True,unsafe,False
60,selection|Qwen/Qwen2.5-7B-Instruct|a,delta_pp:1,-1.6482,1.1728,-3.641,0.0004,0.8829,selection,-0.401,False,abstain,False
60,selection|allenai/OLMo-2-1124-7B-Instruct|a,delta_pp:1,-4.7996,6.5849,-9.3565,-1.1917,0.8602,selection,-0.8898,False,unsafe,False
60,selection|ibm-granite/granite-3.3-8b-instruct|a,delta_pp:1,3.3949,6.0864,-0.5327,7.5559,0.9022,selection,0.9105,False,abstain,False
60,selection|microsoft/Phi-3.5-mini-instruct|a,delta_pp:1,-0.0538,5.9006,-3.8391,3.0699,0.9406,selection,1.8188,True,abstain,False
60,selection|Qwen/Qwen2.5-7B-Instruct|b,delta_pp:1,-1.6482,1.2389,-4.3546,-0.0871,0.8829,selection,-0.5102,False,abstain,False
60,selection|allenai/OLMo-2-1124-7B-Instruct|b,delta_pp:1,0.8388,5.0647,-2.0952,4.8257,0.9057,selection,0.3366,False,abstain,False
60,selection|ibm-granite/granite-3.3-8b-instruct|b,delta_pp:1,1.8918,4.9828,-1.3689,5.5875,0.9459,selection,1.8088,True,abstain,False
60,selection|microsoft/Phi-3.5-mini-instruct|b,delta_pp:1,3.7075,7.8222,-1.124,7.8501,0.9704,selection,2.3681,True,abstain,False
60,selection|Qwen/Qwen2.5-7B-Instruct|c,delta_pp:1,-2.0527,1.3261,-4.3548,-0.4042,0.8444,selection,-0.384,False,abstain,False
60,selection|allenai/OLMo-2-1124-7B-Instruct|c,delta_pp:1,-0.8855,4.9506,-4.2196,2.9591,0.8672,selection,1.2233,True,abstain,False
60,selection|ibm-granite/granite-3.3-8b-instruct|c,delta_pp:1,2.6779,4.9931,-0.6486,6.8207,0.9109,selection,1.1876,True,abstain,False
60,selection|microsoft/Phi-3.5-mini-instruct|c,delta_pp:1,1.1362,9.7333,-3.9951,6.739,0.9599,selection,3.7391,True,abstain,False
61,selection|Qwen/Qwen2.5-7B-Instruct|a,delta_pp:1,-1.4723,1.8356,-4.0255,0.3469,0.9494,selection,-0.401,False,abstain,False
61,selection|allenai/OLMo-2-1124-7B-Instruct|a,delta_pp:1,-1.3963,5.9632,-4.8146,2.9983,0.8849,selection,-0.8898,False,abstain,False
61,selection|ibm-granite/granite-3.3-8b-instruct|a,delta_pp:1,-0.1705,6.3947,-4.272,3.9077,0.9355,selection,0.9105,False,abstain,False
61,selection|microsoft/Phi-3.5-mini-instruct|a,delta_pp:1,2.5635,7.0077,-0.88,6.9656,0.9321,selection,1.8188,True,abstain,False
61,selection|Qwen/Qwen2.5-7B-Instruct|b,delta_pp:1,-2.1345,2.1744,-4.9237,0.0449,0.9476,selection,-0.5102,False,abstain,False
61,selection|allenai/OLMo-2-1124-7B-Instruct|b,delta_pp:1,-0.1704,4.5332,-3.6133,3.442,0.8883,selection,0.3366,False,abstain,False
61,selection|ibm-granite/granite-3.3-8b-instruct|b,delta_pp:1,-1.4904,5.4094,-5.375,2.55,0.9355,selection,1.8088,True,abstain,False
61,selection|microsoft/Phi-3.5-mini-instruct|b,delta_pp:1,-0.7614,8.7329,-5.8404,4.0656,0.9602,selection,2.3681,True,abstain,False
61,selection|Qwen/Qwen2.5-7B-Instruct|c,delta_pp:1,-1.4768,2.8783,-4.1678,1.358,0.8987,selection,-0.384,False,abstain,False
61,selection|allenai/OLMo-2-1124-7B-Instruct|c,delta_pp:1,3.1136,7.1832,-1.6559,7.263,0.8762,selection,1.2233,True,abstain,False
61,selection|ibm-granite/granite-3.3-8b-instruct|c,delta_pp:1,-2.139,4.1214,-5.4673,1.1476,0.897,selection,1.1876,True,abstain,False
61,selection|microsoft/Phi-3.5-mini-instruct|c,delta_pp:1,1.8604,12.7996,-3.2567,8.087,0.9464,selection,3.7391,True,abstain,False
62,selection|Qwen/Qwen2.5-7B-Instruct|a,delta_pp:1,0.8344,2.3842,-1.5832,3.3447,0.9027,selection,-0.401,False,abstain,False
62,selection|allenai/OLMo-2-1124-7B-Instruct|a,delta_pp:1,0.4587,11.2012,-4.3669,5.8346,0.8103,selection,-0.8898,False,abstain,False
62,selection|ibm-granite/granite-3.3-8b-instruct|a,delta_pp:1,2.0112,3.3462,-0.6557,5.2184,0.9252,selection,0.9105,False,abstain,False
62,selection|microsoft/Phi-3.5-mini-instruct|a,delta_pp:1,5.7031,5.3213,1.9949,9.1632,0.8869,selection,1.8188,True,unsafe,False
62,selection|Qwen/Qwen2.5-7B-Instruct|b,delta_pp:1,-0.1071,1.6607,-2.0414,2.2179,0.934,selection,-0.5102,False,abstain,False
62,selection|allenai/OLMo-2-1124-7B-Instruct|b,delta_pp:1,-1.737,8.092,-5.9832,2.9737,0.7808,selection,0.3366,False,abstain,True
62,selection|ibm-granite/granite-3.3-8b-instruct|b,delta_pp:1,3.8304,3.0114,1.4706,6.9066,0.8922,selection,1.8088,True,unsafe,False
62,selection|microsoft/Phi-3.5-mini-instruct|b,delta_pp:1,5.237,9.2367,0.3287,10.4821,0.8746,selection,2.3681,True,abstain,False
62,selection|Qwen/Qwen2.5-7B-Instruct|c,delta_pp:1,1.4666,1.7868,-0.4049,3.7923,0.9045,selection,-0.384,False,abstain,False
62,selection|allenai/OLMo-2-1124-7B-Instruct|c,delta_pp:1,-2.6923,7.5921,-7.24,1.9098,0.7443,selection,1.2233,True,abstain,True
62,selection|ibm-granite/granite-3.3-8b-instruct|c,delta_pp:1,2.7089,3.2727,-0.2061,5.8356,0.8662,selection,1.1876,True,abstain,False
62,selection|microsoft/Phi-3.5-mini-instruct|c,delta_pp:1,8.0428,11.8866,2.7239,14.0541,0.864,selection,3.7391,True,unsafe,False
63,selection|Qwen/Qwen2.5-7B-Instruct|a,delta_pp:1,0.3291,2.2052,-2.3708,2.5634,0.9531,selection,-0.401,False,abstain,False
63,selection|allenai/OLMo-2-1124-7B-Instruct|a,delta_pp:1,0.7499,7.8502,-3.408,6.34,0.7535,selection,-0.8898,False,abstain,True
63,selection|ibm-granite/granite-3.3-8b-instruct|a,delta_pp:1,2.4438,2.3494,0.2347,4.6995,0.9479,selection,0.9105,False,abstain,False
63,selection|microsoft/Phi-3.5-mini-instruct|a,delta_pp:1,2.6452,7.1532,-1.7807,6.7097,0.8906,selection,1.8188,True,abstain,False
63,selection|Qwen/Qwen2.5-7B-Instruct|b,delta_pp:1,0.5469,1.5073,-1.444,2.4782,0.9132,selection,-0.5102,False,abstain,False
63,selection|allenai/OLMo-2-1124-7B-Instruct|b,delta_pp:1,1.9777,11.8834,-3.6407,8.3118,0.7899,selection,0.3366,False,abstain,True
63,selection|ibm-granite/granite-3.3-8b-instruct|b,delta_pp:1,5.2304,4.02,2.0022,8.4494,0.901,selection,1.8088,True,unsafe,False
63,selection|microsoft/Phi-3.5-mini-instruct|b,delta_pp:1,3.3324,8.9541,-1.2337,7.9071,0.8854,selection,2.3681,True,abstain,False
63,selection|Qwen/Qwen2.5-7B-Instruct|c,delta_pp:1,-0.1221,0.9164,-1.7417,1.3265,0.9149,selection,-0.384,False,abstain,False
63,selection|allenai/OLMo-2-1124-7B-Instruct|c,delta_pp:1,5.9932,8.8474,0.8743,10.5603,0.7604,selection,1.2233,True,abstain,True
63,selection|ibm-granite/granite-3.3-8b-instruct|c,delta_pp:1,1.6881,3.0094,-0.9469,4.8574,0.8247,selection,1.1876,True,abstain,False
63,selection|microsoft/Phi-3.5-mini-instruct|c,delta_pp:1,4.3104,12.7475,-2.1109,9.8802,0.8264,selection,3.7391,True,abstain,False
64,selection|Qwen/Qwen2.5-7B-Instruct|a,delta_pp:1,-0.58,1.9869,-2.3778,2.1716,0.8392,selection,-0.401,False,abstain,False
64,selection|allenai/OLMo-2-1124-7B-Instruct|a,delta_pp:1,0.4421,10.1028,-4.2774,5.5608,0.7326,selection,-0.8898,False,abstain,True
64,selection|ibm-granite/granite-3.3-8b-instruct|a,delta_pp:1,-1.2194,3.663,-3.7394,2.1522,0.834,selection,0.9105,False,abstain,False
64,selection|microsoft/Phi-3.5-mini-instruct|a,delta_pp:1,-0.5819,6.2998,-4.8767,3.4205,0.8585,selection,1.8188,True,abstain,False
64,selection|Qwen/Qwen2.5-7B-Instruct|b,delta_pp:1,-0.3343,2.8074,-2.334,2.7914,0.7623,selection,-0.5102,False,abstain,True
64,selection|allenai/OLMo-2-1124-7B-Instruct|b,delta_pp:1,1.762,10.2544,-2.908,7.1118,0.7326,selection,0.3366,False,abstain,True
64,selection|ibm-granite/granite-3.3-8b-instruct|b,delta_pp:1,2.7677,6.8224,-1.3881,7.359,0.827,selection,1.8088,True,abstain,False
64,selection|microsoft/Phi-3.5-mini-instruct|b,delta_pp:1,4.7956,7.5625,0.8736,8.973,0.8148,selection,2.3681,True,abstain,False
64,selection|Qwen/Qwen2.5-7B-Instruct|c,delta_pp:1,-1.2468,1.7048,-2.8268,1.4992,0.8409,selection,-0.384,False,abstain,False
64,selection|allenai/OLMo-2-1124-7B-Instruct|c,delta_pp:1,4.4019,9.6554,0.2342,10.0419,0.7326,selection,1.2233,True,abstain,True
64,selection|ibm-granite/granite-3.3-8b-instruct|c,delta_pp:1,1.477,2.6623,-0.8501,4.2497,0.8007,selection,1.1876,True,abstain,False
64,selection|microsoft/Phi-3.5-mini-instruct|c,delta_pp:1,3.3121,11.6759,-1.5442,9.1715,0.8708,selection,3.7391,True,abstain,False
65,selection|Qwen/Qwen2.5-7B-Instruct|a,delta_pp:1,0.9534,2.6518,-2.1561,3.3899,0.8374,selection,-0.401,False,abstain,False
65,selection|allenai/OLMo-2-1124-7B-Instruct|a,delta_pp:1,-1.6441,7.7004,-6.0425,2.8017,0.7746,selection,-0.8898,False,abstain,True
65,selection|ibm-granite/granite-3.3-8b-instruct|a,delta_pp:1,2.4921,4.8932,-1.1825,5.582,0.9022,selection,0.9105,False,abstain,False
65,selection|microsoft/Phi-3.5-mini-instruct|a,delta_pp:1,0.7972,6.2213,-3.8068,4.4733,0.7816,selection,1.8188,True,abstain,True
65,selection|Qwen/Qwen2.5-7B-Instruct|b,delta_pp:1,0.2775,2.4359,-2.4062,2.271,0.8392,selection,-0.5102,False,abstain,False
65,selection|allenai/OLMo-2-1124-7B-Instruct|b,delta_pp:1,-0.716,5.6877,-5.1038,2.3517,0.8183,selection,0.3366,False,abstain,False
65,selection|ibm-granite/granite-3.3-8b-instruct|b,delta_pp:1,3.0922,4.8761,-0.8608,6.696,0.9826,selection,1.8088,True,abstain,False
65,selection|microsoft/Phi-3.5-mini-instruct|b,delta_pp:1,2.292,9.3676,-4.0023,6.0947,0.925,selection,2.3681,True,abstain,False
65,selection|Qwen/Qwen2.5-7B-Instruct|c,delta_pp:1,0.3094,3.2915,-2.9536,2.8352,0.8357,selection,-0.384,False,abstain,False
65,selection|allenai/OLMo-2-1124-7B-Instruct|c,delta_pp:1,-0.4908,6.8727,-4.3766,3.8358,0.7781,selection,1.2233,True,abstain,True
65,selection|ibm-granite/granite-3.3-8b-instruct|c,delta_pp:1,4.5584,5.9132,-0.0616,7.6899,0.7885,selection,1.1876,True,abstain,True
65,selection|microsoft/Phi-3.5-mini-instruct|c,delta_pp:1,1.0361,11.7061,-5.0762,6.0565,0.918,selection,3.7391,True,abstain,False
66,selection|Qwen/Qwen2.5-7B-Instruct|a,delta_pp:1,3.0038,1.063,1.5327,4.7073,0.9448,selection,-0.401,False,unsafe,False
66,selection|allenai/OLMo-2-1124-7B-Instruct|a,delta_pp:1,-0.4832,10.7892,-5.7496,5.5728,0.8552,selection,-0.8898,False,abstain,False
66,selection|ibm-granite/granite-3.3-8b-instruct|a,delta_pp:1,3.4486,2.6058,1.0509,6.1575,0.8862,selection,0.9105,False,unsafe,False
66,selection|microsoft/Phi-3.5-mini-instruct|a,delta_pp:1,2.1648,6.2101,-2.0936,5.7598,0.8793,selection,1.8188,True,abstain,False
66,selection|Qwen/Qwen2.5-7B-Instruct|b,delta_pp:1,3.6729,1.3348,1.8669,5.3281,0.9431,selection,-0.5102,False,unsafe,False
66,selection|allenai/OLMo-2-1124-7B-Instruct|b,delta_pp:1,6.282,7.1293,2.8708,10.9761,0.8241,selection,0.3366,False,unsafe,False
66,selection|ibm-granite/granite-3.3-8b-instruct|b,delta_pp:1,3.1928,2.8152,0.909,6.1863,0.9345,selection,1.8088,True,abstain,False
66,selection|microsoft/Phi-3.5-mini-instruct|b,delta_pp:1,3.1259,8.3099,-1.4501,7.8347,0.8224,selection,2.3681,True,abstain,False
66,selection|Qwen/Qwen2.5-7B-Instruct|c,delta_pp:1,2.3529,1.7047,0.4193,4.4214,0.9431,selection,-0.384,False,abstain,False
66,selection|allenai/OLMo-2-1124-7B-Instruct|c,delta_pp:1,2.5961,8.3672,-1.6995,7.1518,0.9224,selection,1.2233,True,abstain,False
66,selection|ibm-granite/granite-3.3-8b-instruct|c,delta_pp:1,1.4416,2.0559,-0.4761,3.9704,0.8914,selection,1.1876,True,abstain,False
66,selection|microsoft/Phi-3.5-mini-instruct|c,delta_pp:1,2.3945,10.7104,-2.5295,8.3303,0.8103,selection,3.7391,True,abstain,False
67,selection|Qwen/Qwen2.5-7B-Instruct|a,delta_pp:1,-1.0636,1.8932,-3.2324,0.9063,0.8519,selection,-0.401,False,abstain,False
67,selection|allenai/OLMo-2-1124-7B-Instruct|a,delta_pp:1,5.3604,9.023,1.4648,10.5378,0.7847,selection,-0.8898,False,unsafe,True
67,selection|ibm-granite/granite-3.3-8b-instruct|a,delta_pp:1,0.7725,3.2712,-2.2823,3.1599,0.9163,selection,0.9105,False,abstain,False
67,selection|microsoft/Phi-3.5-mini-instruct|a,delta_pp:1,2.7005,6.5382,-1.1668,7.1654,0.8684,selection,1.8188,True,abstain,False
67,selection|Qwen/Qwen2.5-7B-Instruct|b,delta_pp:1,-0.8513,1.7004,-2.8846,0.9343,0.8876,selection,-0.5102,False,abstain,False
67,selection|allenai/OLMo-2-1124-7B-Instruct|b,delta_pp:1,3.2169,9.3159,-1.7295,8.462,0.8274,selection,0.3366,False,abstain,False
67,selection|ibm-granite/granite-3.3-8b-instruct|b,delta_pp:1,0.6061,4.2884,-3.0051,3.5287,0.8771,selection,1.8088,True,abstain,False
67,selection|microsoft/Phi-3.5-mini-instruct|b,delta_pp:1,4.8407,7.1444,0.397,9.3395,0.8561,selection,2.3681,True,abstain,False
67,selection|Qwen/Qwen2.5-7B-Instruct|c,delta_pp:1,-0.8513,1.7004,-2.8846,0.9343,0.8876,selection,-0.384,False,abstain,False
67,selection|allenai/OLMo-2-1124-7B-Instruct|c,delta_pp:1,1.5717,4.2459,-1.3145,4.8913,0.8379,selection,1.2233,True,abstain,False
67,selection|ibm-granite/granite-3.3-8b-instruct|c,delta_pp:1,0.5144,2.6213,-2.6094,3.0995,0.8841,selection,1.1876,True,abstain,False
67,selection|microsoft/Phi-3.5-mini-instruct|c,delta_pp:1,7.7097,11.0191,2.1999,13.1881,0.8387,selection,3.7391,True,unsafe,False
68,selection|Qwen/Qwen2.5-7B-Instruct|a,delta_pp:1,-0.798,2.0759,-3.0373,1.8288,0.8265,selection,-0.401,False,abstain,False
68,selection|allenai/OLMo-2-1124-7B-Instruct|a,delta_pp:1,-0.59,7.44,-4.4329,3.6283,0.6896,selection,-0.8898,False,abstain,True
68,selection|ibm-granite/granite-3.3-8b-instruct|a,delta_pp:1,-2.8782,4.3137,-5.8793,0.6469,0.8717,selection,0.9105,False,abstain,False
68,selection|microsoft/Phi-3.5-mini-instruct|a,delta_pp:1,3.9233,6.4697,0.8741,8.5775,0.811,selection,1.8188,True,abstain,False
68,selection|Qwen/Qwen2.5-7B-Instruct|b,delta_pp:1,-1.4467,2.8717,-4.2905,1.1737,0.8247,selection,-0.5102,False,abstain,False
68,selection|allenai/OLMo-2-1124-7B-Instruct|b,delta_pp:1,-0.635,6.2341,-5.1125,2.7445,0.6964,selection,0.3366,False,abstain,True
68,selection|ibm-granite/granite-3.3-8b-instruct|b,delta_pp:1,0.9,4.2966,-2.6678,4.1165,0.8717,selection,1.8088,True,abstain,False
68,selection|microsoft/Phi-3.5-mini-instruct|b,delta_pp:1,1.1493,5.9126,-2.3628,5.4465,0.8614,selection,2.3681,True,abstain,False
68,selection|Qwen/Qwen2.5-7B-Instruct|c,delta_pp:1,-1.1085,2.0693,-3.2395,1.5044,0.7709,selection,-0.384,False,abstain,True
68,selection|allenai/OLMo-2-1124-7B-Instruct|c,delta_pp:1,4.1501,8.7427,-0.186,9.9098,0.8041,selection,1.2233,True,abstain,False
68,selection|ibm-granite/granite-3.3-8b-instruct|c,delta_pp:1,-1.2425,3.7142,-4.4065,2.2085,0.8213,selection,1.1876,True,abstain,False
68,selection|microsoft/Phi-3.5-mini-instruct|c,delta_pp:1,4.0584,8.9656,-0.2479,9.6529,0.7904,selection,3.7391,True,abstain,True
69,selection|Qwen/Qwen2.5-7B-Instruct|a,delta_pp:1,0.6116,1.3811,-0.875,2.7574,0.8554,selection,-0.401,False,abstain,False
69,selection|allenai/OLMo-2-1124-7B-Instruct|a,delta_pp:1,0.2366,5.8893,-3.614,4.5221,0.8327,selection,-0.8898,False,abstain,False
69,selection|ibm-granite/granite-3.3-8b-instruct|a,delta_pp:1,-1.136,1.3575,-2.8481,0.8801,0.9233,selection,0.9105,False,abstain,False
69,selection|microsoft/Phi-3.5-mini-instruct|a,delta_pp:1,-1.8907,4.7655,-4.362,2.6453,0.8379,selection,1.8188,True,abstain,False
69,selection|Qwen/Qwen2.5-7B-Instruct|b,delta_pp:1,0.9909,1.3418,-0.6152,2.7824,0.8911,selection,-0.5102,False,abstain,False
69,selection|allenai/OLMo-2-1124-7B-Instruct|b,delta_pp:1,0.9377,8.3751,-3.0692,6.5259,0.8274,selection,0.3366,False,abstain,False
69,selection|ibm-granite/granite-3.3-8b-instruct|b,delta_pp:1,-0.7292,2.4961,-3.1807,2.1357,0.9555,selection,1.8088,True,abstain,False
69,selection|microsoft/Phi-3.5-mini-instruct|b,delta_pp:1,-1.0284,7.8875,-5.137,4.4628,0.8257,selection,2.3681,True,abstain,False
69,selection|Qwen/Qwen2.5-7B-Instruct|c,delta_pp:1,0.9909,1.3418,-0.6152,2.7824,0.8911,selection,-0.384,False,abstain,False
69,selection|allenai/OLMo-2-1124-7B-Instruct|c,delta_pp:1,0.9102,6.6978,-3.8106,4.653,0.8309,selection,1.2233,True,abstain,False
69,selection|ibm-granite/granite-3.3-8b-instruct|c,delta_pp:1,1.3977,2.3012,-0.6631,4.2206,0.9233,selection,1.1876,True,abstain,False
69,selection|microsoft/Phi-3.5-mini-instruct|c,delta_pp:1,-0.1598,10.6041,-4.5256,5.5904,0.8831,selection,3.7391,True,abstain,False
70,selection|Qwen/Qwen2.5-7B-Instruct|a,delta_pp:1,-0.6226,1.7731,-3.0291,1.5838,0.6298,selection,-0.401,False,abstain,True
70,selection|allenai/OLMo-2-1124-7B-Instruct|a,delta_pp:1,0.7653,7.5831,-3.5683,4.7056,0.6737,selection,-0.8898,False,abstain,True
70,selection|ibm-granite/granite-3.3-8b-instruct|a,delta_pp:1,2.0359,3.6885,-1.1316,4.9926,0.786,selection,0.9105,False,abstain,True
70,selection|microsoft/Phi-3.5-mini-instruct|a,delta_pp:1,-0.4416,7.7721,-5.0584,4.1956,0.8088,selection,1.8188,True,abstain,False
70,selection|Qwen/Qwen2.5-7B-Instruct|b,delta_pp:1,-2.424,2.5047,-5.0406,0.0375,0.7263,selection,-0.5102,False,abstain,True
70,selection|allenai/OLMo-2-1124-7B-Instruct|b,delta_pp:1,-0.5905,7.7398,-4.9665,3.4759,0.7719,selection,0.3366,False,abstain,True
70,selection|ibm-granite/granite-3.3-8b-instruct|b,delta_pp:1,3.8055,4.0263,0.6996,7.1337,0.8491,selection,1.8088,True,abstain,False
70,selection|microsoft/Phi-3.5-mini-instruct|b,delta_pp:1,-1.6097,9.4661,-6.5643,3.3939,0.7982,selection,2.3681,True,abstain,True
70,selection|Qwen/Qwen2.5-7B-Instruct|c,delta_pp:1,-2.424,2.5528,-4.9778,0.1377,0.7263,selection,-0.384,False,abstain,True
70,selection|allenai/OLMo-2-1124-7B-Instruct|c,delta_pp:1,1.1498,5.8254,-2.8487,4.734,0.6456,selection,1.2233,True,abstain,True
70,selection|ibm-granite/granite-3.3-8b-instruct|c,delta_pp:1,3.4023,3.3229,0.5879,6.4462,0.7211,selection,1.1876,True,abstain,True
70,selection|microsoft/Phi-3.5-mini-instruct|c,delta_pp:1,0.5472,11.2055,-4.0348,6.0194,0.786,selection,3.7391,True,abstain,True
71,selection|Qwen/Qwen2.5-7B-Instruct|a,delta_pp:1,0.2164,0.8787,-1.0799,1.9051,0.8438,selection,-0.401,False,abstain,False
71,selection|allenai/OLMo-2-1124-7B-Instruct|a,delta_pp:1,0.0694,6.2068,-3.6825,4.394,0.8816,selection,-0.8898,False,abstain,False
71,selection|ibm-granite/granite-3.3-8b-instruct|a,delta_pp:1,1.1112,1.7964,-1.0548,3.2878,0.9322,selection,0.9105,False,abstain,False
71,selection|microsoft/Phi-3.5-mini-instruct|a,delta_pp:1,4.3636,5.8818,0.0744,8.2081,0.8226,selection,1.8188,True,abstain,False
71,selection|Qwen/Qwen2.5-7B-Instruct|b,delta_pp:1,-0.0598,0.799,-1.4385,1.4742,0.9062,selection,-0.5102,False,abstain,False
71,selection|allenai/OLMo-2-1124-7B-Instruct|b,delta_pp:1,0.8874,4.921,-2.8276,4.1365,0.8539,selection,0.3366,False,abstain,False
71,selection|ibm-granite/granite-3.3-8b-instruct|b,delta_pp:1,3.2461,3.5149,-0.1439,6.48,0.8904,selection,1.8088,True,abstain,False
71,selection|microsoft/Phi-3.5-mini-instruct|b,delta_pp:1,8.3601,7.3232,4.4393,12.8513,0.8156,selection,2.3681,True,unsafe,False
71,selection|Qwen/Qwen2.5-7B-Instruct|c,delta_pp:1,-0.0598,0.799,-1.4385,1.4742,0.9062,selection,-0.384,False,abstain,False
71,selection|allenai/OLMo-2-1124-7B-Instruct|c,delta_pp:1,0.3087,4.2418,-3.402,3.2662,0.8261,selection,1.2233,True,abstain,False
71,selection|ibm-granite/granite-3.3-8b-instruct|c,delta_pp:1,1.4059,2.8669,-1.4606,4.2627,0.8662,selection,1.1876,True,abstain,False
71,selection|microsoft/Phi-3.5-mini-instruct|c,delta_pp:1,9.4008,9.4803,4.3395,14.8331,0.864,selection,3.7391,True,unsafe,False
72,selection|Qwen/Qwen2.5-7B-Instruct|a,delta_pp:1,-2.0066,2.3986,-4.6177,0.4879,0.7948,selection,-0.401,False,abstain,True
72,selection|allenai/OLMo-2-1124-7B-Instruct|a,delta_pp:1,3.7587,8.0771,-0.2842,8.5051,0.8276,selection,-0.8898,False,abstain,False
72,selection|ibm-granite/granite-3.3-8b-instruct|a,delta_pp:1,1.5989,4.078,-2.1276,4.4428,0.8362,selection,0.9105,False,abstain,False
72,selection|microsoft/Phi-3.5-mini-instruct|a,delta_pp:1,-1.9524,4.9288,-5.2035,1.4351,0.7845,selection,1.8188,True,abstain,True
72,selection|Qwen/Qwen2.5-7B-Instruct|b,delta_pp:1,-2.6757,1.7372,-5.1356,-0.831,0.7966,selection,-0.5102,False,abstain,True
72,selection|allenai/OLMo-2-1124-7B-Instruct|b,delta_pp:1,0.7237,5.8099,-3.0424,4.582,0.7776,selection,0.3366,False,abstain,True
72,selection|ibm-granite/granite-3.3-8b-instruct|b,delta_pp:1,-1.9705,4.2053,-5.339,1.0154,0.7879,selection,1.8088,True,abstain,True
72,selection|microsoft/Phi-3.5-mini-instruct|b,delta_pp:1,0.4678,7.1093,-3.714,5.4794,0.8259,selection,2.3681,True,abstain,False
72,selection|Qwen/Qwen2.5-7B-Instruct|c,delta_pp:1,0.0854,1.4948,-2.1549,1.7813,0.7483,selection,-0.384,False,abstain,True
72,selection|allenai/OLMo-2-1124-7B-Instruct|c,delta_pp:1,2.6946,6.4121,-0.875,6.981,0.7793,selection,1.2233,True,abstain,True
72,selection|ibm-granite/granite-3.3-8b-instruct|c,delta_pp:1,-1.8674,2.0986,-4.6249,0.0979,0.7431,selection,1.1876,True,abstain,True
72,selection|microsoft/Phi-3.5-mini-instruct|c,delta_pp:1,5.6003,14.1137,-0.7599,11.6341,0.8534,selection,3.7391,True,abstain,False
73,selection|Qwen/Qwen2.5-7B-Instruct|a,delta_pp:1,-1.6,1.0695,-3.4172,-0.3284,0.9608,selection,-0.401,False,abstain,False
73,selection|allenai/OLMo-2-1124-7B-Instruct|a,delta_pp:1,-2.648,7.824,-7.0984,1.9959,0.7917,selection,-0.8898,False,abstain,True
73,selection|ibm-granite/granite-3.3-8b-instruct|a,delta_pp:1,1.7456,3.1794,-1.0028,4.5842,0.952,selection,0.9105,False,abstain,False
73,selection|microsoft/Phi-3.5-mini-instruct|a,delta_pp:1,8.8798,5.8982,4.5663,12.0478,0.9738,selection,1.8188,True,unsafe,False
73,selection|Qwen/Qwen2.5-7B-Instruct|b,delta_pp:1,-1.3922,1.6074,-3.596,0.7562,0.9233,selection,-0.5102,False,abstain,False
73,selection|allenai/OLMo-2-1124-7B-Instruct|b,delta_pp:1,-0.161,9.6295,-4.8797,5.2254,0.8187,selection,0.3366,False,abstain,False
73,selection|ibm-granite/granite-3.3-8b-instruct|b,delta_pp:1,3.979,5.1382,0.5795,7.4082,0.9058,selection,1.8088,True,abstain,False
73,selection|microsoft/Phi-3.5-mini-instruct|b,delta_pp:1,9.6039,8.6468,4.689,14.3286,0.9615,selection,2.3681,True,unsafe,False
73,selection|Qwen/Qwen2.5-7B-Instruct|c,delta_pp:1,-1.6,1.0695,-3.4172,-0.3284,0.9608,selection,-0.384,False,abstain,False
73,selection|allenai/OLMo-2-1124-7B-Instruct|c,delta_pp:1,-0.8667,7.121,-4.9288,3.3918,0.8274,selection,1.2233,True,abstain,False
73,selection|ibm-granite/granite-3.3-8b-instruct|c,delta_pp:1,-0.054,3.0953,-2.5801,2.9257,0.9198,selection,1.1876,True,abstain,False
73,selection|microsoft/Phi-3.5-mini-instruct|c,delta_pp:1,10.9972,12.7056,4.9095,16.2022,0.9476,selection,3.7391,True,unsafe,False
74,selection|Qwen/Qwen2.5-7B-Instruct|a,delta_pp:1,-0.639,1.1349,-2.3848,1.0316,0.9233,selection,-0.401,False,abstain,False
74,selection|allenai/OLMo-2-1124-7B-Instruct|a,delta_pp:1,-2.1546,6.3495,-5.3665,1.9865,0.9398,selection,-0.8898,False,abstain,False
74,selection|ibm-granite/granite-3.3-8b-instruct|a,delta_pp:1,-0.9722,2.4306,-3.3554,1.7908,0.9503,selection,0.9105,False,abstain,False
74,selection|microsoft/Phi-3.5-mini-instruct|a,delta_pp:1,0.4394,4.0828,-3.1904,3.6899,0.9433,selection,1.8188,True,abstain,False
74,selection|Qwen/Qwen2.5-7B-Instruct|b,delta_pp:1,-0.4268,1.0384,-2.0918,1.1013,0.959,selection,-0.5102,False,abstain,False
74,selection|allenai/OLMo-2-1124-7B-Instruct|b,delta_pp:1,-1.942,4.9194,-5.4182,2.0363,0.8701,selection,0.3366,False,abstain,False
74,selection|ibm-granite/granite-3.3-8b-instruct|b,delta_pp:1,-0.7599,2.8628,-3.3158,1.904,0.986,selection,1.8088,True,abstain,False
74,selection|microsoft/Phi-3.5-mini-instruct|b,delta_pp:1,3.2167,5.7169,-0.3564,6.5654,0.9328,selection,2.3681,True,abstain,False
74,selection|Qwen/Qwen2.5-7B-Instruct|c,delta_pp:1,-1.0391,1.496,-2.9761,1.1571,0.8876,selection,-0.384,False,abstain,False
74,selection|allenai/OLMo-2-1124-7B-Instruct|c,delta_pp:1,3.6414,8.2652,-1.0236,7.8675,0.8989,selection,1.2233,True,abstain,False
74,selection|ibm-granite/granite-3.3-8b-instruct|c,delta_pp:1,1.8587,2.1769,-0.2408,4.4033,0.9198,selection,1.1876,True,abstain,False
74,selection|microsoft/Phi-3.5-mini-instruct|c,delta_pp:1,0.6685,7.1793,-3.5551,4.2382,0.9258,selection,3.7391,True,abstain,False
75,selection|Qwen/Qwen2.5-7B-Instruct|a,delta_pp:1,-0.4496,1.2786,-2.3715,1.3736,0.9252,selection,-0.401,False,abstain,False
75,selection|allenai/OLMo-2-1124-7B-Instruct|a,delta_pp:1,-4.3918,4.1681,-7.2938,-1.0354,0.9115,selection,-0.8898,False,unsafe,False
75,selection|ibm-granite/granite-3.3-8b-instruct|a,delta_pp:1,0.226,3.6018,-2.8423,3.2186,0.9132,selection,0.9105,False,abstain,False
75,selection|microsoft/Phi-3.5-mini-instruct|a,delta_pp:1,0.235,6.1789,-3.4217,4.511,0.9064,selection,1.8188,True,abstain,False
75,selection|Qwen/Qwen2.5-7B-Instruct|b,delta_pp:1,-0.4496,1.2786,-2.3715,1.3736,0.9252,selection,-0.5102,False,abstain,False
75,selection|allenai/OLMo-2-1124-7B-Instruct|b,delta_pp:1,-2.3961,8.7323,-7.6464,2.0395,0.8996,selection,0.3366,False,abstain,False
75,selection|ibm-granite/granite-3.3-8b-instruct|b,delta_pp:1,6.1728,4.4937,3.1353,9.3646,0.9081,selection,1.8088,True,unsafe,False
75,selection|microsoft/Phi-3.5-mini-instruct|b,delta_pp:1,0.7789,11.4181,-4.3768,6.2149,0.9608,selection,2.3681,True,abstain,False
75,selection|Qwen/Qwen2.5-7B-Instruct|c,delta_pp:1,-1.1119,0.7217,-2.5218,0.0859,0.9269,selection,-0.384,False,abstain,False
75,selection|allenai/OLMo-2-1124-7B-Instruct|c,delta_pp:1,0.3712,5.4097,-3.9464,3.4859,0.8367,selection,1.2233,True,abstain,False
75,selection|ibm-granite/granite-3.3-8b-instruct|c,delta_pp:1,1.6734,1.9211,-0.369,4.0697,0.8503,selection,1.1876,True,abstain,False
75,selection|microsoft/Phi-3.5-mini-instruct|c,delta_pp:1,0.139,14.5306,-5.8146,6.0806,0.9454,selection,3.7391,True,abstain,False
76,selection|Qwen/Qwen2.5-7B-Instruct|a,delta_pp:1,-0.2919,1.7762,-2.4318,1.7717,0.9476,selection,-0.401,False,abstain,False
76,selection|allenai/OLMo-2-1124-7B-Instruct|a,delta_pp:1,2.5351,8.6095,-1.9141,6.8545,0.8762,selection,-0.8898,False,abstain,False
76,selection|ibm-granite/granite-3.3-8b-instruct|a,delta_pp:1,-0.0772,3.5707,-3.0442,3.0026,0.897,selection,0.9105,False,abstain,False
76,selection|microsoft/Phi-3.5-mini-instruct|a,delta_pp:1,1.1233,8.1462,-2.8854,6.4143,0.9234,selection,1.8188,True,abstain,False
76,selection|Qwen/Qwen2.5-7B-Instruct|b,delta_pp:1,1.6812,1.6564,-0.191,3.6656,0.9494,selection,-0.5102,False,abstain,False
76,selection|allenai/OLMo-2-1124-7B-Instruct|b,delta_pp:1,5.7635,9.5998,1.1569,10.4278,0.9182,selection,0.3366,False,unsafe,False
76,selection|ibm-granite/granite-3.3-8b-instruct|b,delta_pp:1,0.4021,3.6006,-2.2812,3.6694,0.939,selection,1.8088,True,abstain,False
76,selection|microsoft/Phi-3.5-mini-instruct|b,delta_pp:1,-0.8362,8.0942,-5.0222,4.0407,0.9182,selection,2.3681,True,abstain,False
76,selection|Qwen/Qwen2.5-7B-Instruct|c,delta_pp:1,1.028,1.8938,-1.3678,2.9773,0.9476,selection,-0.384,False,abstain,False
76,selection|allenai/OLMo-2-1124-7B-Instruct|c,delta_pp:1,3.855,8.7413,-0.6668,8.5458,0.8762,selection,1.2233,True,abstain,False
76,selection|ibm-granite/granite-3.3-8b-instruct|c,delta_pp:1,-0.2919,1.9079,-2.2756,1.8879,0.9476,selection,1.1876,True,abstain,False
76,selection|microsoft/Phi-3.5-mini-instruct|c,delta_pp:1,3.8176,8.2863,-0.2287,8.2676,0.9096,selection,3.7391,True,abstain,False
77,selection|Qwen/Qwen2.5-7B-Instruct|a,delta_pp:1,-0.4222,1.2026,-2.332,1.3363,0.9233,selection,-0.401,False,abstain,False
77,selection|allenai/OLMo-2-1124-7B-Instruct|a,delta_pp:1,-3.3822,7.1147,-7.1166,0.8305,0.8579,selection,-0.8898,False,abstain,False
77,selection|ibm-granite/granite-3.3-8b-instruct|a,delta_pp:1,-2.1919,2.0537,-4.2324,-0.0775,0.9538,selection,0.9105,False,abstain,False
77,selection|microsoft/Phi-3.5-mini-instruct|a,delta_pp:1,-0.9074,7.7629,-5.3508,3.6985,0.8684,selection,1.8188,True,abstain,False
77,selection|Qwen/Qwen2.5-7B-Instruct|b,delta_pp:1,-0.4222,1.2026,-2.332,1.3363,0.9233,selection,-0.5102,False,abstain,False
77,selection|allenai/OLMo-2-1124-7B-Instruct|b,delta_pp:1,-4.8848,6.8692,-9.6557,-1.3776,0.8257,selection,0.3366,False,unsafe,False
77,selection|ibm-granite/granite-3.3-8b-instruct|b,delta_pp:1,-0.2023,3.706,-3.4314,3.0961,0.9093,selection,1.8088,True,abstain,False
77,selection|microsoft/Phi-3.5-mini-instruct|b,delta_pp:1,0.5952,7.9246,-4.1261,5.4604,0.9006,selection,2.3681,True,abstain,False
77,selection|Qwen/Qwen2.5-7B-Instruct|c,delta_pp:1,-1.0547,1.742,-3.5268,0.9215,0.9216,selection,-0.384,False,abstain,False
77,selection|allenai/OLMo-2-1124-7B-Instruct|c,delta_pp:1,1.5319,7.7173,-3.0546,5.1393,0.7935,selection,1.2233,True,abstain,True
77,selection|ibm-granite/granite-3.3-8b-instruct|c,delta_pp:1,-0.063,1.9431,-2.082,2.6732,0.8109,selection,1.1876,True,abstain,False
77,selection|microsoft/Phi-3.5-mini-instruct|c,delta_pp:1,0.9252,11.9831,-5.1882,6.7465,0.8796,selection,3.7391,True,abstain,False
78,selection|Qwen/Qwen2.5-7B-Instruct|a,delta_pp:1,-1.6746,2.2184,-4.0947,0.3116,0.7623,selection,-0.401,False,abstain,True
78,selection|allenai/OLMo-2-1124-7B-Instruct|a,delta_pp:1,0.6611,9.8396,-4.6334,5.8299,0.7974,selection,-0.8898,False,abstain,True
78,selection|ibm-granite/granite-3.3-8b-instruct|a,delta_pp:1,0.8123,3.6496,-1.9,3.8269,0.9424,selection,0.9105,False,abstain,False
78,selection|microsoft/Phi-3.5-mini-instruct|a,delta_pp:1,-2.4546,6.2426,-6.9994,0.8389,0.7763,selection,1.8188,True,abstain,True
78,selection|Qwen/Qwen2.5-7B-Instruct|b,delta_pp:1,-2.3186,2.4032,-5.0563,-0.2379,0.7605,selection,-0.5102,False,abstain,True
78,selection|allenai/OLMo-2-1124-7B-Instruct|b,delta_pp:1,-0.2401,9.9603,-5.2024,4.2925,0.8393,selection,0.3366,False,abstain,False
78,selection|ibm-granite/granite-3.3-8b-instruct|b,delta_pp:1,0.4962,3.2847,-2.8676,3.157,0.9039,selection,1.8088,True,abstain,False
78,selection|microsoft/Phi-3.5-mini-instruct|b,delta_pp:1,-1.7586,7.9925,-5.9859,2.8222,0.8463,selection,2.3681,True,abstain,False
78,selection|Qwen/Qwen2.5-7B-Instruct|c,delta_pp:1,-3.3106,1.915,-5.4829,-0.9866,0.7238,selection,-0.384,False,abstain,True
78,selection|allenai/OLMo-2-1124-7B-Instruct|c,delta_pp:1,3.7836,8.3727,-0.644,8.7774,0.8324,selection,1.2233,True,abstain,False
78,selection|ibm-granite/granite-3.3-8b-instruct|c,delta_pp:1,0.4642,4.4966,-2.7787,3.8734,0.9074,selection,1.1876,True,abstain,False
78,selection|microsoft/Phi-3.5-mini-instruct|c,delta_pp:1,4.0929,13.8936,-2.3913,9.4166,0.8569,selection,3.7391,True,abstain,False
79,selection|Qwen/Qwen2.5-7B-Instruct|a,delta_pp:1,0.4899,3.1644,-1.6508,3.328,0.8774,selection,-0.401,False,abstain,False
79,selection|allenai/OLMo-2-1124-7B-Instruct|a,delta_pp:1,0.487,8.5337,-4.4479,5.1515,0.8157,selection,-0.8898,False,abstain,False
79,selection|ibm-granite/granite-3.3-8b-instruct|a,delta_pp:1,0.3342,2.7402,-2.0252,3.4227,0.9456,selection,0.9105,False,abstain,False
79,selection|microsoft/Phi-3.5-mini-instruct|a,delta_pp:1,2.3615,6.53,-1.436,6.3898,0.8857,selection,1.8188,True,abstain,False
79,selection|Qwen/Qwen2.5-7B-Instruct|b,delta_pp:1,1.1262,2.8501,-1.2124,3.7663,0.8792,selection,-0.5102,False,abstain,False
79,selection|allenai/OLMo-2-1124-7B-Instruct|b,delta_pp:1,3.0219,10.4469,-1.0215,8.9809,0.8295,selection,0.3366,False,abstain,False
79,selection|ibm-granite/granite-3.3-8b-instruct|b,delta_pp:1,1.3378,4.2156,-1.3324,4.6524,0.9192,selection,1.8088,True,abstain,False
79,selection|microsoft/Phi-3.5-mini-instruct|b,delta_pp:1,2.5972,13.4447,-3.0638,8.485,0.8677,selection,2.3681,True,abstain,False
79,selection|Qwen/Qwen2.5-7B-Instruct|c,delta_pp:1,0.1226,1.9716,-2.2646,2.6041,0.9055,selection,-0.384,False,abstain,False
79,selection|allenai/OLMo-2-1124-7B-Instruct|c,delta_pp:1,3.2949,8.7329,-1.6316,7.9445,0.8085,selection,1.2233,True,abstain,False
79,selection|ibm-granite/granite-3.3-8b-instruct|c,delta_pp:1,1.1262,2.8964,-1.8036,3.5438,0.8792,selection,1.1876,True,abstain,False
79,selection|microsoft/Phi-3.5-mini-instruct|c,delta_pp:1,9.9835,17.1926,4.906,16.627,0.8581,selection,3.7391,True,unsafe,False
80,selection|Qwen/Qwen2.5-7B-Instruct|a,delta_pp:1,0.5321,1.8206,-1.6768,2.4287,0.7449,selection,-0.401,False,abstain,True
80,selection|allenai/OLMo-2-1124-7B-Instruct|a,delta_pp:1,0.596,5.0983,-2.8799,4.0936,0.7885,selection,-0.8898,False,abstain,True
80,selection|ibm-granite/granite-3.3-8b-instruct|a,delta_pp:1,0.596,3.0606,-2.2645,3.255,0.8022,selection,0.9105,False,abstain,False
80,selection|microsoft/Phi-3.5-mini-instruct|a,delta_pp:1,2.576,8.3298,-2.768,7.2029,0.9152,selection,1.8188,True,abstain,False
80,selection|Qwen/Qwen2.5-7B-Instruct|b,delta_pp:1,1.1921,2.2035,-1.5172,3.1203,0.7432,selection,-0.5102,False,abstain,True
80,selection|allenai/OLMo-2-1124-7B-Instruct|b,delta_pp:1,-0.064,5.8045,-4.2874,3.4891,0.7868,selection,0.3366,False,abstain,True
80,selection|ibm-granite/granite-3.3-8b-instruct|b,delta_pp:1,0.596,3.9863,-2.9756,3.6958,0.7988,selection,1.8088,True,abstain,True
80,selection|microsoft/Phi-3.5-mini-instruct|b,delta_pp:1,6.536,12.5765,1.2414,11.6835,0.8981,selection,2.3681,True,unsafe,False
80,selection|Qwen/Qwen2.5-7B-Instruct|c,delta_pp:1,1.1921,2.6456,-1.2666,3.7231,0.7432,selection,-0.384,False,abstain,True
80,selection|allenai/OLMo-2-1124-7B-Instruct|c,delta_pp:1,1.256,6.6746,-2.4397,5.5824,0.7834,selection,1.2233,True,abstain,True
80,selection|ibm-granite/granite-3.3-8b-instruct|c,delta_pp:1,1.1921,2.9279,-2.0102,4.015,0.7432,selection,1.1876,True,abstain,True
80,selection|microsoft/Phi-3.5-mini-instruct|c,delta_pp:1,1.32,9.8787,-3.6365,6.2857,0.9555,selection,3.7391,True,abstain,False
81,selection|Qwen/Qwen2.5-7B-Instruct|a,delta_pp:1,1.1796,2.1483,-1.0277,3.5522,0.9263,selection,-0.401,False,abstain,False
81,selection|allenai/OLMo-2-1124-7B-Instruct|a,delta_pp:1,-0.6449,9.8274,-5.6379,4.7464,0.7982,selection,-0.8898,False,abstain,True
81,selection|ibm-granite/granite-3.3-8b-instruct|a,delta_pp:1,2.4878,5.6359,-0.7998,6.8535,0.9158,selection,0.9105,False,abstain,False
81,selection|microsoft/Phi-3.5-mini-instruct|a,delta_pp:1,4.6125,9.4932,-0.4918,9.0406,0.9035,selection,1.8188,True,abstain,False
81,selection|Qwen/Qwen2.5-7B-Instruct|b,delta_pp:1,0.5403,2.6431,-1.9274,3.5988,0.9246,selection,-0.5102,False,abstain,False
81,selection|allenai/OLMo-2-1124-7B-Instruct|b,delta_pp:1,-0.1713,7.528,-4.8333,4.0784,0.814,selection,0.3366,False,abstain,False
81,selection|ibm-granite/granite-3.3-8b-instruct|b,delta_pp:1,2.9726,7.5467,-2.0972,6.9858,0.8737,selection,1.8088,True,abstain,False
81,selection|microsoft/Phi-3.5-mini-instruct|b,delta_pp:1,6.5537,13.3811,1.0114,12.7113,0.9193,selection,2.3681,True,unsafe,False
81,selection|Qwen/Qwen2.5-7B-Instruct|c,delta_pp:1,1.8602,2.5632,-0.9108,4.4904,0.9246,selection,-0.384,False,abstain,False
81,selection|allenai/OLMo-2-1124-7B-Instruct|c,delta_pp:1,0.899,7.0623,-3.6553,4.646,0.7088,selection,1.2233,True,abstain,True
81,selection|ibm-granite/granite-3.3-8b-instruct|c,delta_pp:1,2.6112,6.3336,-1.5485,6.6848,0.8474,selection,1.1876,True,abstain,False
81,selection|microsoft/Phi-3.5-mini-instruct|c,delta_pp:1,4.956,15.121,-1.269,11.4768,0.9439,selection,3.7391,True,abstain,False
82,selection|Qwen/Qwen2.5-7B-Instruct|a,delta_pp:1,1.6364,1.3514,-0.5075,3.1066,0.9268,selection,-0.401,False,abstain,False
82,selection|allenai/OLMo-2-1124-7B-Instruct|a,delta_pp:1,2.6347,5.5523,-1.5922,5.7211,0.8154,selection,-0.8898,False,abstain,False
82,selection|ibm-granite/granite-3.3-8b-instruct|a,delta_pp:1,1.5884,1.7265,-0.4977,3.5341,0.9488,selection,0.9105,False,abstain,False
82,selection|microsoft/Phi-3.5-mini-instruct|a,delta_pp:1,0.5929,5.6834,-2.9758,5.2491,0.8648,selection,1.8188,True,abstain,False
82,selection|Qwen/Qwen2.5-7B-Instruct|b,delta_pp:1,2.3033,1.6596,0.1362,4.2773,0.925,selection,-0.5102,False,abstain,False
82,selection|allenai/OLMo-2-1124-7B-Instruct|b,delta_pp:1,5.6803,5.8004,0.8255,9.1759,0.9053,selection,0.3366,False,abstain,False
82,selection|ibm-granite/granite-3.3-8b-instruct|b,delta_pp:1,4.3182,4.5922,1.4776,7.6381,0.916,selection,1.8088,True,unsafe,False
82,selection|microsoft/Phi-3.5-mini-instruct|b,delta_pp:1,4.4775,7.1206,0.6535,8.862,0.8797,selection,2.3681,True,abstain,False
82,selection|Qwen/Qwen2.5-7B-Instruct|c,delta_pp:1,1.9804,3.05,-0.3918,4.7984,0.828,selection,-0.384,False,abstain,False
82,selection|allenai/OLMo-2-1124-7B-Instruct|c,delta_pp:1,3.9347,6.9846,-0.6518,8.367,0.8303,selection,1.2233,True,abstain,False
82,selection|ibm-granite/granite-3.3-8b-instruct|c,delta_pp:1,0.9835,1.7614,-1.4714,2.6831,0.925,selection,1.1876,True,abstain,False
82,selection|microsoft/Phi-3.5-mini-instruct|c,delta_pp:1,7.1594,9.5922,2.312,12.8377,0.8689,selection,3.7391,True,unsafe,False
83,selection|Qwen/Qwen2.5-7B-Instruct|a,delta_pp:1,1.0764,2.8801,-1.8415,4.0947,0.7725,selection,-0.401,False,abstain,True
83,selection|allenai/OLMo-2-1124-7B-Instruct|a,delta_pp:1,-7.3278,9.5467,-13.0663,-2.5569,0.659,selection,-0.8898,False,unsafe,True
83,selection|ibm-granite/granite-3.3-8b-instruct|a,delta_pp:1,-1.7781,4.8173,-5.8305,1.3242,0.8174,selection,0.9105,False,abstain,False
83,selection|microsoft/Phi-3.5-mini-instruct|a,delta_pp:1,2.3725,7.3872,-1.7563,7.1758,0.7843,selection,1.8188,True,abstain,True
83,selection|Qwen/Qwen2.5-7B-Instruct|b,delta_pp:1,0.1041,2.2047,-2.71,2.1958,0.8298,selection,-0.5102,False,abstain,False
83,selection|allenai/OLMo-2-1124-7B-Instruct|b,delta_pp:1,-0.0204,8.4399,-4.2717,4.957,0.7441,selection,0.3366,False,abstain,True
83,selection|ibm-granite/granite-3.3-8b-instruct|b,delta_pp:1,1.3252,6.1146,-3.1367,5.0171,0.8416,selection,1.8088,True,abstain,False
83,selection|microsoft/Phi-3.5-mini-instruct|b,delta_pp:1,0.2521,10.4619,-4.3692,6.3767,0.8014,selection,2.3681,True,abstain,False
83,selection|Qwen/Qwen2.5-7B-Instruct|c,delta_pp:1,0.2393,2.0189,-1.7015,2.5187,0.8038,selection,-0.384,False,abstain,False
83,selection|allenai/OLMo-2-1124-7B-Instruct|c,delta_pp:1,-1.8038,6.9962,-6.3304,1.9312,0.7199,selection,1.2233,True,abstain,True
83,selection|ibm-granite/granite-3.3-8b-instruct|c,delta_pp:1,1.54,3.3171,-1.3626,4.7438,0.7967,selection,1.1876,True,abstain,True
83,selection|microsoft/Phi-3.5-mini-instruct|c,delta_pp:1,2.8209,14.2435,-3.3833,9.256,0.8097,selection,3.7391,True,abstain,False
84,selection|Qwen/Qwen2.5-7B-Instruct|a,delta_pp:1,1.2191,2.0111,-1.2549,3.7651,0.8281,selection,-0.401,False,abstain,False
84,selection|allenai/OLMo-2-1124-7B-Instruct|a,delta_pp:1,-3.9827,7.3398,-7.7076,0.5785,0.8403,selection,-0.8898,False,abstain,False
84,selection|ibm-granite/granite-3.3-8b-instruct|a,delta_pp:1,2.678,5.0995,-0.8048,6.3476,0.8993,selection,0.9105,False,abstain,False
84,selection|microsoft/Phi-3.5-mini-instruct|a,delta_pp:1,0.3541,5.3076,-3.4561,3.9927,0.934,selection,1.8188,True,abstain,False
84,selection|Qwen/Qwen2.5-7B-Instruct|b,delta_pp:1,1.8972,2.7305,-0.5684,4.9068,0.8264,selection,-0.5102,False,abstain,False
84,selection|allenai/OLMo-2-1124-7B-Instruct|b,delta_pp:1,-2.3832,8.6716,-7.6569,1.5026,0.8785,selection,0.3366,False,abstain,False
84,selection|ibm-granite/granite-3.3-8b-instruct|b,delta_pp:1,2.678,4.7414,-0.7634,6.2916,0.8993,selection,1.8088,True,abstain,False
84,selection|microsoft/Phi-3.5-mini-instruct|b,delta_pp:1,4.3867,6.8803,-0.1388,8.5312,0.9271,selection,2.3681,True,abstain,False
84,selection|Qwen/Qwen2.5-7B-Instruct|c,delta_pp:1,3.4603,2.3955,1.2042,6.166,0.8681,selection,-0.384,False,unsafe,False
84,selection|allenai/OLMo-2-1124-7B-Instruct|c,delta_pp:1,2.1455,5.9717,-1.0473,6.5052,0.8872,selection,1.2233,True,abstain,False
84,selection|ibm-granite/granite-3.3-8b-instruct|c,delta_pp:1,3.3198,3.5681,0.2528,6.3811,0.901,selection,1.1876,True,abstain,False
84,selection|microsoft/Phi-3.5-mini-instruct|c,delta_pp:1,5.9251,12.0045,-1.1168,10.8821,0.9062,selection,3.7391,True,abstain,False
85,selection|Qwen/Qwen2.5-7B-Instruct|a,delta_pp:1,-3.3385,3.1137,-6.1416,-0.2671,0.8349,selection,-0.401,False,abstain,False
85,selection|allenai/OLMo-2-1124-7B-Instruct|a,delta_pp:1,-6.5782,9.2431,-10.6462,-1.8795,0.8121,selection,-0.8898,False,unsafe,False
85,selection|ibm-granite/granite-3.3-8b-instruct|a,delta_pp:1,-1.1087,3.0476,-3.7147,2.1566,0.9564,selection,0.9105,False,abstain,False
85,selection|microsoft/Phi-3.5-mini-instruct|a,delta_pp:1,-0.9607,5.2197,-5.0043,2.2952,0.8904,selection,1.8188,True,abstain,False
85,selection|Qwen/Qwen2.5-7B-Instruct|b,delta_pp:1,-1.0178,2.024,-3.1334,1.4336,0.9305,selection,-0.5102,False,abstain,False
85,selection|allenai/OLMo-2-1124-7B-Instruct|b,delta_pp:1,-0.1884,8.6955,-5.2263,5.2621,0.8746,selection,0.3366,False,abstain,False
85,selection|ibm-granite/granite-3.3-8b-instruct|b,delta_pp:1,0.8664,2.5163,-1.6035,3.4815,0.9582,selection,1.8088,True,abstain,False
85,selection|microsoft/Phi-3.5-mini-instruct|b,delta_pp:1,-3.5019,6.2669,-7.7848,0.3399,0.8798,selection,2.3681,True,abstain,False
85,selection|Qwen/Qwen2.5-7B-Instruct|c,delta_pp:1,-2.8928,2.5616,-5.3331,-0.0106,0.8992,selection,-0.384,False,abstain,False
85,selection|allenai/OLMo-2-1124-7B-Instruct|c,delta_pp:1,-1.954,11.3856,-7.4583,4.6436,0.8103,selection,1.2233,True,abstain,False
85,selection|ibm-granite/granite-3.3-8b-instruct|c,delta_pp:1,-0.4534,2.9518,-3.5011,2.1948,0.9582,selection,1.1876,True,abstain,False
85,selection|microsoft/Phi-3.5-mini-instruct|c,delta_pp:1,-0.8777,10.8718,-7.3797,4.1942,0.8587,selection,3.7391,True,abstain,False
86,selection|Qwen/Qwen2.5-7B-Instruct|a,delta_pp:1,1.5458,2.0552,-0.6777,3.3871,0.9232,selection,-0.401,False,abstain,False
86,selection|allenai/OLMo-2-1124-7B-Instruct|a,delta_pp:1,-0.5554,7.5227,-4.4329,3.7926,0.7791,selection,-0.8898,False,abstain,True
86,selection|ibm-granite/granite-3.3-8b-instruct|a,delta_pp:1,2.7243,3.8099,-0.5734,5.8903,0.8922,selection,0.9105,False,abstain,False
86,selection|microsoft/Phi-3.5-mini-instruct|a,delta_pp:1,-3.916,5.1491,-8.4845,-0.613,0.9345,selection,1.8188,True,abstain,False
86,selection|Qwen/Qwen2.5-7B-Instruct|b,delta_pp:1,1.0191,2.1709,-1.5155,2.915,0.8756,selection,-0.5102,False,abstain,False
86,selection|allenai/OLMo-2-1124-7B-Instruct|b,delta_pp:1,1.5905,5.429,-1.7128,5.5593,0.7624,selection,0.3366,False,abstain,True
86,selection|ibm-granite/granite-3.3-8b-instruct|b,delta_pp:1,1.8372,4.288,-1.9231,4.8023,0.9124,selection,1.8088,True,abstain,False
86,selection|microsoft/Phi-3.5-mini-instruct|b,delta_pp:1,-4.4177,7.4001,-8.6578,-0.4772,0.9713,selection,2.3681,True,abstain,False
86,selection|Qwen/Qwen2.5-7B-Instruct|c,delta_pp:1,1.0191,2.2858,-1.619,3.0888,0.8756,selection,-0.384,False,abstain,False
86,selection|allenai/OLMo-2-1124-7B-Instruct|c,delta_pp:1,2.3476,6.4066,-1.3534,6.9951,0.8029,selection,1.2233,True,abstain,False
86,selection|ibm-granite/granite-3.3-8b-instruct|c,delta_pp:1,2.888,4.5252,-0.8569,6.2417,0.8428,selection,1.1876,True,abstain,False
86,selection|microsoft/Phi-3.5-mini-instruct|c,delta_pp:1,-1.3759,10.6623,-6.5289,3.4347,0.8618,selection,3.7391,True,abstain,False
87,selection|Qwen/Qwen2.5-7B-Instruct|a,delta_pp:1,-0.5547,2.0096,-2.8221,1.792,0.893,selection,-0.401,False,abstain,False
87,selection|allenai/OLMo-2-1124-7B-Instruct|a,delta_pp:1,-2.5035,5.86,-7.0462,0.4532,0.7754,selection,-0.8898,False,abstain,True
87,selection|ibm-granite/granite-3.3-8b-instruct|a,delta_pp:1,-0.1934,4.6167,-3.862,3.399,0.9193,selection,0.9105,False,abstain,False
87,selection|microsoft/Phi-3.5-mini-instruct|a,delta_pp:1,2.9312,6.1272,-1.3587,6.5078,0.8772,selection,1.8188,True,abstain,False
87,selection|Qwen/Qwen2.5-7B-Instruct|b,delta_pp:1,-0.5547,2.0096,-2.8221,1.792,0.893,selection,-0.5102,False,abstain,False
87,selection|allenai/OLMo-2-1124-7B-Instruct|b,delta_pp:1,0.7225,8.7115,-5.2732,4.1167,0.7702,selection,0.3366,False,abstain,True
87,selection|ibm-granite/granite-3.3-8b-instruct|b,delta_pp:1,1.8071,4.3317,-2.1318,5.0701,0.9175,selection,1.8088,True,abstain,False
87,selection|microsoft/Phi-3.5-mini-instruct|b,delta_pp:1,3.334,8.4076,-1.1362,7.8991,0.9,selection,2.3681,True,abstain,False
87,selection|Qwen/Qwen2.5-7B-Instruct|c,delta_pp:1,-0.8333,2.2928,-3.6694,1.0265,0.8596,selection,-0.384,False,abstain,False
87,selection|allenai/OLMo-2-1124-7B-Instruct|c,delta_pp:1,-0.3195,5.6375,-4.6803,2.9801,0.7456,selection,1.2233,True,abstain,True
87,selection|ibm-granite/granite-3.3-8b-instruct|c,delta_pp:1,-0.5134,3.3761,-3.4582,2.3147,0.8895,selection,1.1876,True,abstain,False
87,selection|microsoft/Phi-3.5-mini-instruct|c,delta_pp:1,3.7065,18.9215,-4.1503,9.9969,0.8684,selection,3.7391,True,abstain,False
88,selection|Qwen/Qwen2.5-7B-Instruct|a,delta_pp:1,2.4809,2.7439,-0.4366,5.1312,0.7847,selection,-0.401,False,abstain,True
88,selection|allenai/OLMo-2-1124-7B-Instruct|a,delta_pp:1,0.5688,5.503,-3.5562,4.1877,0.7326,selection,-0.8898,False,abstain,True
88,selection|ibm-granite/granite-3.3-8b-instruct|a,delta_pp:1,5.9427,4.7391,2.3654,9.2631,0.7326,selection,0.9105,False,unsafe,True
88,selection|microsoft/Phi-3.5-mini-instruct|a,delta_pp:1,3.8373,5.4442,0.2153,7.4043,0.7708,selection,1.8188,True,abstain,True
88,selection|Qwen/Qwen2.5-7B-Instruct|b,delta_pp:1,1.9556,2.5952,-0.5107,4.7013,0.7431,selection,-0.5102,False,abstain,True
88,selection|allenai/OLMo-2-1124-7B-Instruct|b,delta_pp:1,3.2087,3.9776,0.1698,6.4355,0.7326,selection,0.3366,False,abstain,True
88,selection|ibm-granite/granite-3.3-8b-instruct|b,delta_pp:1,8.6008,6.058,4.9247,12.3038,0.7257,selection,1.8088,True,unsafe,True
88,selection|microsoft/Phi-3.5-mini-instruct|b,delta_pp:1,6.6436,7.8158,2.2335,10.3121,0.717,selection,2.3681,True,unsafe,True
88,selection|Qwen/Qwen2.5-7B-Instruct|c,delta_pp:1,0.7657,2.3771,-1.6919,3.5858,0.7031,selection,-0.384,False,abstain,True
88,selection|allenai/OLMo-2-1124-7B-Instruct|c,delta_pp:1,-0.6119,4.8445,-3.6616,3.1568,0.6892,selection,1.2233,True,abstain,True
88,selection|ibm-granite/granite-3.3-8b-instruct|c,delta_pp:1,3.1455,3.2256,-0.1056,5.2658,0.783,selection,1.1876,True,abstain,True
88,selection|microsoft/Phi-3.5-mini-instruct|c,delta_pp:1,7.3446,8.6634,3.1917,12.9196,0.7014,selection,3.7391,True,unsafe,True
89,selection|Qwen/Qwen2.5-7B-Instruct|a,delta_pp:1,0.7192,1.3795,-1.0846,2.6325,0.7982,selection,-0.401,False,abstain,True
89,selection|allenai/OLMo-2-1124-7B-Instruct|a,delta_pp:1,1.8148,5.3064,-2.3539,5.474,0.8439,selection,-0.8898,False,abstain,False
89,selection|ibm-granite/granite-3.3-8b-instruct|a,delta_pp:1,-1.2101,6.1062,-5.0448,2.7436,0.914,selection,0.9105,False,abstain,False
89,selection|microsoft/Phi-3.5-mini-instruct|a,delta_pp:1,-1.7171,6.9431,-5.9725,2.4112,0.7807,selection,1.8188,True,abstain,True
89,selection|Qwen/Qwen2.5-7B-Instruct|b,delta_pp:1,-0.3639,1.8259,-2.4722,1.6128,0.7632,selection,-0.5102,False,abstain,True
89,selection|allenai/OLMo-2-1124-7B-Instruct|b,delta_pp:1,2.9439,5.3261,-1.1492,6.0854,0.8719,selection,0.3366,False,abstain,False
89,selection|ibm-granite/granite-3.3-8b-instruct|b,delta_pp:1,-1.4469,5.8017,-4.6492,2.6252,0.9491,selection,1.8088,True,abstain,False
89,selection|microsoft/Phi-3.5-mini-instruct|b,delta_pp:1,5.4089,9.8102,0.32,10.645,0.8,selection,2.3681,True,abstain,False
89,selection|Qwen/Qwen2.5-7B-Instruct|c,delta_pp:1,-0.3869,1.1197,-2.1898,1.0407,0.7667,selection,-0.384,False,abstain,True
89,selection|allenai/OLMo-2-1124-7B-Instruct|c,delta_pp:1,5.4882,5.9932,1.1792,9.5892,0.7754,selection,1.2233,True,unsafe,True
89,selection|ibm-granite/granite-3.3-8b-instruct|c,delta_pp:1,-0.0971,4.933,-3.6102,3.3787,0.8211,selection,1.1876,True,abstain,False
89,selection|microsoft/Phi-3.5-mini-instruct|c,delta_pp:1,-0.1639,12.0653,-5.4158,5.0795,0.8561,selection,3.7391,True,abstain,False
90,selection|Qwen/Qwen2.5-7B-Instruct|a,delta_pp:1,-1.7137,2.2541,-4.6738,0.5997,0.8912,selection,-0.401,False,abstain,False
90,selection|allenai/OLMo-2-1124-7B-Instruct|a,delta_pp:1,-5.9539,10.874,-11.4499,-0.7655,0.7368,selection,-0.8898,False,abstain,True
90,selection|ibm-granite/granite-3.3-8b-instruct|a,delta_pp:1,-1.5987,7.2696,-6.0443,2.6449,0.8737,selection,0.9105,False,abstain,False
90,selection|microsoft/Phi-3.5-mini-instruct|a,delta_pp:1,1.6895,6.0093,-1.392,5.854,0.8754,selection,1.8188,True,abstain,False
90,selection|Qwen/Qwen2.5-7B-Instruct|b,delta_pp:1,-0.6306,2.6318,-3.0609,2.1751,0.9263,selection,-0.5102,False,abstain,False
90,selection|allenai/OLMo-2-1124-7B-Instruct|b,delta_pp:1,-3.3302,11.2129,-9.0409,1.897,0.8368,selection,0.3366,False,abstain,False
90,selection|ibm-granite/granite-3.3-8b-instruct|b,delta_pp:1,-0.7295,6.5909,-4.4315,3.4311,0.9404,selection,1.8088,True,abstain,False
90,selection|microsoft/Phi-3.5-mini-instruct|b,delta_pp:1,1.5446,9.8425,-3.6118,6.5086,0.8965,selection,2.3681,True,abstain,False
90,selection|Qwen/Qwen2.5-7B-Instruct|c,delta_pp:1,0.6893,2.0952,-1.685,3.0782,0.9263,selection,-0.384,False,abstain,False
90,selection|allenai/OLMo-2-1124-7B-Instruct|c,delta_pp:1,-4.9398,4.6119,-8.2129,-1.1665,0.7825,selection,1.2233,True,unsafe,True
90,selection|ibm-granite/granite-3.3-8b-instruct|c,delta_pp:1,-1.194,5.1747,-4.3725,2.6626,0.814,selection,1.1876,True,abstain,False
90,selection|microsoft/Phi-3.5-mini-instruct|c,delta_pp:1,3.3911,12.4743,-1.9244,8.6412,0.9158,selection,3.7391,True,abstain,False
91,selection|Qwen/Qwen2.5-7B-Instruct|a,delta_pp:1,0.6781,1.6798,-1.4521,2.7139,0.7448,selection,-0.401,False,abstain,True
91,selection|allenai/OLMo-2-1124-7B-Instruct|a,delta_pp:1,-0.6275,7.0582,-4.2514,3.7313,0.7724,selection,-0.8898,False,abstain,True
91,selection|ibm-granite/granite-3.3-8b-instruct|a,delta_pp:1,1.1504,3.354,-2.0674,3.9333,0.8397,selection,0.9105,False,abstain,False
91,selection|microsoft/Phi-3.5-mini-instruct|a,delta_pp:1,2.6769,7.4841,-2.3084,6.6001,0.7707,selection,1.8188,True,abstain,True
91,selection|Qwen/Qwen2.5-7B-Instruct|b,delta_pp:1,0.5167,1.3375,-1.5566,2.3242,0.7966,selection,-0.5102,False,abstain,True
91,selection|allenai/OLMo-2-1124-7B-Instruct|b,delta_pp:1,2.6859,8.2427,-1.6377,7.1343,0.7672,selection,0.3366,False,abstain,True
91,selection|ibm-granite/granite-3.3-8b-instruct|b,delta_pp:1,1.3208,4.2474,-1.7637,4.5078,0.7845,selection,1.8088,True,abstain,True
91,selection|microsoft/Phi-3.5-mini-instruct|b,delta_pp:1,-1.9385,8.4693,-6.1803,3.1508,0.769,selection,2.3681,True,abstain,True
91,selection|Qwen/Qwen2.5-7B-Instruct|c,delta_pp:1,0.5167,1.3375,-1.5566,2.3242,0.7966,selection,-0.384,False,abstain,True
91,selection|allenai/OLMo-2-1124-7B-Instruct|c,delta_pp:1,-1.9656,6.6313,-6.694,2.3883,0.7793,selection,1.2233,True,abstain,True
91,selection|ibm-granite/granite-3.3-8b-instruct|c,delta_pp:1,3.3052,4.6579,-0.2661,6.602,0.7828,selection,1.1876,True,abstain,True
91,selection|microsoft/Phi-3.5-mini-instruct|c,delta_pp:1,-2.5796,10.1818,-7.7413,1.9329,0.7948,selection,3.7391,True,abstain,True
92,selection|Qwen/Qwen2.5-7B-Instruct|a,delta_pp:1,-1.4611,2.0055,-3.8314,0.7124,0.7964,selection,-0.401,False,abstain,True
92,selection|allenai/OLMo-2-1124-7B-Instruct|a,delta_pp:1,-3.7972,10.7449,-8.9528,2.637,0.7411,selection,-0.8898,False,abstain,True
92,selection|ibm-granite/granite-3.3-8b-instruct|a,delta_pp:1,-0.2732,3.6862,-3.6501,2.606,0.8393,selection,0.9105,False,abstain,False
92,selection|microsoft/Phi-3.5-mini-instruct|a,delta_pp:1,3.1261,5.6763,-0.8211,6.7968,0.8,selection,1.8188,True,abstain,False
92,selection|Qwen/Qwen2.5-7B-Instruct|b,delta_pp:1,-2.2057,1.7912,-4.7435,-0.3,0.8214,selection,-0.5102,False,abstain,False
92,selection|allenai/OLMo-2-1124-7B-Instruct|b,delta_pp:1,-1.3078,6.1087,-4.7312,3.1691,0.7786,selection,0.3366,False,abstain,True
92,selection|ibm-granite/granite-3.3-8b-instruct|b,delta_pp:1,1.6561,3.6914,-1.3782,4.409,0.8375,selection,1.8088,True,abstain,False
92,selection|microsoft/Phi-3.5-mini-instruct|b,delta_pp:1,5.5928,8.952,0.762,10.3875,0.8393,selection,2.3681,True,abstain,False
92,selection|Qwen/Qwen2.5-7B-Instruct|c,delta_pp:1,-1.6902,1.6969,-4.2319,0.0958,0.8464,selection,-0.384,False,abstain,False
92,selection|allenai/OLMo-2-1124-7B-Instruct|c,delta_pp:1,-1.4616,5.9929,-5.1445,2.6786,0.8054,selection,1.2233,True,abstain,False
92,selection|ibm-granite/granite-3.3-8b-instruct|c,delta_pp:1,1.7314,4.3529,-1.9447,4.8507,0.8143,selection,1.1876,True,abstain,False
92,selection|microsoft/Phi-3.5-mini-instruct|c,delta_pp:1,5.6864,11.4254,1.0946,12.4376,0.8214,selection,3.7391,True,unsafe,False
93,selection|Qwen/Qwen2.5-7B-Instruct|a,delta_pp:1,0.3925,0.9935,-1.231,1.6677,0.6966,selection,-0.401,False,abstain,True
93,selection|allenai/OLMo-2-1124-7B-Instruct|a,delta_pp:1,-2.5479,10.4786,-8.4127,1.7979,0.8593,selection,-0.8898,False,abstain,False
93,selection|ibm-granite/granite-3.3-8b-instruct|a,delta_pp:1,2.9103,2.7418,0.3162,5.4672,0.9898,selection,0.9105,False,abstain,False
93,selection|microsoft/Phi-3.5-mini-instruct|a,delta_pp:1,-0.8992,9.1763,-6.1213,3.2258,0.7678,selection,1.8188,True,abstain,True
93,selection|Qwen/Qwen2.5-7B-Instruct|b,delta_pp:1,0.0162,1.4333,-2.0263,1.987,0.6949,selection,-0.5102,False,abstain,True
93,selection|allenai/OLMo-2-1124-7B-Instruct|b,delta_pp:1,3.999,7.3835,-1.0567,8.0859,0.8729,selection,0.3366,False,abstain,False
93,selection|ibm-granite/granite-3.3-8b-instruct|b,delta_pp:1,3.959,4.1568,0.3302,7.0581,0.8831,selection,1.8088,True,abstain,False
93,selection|microsoft/Phi-3.5-mini-instruct|b,delta_pp:1,2.1629,12.4796,-3.4427,8.3525,0.6525,selection,2.3681,True,abstain,True
93,selection|Qwen/Qwen2.5-7B-Instruct|c,delta_pp:1,-0.5722,0.5084,-1.9574,0.3805,0.5983,selection,-0.384,False,abstain,True
93,selection|allenai/OLMo-2-1124-7B-Instruct|c,delta_pp:1,0.7055,6.2169,-3.4616,4.3307,0.8712,selection,1.2233,True,abstain,False
93,selection|ibm-granite/granite-3.3-8b-instruct|c,delta_pp:1,4.3087,2.1285,1.7548,6.6035,0.8915,selection,1.1876,True,unsafe,False
93,selection|microsoft/Phi-3.5-mini-instruct|c,delta_pp:1,5.141,13.7225,-0.72,11.4345,0.7424,selection,3.7391,True,abstain,True
94,selection|Qwen/Qwen2.5-7B-Instruct|a,delta_pp:1,-1.6437,2.8802,-4.3685,1.0817,0.8992,selection,-0.401,False,abstain,False
94,selection|allenai/OLMo-2-1124-7B-Instruct|a,delta_pp:1,-4.1757,4.9744,-8.054,-0.6269,0.8851,selection,-0.8898,False,abstain,False
94,selection|ibm-granite/granite-3.3-8b-instruct|a,delta_pp:1,3.4538,4.3878,0.1047,6.9538,0.9511,selection,0.9105,False,abstain,False
94,selection|microsoft/Phi-3.5-mini-instruct|a,delta_pp:1,-0.398,6.1295,-4.7105,3.0723,0.9371,selection,1.8188,True,abstain,False
94,selection|Qwen/Qwen2.5-7B-Instruct|b,delta_pp:1,-2.4471,1.5749,-4.3216,-0.0779,0.9635,selection,-0.5102,False,abstain,False
94,selection|allenai/OLMo-2-1124-7B-Instruct|b,delta_pp:1,-0.1683,6.9983,-3.9427,4.2928,0.8486,selection,0.3366,False,abstain,False
94,selection|ibm-granite/granite-3.3-8b-instruct|b,delta_pp:1,2.8371,4.5551,-0.8922,6.2751,0.9164,selection,1.8088,True,abstain,False
94,selection|microsoft/Phi-3.5-mini-instruct|b,delta_pp:1,0.3034,7.4341,-3.8445,4.8075,0.9212,selection,2.3681,True,abstain,False
94,selection|Qwen/Qwen2.5-7B-Instruct|c,delta_pp:1,0.2312,2.4529,-1.9553,2.8318,0.9305,selection,-0.384,False,abstain,False
94,selection|allenai/OLMo-2-1124-7B-Instruct|c,delta_pp:1,0.012,5.6282,-3.1844,3.9084,0.8156,selection,1.2233,True,abstain,False
94,selection|ibm-granite/granite-3.3-8b-instruct|c,delta_pp:1,-0.9792,3.1114,-3.888,1.8742,0.8974,selection,1.1876,True,abstain,False
94,selection|microsoft/Phi-3.5-mini-instruct|c,delta_pp:1,2.1969,11.2875,-3.8685,7.7382,0.9454,selection,3.7391,True,abstain,False
95,selection|Qwen/Qwen2.5-7B-Instruct|a,delta_pp:1,0.392,2.7354,-1.7081,3.4948,0.8264,selection,-0.401,False,abstain,False
95,selection|allenai/OLMo-2-1124-7B-Instruct|a,delta_pp:1,1.3036,9.3501,-3.3575,5.8681,0.7552,selection,-0.8898,False,abstain,True
95,selection|ibm-granite/granite-3.3-8b-instruct|a,delta_pp:1,2.286,4.6789,-0.4702,6.2233,0.8542,selection,0.9105,False,abstain,False
95,selection|microsoft/Phi-3.5-mini-instruct|a,delta_pp:1,7.2829,10.3311,2.4054,12.3251,0.7986,selection,1.8188,True,unsafe,True
95,selection|Qwen/Qwen2.5-7B-Instruct|b,delta_pp:1,1.7119,2.4905,-0.4428,4.1872,0.8264,selection,-0.5102,False,abstain,False
95,selection|allenai/OLMo-2-1124-7B-Instruct|b,delta_pp:1,6.1185,8.3024,2.1491,10.9933,0.717,selection,0.3366,False,unsafe,True
95,selection|ibm-granite/granite-3.3-8b-instruct|b,delta_pp:1,2.721,5.6306,-1.2487,7.1497,0.8108,selection,1.8088,True,abstain,False
95,selection|microsoft/Phi-3.5-mini-instruct|b,delta_pp:1,9.3539,12.6475,3.7427,14.8584,0.7899,selection,2.3681,True,unsafe,True
95,selection|Qwen/Qwen2.5-7B-Instruct|c,delta_pp:1,-0.2862,2.1978,-2.4064,2.3333,0.8281,selection,-0.384,False,abstain,False
95,selection|allenai/OLMo-2-1124-7B-Instruct|c,delta_pp:1,4.9325,7.4881,-0.0319,8.3345,0.7691,selection,1.2233,True,abstain,True
95,selection|ibm-granite/granite-3.3-8b-instruct|c,delta_pp:1,2.0429,5.2286,-1.0598,5.8454,0.8125,selection,1.1876,True,abstain,False
95,selection|microsoft/Phi-3.5-mini-instruct|c,delta_pp:1,7.5742,17.9647,-0.3799,13.5988,0.7708,selection,3.7391,True,abstain,True
96,selection|Qwen/Qwen2.5-7B-Instruct|a,delta_pp:1,-0.6827,2.4616,-2.9466,2.1496,0.8664,selection,-0.401,False,abstain,False
96,selection|allenai/OLMo-2-1124-7B-Instruct|a,delta_pp:1,0.8528,8.2338,-3.5647,5.9376,0.839,selection,-0.8898,False,abstain,False
96,selection|ibm-granite/granite-3.3-8b-instruct|a,delta_pp:1,0.772,6.3401,-2.6725,5.4842,0.8493,selection,0.9105,False,abstain,False
96,selection|microsoft/Phi-3.5-mini-instruct|a,delta_pp:1,2.9724,7.9743,-0.8089,8.2735,0.9101,selection,1.8188,True,abstain,False
96,selection|Qwen/Qwen2.5-7B-Instruct|b,delta_pp:1,-1.1222,2.453,-3.5486,1.7082,0.9272,selection,-0.5102,False,abstain,False
96,selection|allenai/OLMo-2-1124-7B-Instruct|b,delta_pp:1,0.7451,5.5628,-2.4422,5.3559,0.8527,selection,0.3366,False,abstain,False
96,selection|ibm-granite/granite-3.3-8b-instruct|b,delta_pp:1,2.299,6.9072,-0.8423,7.623,0.9118,selection,1.8088,True,abstain,False
96,selection|microsoft/Phi-3.5-mini-instruct|b,delta_pp:1,1.8141,11.5495,-3.5177,7.6621,0.8896,selection,2.3681,True,abstain,False
96,selection|Qwen/Qwen2.5-7B-Instruct|c,delta_pp:1,-0.6827,2.4616,-2.9466,2.1496,0.8664,selection,-0.384,False,abstain,False
96,selection|allenai/OLMo-2-1124-7B-Instruct|c,delta_pp:1,4.1124,8.2082,-1.0018,8.6711,0.8442,selection,1.2233,True,abstain,False
96,selection|ibm-granite/granite-3.3-8b-instruct|c,delta_pp:1,0.0447,4.0878,-2.4042,4.3289,0.8579,selection,1.1876,True,abstain,False
96,selection|microsoft/Phi-3.5-mini-instruct|c,delta_pp:1,5.8279,10.9612,0.8508,12.0598,0.8827,selection,3.7391,True,abstain,False
97,selection|Qwen/Qwen2.5-7B-Instruct|a,delta_pp:1,-0.1803,1.3545,-2.1905,1.63,0.9268,selection,-0.401,False,abstain,False
97,selection|allenai/OLMo-2-1124-7B-Instruct|a,delta_pp:1,4.2337,6.7237,-0.1898,7.9171,0.8274,selection,-0.8898,False,abstain,False
97,selection|ibm-granite/granite-3.3-8b-instruct|a,delta_pp:1,-0.605,3.1018,-3.201,2.3297,0.8841,selection,0.9105,False,abstain,False
97,selection|microsoft/Phi-3.5-mini-instruct|a,delta_pp:1,3.4647,8.1558,-0.58,8.3959,0.8631,selection,1.8188,True,abstain,False
97,selection|Qwen/Qwen2.5-7B-Instruct|b,delta_pp:1,0.4889,1.6084,-1.7364,2.1384,0.9251,selection,-0.5102,False,abstain,False
97,selection|allenai/OLMo-2-1124-7B-Instruct|b,delta_pp:1,1.1325,7.6431,-3.7204,5.3431,0.7917,selection,0.3366,False,abstain,True
97,selection|ibm-granite/granite-3.3-8b-instruct|b,delta_pp:1,-1.0113,6.0555,-4.4995,2.3757,0.8379,selection,1.8088,True,abstain,False
97,selection|microsoft/Phi-3.5-mini-instruct|b,delta_pp:1,1.5674,11.225,-3.5422,6.8416,0.8474,selection,2.3681,True,abstain,False
97,selection|Qwen/Qwen2.5-7B-Instruct|c,delta_pp:1,1.4656,2.7661,-1.2587,4.1196,0.8519,selection,-0.384,False,abstain,False
97,selection|allenai/OLMo-2-1124-7B-Instruct|c,delta_pp:1,3.0034,6.4648,-1.1702,7.0681,0.8274,selection,1.2233,True,abstain,False
97,selection|ibm-granite/granite-3.3-8b-instruct|c,delta_pp:1,-0.6233,2.2792,-2.8584,1.4419,0.8876,selection,1.1876,True,abstain,False
97,selection|microsoft/Phi-3.5-mini-instruct|c,delta_pp:1,4.9496,16.6794,-2.1308,12.1583,0.8317,selection,3.7391,True,abstain,False
98,selection|Qwen/Qwen2.5-7B-Instruct|a,delta_pp:1,0.1797,2.2898,-2.5059,3.0106,0.8786,selection,-0.401,False,abstain,False
98,selection|allenai/OLMo-2-1124-7B-Instruct|a,delta_pp:1,3.0941,8.8149,-2.3044,7.4172,0.7904,selection,-0.8898,False,abstain,True
98,selection|ibm-granite/granite-3.3-8b-instruct|a,delta_pp:1,4.1643,6.7291,0.7217,8.9943,0.9187,selection,0.9105,False,abstain,False
98,selection|microsoft/Phi-3.5-mini-instruct|a,delta_pp:1,3.6179,7.1849,-0.3716,8.275,0.8631,selection,1.8188,True,abstain,False
98,selection|Qwen/Qwen2.5-7B-Instruct|b,delta_pp:1,0.1818,1.7605,-1.7225,2.8698,0.9359,selection,-0.5102,False,abstain,False
98,selection|allenai/OLMo-2-1124-7B-Instruct|b,delta_pp:1,4.831,6.2996,0.9983,9.5739,0.9135,selection,0.3366,False,abstain,False
98,selection|ibm-granite/granite-3.3-8b-instruct|b,delta_pp:1,3.3906,6.3467,-0.5026,7.2981,0.9742,selection,1.8088,True,abstain,False
98,selection|microsoft/Phi-3.5-mini-instruct|b,delta_pp:1,3.511,8.6987,-1.1998,8.4582,0.9135,selection,2.3681,True,abstain,False
98,selection|Qwen/Qwen2.5-7B-Instruct|c,delta_pp:1,-1.1382,1.5118,-2.7757,1.1699,0.9359,selection,-0.384,False,abstain,False
98,selection|allenai/OLMo-2-1124-7B-Instruct|c,delta_pp:1,3.7428,7.0193,-0.5162,8.0168,0.799,selection,1.2233,True,abstain,True
98,selection|ibm-granite/granite-3.3-8b-instruct|c,delta_pp:1,3.3684,3.9443,0.3135,6.4439,0.8734,selection,1.1876,True,abstain,False
98,selection|microsoft/Phi-3.5-mini-instruct|c,delta_pp:1,8.818,12.9016,2.7204,13.9338,0.8929,selection,3.7391,True,unsafe,False
99,selection|Qwen/Qwen2.5-7B-Instruct|a,delta_pp:1,0.4629,4.2664,-3.102,3.3517,0.837,selection,-0.401,False,abstain,False
99,selection|allenai/OLMo-2-1124-7B-Instruct|a,delta_pp:1,0.8636,7.7611,-3.5106,6.1495,0.7791,selection,-0.8898,False,abstain,True
99,selection|ibm-granite/granite-3.3-8b-instruct|a,delta_pp:1,2.5016,4.9501,-0.933,6.4706,0.9367,selection,0.9105,False,abstain,False
99,selection|microsoft/Phi-3.5-mini-instruct|a,delta_pp:1,3.745,5.7642,-0.6813,6.9995,0.8316,selection,1.8188,True,abstain,False
99,selection|Qwen/Qwen2.5-7B-Instruct|b,delta_pp:1,0.9697,5.5257,-2.9602,4.6558,0.8587,selection,-0.5102,False,abstain,False
99,selection|allenai/OLMo-2-1124-7B-Instruct|b,delta_pp:1,2.207,7.7777,-2.1587,6.9026,0.8842,selection,0.3366,False,abstain,False
99,selection|ibm-granite/granite-3.3-8b-instruct|b,delta_pp:1,2.7787,7.2768,-0.9244,7.5943,0.8896,selection,1.8088,True,abstain,False
99,selection|microsoft/Phi-3.5-mini-instruct|b,delta_pp:1,1.1116,7.963,-3.0618,5.8768,0.8371,selection,2.3681,True,abstain,False
99,selection|Qwen/Qwen2.5-7B-Instruct|c,delta_pp:1,0.2095,4.7471,-3.5275,3.0946,0.7718,selection,-0.384,False,abstain,True
99,selection|allenai/OLMo-2-1124-7B-Instruct|c,delta_pp:1,1.2116,11.2978,-4.6884,7.0064,0.7212,selection,1.2233,True,abstain,True
99,selection|ibm-granite/granite-3.3-8b-instruct|c,delta_pp:1,0.6805,5.3286,-2.5893,4.4842,0.8135,selection,1.1876,True,abstain,False
99,selection|microsoft/Phi-3.5-mini-instruct|c,delta_pp:1,4.7235,9.4435,-0.0371,10.036,0.8933,selection,3.7391,True,abstain,False
100,selection|Qwen/Qwen2.5-7B-Instruct|a,delta_pp:1,2.0942,1.4219,0.2961,4.5118,0.8632,selection,-0.401,False,abstain,False
100,selection|allenai/OLMo-2-1124-7B-Instruct|a,delta_pp:1,-1.4753,8.6121,-6.9196,2.4891,0.7404,selection,-0.8898,False,abstain,True
100,selection|ibm-granite/granite-3.3-8b-instruct|a,delta_pp:1,1.3147,3.5778,-1.4216,4.8426,0.886,selection,0.9105,False,abstain,False
100,selection|microsoft/Phi-3.5-mini-instruct|a,delta_pp:1,1.4159,5.0671,-2.2657,4.2971,0.8789,selection,1.8188,True,abstain,False
100,selection|Qwen/Qwen2.5-7B-Instruct|b,delta_pp:1,0.8249,2.9031,-1.9533,3.2587,0.8596,selection,-0.5102,False,abstain,False
100,selection|allenai/OLMo-2-1124-7B-Instruct|b,delta_pp:1,6.2549,6.0505,2.9299,10.2635,0.7404,selection,0.3366,False,unsafe,True
100,selection|ibm-granite/granite-3.3-8b-instruct|b,delta_pp:1,2.286,4.528,-0.4716,6.0247,0.8158,selection,1.8088,True,abstain,False
100,selection|microsoft/Phi-3.5-mini-instruct|b,delta_pp:1,4.5559,6.1013,0.3365,8.346,0.9386,selection,2.3681,True,abstain,False
100,selection|Qwen/Qwen2.5-7B-Instruct|c,delta_pp:1,1.26,2.0354,-1.0748,3.9865,0.8281,selection,-0.384,False,abstain,False
100,selection|allenai/OLMo-2-1124-7B-Instruct|c,delta_pp:1,3.216,9.3908,-2.2437,8.3029,0.6737,selection,1.2233,True,abstain,True
100,selection|ibm-granite/granite-3.3-8b-instruct|c,delta_pp:1,3.3157,2.9603,0.2688,6.0971,0.8228,selection,1.1876,True,abstain,False
100,selection|microsoft/Phi-3.5-mini-instruct|c,delta_pp:1,4.9578,8.8822,0.3892,9.3937,0.9579,selection,3.7391,True,abstain,False
101,selection|Qwen/Qwen2.5-7B-Instruct|a,delta_pp:1,1.1026,1.3739,-0.8801,2.7311,0.8806,selection,-0.401,False,abstain,False
101,selection|allenai/OLMo-2-1124-7B-Instruct|a,delta_pp:1,-2.1254,6.5563,-5.7571,2.4301,0.7347,selection,-0.8898,False,abstain,True
101,selection|ibm-granite/granite-3.3-8b-instruct|a,delta_pp:1,-2.1304,3.0661,-5.1143,0.2442,0.8388,selection,0.9105,False,abstain,False
101,selection|microsoft/Phi-3.5-mini-instruct|a,delta_pp:1,4.5707,5.8234,0.6664,7.8221,0.8317,selection,1.8188,True,abstain,False
101,selection|Qwen/Qwen2.5-7B-Instruct|b,delta_pp:1,0.8536,1.4933,-1.5627,2.6736,0.8512,selection,-0.5102,False,abstain,False
101,selection|allenai/OLMo-2-1124-7B-Instruct|b,delta_pp:1,-1.5765,9.5869,-6.2782,4.1116,0.79,selection,0.3366,False,abstain,True
101,selection|ibm-granite/granite-3.3-8b-instruct|b,delta_pp:1,-1.5461,2.3395,-3.7347,1.0147,0.9012,selection,1.8088,True,abstain,False
101,selection|microsoft/Phi-3.5-mini-instruct|b,delta_pp:1,5.5206,9.4296,0.7442,9.9363,0.8488,selection,2.3681,True,abstain,False
101,selection|Qwen/Qwen2.5-7B-Instruct|c,delta_pp:1,-0.5779,1.3933,-2.8109,0.9648,0.8218,selection,-0.384,False,abstain,False
101,selection|allenai/OLMo-2-1124-7B-Instruct|c,delta_pp:1,-0.3691,7.5015,-5.3605,3.6815,0.7035,selection,1.2233,True,abstain,True
101,selection|ibm-granite/granite-3.3-8b-instruct|c,delta_pp:1,1.143,3.46,-1.8263,4.0631,0.7835,selection,1.1876,True,abstain,True
101,selection|microsoft/Phi-3.5-mini-instruct|c,delta_pp:1,5.7761,14.0715,-0.8366,11.7145,0.8882,selection,3.7391,True,abstain,False
102,selection|Qwen/Qwen2.5-7B-Instruct|a,delta_pp:1,-1.2531,4.0731,-4.0234,2.2117,0.9252,selection,-0.401,False,abstain,False
102,selection|allenai/OLMo-2-1124-7B-Instruct|a,delta_pp:1,0.9989,8.3724,-3.749,5.5122,0.8798,selection,-0.8898,False,abstain,False
102,selection|ibm-granite/granite-3.3-8b-instruct|a,delta_pp:1,2.942,2.0964,0.2381,5.5007,0.9894,selection,0.9105,False,abstain,False
102,selection|microsoft/Phi-3.5-mini-instruct|a,delta_pp:1,5.5124,9.4193,0.0858,10.2689,0.904,selection,1.8188,True,abstain,False
102,selection|Qwen/Qwen2.5-7B-Instruct|b,delta_pp:1,-0.7822,2.5242,-3.1936,1.7181,0.9599,selection,-0.5102,False,abstain,False
102,selection|allenai/OLMo-2-1124-7B-Instruct|b,delta_pp:1,2.3188,8.4809,-2.0383,7.5301,0.8798,selection,0.3366,False,abstain,False
102,selection|ibm-granite/granite-3.3-8b-instruct|b,delta_pp:1,-0.5239,4.8903,-3.9242,3.2803,0.9164,selection,1.8088,True,abstain,False
102,selection|microsoft/Phi-3.5-mini-instruct|b,delta_pp:1,3.5465,12.7718,-1.0616,10.1534,0.9023,selection,2.3681,True,abstain,False
102,selection|Qwen/Qwen2.5-7B-Instruct|c,delta_pp:1,0.6852,2.5843,-1.5354,3.3024,0.9305,selection,-0.384,False,abstain,False
102,selection|allenai/OLMo-2-1124-7B-Instruct|c,delta_pp:1,1.3265,5.4463,-2.8231,4.9361,0.9217,selection,1.2233,True,abstain,False
102,selection|ibm-granite/granite-3.3-8b-instruct|c,delta_pp:1,2.2959,2.8292,0.0435,4.9716,0.9877,selection,1.1876,True,abstain,False
102,selection|microsoft/Phi-3.5-mini-instruct|c,delta_pp:1,3.482,13.7236,-2.251,10.1656,0.9212,selection,3.7391,True,abstain,False
103,selection|Qwen/Qwen2.5-7B-Instruct|a,delta_pp:1,-2.0412,1.1674,-3.6595,-0.3745,0.8715,selection,-0.401,False,abstain,False
103,selection|allenai/OLMo-2-1124-7B-Instruct|a,delta_pp:1,1.9755,9.4788,-3.4043,6.588,0.8472,selection,-0.8898,False,abstain,False
103,selection|ibm-granite/granite-3.3-8b-instruct|a,delta_pp:1,1.5821,6.5543,-2.6562,5.1599,0.8125,selection,0.9105,False,abstain,False
103,selection|microsoft/Phi-3.5-mini-instruct|a,delta_pp:1,-0.2186,5.4398,-3.4382,4.1655,0.8924,selection,1.8188,True,abstain,False
103,selection|Qwen/Qwen2.5-7B-Instruct|b,delta_pp:1,-1.3676,1.7592,-3.5492,0.9651,0.8698,selection,-0.5102,False,abstain,False
103,selection|allenai/OLMo-2-1124-7B-Instruct|b,delta_pp:1,1.9443,6.7761,-1.8814,6.8844,0.7656,selection,0.3366,False,abstain,True
103,selection|ibm-granite/granite-3.3-8b-instruct|b,delta_pp:1,1.7203,5.1905,-1.7773,5.5458,0.8976,selection,1.8088,True,abstain,False
103,selection|microsoft/Phi-3.5-mini-instruct|b,delta_pp:1,1.4635,7.5041,-3.3385,6.2213,0.8455,selection,2.3681,True,abstain,False
103,selection|Qwen/Qwen2.5-7B-Instruct|c,delta_pp:1,-1.3949,0.7563,-2.9808,-0.1523,0.8733,selection,-0.384,False,abstain,False
103,selection|allenai/OLMo-2-1124-7B-Instruct|c,delta_pp:1,2.1761,8.5793,-2.275,7.0737,0.8038,selection,1.2233,True,abstain,False
103,selection|ibm-granite/granite-3.3-8b-instruct|c,delta_pp:1,-1.1397,3.2269,-4.0864,1.6073,0.8229,selection,1.1876,True,abstain,False
103,selection|microsoft/Phi-3.5-mini-instruct|c,delta_pp:1,-0.4209,8.8441,-5.8383,4.1391,0.8333,selection,3.7391,True,abstain,False
104,selection|Qwen/Qwen2.5-7B-Instruct|a,delta_pp:1,-0.8214,1.937,-3.0305,1.3344,0.7948,selection,-0.401,False,abstain,True
104,selection|allenai/OLMo-2-1124-7B-Instruct|a,delta_pp:1,-3.2181,7.2937,-6.7255,2.1805,0.7741,selection,-0.8898,False,abstain,True
104,selection|ibm-granite/granite-3.3-8b-instruct|a,delta_pp:1,-0.5294,2.6906,-3.5123,2.187,0.8897,selection,0.9105,False,abstain,False
104,selection|microsoft/Phi-3.5-mini-instruct|a,delta_pp:1,-1.9162,7.391,-6.2643,3.8791,0.7776,selection,1.8188,True,abstain,True
104,selection|Qwen/Qwen2.5-7B-Instruct|b,delta_pp:1,-0.1523,2.4082,-2.6586,2.9372,0.7931,selection,-0.5102,False,abstain,True
104,selection|allenai/OLMo-2-1124-7B-Instruct|b,delta_pp:1,-3.8871,6.7368,-7.0004,1.1576,0.7759,selection,0.3366,False,abstain,True
104,selection|ibm-granite/granite-3.3-8b-instruct|b,delta_pp:1,1.0826,5.0502,-2.0886,5.2021,0.8345,selection,1.8088,True,abstain,False
104,selection|microsoft/Phi-3.5-mini-instruct|b,delta_pp:1,0.2662,9.0607,-3.5284,5.5961,0.7138,selection,2.3681,True,abstain,True
104,selection|Qwen/Qwen2.5-7B-Instruct|c,delta_pp:1,-0.9425,2.6263,-3.4507,2.1137,0.8431,selection,-0.384,False,abstain,False
104,selection|allenai/OLMo-2-1124-7B-Instruct|c,delta_pp:1,-2.1721,6.8432,-6.1225,2.7244,0.6759,selection,1.2233,True,abstain,True
104,selection|ibm-granite/granite-3.3-8b-instruct|c,delta_pp:1,-1.3376,2.3449,-3.7481,1.1254,0.7931,selection,1.1876,True,abstain,True
104,selection|microsoft/Phi-3.5-mini-instruct|c,delta_pp:1,0.3567,11.5647,-5.0081,6.7116,0.6966,selection,3.7391,True,abstain,True
105,selection|Qwen/Qwen2.5-7B-Instruct|a,delta_pp:1,-0.2487,1.7087,-2.4098,1.8675,0.9175,selection,-0.401,False,abstain,False
105,selection|allenai/OLMo-2-1124-7B-Instruct|a,delta_pp:1,2.1188,9.7067,-2.5717,7.6713,0.8275,selection,-0.8898,False,abstain,False
105,selection|ibm-granite/granite-3.3-8b-instruct|a,delta_pp:1,0.8721,3.3976,-1.6858,4.0179,0.9594,selection,0.9105,False,abstain,False
105,selection|microsoft/Phi-3.5-mini-instruct|a,delta_pp:1,1.5566,8.6614,-2.9283,5.3748,0.9644,selection,1.8188,True,abstain,False
105,selection|Qwen/Qwen2.5-7B-Instruct|b,delta_pp:1,-1.0151,2.2349,-3.8476,1.0273,0.9403,selection,-0.5102,False,abstain,False
105,selection|allenai/OLMo-2-1124-7B-Instruct|b,delta_pp:1,1.6841,9.5027,-3.2353,7.1922,0.9363,selection,0.3366,False,abstain,False
105,selection|ibm-granite/granite-3.3-8b-instruct|b,delta_pp:1,1.5007,4.2643,-0.9037,5.5592,0.9786,selection,1.8088,True,abstain,False
105,selection|microsoft/Phi-3.5-mini-instruct|b,delta_pp:1,3.0039,6.6018,-0.9387,6.8315,0.9363,selection,2.3681,True,abstain,False
105,selection|Qwen/Qwen2.5-7B-Instruct|c,delta_pp:1,-2.2075,2.5343,-4.9379,0.2629,0.9122,selection,-0.384,False,abstain,False
105,selection|allenai/OLMo-2-1124-7B-Instruct|c,delta_pp:1,3.0894,6.1007,-0.9577,6.7007,0.9189,selection,1.2233,True,abstain,False
105,selection|ibm-granite/granite-3.3-8b-instruct|c,delta_pp:1,0.1913,2.614,-2.3557,2.4257,0.9648,selection,1.1876,True,abstain,False
105,selection|microsoft/Phi-3.5-mini-instruct|c,delta_pp:1,5.6001,13.1697,-0.1064,11.5637,0.9431,selection,3.7391,True,abstain,False
106,selection|Qwen/Qwen2.5-7B-Instruct|a,delta_pp:1,-0.6736,3.0127,-3.5095,2.0954,0.8974,selection,-0.401,False,abstain,False
106,selection|allenai/OLMo-2-1124-7B-Instruct|a,delta_pp:1,3.4872,7.4451,-0.3052,8.2229,0.8468,selection,-0.8898,False,abstain,False
106,selection|ibm-granite/granite-3.3-8b-instruct|a,delta_pp:1,0.3885,3.6368,-2.0622,4.0672,0.9564,selection,0.9105,False,abstain,False
106,selection|microsoft/Phi-3.5-mini-instruct|a,delta_pp:1,3.957,6.2733,-0.0647,8.1108,0.9076,selection,1.8188,True,abstain,False
106,selection|Qwen/Qwen2.5-7B-Instruct|b,delta_pp:1,-2.084,2.9071,-4.8848,0.649,0.9269,selection,-0.5102,False,abstain,False
106,selection|allenai/OLMo-2-1124-7B-Instruct|b,delta_pp:1,9.4543,8.3543,4.4252,13.9977,0.8415,selection,0.3366,False,unsafe,False
106,selection|ibm-granite/granite-3.3-8b-instruct|b,delta_pp:1,4.101,6.3275,-0.1239,7.7957,0.8556,selection,1.8088,True,abstain,False
106,selection|microsoft/Phi-3.5-mini-instruct|b,delta_pp:1,3.9939,6.5769,0.0143,8.0584,0.9005,selection,2.3681,True,abstain,False
106,selection|Qwen/Qwen2.5-7B-Instruct|c,delta_pp:1,0.6278,2.0444,-1.5343,3.2154,0.901,selection,-0.384,False,abstain,False
106,selection|allenai/OLMo-2-1124-7B-Instruct|c,delta_pp:1,8.2434,8.1425,3.3751,13.002,0.8085,selection,1.2233,True,unsafe,False
106,selection|ibm-granite/granite-3.3-8b-instruct|c,delta_pp:1,2.6538,4.574,-0.5362,6.0996,0.8922,selection,1.1876,True,abstain,False
106,selection|microsoft/Phi-3.5-mini-instruct|c,delta_pp:1,6.5033,9.0042,1.7785,11.4734,0.923,selection,3.7391,True,unsafe,False
107,selection|Qwen/Qwen2.5-7B-Instruct|a,delta_pp:1,3.4481,1.566,1.2996,5.1899,0.7822,selection,-0.401,False,unsafe,True
107,selection|allenai/OLMo-2-1124-7B-Instruct|a,delta_pp:1,0.0029,8.5378,-4.288,5.1032,0.6811,selection,-0.8898,False,abstain,True
107,selection|ibm-granite/granite-3.3-8b-instruct|a,delta_pp:1,1.6092,3.5539,-1.2165,4.9286,0.8467,selection,0.9105,False,abstain,False
107,selection|microsoft/Phi-3.5-mini-instruct|a,delta_pp:1,7.4668,7.1895,3.3691,11.8107,0.8684,selection,1.8188,True,unsafe,False
107,selection|Qwen/Qwen2.5-7B-Instruct|b,delta_pp:1,2.8065,1.8378,0.5118,4.862,0.7805,selection,-0.5102,False,abstain,True
107,selection|allenai/OLMo-2-1124-7B-Instruct|b,delta_pp:1,1.5089,6.9761,-3.1616,5.5733,0.7273,selection,0.3366,False,abstain,True
107,selection|ibm-granite/granite-3.3-8b-instruct|b,delta_pp:1,3.0024,5.5165,-0.733,7.0948,0.8397,selection,1.8088,True,abstain,False
107,selection|microsoft/Phi-3.5-mini-instruct|b,delta_pp:1,6.0467,11.2344,0.8751,10.9379,0.8919,selection,2.3681,True,abstain,False
107,selection|Qwen/Qwen2.5-7B-Instruct|c,delta_pp:1,3.1027,1.9184,0.6488,5.1488,0.8162,selection,-0.384,False,abstain,False
107,selection|allenai/OLMo-2-1124-7B-Instruct|c,delta_pp:1,0.9773,7.3344,-2.7696,5.7779,0.715,selection,1.2233,True,abstain,True
107,selection|ibm-granite/granite-3.3-8b-instruct|c,delta_pp:1,-0.2904,1.6936,-2.6139,1.6694,0.8519,selection,1.1876,True,abstain,False
107,selection|microsoft/Phi-3.5-mini-instruct|c,delta_pp:1,6.9083,11.9322,0.7738,12.6806,0.8726,selection,3.7391,True,abstain,False
108,selection|Qwen/Qwen2.5-7B-Instruct|a,delta_pp:1,-0.34,1.9418,-2.8689,1.6587,0.8948,selection,-0.401,False,abstain,False
108,selection|allenai/OLMo-2-1124-7B-Instruct|a,delta_pp:1,-2.2213,6.3428,-6.2212,1.9516,0.8241,selection,-0.8898,False,abstain,False
108,selection|ibm-granite/granite-3.3-8b-instruct|a,delta_pp:1,-0.2095,3.2094,-3.0705,2.7212,0.8879,selection,0.9105,False,abstain,False
108,selection|microsoft/Phi-3.5-mini-instruct|a,delta_pp:1,4.1863,6.7743,-0.4186,7.9531,0.9207,selection,1.8188,True,abstain,False
108,selection|Qwen/Qwen2.5-7B-Instruct|b,delta_pp:1,-0.34,1.9418,-2.8689,1.6587,0.8948,selection,-0.5102,False,abstain,False
108,selection|allenai/OLMo-2-1124-7B-Instruct|b,delta_pp:1,-2.127,6.8227,-6.1324,2.5364,0.831,selection,0.3366,False,abstain,False
108,selection|ibm-granite/granite-3.3-8b-instruct|b,delta_pp:1,-2.1578,6.7713,-6.3593,2.6455,0.8759,selection,1.8088,True,abstain,False
108,selection|microsoft/Phi-3.5-mini-instruct|b,delta_pp:1,7.4689,8.614,2.8927,12.1574,0.9603,selection,2.3681,True,unsafe,False
108,selection|Qwen/Qwen2.5-7B-Instruct|c,delta_pp:1,-0.1877,1.6245,-2.2913,2.1941,0.8466,selection,-0.384,False,abstain,False
108,selection|allenai/OLMo-2-1124-7B-Instruct|c,delta_pp:1,-0.1154,8.2806,-5.1496,4.7863,0.819,selection,1.2233,True,abstain,False
108,selection|ibm-granite/granite-3.3-8b-instruct|c,delta_pp:1,0.5039,4.4506,-2.8809,3.883,0.8345,selection,1.1876,True,abstain,False
108,selection|microsoft/Phi-3.5-mini-instruct|c,delta_pp:1,5.0664,9.7798,-0.2628,10.0151,0.8466,selection,3.7391,True,abstain,False
109,selection|Qwen/Qwen2.5-7B-Instruct|a,delta_pp:1,0.4349,1.5056,-1.6031,2.6282,0.784,selection,-0.401,False,abstain,True
109,selection|allenai/OLMo-2-1124-7B-Instruct|a,delta_pp:1,2.318,10.3782,-3.0792,6.8583,0.8152,selection,-0.8898,False,abstain,False
109,selection|ibm-granite/granite-3.3-8b-instruct|a,delta_pp:1,2.0818,3.7033,-1.2408,5.1644,0.8432,selection,0.9105,False,abstain,False
109,selection|microsoft/Phi-3.5-mini-instruct|a,delta_pp:1,3.753,5.016,0.3492,6.7885,0.6611,selection,1.8188,True,abstain,True
109,selection|Qwen/Qwen2.5-7B-Instruct|b,delta_pp:1,0.4349,1.4345,-1.0608,2.6839,0.784,selection,-0.5102,False,abstain,True
109,selection|allenai/OLMo-2-1124-7B-Instruct|b,delta_pp:1,2.0094,11.2052,-4.6171,5.517,0.7525,selection,0.3366,False,abstain,True
109,selection|ibm-granite/granite-3.3-8b-instruct|b,delta_pp:1,3.2835,3.1116,0.7322,6.4557,0.8806,selection,1.8088,True,abstain,False
109,selection|microsoft/Phi-3.5-mini-instruct|b,delta_pp:1,5.1554,6.8518,0.6827,9.6136,0.7647,selection,2.3681,True,abstain,True
109,selection|Qwen/Qwen2.5-7B-Instruct|c,delta_pp:1,-0.2159,1.923,-2.4067,2.0122,0.7822,selection,-0.384,False,abstain,True
109,selection|allenai/OLMo-2-1124-7B-Instruct|c,delta_pp:1,1.9015,11.1803,-3.8614,7.0479,0.756,selection,1.2233,True,abstain,True
109,selection|ibm-granite/granite-3.3-8b-instruct|c,delta_pp:1,3.5727,2.7655,1.2508,6.4281,0.8127,selection,1.1876,True,unsafe,False
109,selection|microsoft/Phi-3.5-mini-instruct|c,delta_pp:1,9.3972,13.5896,3.5837,15.1637,0.8474,selection,3.7391,True,unsafe,False
110,selection|Qwen/Qwen2.5-7B-Instruct|a,delta_pp:1,-1.8974,3.2667,-4.7351,0.8356,0.7413,selection,-0.401,False,abstain,True
110,selection|allenai/OLMo-2-1124-7B-Instruct|a,delta_pp:1,0.6102,6.8006,-3.6062,4.3691,0.6471,selection,-0.8898,False,abstain,True
110,selection|ibm-granite/granite-3.3-8b-instruct|a,delta_pp:1,2.7147,3.0023,-0.1599,5.4499,0.8127,selection,0.9105,False,abstain,False
110,selection|microsoft/Phi-3.5-mini-instruct|a,delta_pp:1,7.78,8.6796,3.466,12.577,0.756,selection,1.8188,True,unsafe,True
110,selection|Qwen/Qwen2.5-7B-Instruct|b,delta_pp:1,-0.8444,3.7927,-3.6874,1.9881,0.7752,selection,-0.5102,False,abstain,True
110,selection|allenai/OLMo-2-1124-7B-Instruct|b,delta_pp:1,0.2883,7.0313,-3.6872,5.1221,0.6881,selection,0.3366,False,abstain,True
110,selection|ibm-granite/granite-3.3-8b-instruct|b,delta_pp:1,3.6829,3.6193,-0.0337,5.9658,0.7735,selection,1.8088,True,abstain,True
110,selection|microsoft/Phi-3.5-mini-instruct|b,delta_pp:1,8.3476,9.1828,3.4887,14.1609,0.7542,selection,2.3681,True,unsafe,True
110,selection|Qwen/Qwen2.5-7B-Instruct|c,delta_pp:1,0.0749,3.5764,-2.553,2.9271,0.8127,selection,-0.384,False,abstain,False
110,selection|allenai/OLMo-2-1124-7B-Instruct|c,delta_pp:1,-2.864,7.4986,-7.0989,1.849,0.6828,selection,1.2233,True,abstain,True
110,selection|ibm-granite/granite-3.3-8b-instruct|c,delta_pp:1,2.308,2.8355,-0.1425,5.1727,0.7805,selection,1.1876,True,abstain,True
110,selection|microsoft/Phi-3.5-mini-instruct|c,delta_pp:1,8.8373,12.8855,3.6386,15.915,0.8029,selection,3.7391,True,unsafe,False
111,selection|Qwen/Qwen2.5-7B-Instruct|a,delta_pp:1,0.1283,4.5267,-3.0877,3.5615,0.8109,selection,-0.401,False,abstain,False
111,selection|allenai/OLMo-2-1124-7B-Instruct|a,delta_pp:1,2.4101,5.1246,-1.805,5.6174,0.7682,selection,-0.8898,False,abstain,True
111,selection|ibm-granite/granite-3.3-8b-instruct|a,delta_pp:1,2.8781,7.6899,-1.8986,7.1429,0.8004,selection,0.9105,False,abstain,False
111,selection|microsoft/Phi-3.5-mini-instruct|a,delta_pp:1,5.542,6.8084,1.0711,9.722,0.7203,selection,1.8188,True,unsafe,True
111,selection|Qwen/Qwen2.5-7B-Instruct|b,delta_pp:1,-0.1679,3.6298,-3.0523,2.8595,0.7752,selection,-0.5102,False,abstain,True
111,selection|allenai/OLMo-2-1124-7B-Instruct|b,delta_pp:1,3.4195,7.0572,-1.4837,7.114,0.8257,selection,0.3366,False,abstain,False
111,selection|ibm-granite/granite-3.3-8b-instruct|b,delta_pp:1,0.8799,6.0627,-3.5872,4.3917,0.8022,selection,1.8088,True,abstain,False
111,selection|microsoft/Phi-3.5-mini-instruct|b,delta_pp:1,7.7727,10.2249,2.7808,13.555,0.7742,selection,2.3681,True,unsafe,True
111,selection|Qwen/Qwen2.5-7B-Instruct|c,delta_pp:1,0.1283,3.0696,-2.7198,3.4021,0.8109,selection,-0.384,False,abstain,False
111,selection|allenai/OLMo-2-1124-7B-Instruct|c,delta_pp:1,3.7283,6.2751,-0.2798,7.4969,0.7952,selection,1.2233,True,abstain,True
111,selection|ibm-granite/granite-3.3-8b-instruct|c,delta_pp:1,-0.1312,5.383,-4.2789,3.6518,0.7717,selection,1.1876,True,abstain,True
111,selection|microsoft/Phi-3.5-mini-instruct|c,delta_pp:1,8.1789,14.2695,1.2229,13.9599,0.7995,selection,3.7391,True,unsafe,True
112,selection|Qwen/Qwen2.5-7B-Instruct|a,delta_pp:1,-0.4608,2.1238,-3.0101,2.0669,0.8349,selection,-0.401,False,abstain,False
112,selection|allenai/OLMo-2-1124-7B-Instruct|a,delta_pp:1,1.7643,10.0672,-4.0915,6.2076,0.838,selection,-0.8898,False,abstain,False
112,selection|ibm-granite/granite-3.3-8b-instruct|a,delta_pp:1,2.763,6.1984,-0.9797,6.531,0.8521,selection,0.9105,False,abstain,False
112,selection|microsoft/Phi-3.5-mini-instruct|a,delta_pp:1,4.2008,6.8118,0.169,9.4015,0.9058,selection,1.8188,True,abstain,False
112,selection|Qwen/Qwen2.5-7B-Instruct|b,delta_pp:1,0.6422,2.4307,-1.5692,3.4909,0.8002,selection,-0.5102,False,abstain,False
112,selection|allenai/OLMo-2-1124-7B-Instruct|b,delta_pp:1,0.6818,6.7339,-5.2619,4.2521,0.8085,selection,0.3366,False,abstain,False
112,selection|ibm-granite/granite-3.3-8b-instruct|b,delta_pp:1,3.0721,7.1095,-0.9325,7.957,0.8798,selection,1.8088,True,abstain,False
112,selection|microsoft/Phi-3.5-mini-instruct|b,delta_pp:1,4.8857,8.5572,0.5204,9.4146,0.8935,selection,2.3681,True,abstain,False
112,selection|Qwen/Qwen2.5-7B-Instruct|c,delta_pp:1,0.859,1.8591,-1.0387,3.4319,0.8349,selection,-0.384,False,abstain,False
112,selection|allenai/OLMo-2-1124-7B-Instruct|c,delta_pp:1,2.9681,9.4643,-2.7538,7.3595,0.7738,selection,1.2233,True,abstain,True
112,selection|ibm-granite/granite-3.3-8b-instruct|c,delta_pp:1,3.2428,4.4255,0.4075,6.866,0.9181,selection,1.1876,True,abstain,False
112,selection|microsoft/Phi-3.5-mini-instruct|c,delta_pp:1,4.6161,14.0744,-1.6637,10.9712,0.8741,selection,3.7391,True,abstain,False
113,selection|Qwen/Qwen2.5-7B-Instruct|a,delta_pp:1,-0.6519,0.4255,-1.7532,0.2455,0.8732,selection,-0.401,False,abstain,False
113,selection|allenai/OLMo-2-1124-7B-Instruct|a,delta_pp:1,-4.9973,6.6865,-9.2352,-0.4963,0.746,selection,-0.8898,False,abstain,True
113,selection|ibm-granite/granite-3.3-8b-instruct|a,delta_pp:1,-2.92,3.6733,-6.1013,0.4496,0.8904,selection,0.9105,False,abstain,False
113,selection|microsoft/Phi-3.5-mini-instruct|a,delta_pp:1,2.0388,5.9594,-2.0878,5.8337,0.9093,selection,1.8188,True,abstain,False
113,selection|Qwen/Qwen2.5-7B-Instruct|b,delta_pp:1,-1.3928,0.6765,-2.6582,-0.0407,0.8402,selection,-0.5102,False,abstain,False
113,selection|allenai/OLMo-2-1124-7B-Instruct|b,delta_pp:1,-2.309,6.6856,-6.0712,1.8616,0.7808,selection,0.3366,False,abstain,True
113,selection|ibm-granite/granite-3.3-8b-instruct|b,delta_pp:1,3.0517,5.1038,-0.5847,7.267,0.8886,selection,1.8088,True,abstain,False
113,selection|microsoft/Phi-3.5-mini-instruct|b,delta_pp:1,1.5404,8.1499,-2.9806,7.252,0.9005,selection,2.3681,True,abstain,False
113,selection|Qwen/Qwen2.5-7B-Instruct|c,delta_pp:1,0.0403,0.8939,-1.615,1.5717,0.8715,selection,-0.384,False,abstain,False
113,selection|allenai/OLMo-2-1124-7B-Instruct|c,delta_pp:1,-4.1592,5.815,-8.4018,-0.5052,0.8486,selection,1.2233,True,abstain,False
113,selection|ibm-granite/granite-3.3-8b-instruct|c,delta_pp:1,0.9104,2.2115,-1.7741,3.1395,0.8974,selection,1.1876,True,abstain,False
113,selection|microsoft/Phi-3.5-mini-instruct|c,delta_pp:1,2.5557,13.6696,-3.7293,8.4927,0.8812,selection,3.7391,True,abstain,False
114,selection|Qwen/Qwen2.5-7B-Instruct|a,delta_pp:1,0.3631,1.5629,-1.6581,2.2953,0.9131,selection,-0.401,False,abstain,False
114,selection|allenai/OLMo-2-1124-7B-Instruct|a,delta_pp:1,-0.3303,8.3189,-4.272,3.6014,0.8605,selection,-0.8898,False,abstain,False
114,selection|ibm-granite/granite-3.3-8b-instruct|a,delta_pp:1,3.0018,4.0781,-0.676,6.158,0.8729,selection,0.9105,False,abstain,False
114,selection|microsoft/Phi-3.5-mini-instruct|a,delta_pp:1,7.0322,5.3926,3.6453,11.0471,0.9474,selection,1.8188,True,unsafe,False
114,selection|Qwen/Qwen2.5-7B-Instruct|b,delta_pp:1,1.0184,1.8873,-1.2893,3.2249,0.9113,selection,-0.5102,False,abstain,False
114,selection|allenai/OLMo-2-1124-7B-Instruct|b,delta_pp:1,-1.5781,5.7552,-4.7715,2.6621,0.9196,selection,0.3366,False,abstain,False
114,selection|ibm-granite/granite-3.3-8b-instruct|b,delta_pp:1,5.0757,3.2837,2.4086,7.8461,0.9563,selection,1.8088,True,unsafe,False
114,selection|microsoft/Phi-3.5-mini-instruct|b,delta_pp:1,2.3185,4.944,-1.5197,5.3513,0.9196,selection,2.3681,True,abstain,False
114,selection|Qwen/Qwen2.5-7B-Instruct|c,delta_pp:1,2.3382,1.8253,0.2037,4.2524,0.9113,selection,-0.384,False,abstain,False
114,selection|allenai/OLMo-2-1124-7B-Instruct|c,delta_pp:1,0.2725,5.4622,-3.7439,4.0243,0.8469,selection,1.2233,True,abstain,False
114,selection|ibm-granite/granite-3.3-8b-instruct|c,delta_pp:1,4.1784,3.0311,1.1648,7.1461,0.8505,selection,1.1876,True,unsafe,False
114,selection|microsoft/Phi-3.5-mini-instruct|c,delta_pp:1,3.6908,9.2072,-1.235,8.7788,0.9314,selection,3.7391,True,abstain,False
115,selection|Qwen/Qwen2.5-7B-Instruct|a,delta_pp:1,-0.2911,2.7803,-3.0023,2.4645,0.8431,selection,-0.401,False,abstain,False
115,selection|allenai/OLMo-2-1124-7B-Instruct|a,delta_pp:1,-0.3528,4.4304,-3.7971,3.0164,0.9328,selection,-0.8898,False,abstain,False
115,selection|ibm-granite/granite-3.3-8b-instruct|a,delta_pp:1,2.376,5.3027,-0.9916,6.1103,0.8328,selection,0.9105,False,abstain,False
115,selection|microsoft/Phi-3.5-mini-instruct|a,delta_pp:1,0.9853,4.7934,-2.2673,4.7002,0.9259,selection,1.8188,True,abstain,False
115,selection|Qwen/Qwen2.5-7B-Instruct|b,delta_pp:1,-0.2911,2.7803,-3.0023,2.4645,0.8431,selection,-0.5102,False,abstain,False
115,selection|allenai/OLMo-2-1124-7B-Instruct|b,delta_pp:1,3.6741,6.3435,-0.5068,7.4669,0.8741,selection,0.3366,False,abstain,False
115,selection|ibm-granite/granite-3.3-8b-instruct|b,delta_pp:1,-0.264,5.6336,-3.4089,4.035,0.8328,selection,1.8088,True,abstain,False
115,selection|microsoft/Phi-3.5-mini-instruct|b,delta_pp:1,-2.4135,6.8341,-6.2243,1.8749,0.9207,selection,2.3681,True,abstain,False
115,selection|Qwen/Qwen2.5-7B-Instruct|c,delta_pp:1,-0.2911,2.7803,-3.0023,2.4645,0.8431,selection,-0.384,False,abstain,False
115,selection|allenai/OLMo-2-1124-7B-Instruct|c,delta_pp:1,3.6741,6.2994,-1.0027,6.7638,0.8741,selection,1.2233,True,abstain,False
115,selection|ibm-granite/granite-3.3-8b-instruct|c,delta_pp:1,1.7024,4.2318,-1.2017,5.1325,0.8379,selection,1.1876,True,abstain,False
115,selection|microsoft/Phi-3.5-mini-instruct|c,delta_pp:1,-0.2895,7.9993,-4.5075,4.6787,0.9086,selection,3.7391,True,abstain,False
116,selection|Qwen/Qwen2.5-7B-Instruct|a,delta_pp:1,-1.3647,0.7388,-2.9847,-0.0666,0.9045,selection,-0.401,False,abstain,False
116,selection|allenai/OLMo-2-1124-7B-Instruct|a,delta_pp:1,-1.1021,7.2386,-5.6534,2.9065,0.8156,selection,-0.8898,False,abstain,False
116,selection|ibm-granite/granite-3.3-8b-instruct|a,delta_pp:1,0.4031,3.1298,-2.2514,3.3427,0.9252,selection,0.9105,False,abstain,False
116,selection|microsoft/Phi-3.5-mini-instruct|a,delta_pp:1,1.9117,7.5072,-2.331,6.8006,0.8433,selection,1.8188,True,abstain,False
116,selection|Qwen/Qwen2.5-7B-Instruct|b,delta_pp:1,-1.7018,0.8782,-3.3634,-0.4083,0.8732,selection,-0.5102,False,abstain,False
116,selection|allenai/OLMo-2-1124-7B-Instruct|b,delta_pp:1,3.4948,7.0998,-0.7523,7.477,0.8816,selection,0.3366,False,abstain,False
116,selection|ibm-granite/granite-3.3-8b-instruct|b,delta_pp:1,0.0659,2.7361,-2.4814,2.9488,0.8939,selection,1.8088,True,abstain,False
116,selection|microsoft/Phi-3.5-mini-instruct|b,delta_pp:1,6.6194,7.798,2.6606,10.7838,0.8988,selection,2.3681,True,unsafe,False
116,selection|Qwen/Qwen2.5-7B-Instruct|c,delta_pp:1,-1.7018,0.8891,-3.099,-0.2536,0.8732,selection,-0.384,False,abstain,False
116,selection|allenai/OLMo-2-1124-7B-Instruct|c,delta_pp:1,2.1422,7.6143,-1.8711,6.7163,0.8209,selection,1.2233,True,abstain,False
116,selection|ibm-granite/granite-3.3-8b-instruct|c,delta_pp:1,0.9055,2.1496,-2.0555,2.9429,0.8662,selection,1.1876,True,abstain,False
116,selection|microsoft/Phi-3.5-mini-instruct|c,delta_pp:1,6.1994,12.414,0.6798,11.9291,0.8759,selection,3.7391,True,abstain,False
117,selection|Qwen/Qwen2.5-7B-Instruct|a,delta_pp:1,-0.7377,2.7645,-3.4639,1.5088,0.8596,selection,-0.401,False,abstain,False
117,selection|allenai/OLMo-2-1124-7B-Instruct|a,delta_pp:1,-1.7545,7.3176,-6.4783,1.976,0.807,selection,-0.8898,False,abstain,False
117,selection|ibm-granite/granite-3.3-8b-instruct|a,delta_pp:1,-0.0929,6.19,-3.4977,4.1837,0.8789,selection,0.9105,False,abstain,False
117,selection|microsoft/Phi-3.5-mini-instruct|a,delta_pp:1,-0.5407,5.5702,-3.7952,3.7028,0.814,selection,1.8188,True,abstain,False
117,selection|Qwen/Qwen2.5-7B-Instruct|b,delta_pp:1,-2.555,3.8133,-6.5022,-0.2226,0.8228,selection,-0.5102,False,abstain,False
117,selection|allenai/OLMo-2-1124-7B-Instruct|b,delta_pp:1,0.0119,8.882,-4.1385,5.1841,0.8368,selection,0.3366,False,abstain,False
117,selection|ibm-granite/granite-3.3-8b-instruct|b,delta_pp:1,0.4459,6.6892,-3.6108,4.9137,0.9053,selection,1.8088,True,abstain,False
117,selection|microsoft/Phi-3.5-mini-instruct|b,delta_pp:1,3.1629,5.9315,-0.997,7.1629,0.8702,selection,2.3681,True,abstain,False
117,selection|Qwen/Qwen2.5-7B-Instruct|c,delta_pp:1,-1.9019,3.0391,-4.5744,0.9367,0.8246,selection,-0.384,False,abstain,False
117,selection|allenai/OLMo-2-1124-7B-Instruct|c,delta_pp:1,1.9064,9.1058,-2.6097,7.6536,0.8386,selection,1.2233,True,abstain,False
117,selection|ibm-granite/granite-3.3-8b-instruct|c,delta_pp:1,3.7745,5.3826,-0.3853,7.2967,0.8825,selection,1.1876,True,abstain,False
117,selection|microsoft/Phi-3.5-mini-instruct|c,delta_pp:1,2.7345,9.7678,-2.0147,8.0898,0.8158,selection,3.7391,True,abstain,False
118,selection|Qwen/Qwen2.5-7B-Instruct|a,delta_pp:1,1.2509,3.1508,-1.6602,3.9096,0.8055,selection,-0.401,False,abstain,False
118,selection|allenai/OLMo-2-1124-7B-Instruct|a,delta_pp:1,-2.0143,10.836,-7.9778,2.9258,0.805,selection,-0.8898,False,abstain,False
118,selection|ibm-granite/granite-3.3-8b-instruct|a,delta_pp:1,1.3199,5.1281,-2.2397,5.181,0.7949,selection,0.9105,False,abstain,True
118,selection|microsoft/Phi-3.5-mini-instruct|a,delta_pp:1,-1.2854,8.7855,-7.1048,2.958,0.7513,selection,1.8188,True,abstain,True
118,selection|Qwen/Qwen2.5-7B-Instruct|b,delta_pp:1,1.9109,3.3466,-1.0498,4.5275,0.8037,selection,-0.5102,False,abstain,False
118,selection|allenai/OLMo-2-1124-7B-Instruct|b,delta_pp:1,3.8907,10.7015,-0.4139,9.1783,0.7113,selection,0.3366,False,abstain,True
118,selection|ibm-granite/granite-3.3-8b-instruct|b,delta_pp:1,2.6053,5.7344,-0.3454,6.495,0.8173,selection,1.8088,True,abstain,False
118,selection|microsoft/Phi-3.5-mini-instruct|b,delta_pp:1,-1.9798,13.2256,-7.8474,3.4616,0.7685,selection,2.3681,True,abstain,True
118,selection|Qwen/Qwen2.5-7B-Instruct|c,delta_pp:1,1.2509,3.0671,-1.06,4.4313,0.8055,selection,-0.384,False,abstain,False
118,selection|allenai/OLMo-2-1124-7B-Instruct|c,delta_pp:1,7.9192,7.5944,3.0157,11.9324,0.7183,selection,1.2233,True,unsafe,True
118,selection|ibm-granite/granite-3.3-8b-instruct|c,delta_pp:1,0.6599,4.1386,-1.8415,3.9908,0.8002,selection,1.1876,True,abstain,False
118,selection|microsoft/Phi-3.5-mini-instruct|c,delta_pp:1,-2.6397,14.7616,-10.2886,3.4079,0.7632,selection,3.7391,True,abstain,True
119,selection|Qwen/Qwen2.5-7B-Instruct|a,delta_pp:1,0.6599,2.9326,-2.2937,3.4825,0.9287,selection,-0.401,False,abstain,False
119,selection|allenai/OLMo-2-1124-7B-Instruct|a,delta_pp:1,-3.8907,4.9514,-7.1944,-0.2557,0.8539,selection,-0.8898,False,abstain,False
119,selection|ibm-granite/granite-3.3-8b-instruct|a,delta_pp:1,-3.9596,4.9704,-7.6671,-0.1128,0.9199,selection,0.9105,False,abstain,False
119,selection|microsoft/Phi-3.5-mini-instruct|a,delta_pp:1,0.0345,6.68,-4.5847,4.2975,0.8869,selection,1.8188,True,abstain,False
119,selection|Qwen/Qwen2.5-7B-Instruct|b,delta_pp:1,0.6599,2.9326,-2.2937,3.4825,0.9287,selection,-0.5102,False,abstain,False
119,selection|allenai/OLMo-2-1124-7B-Instruct|b,delta_pp:1,-1.9109,7.7736,-5.6895,2.6012,0.8415,selection,0.3366,False,abstain,False
119,selection|ibm-granite/granite-3.3-8b-instruct|b,delta_pp:1,-2.6053,4.4947,-5.8336,0.8499,0.8904,selection,1.8088,True,abstain,False
119,selection|microsoft/Phi-3.5-mini-instruct|b,delta_pp:1,-2.6053,11.4572,-7.5394,2.7277,0.8693,selection,2.3681,True,abstain,False
119,selection|Qwen/Qwen2.5-7B-Instruct|c,delta_pp:1,-0.6599,3.0384,-3.6864,2.5217,0.9287,selection,-0.384,False,abstain,False
119,selection|allenai/OLMo-2-1124-7B-Instruct|c,delta_pp:1,-3.1963,6.7612,-6.9942,1.2097,0.8191,selection,1.2233,True,abstain,False
119,selection|ibm-granite/granite-3.3-8b-instruct|c,delta_pp:1,-1.9453,2.6835,-4.7003,0.5384,0.8957,selection,1.1876,True,abstain,False
119,selection|microsoft/Phi-3.5-mini-instruct|c,delta_pp:1,-1.9798,14.913,-7.8864,4.8474,0.8794,selection,3.7391,True,abstain,False
120,selection|Qwen/Qwen2.5-7B-Instruct|a,delta_pp:1,-1.9075,2.284,-3.9993,0.6437,0.7853,selection,-0.401,False,abstain,True
120,selection|allenai/OLMo-2-1124-7B-Instruct|a,delta_pp:1,-2.7851,5.6706,-5.9559,1.6638,0.707,selection,-0.8898,False,abstain,True
120,selection|ibm-granite/granite-3.3-8b-instruct|a,delta_pp:1,1.4954,4.5636,-1.7457,5.2904,0.92,selection,0.9105,False,abstain,False
120,selection|microsoft/Phi-3.5-mini-instruct|a,delta_pp:1,1.9318,4.925,-0.9564,5.1953,0.8888,selection,1.8188,True,abstain,False
120,selection|Qwen/Qwen2.5-7B-Instruct|b,delta_pp:1,-1.6585,2.2307,-3.6736,0.7554,0.8147,selection,-0.5102,False,abstain,False
120,selection|allenai/OLMo-2-1124-7B-Instruct|b,delta_pp:1,3.6266,5.8427,0.6144,7.7668,0.7676,selection,0.3366,False,abstain,True
120,selection|ibm-granite/granite-3.3-8b-instruct|b,delta_pp:1,3.3535,9.0801,-0.654,8.0593,0.8817,selection,1.8088,True,abstain,False
120,selection|microsoft/Phi-3.5-mini-instruct|b,delta_pp:1,3.019,7.8365,-1.3572,7.3377,0.9058,selection,2.3681,True,abstain,False
120,selection|Qwen/Qwen2.5-7B-Instruct|c,delta_pp:1,-2.1564,2.4219,-4.2212,0.4376,0.7559,selection,-0.384,False,abstain,True
120,selection|allenai/OLMo-2-1124-7B-Instruct|c,delta_pp:1,4.0525,9.862,-0.675,9.9613,0.6429,selection,1.2233,True,abstain,True
120,selection|ibm-granite/granite-3.3-8b-instruct|c,delta_pp:1,0.5957,3.3243,-2.2106,3.8168,0.8423,selection,1.1876,True,abstain,False
120,selection|microsoft/Phi-3.5-mini-instruct|c,delta_pp:1,5.9134,10.7948,0.3246,11.0167,0.8882,selection,3.7391,True,abstain,False
121,selection|Qwen/Qwen2.5-7B-Instruct|a,delta_pp:1,2.329,2.7214,0.0212,5.4827,0.8105,selection,-0.401,False,abstain,False
121,selection|allenai/OLMo-2-1124-7B-Instruct|a,delta_pp:1,2.2847,8.2127,-2.4607,6.4411,0.8136,selection,-0.8898,False,abstain,False
121,selection|ibm-granite/granite-3.3-8b-instruct|a,delta_pp:1,4.0007,4.2399,0.6528,7.0898,0.9068,selection,0.9105,False,abstain,False
121,selection|microsoft/Phi-3.5-mini-instruct|a,delta_pp:1,4.0895,4.4973,0.4731,6.9043,0.8225,selection,1.8188,True,abstain,False
121,selection|Qwen/Qwen2.5-7B-Instruct|b,delta_pp:1,0.6683,2.0065,-1.2961,2.9458,0.8385,selection,-0.5102,False,abstain,False
121,selection|allenai/OLMo-2-1124-7B-Instruct|b,delta_pp:1,6.706,9.1009,1.0359,10.314,0.8591,selection,0.3366,False,unsafe,False
121,selection|ibm-granite/granite-3.3-8b-instruct|b,delta_pp:1,6.5171,6.8213,2.1775,10.2821,0.9033,selection,1.8088,True,unsafe,False
121,selection|microsoft/Phi-3.5-mini-instruct|b,delta_pp:1,4.5303,8.5903,-0.1046,8.9074,0.8346,selection,2.3681,True,abstain,False
121,selection|Qwen/Qwen2.5-7B-Instruct|c,delta_pp:1,2.8439,2.9056,0.4008,5.9683,0.8631,selection,-0.384,False,abstain,False
121,selection|allenai/OLMo-2-1124-7B-Instruct|c,delta_pp:1,6.2441,9.491,-0.5817,9.9577,0.8136,selection,1.2233,True,abstain,False
121,selection|ibm-granite/granite-3.3-8b-instruct|c,delta_pp:1,3.7697,4.1158,0.8931,7.7515,0.8841,selection,1.1876,True,abstain,False
121,selection|microsoft/Phi-3.5-mini-instruct|c,delta_pp:1,9.9794,10.0087,4.7797,14.4476,0.8712,selection,3.7391,True,unsafe,False
122,selection|Qwen/Qwen2.5-7B-Instruct|a,delta_pp:1,1.3877,1.4288,-0.9049,3.1986,0.9312,selection,-0.401,False,abstain,False
122,selection|allenai/OLMo-2-1124-7B-Instruct|a,delta_pp:1,-2.0934,7.6985,-5.6376,2.4956,0.886,selection,-0.8898,False,abstain,False
122,selection|ibm-granite/granite-3.3-8b-instruct|a,delta_pp:1,1.1579,2.8106,-1.2215,4.4698,0.9674,selection,0.9105,False,abstain,False
122,selection|microsoft/Phi-3.5-mini-instruct|a,delta_pp:1,0.7366,4.5542,-2.6931,3.7765,0.9421,selection,1.8188,True,abstain,False
122,selection|Qwen/Qwen2.5-7B-Instruct|b,delta_pp:1,-0.9045,0.6013,-2.2331,0.2022,0.9765,selection,-0.5102,False,abstain,False
122,selection|allenai/OLMo-2-1124-7B-Instruct|b,delta_pp:1,4.4236,9.3741,-0.478,8.8402,0.8824,selection,0.3366,False,abstain,False
122,selection|ibm-granite/granite-3.3-8b-instruct|b,delta_pp:1,3.3927,5.1598,-0.4455,6.4597,0.9221,selection,1.8088,True,abstain,False
122,selection|microsoft/Phi-3.5-mini-instruct|b,delta_pp:1,2.3115,6.0471,-1.6173,6.0748,0.9149,selection,2.3681,True,abstain,False
122,selection|Qwen/Qwen2.5-7B-Instruct|c,delta_pp:1,-1.3589,0.8389,-3.0217,0.1121,0.9547,selection,-0.384,False,abstain,False
122,selection|allenai/OLMo-2-1124-7B-Instruct|c,delta_pp:1,1.4766,5.5989,-2.7173,5.3868,0.8515,selection,1.2233,True,abstain,False
122,selection|ibm-granite/granite-3.3-8b-instruct|c,delta_pp:1,2.1547,2.645,-0.3013,4.374,0.9258,selection,1.1876,True,abstain,False
122,selection|microsoft/Phi-3.5-mini-instruct|c,delta_pp:1,-0.3514,7.5442,-4.3853,4.4938,0.9168,selection,3.7391,True,abstain,False
123,selection|Qwen/Qwen2.5-7B-Instruct|a,delta_pp:1,-0.4143,0.4776,-1.6782,0.2987,0.9983,selection,-0.401,False,abstain,False
123,selection|allenai/OLMo-2-1124-7B-Instruct|a,delta_pp:1,1.3804,9.348,-2.7463,6.3435,0.7765,selection,-0.8898,False,abstain,True
123,selection|ibm-granite/granite-3.3-8b-instruct|a,delta_pp:1,2.2975,3.5584,-0.8374,5.2941,0.9846,selection,0.9105,False,abstain,False
123,selection|microsoft/Phi-3.5-mini-instruct|a,delta_pp:1,4.9914,5.6637,1.716,9.22,0.9743,selection,1.8188,True,unsafe,False
123,selection|Qwen/Qwen2.5-7B-Instruct|b,delta_pp:1,-0.4143,0.4776,-1.6782,0.2987,0.9983,selection,-0.5102,False,abstain,False
123,selection|allenai/OLMo-2-1124-7B-Instruct|b,delta_pp:1,2.4269,10.7995,-1.6173,8.8957,0.8305,selection,0.3366,False,abstain,False
123,selection|ibm-granite/granite-3.3-8b-instruct|b,delta_pp:1,0.6359,3.8774,-2.1178,3.7726,0.9221,selection,1.8088,True,abstain,False
123,selection|microsoft/Phi-3.5-mini-instruct|b,delta_pp:1,5.7143,7.9207,1.8274,10.577,0.9623,selection,2.3681,True,unsafe,False
123,selection|Qwen/Qwen2.5-7B-Instruct|c,delta_pp:1,-0.4143,0.4776,-1.6782,0.2987,0.9983,selection,-0.384,False,abstain,False
123,selection|allenai/OLMo-2-1124-7B-Instruct|c,delta_pp:1,2.4126,10.0709,-2.749,6.954,0.7038,selection,1.2233,True,abstain,True
123,selection|ibm-granite/granite-3.3-8b-instruct|c,delta_pp:1,0.618,3.368,-2.4072,3.7685,0.9255,selection,1.1876,True,abstain,False
123,selection|microsoft/Phi-3.5-mini-instruct|c,delta_pp:1,5.1171,10.2127,0.6043,10.6758,0.9503,selection,3.7391,True,abstain,False
124,selection|Qwen/Qwen2.5-7B-Instruct|a,delta_pp:1,0.976,4.2172,-1.9234,4.7363,0.8939,selection,-0.401,False,abstain,False
124,selection|allenai/OLMo-2-1124-7B-Instruct|a,delta_pp:1,1.8484,8.9114,-3.384,6.4957,0.7843,selection,-0.8898,False,abstain,True
124,selection|ibm-granite/granite-3.3-8b-instruct|a,delta_pp:1,2.9974,7.4186,-0.8684,7.787,0.8886,selection,0.9105,False,abstain,False
124,selection|microsoft/Phi-3.5-mini-instruct|a,delta_pp:1,3.3159,6.3732,-0.4108,7.2788,0.8486,selection,1.8188,True,abstain,False
124,selection|Qwen/Qwen2.5-7B-Instruct|b,delta_pp:1,0.5377,2.9768,-2.2532,3.6347,0.8662,selection,-0.5102,False,abstain,False
124,selection|allenai/OLMo-2-1124-7B-Instruct|b,delta_pp:1,2.0237,7.7091,-1.8606,6.8942,0.8451,selection,0.3366,False,abstain,False
124,selection|ibm-granite/granite-3.3-8b-instruct|b,delta_pp:1,3.6711,7.5395,-0.2787,8.303,0.8869,selection,1.8088,True,abstain,False
124,selection|microsoft/Phi-3.5-mini-instruct|b,delta_pp:1,6.0664,9.6727,1.4837,11.3482,0.8345,selection,2.3681,True,unsafe,False
124,selection|Qwen/Qwen2.5-7B-Instruct|c,delta_pp:1,-0.7545,5.2891,-4.4364,2.4768,0.8627,selection,-0.384,False,abstain,False
124,selection|allenai/OLMo-2-1124-7B-Instruct|c,delta_pp:1,3.4266,10.1255,-1.2701,8.3098,0.8345,selection,1.2233,True,abstain,False
124,selection|ibm-granite/granite-3.3-8b-instruct|c,delta_pp:1,2.5867,6.6712,-1.2098,7.5813,0.8574,selection,1.1876,True,abstain,False
124,selection|microsoft/Phi-3.5-mini-instruct|c,delta_pp:1,6.9063,13.7859,-0.2843,12.3035,0.8116,selection,3.7391,True,abstain,False
125,selection|Qwen/Qwen2.5-7B-Instruct|a,delta_pp:1,3.6354,3.6861,0.6441,6.9398,0.88,selection,-0.401,False,abstain,False
125,selection|allenai/OLMo-2-1124-7B-Instruct|a,delta_pp:1,3.4878,7.3457,-1.3036,7.0141,0.7807,selection,-0.8898,False,abstain,True
125,selection|ibm-granite/granite-3.3-8b-instruct|a,delta_pp:1,3.1218,4.3642,-0.5282,6.1474,0.9285,selection,0.9105,False,abstain,False
125,selection|microsoft/Phi-3.5-mini-instruct|a,delta_pp:1,5.521,5.8621,1.7384,9.2721,0.8363,selection,1.8188,True,unsafe,False
125,selection|Qwen/Qwen2.5-7B-Instruct|b,delta_pp:1,3.2555,3.5424,0.4676,5.9909,0.7985,selection,-0.5102,False,abstain,True
125,selection|allenai/OLMo-2-1124-7B-Instruct|b,delta_pp:1,4.8541,7.0223,0.6722,9.5085,0.7772,selection,0.3366,False,abstain,True
125,selection|ibm-granite/granite-3.3-8b-instruct|b,delta_pp:1,6.3076,6.4238,2.5465,9.9444,0.8694,selection,1.8088,True,unsafe,False
125,selection|microsoft/Phi-3.5-mini-instruct|b,delta_pp:1,2.7477,6.8714,-1.0351,7.3084,0.8552,selection,2.3681,True,abstain,False
125,selection|Qwen/Qwen2.5-7B-Instruct|c,delta_pp:1,3.5587,4.0295,0.1641,6.4473,0.8262,selection,-0.384,False,abstain,False
125,selection|allenai/OLMo-2-1124-7B-Instruct|c,delta_pp:1,8.5568,9.936,2.4447,12.7865,0.7459,selection,1.2233,True,unsafe,True
125,selection|ibm-granite/granite-3.3-8b-instruct|c,delta_pp:1,4.5916,5.164,1.3079,8.3062,0.8487,selection,1.1876,True,unsafe,False
125,selection|microsoft/Phi-3.5-mini-instruct|c,delta_pp:1,4.9366,10.6321,0.0352,10.156,0.8392,selection,3.7391,True,abstain,False
126,selection|Qwen/Qwen2.5-7B-Instruct|a,delta_pp:1,-1.9867,1.3814,-3.984,-0.3912,0.9393,selection,-0.401,False,abstain,False
126,selection|allenai/OLMo-2-1124-7B-Instruct|a,delta_pp:1,-6.309,9.0655,-11.519,-1.5441,0.5785,selection,-0.8898,False,unsafe,True
126,selection|ibm-granite/granite-3.3-8b-instruct|a,delta_pp:1,0.0496,3.2114,-2.9277,2.9842,0.9307,selection,0.9105,False,abstain,False
126,selection|microsoft/Phi-3.5-mini-instruct|a,delta_pp:1,0.1172,5.3743,-3.6239,4.0475,0.9204,selection,1.8188,True,abstain,False
126,selection|Qwen/Qwen2.5-7B-Instruct|b,delta_pp:1,-2.2746,2.0625,-4.873,0.1198,0.8803,selection,-0.5102,False,abstain,False
126,selection|allenai/OLMo-2-1124-7B-Instruct|b,delta_pp:1,-2.7377,8.7577,-8.3611,1.0833,0.7451,selection,0.3366,False,abstain,True
126,selection|ibm-granite/granite-3.3-8b-instruct|b,delta_pp:1,-0.5766,4.0876,-3.6927,2.5205,0.9255,selection,1.8088,True,abstain,False
126,selection|microsoft/Phi-3.5-mini-instruct|b,delta_pp:1,6.6255,8.8215,2.0425,10.9074,0.9066,selection,2.3681,True,unsafe,False
126,selection|Qwen/Qwen2.5-7B-Instruct|c,delta_pp:1,-2.325,1.6948,-4.5606,-0.4562,0.9931,selection,-0.384,False,abstain,False
126,selection|allenai/OLMo-2-1124-7B-Instruct|c,delta_pp:1,-2.422,8.1177,-7.2168,1.5999,0.6947,selection,1.2233,True,abstain,True
126,selection|ibm-granite/granite-3.3-8b-instruct|c,delta_pp:1,-1.3154,1.6758,-3.1633,0.9168,0.9376,selection,1.1876,True,abstain,False
126,selection|microsoft/Phi-3.5-mini-instruct|c,delta_pp:1,7.879,11.3655,1.6891,12.6443,0.9467,selection,3.7391,True,unsafe,False
127,selection|Qwen/Qwen2.5-7B-Instruct|a,delta_pp:1,-0.1489,3.826,-3.6833,3.2051,0.8179,selection,-0.401,False,abstain,False
127,selection|allenai/OLMo-2-1124-7B-Instruct|a,delta_pp:1,3.3789,11.5594,-2.3596,8.5724,0.7107,selection,-0.8898,False,abstain,True
127,selection|ibm-granite/granite-3.3-8b-instruct|a,delta_pp:1,3.0592,5.925,-0.4618,7.7648,0.8589,selection,0.9105,False,abstain,False
127,selection|microsoft/Phi-3.5-mini-instruct|a,delta_pp:1,6.497,6.5686,2.3425,10.9135,0.8,selection,1.8188,True,unsafe,False
127,selection|Qwen/Qwen2.5-7B-Instruct|b,delta_pp:1,-0.8473,2.5415,-3.1825,1.7802,0.8464,selection,-0.5102,False,abstain,False
127,selection|allenai/OLMo-2-1124-7B-Instruct|b,delta_pp:1,5.4349,12.054,-0.1036,11.0451,0.6893,selection,0.3366,False,abstain,True
127,selection|ibm-granite/granite-3.3-8b-instruct|b,delta_pp:1,3.7727,6.2666,0.1133,7.5618,0.8107,selection,1.8088,True,abstain,False
127,selection|microsoft/Phi-3.5-mini-instruct|b,delta_pp:1,7.1652,11.2591,1.919,12.5257,0.8107,selection,2.3681,True,unsafe,False
127,selection|Qwen/Qwen2.5-7B-Instruct|c,delta_pp:1,-0.8379,3.0445,-3.6961,2.3532,0.8429,selection,-0.384,False,abstain,False
127,selection|allenai/OLMo-2-1124-7B-Instruct|c,delta_pp:1,1.4568,7.974,-3.0865,5.4989,0.6964,selection,1.2233,True,abstain,True
127,selection|ibm-granite/granite-3.3-8b-instruct|c,delta_pp:1,3.7389,6.4752,0.2641,8.0977,0.8375,selection,1.1876,True,abstain,False
127,selection|microsoft/Phi-3.5-mini-instruct|c,delta_pp:1,7.8672,12.6462,1.688,12.6744,0.7946,selection,3.7391,True,unsafe,True
128,selection|Qwen/Qwen2.5-7B-Instruct|a,delta_pp:1,1.288,1.2597,-0.5574,3.146,0.8444,selection,-0.401,False,abstain,False
128,selection|allenai/OLMo-2-1124-7B-Instruct|a,delta_pp:1,-2.0342,3.1812,-4.3456,1.2512,0.8689,selection,-0.8898,False,abstain,False
128,selection|ibm-granite/granite-3.3-8b-instruct|a,delta_pp:1,2.9084,4.1995,-0.4585,6.5943,0.9459,selection,0.9105,False,abstain,False
128,selection|microsoft/Phi-3.5-mini-instruct|a,delta_pp:1,0.2192,4.3139,-3.0276,3.8849,0.827,selection,1.8188,True,abstain,False
128,selection|Qwen/Qwen2.5-7B-Instruct|b,delta_pp:1,1.288,1.2597,-0.5574,3.146,0.8444,selection,-0.5102,False,abstain,False
128,selection|allenai/OLMo-2-1124-7B-Instruct|b,delta_pp:1,1.6935,6.8192,-2.3507,6.3861,0.7501,selection,0.3366,False,abstain,True
128,selection|ibm-granite/granite-3.3-8b-instruct|b,delta_pp:1,1.2724,4.106,-2.0144,4.5603,0.8672,selection,1.8088,True,abstain,False
128,selection|microsoft/Phi-3.5-mini-instruct|b,delta_pp:1,-0.1041,4.6394,-3.4084,3.3347,0.9004,selection,2.3681,True,abstain,False
128,selection|Qwen/Qwen2.5-7B-Instruct|c,delta_pp:1,1.4633,1.4995,-0.6122,3.5285,0.8042,selection,-0.384,False,abstain,False
128,selection|allenai/OLMo-2-1124-7B-Instruct|c,delta_pp:1,-0.2658,7.7095,-5.1336,3.882,0.7448,selection,1.2233,True,abstain,True
128,selection|ibm-granite/granite-3.3-8b-instruct|c,delta_pp:1,0.8102,2.3011,-1.1177,3.4974,0.8025,selection,1.1876,True,abstain,False
128,selection|microsoft/Phi-3.5-mini-instruct|c,delta_pp:1,3.2436,6.7989,-1.0141,7.2904,0.8882,selection,3.7391,True,abstain,False
129,selection|Qwen/Qwen2.5-7B-Instruct|a,delta_pp:1,-0.831,1.1737,-2.6632,1.0521,0.9251,selection,-0.401,False,abstain,False
129,selection|allenai/OLMo-2-1124-7B-Instruct|a,delta_pp:1,-2.6917,8.341,-6.757,2.7016,0.9023,selection,-0.8898,False,abstain,False
129,selection|ibm-granite/granite-3.3-8b-instruct|a,delta_pp:1,3.7449,3.5174,0.5535,6.0976,0.9163,selection,0.9105,False,abstain,False
129,selection|microsoft/Phi-3.5-mini-instruct|a,delta_pp:1,0.056,5.5378,-3.4812,3.5099,0.8989,selection,1.8188,True,abstain,False
129,selection|Qwen/Qwen2.5-7B-Instruct|b,delta_pp:1,-0.831,1.1737,-2.6632,1.0521,0.9251,selection,-0.5102,False,abstain,False
129,selection|allenai/OLMo-2-1124-7B-Instruct|b,delta_pp:1,-4.2653,7.3225,-8.6701,-0.1394,0.8292,selection,0.3366,False,abstain,False
129,selection|ibm-granite/granite-3.3-8b-instruct|b,delta_pp:1,3.9526,4.1685,0.9046,6.9601,0.8789,selection,1.8088,True,abstain,False
129,selection|microsoft/Phi-3.5-mini-instruct|b,delta_pp:1,2.0817,9.8683,-2.8103,6.798,0.8901,selection,2.3681,True,abstain,False
129,selection|Qwen/Qwen2.5-7B-Instruct|c,delta_pp:1,-0.1803,0.7528,-1.7012,1.3171,0.9268,selection,-0.384,False,abstain,False
129,selection|allenai/OLMo-2-1124-7B-Instruct|c,delta_pp:1,-0.7567,8.9198,-5.3088,4.6262,0.7595,selection,1.2233,True,abstain,True
129,selection|ibm-granite/granite-3.3-8b-instruct|c,delta_pp:1,3.2652,2.926,0.5375,5.9663,0.8841,selection,1.1876,True,abstain,False
129,selection|microsoft/Phi-3.5-mini-instruct|c,delta_pp:1,6.7472,8.1826,2.7773,11.6558,0.8814,selection,3.7391,True,unsafe,False
130,selection|Qwen/Qwen2.5-7B-Instruct|a,delta_pp:1,0.443,3.2806,-2.1644,3.4332,0.8144,selection,-0.401,False,abstain,False
130,selection|allenai/OLMo-2-1124-7B-Instruct|a,delta_pp:1,-0.1691,8.8912,-4.999,4.9669,0.7882,selection,-0.8898,False,abstain,True
130,selection|ibm-granite/granite-3.3-8b-instruct|a,delta_pp:1,4.3498,4.3061,1.1142,7.8225,0.8074,selection,0.9105,False,unsafe,False
130,selection|microsoft/Phi-3.5-mini-instruct|a,delta_pp:1,1.8546,6.9426,-1.8391,6.2295,0.797,selection,1.8188,True,abstain,True
130,selection|Qwen/Qwen2.5-7B-Instruct|b,delta_pp:1,1.1121,3.8243,-2.0514,4.3077,0.8127,selection,-0.5102,False,abstain,False
130,selection|allenai/OLMo-2-1124-7B-Instruct|b,delta_pp:1,4.8386,6.0286,1.1706,8.7129,0.7185,selection,0.3366,False,unsafe,True
130,selection|ibm-granite/granite-3.3-8b-instruct|b,delta_pp:1,1.9361,6.6462,-2.3698,5.9994,0.7665,selection,1.8088,True,abstain,True
130,selection|microsoft/Phi-3.5-mini-instruct|b,delta_pp:1,2.5603,10.0328,-2.9736,7.3625,0.7882,selection,2.3681,True,abstain,True
130,selection|Qwen/Qwen2.5-7B-Instruct|c,delta_pp:1,1.4197,3.9162,-1.6483,4.89,0.7413,selection,-0.384,False,abstain,True
130,selection|allenai/OLMo-2-1124-7B-Instruct|c,delta_pp:1,3.4637,5.7941,0.3205,7.4408,0.729,selection,1.2233,True,abstain,True
130,selection|ibm-granite/granite-3.3-8b-instruct|c,delta_pp:1,3.9699,3.3217,1.1246,7.1429,0.7413,selection,1.1876,True,unsafe,True
130,selection|microsoft/Phi-3.5-mini-instruct|c,delta_pp:1,4.8763,13.9375,-0.9408,10.9216,0.8457,selection,3.7391,True,abstain,False
131,selection|Qwen/Qwen2.5-7B-Instruct|a,delta_pp:1,0.796,1.3928,-1.2123,2.5777,0.9949,selection,-0.401,False,abstain,False
131,selection|allenai/OLMo-2-1124-7B-Instruct|a,delta_pp:1,-2.9178,6.4932,-6.7679,1.7022,0.9101,selection,-0.8898,False,abstain,False
131,selection|ibm-granite/granite-3.3-8b-instruct|a,delta_pp:1,0.1584,3.5711,-3.179,2.8418,0.9863,selection,0.9105,False,abstain,False
131,selection|microsoft/Phi-3.5-mini-instruct|a,delta_pp:1,0.8499,8.3877,-3.3016,5.772,0.9743,selection,1.8188,True,abstain,False
131,selection|Qwen/Qwen2.5-7B-Instruct|b,delta_pp:1,0.1405,1.688,-2.0808,2.0776,0.9932,selection,-0.5102,False,abstain,False
131,selection|allenai/OLMo-2-1124-7B-Instruct|b,delta_pp:1,1.0422,7.8747,-3.4603,6.2163,0.9101,selection,0.3366,False,abstain,False
131,selection|ibm-granite/granite-3.3-8b-instruct|b,delta_pp:1,1.0153,4.0424,-2.2911,4.0716,0.9204,selection,1.8088,True,abstain,False
131,selection|microsoft/Phi-3.5-mini-instruct|b,delta_pp:1,-0.2778,7.9768,-4.4952,4.3579,0.9101,selection,2.3681,True,abstain,False
131,selection|Qwen/Qwen2.5-7B-Instruct|c,delta_pp:1,0.1315,0.8713,-1.8508,1.4126,0.9966,selection,-0.384,False,abstain,False
131,selection|allenai/OLMo-2-1124-7B-Instruct|c,delta_pp:1,3.6732,5.3285,0.8346,8.1325,0.9135,selection,1.2233,True,abstain,False
131,selection|ibm-granite/granite-3.3-8b-instruct|c,delta_pp:1,0.796,1.0725,-1.1024,2.2639,0.9949,selection,1.1876,True,abstain,False
131,selection|microsoft/Phi-3.5-mini-instruct|c,delta_pp:1,1.5772,16.8199,-5.1295,8.0813,0.9486,selection,3.7391,True,abstain,False
132,selection|Qwen/Qwen2.5-7B-Instruct|a,delta_pp:1,-2.4046,1.9335,-4.5434,-0.6034,0.8519,selection,-0.401,False,abstain,False
132,selection|allenai/OLMo-2-1124-7B-Instruct|a,delta_pp:1,-2.9637,7.2105,-7.3808,1.5696,0.8327,selection,-0.8898,False,abstain,False
132,selection|ibm-granite/granite-3.3-8b-instruct|a,delta_pp:1,2.7223,3.9514,-0.872,5.4546,0.8789,selection,0.9105,False,abstain,False
132,selection|microsoft/Phi-3.5-mini-instruct|a,delta_pp:1,0.9594,5.2572,-3.3623,3.7689,0.8397,selection,1.8188,True,abstain,False
132,selection|Qwen/Qwen2.5-7B-Instruct|b,delta_pp:1,-1.2924,1.5202,-3.3754,0.2921,0.8894,selection,-0.5102,False,abstain,False
132,selection|allenai/OLMo-2-1124-7B-Instruct|b,delta_pp:1,-1.4992,8.6496,-6.6061,2.419,0.8222,selection,0.3366,False,abstain,False
132,selection|ibm-granite/granite-3.3-8b-instruct|b,delta_pp:1,0.7333,3.5818,-2.7769,3.4539,0.8806,selection,1.8088,True,abstain,False
132,selection|microsoft/Phi-3.5-mini-instruct|b,delta_pp:1,1.4757,6.6735,-3.1016,5.0744,0.8649,selection,2.3681,True,abstain,False
132,selection|Qwen/Qwen2.5-7B-Instruct|c,delta_pp:1,-1.2924,1.5202,-3.3754,0.2921,0.8894,selection,-0.384,False,abstain,False
132,selection|allenai/OLMo-2-1124-7B-Instruct|c,delta_pp:1,-4.4822,8.8783,-9.3574,-0.1751,0.749,selection,1.2233,True,abstain,True
132,selection|ibm-granite/granite-3.3-8b-instruct|c,delta_pp:1,0.443,2.4224,-2.3875,2.6216,0.8144,selection,1.1876,True,abstain,False
132,selection|microsoft/Phi-3.5-mini-instruct|c,delta_pp:1,1.5674,8.8754,-3.1833,6.6733,0.8474,selection,3.7391,True,abstain,False
133,selection|Qwen/Qwen2.5-7B-Instruct|a,delta_pp:1,-1.4536,3.3806,-4.4189,1.4845,0.8078,selection,-0.401,False,abstain,False
133,selection|allenai/OLMo-2-1124-7B-Instruct|a,delta_pp:1,-1.3667,6.9043,-5.6807,2.373,0.7416,selection,-0.8898,False,abstain,True
133,selection|ibm-granite/granite-3.3-8b-instruct|a,delta_pp:1,1.4668,5.5361,-2.0887,4.533,0.8429,selection,0.9105,False,abstain,False
133,selection|microsoft/Phi-3.5-mini-instruct|a,delta_pp:1,3.3907,7.4317,-0.8828,7.262,0.7888,selection,1.8188,True,abstain,True
133,selection|Qwen/Qwen2.5-7B-Instruct|b,delta_pp:1,-0.8141,2.6489,-3.6013,1.4845,0.8095,selection,-0.5102,False,abstain,False
133,selection|allenai/OLMo-2-1124-7B-Instruct|b,delta_pp:1,2.6695,7.1715,-1.4821,7.2604,0.794,selection,0.3366,False,abstain,True
133,selection|ibm-granite/granite-3.3-8b-instruct|b,delta_pp:1,1.5076,5.8714,-2.7146,5.9161,0.8394,selection,1.8088,True,abstain,False
133,selection|microsoft/Phi-3.5-mini-instruct|b,delta_pp:1,2.2288,8.2149,-2.0095,7.4682,0.8342,selection,2.3681,True,abstain,False
133,selection|Qwen/Qwen2.5-7B-Instruct|c,delta_pp:1,-0.0929,4.0221,-3.0403,2.8446,0.8043,selection,-0.384,False,abstain,False
133,selection|allenai/OLMo-2-1124-7B-Instruct|c,delta_pp:1,1.2679,5.1489,-2.7455,4.7122,0.8009,selection,1.2233,True,abstain,False
133,selection|ibm-granite/granite-3.3-8b-instruct|c,delta_pp:1,2.5878,4.9298,-0.7487,6.0501,0.8009,selection,1.1876,True,abstain,False
133,selection|microsoft/Phi-3.5-mini-instruct|c,delta_pp:1,2.3513,9.0027,-2.0356,7.5793,0.8238,selection,3.7391,True,abstain,False
134,selection|Qwen/Qwen2.5-7B-Instruct|a,delta_pp:1,1.4537,1.7491,-0.0502,3.8162,0.9563,selection,-0.401,False,abstain,False
134,selection|allenai/OLMo-2-1124-7B-Instruct|a,delta_pp:1,2.1433,7.3191,-2.1252,5.9954,0.9337,selection,-0.8898,False,abstain,False
134,selection|ibm-granite/granite-3.3-8b-instruct|a,delta_pp:1,0.7194,2.9651,-1.4149,4.0707,0.9878,selection,0.9105,False,abstain,False
134,selection|microsoft/Phi-3.5-mini-instruct|a,delta_pp:1,6.1843,7.0655,2.3985,10.9609,0.8969,selection,1.8188,True,unsafe,False
134,selection|Qwen/Qwen2.5-7B-Instruct|b,delta_pp:1,-1.1004,2.4496,-3.1988,1.9202,0.9161,selection,-0.5102,False,abstain,False
134,selection|allenai/OLMo-2-1124-7B-Instruct|b,delta_pp:1,4.1301,7.657,0.2337,9.5764,0.9284,selection,0.3366,False,abstain,False
134,selection|ibm-granite/granite-3.3-8b-instruct|b,delta_pp:1,2.7061,3.7298,-0.7337,6.1981,0.9826,selection,1.8088,True,abstain,False
134,selection|microsoft/Phi-3.5-mini-instruct|b,delta_pp:1,6.8419,7.2207,2.2482,11.3486,0.8987,selection,2.3681,True,unsafe,False
134,selection|Qwen/Qwen2.5-7B-Instruct|c,delta_pp:1,0.7914,1.4137,-0.7313,3.243,0.9581,selection,-0.384,False,abstain,False
134,selection|allenai/OLMo-2-1124-7B-Instruct|c,delta_pp:1,4.1255,7.7244,0.2069,8.2054,0.9319,selection,1.2233,True,abstain,False
134,selection|ibm-granite/granite-3.3-8b-instruct|c,delta_pp:1,2.0348,2.7656,-0.5745,4.6244,0.9913,selection,1.1876,True,abstain,False
134,selection|microsoft/Phi-3.5-mini-instruct|c,delta_pp:1,6.8556,8.5588,2.0377,12.6559,0.8882,selection,3.7391,True,unsafe,False
135,selection|Qwen/Qwen2.5-7B-Instruct|a,delta_pp:1,0.7388,3.5493,-1.85,4.1204,0.8467,selection,-0.401,False,abstain,False
135,selection|allenai/OLMo-2-1124-7B-Instruct|a,delta_pp:1,-1.9166,10.844,-7.3418,2.721,0.7882,selection,-0.8898,False,abstain,True
135,selection|ibm-granite/granite-3.3-8b-instruct|a,delta_pp:1,2.9224,6.2241,-1.4895,6.4522,0.9058,selection,0.9105,False,abstain,False
135,selection|microsoft/Phi-3.5-mini-instruct|a,delta_pp:1,-0.382,6.0942,-4.1364,3.6987,0.9041,selection,1.8188,True,abstain,False
135,selection|Qwen/Qwen2.5-7B-Instruct|b,delta_pp:1,0.1968,3.3015,-2.5911,2.8492,0.8824,selection,-0.5102,False,abstain,False
135,selection|allenai/OLMo-2-1124-7B-Instruct|b,delta_pp:1,2.8026,9.8042,-2.1741,8.0054,0.8169,selection,0.3366,False,abstain,False
135,selection|ibm-granite/granite-3.3-8b-instruct|b,delta_pp:1,4.1198,5.2775,0.706,7.933,0.8684,selection,1.8088,True,abstain,False
135,selection|microsoft/Phi-3.5-mini-instruct|b,delta_pp:1,2.8949,9.799,-1.8789,7.6697,0.8954,selection,2.3681,True,abstain,False
135,selection|Qwen/Qwen2.5-7B-Instruct|c,delta_pp:1,2.0679,2.5089,-0.4248,4.2786,0.8501,selection,-0.384,False,abstain,False
135,selection|allenai/OLMo-2-1124-7B-Instruct|c,delta_pp:1,-1.8266,10.7896,-7.1931,3.8597,0.7917,selection,1.2233,True,abstain,True
135,selection|ibm-granite/granite-3.3-8b-instruct|c,delta_pp:1,0.2269,4.5795,-3.4557,3.3334,0.8414,selection,1.1876,True,abstain,False
135,selection|microsoft/Phi-3.5-mini-instruct|c,delta_pp:1,-0.4736,17.0496,-6.0503,7.3887,0.8691,selection,3.7391,True,abstain,False
136,selection|Qwen/Qwen2.5-7B-Instruct|a,delta_pp:1,-1.3982,4.3519,-4.6317,2.3418,0.8522,selection,-0.401,False,abstain,False
136,selection|allenai/OLMo-2-1124-7B-Instruct|a,delta_pp:1,-11.94,8.4713,-16.6357,-7.8831,0.7772,selection,-0.8898,False,unsafe,True
136,selection|ibm-granite/granite-3.3-8b-instruct|a,delta_pp:1,-1.0699,4.5424,-4.6514,1.958,0.9025,selection,0.9105,False,abstain,False
136,selection|microsoft/Phi-3.5-mini-instruct|a,delta_pp:1,-1.6793,7.4599,-5.55,3.356,0.8865,selection,1.8188,True,abstain,False
136,selection|Qwen/Qwen2.5-7B-Instruct|b,delta_pp:1,-2.4798,4.5744,-5.8615,1.2326,0.8227,selection,-0.5102,False,abstain,False
136,selection|allenai/OLMo-2-1124-7B-Instruct|b,delta_pp:1,-8.1157,8.8347,-13.2832,-3.803,0.8032,selection,0.3366,False,unsafe,False
136,selection|ibm-granite/granite-3.3-8b-instruct|b,delta_pp:1,2.4068,5.85,-1.0444,6.7388,0.8712,selection,1.8088,True,abstain,False
136,selection|microsoft/Phi-3.5-mini-instruct|b,delta_pp:1,-0.8747,9.1507,-5.506,4.5828,0.8777,selection,2.3681,True,abstain,False
136,selection|Qwen/Qwen2.5-7B-Instruct|c,delta_pp:1,-1.8339,3.8607,-5.2029,0.891,0.8245,selection,-0.384,False,abstain,False
136,selection|allenai/OLMo-2-1124-7B-Instruct|c,delta_pp:1,-7.489,8.4265,-11.5773,-2.806,0.7979,selection,1.2233,True,unsafe,True
136,selection|ibm-granite/granite-3.3-8b-instruct|c,delta_pp:1,2.1408,5.1603,-1.8769,5.5402,0.9043,selection,1.1876,True,abstain,False
136,selection|microsoft/Phi-3.5-mini-instruct|c,delta_pp:1,-1.7309,9.6434,-6.1275,3.757,0.9019,selection,3.7391,True,abstain,False
137,selection|Qwen/Qwen2.5-7B-Instruct|a,delta_pp:1,-1.0288,1.3023,-3.0718,0.5979,0.9115,selection,-0.401,False,abstain,False
137,selection|allenai/OLMo-2-1124-7B-Instruct|a,delta_pp:1,-5.7279,10.3205,-10.9421,-0.9587,0.8368,selection,-0.8898,False,abstain,False
137,selection|ibm-granite/granite-3.3-8b-instruct|a,delta_pp:1,1.693,4.2117,-1.2401,5.1867,0.901,selection,0.9105,False,abstain,False
137,selection|microsoft/Phi-3.5-mini-instruct|a,delta_pp:1,-1.2271,5.6339,-4.452,3.4385,0.9375,selection,1.8188,True,abstain,False
137,selection|Qwen/Qwen2.5-7B-Instruct|b,delta_pp:1,-1.7063,2.0563,-4.1873,0.3786,0.8281,selection,-0.5102,False,abstain,False
137,selection|allenai/OLMo-2-1124-7B-Instruct|b,delta_pp:1,-0.8103,9.3185,-5.5245,4.7277,0.8837,selection,0.3366,False,abstain,False
137,selection|ibm-granite/granite-3.3-8b-instruct|b,delta_pp:1,-0.246,5.4939,-3.5695,4.2543,0.8958,selection,1.8088,True,abstain,False
137,selection|microsoft/Phi-3.5-mini-instruct|b,delta_pp:1,-0.8064,5.5374,-4.3251,2.8978,0.9688,selection,2.3681,True,abstain,False
137,selection|Qwen/Qwen2.5-7B-Instruct|c,delta_pp:1,-2.999,2.4252,-5.6773,-0.6556,0.8247,selection,-0.384,False,abstain,False
137,selection|allenai/OLMo-2-1124-7B-Instruct|c,delta_pp:1,-2.4144,11.029,-7.7099,3.3127,0.8351,selection,1.2233,True,abstain,False
137,selection|ibm-granite/granite-3.3-8b-instruct|c,delta_pp:1,0.3184,2.2917,-2.1045,2.8076,0.908,selection,1.1876,True,abstain,False
137,selection|microsoft/Phi-3.5-mini-instruct|c,delta_pp:1,-2.3832,7.2956,-6.4459,2.0728,0.9167,selection,3.7391,True,abstain,False
138,selection|Qwen/Qwen2.5-7B-Instruct|a,delta_pp:1,-1.5668,2.2978,-4.4353,0.4324,0.9391,selection,-0.401,False,abstain,False
138,selection|allenai/OLMo-2-1124-7B-Instruct|a,delta_pp:1,-0.4497,9.7472,-5.5231,5.2092,0.857,selection,-0.8898,False,abstain,False
138,selection|ibm-granite/granite-3.3-8b-instruct|a,delta_pp:1,0.9605,3.6872,-1.7932,4.4263,0.958,selection,0.9105,False,abstain,False
138,selection|microsoft/Phi-3.5-mini-instruct|a,delta_pp:1,-1.9749,5.7438,-5.8269,1.6642,0.8936,selection,1.8188,True,abstain,False
138,selection|Qwen/Qwen2.5-7B-Instruct|b,delta_pp:1,-2.969,2.2206,-5.9071,-1.1152,0.9651,selection,-0.5102,False,unsafe,False
138,selection|allenai/OLMo-2-1124-7B-Instruct|b,delta_pp:1,0.2495,8.3734,-4.7029,4.9666,0.8623,selection,0.3366,False,abstain,False
138,selection|ibm-granite/granite-3.3-8b-instruct|b,delta_pp:1,2.9681,5.0322,-0.6552,6.5417,0.9527,selection,1.8088,True,abstain,False
138,selection|microsoft/Phi-3.5-mini-instruct|b,delta_pp:1,-2.0387,7.7027,-6.6771,1.6722,0.9161,selection,2.3681,True,abstain,False
138,selection|Qwen/Qwen2.5-7B-Instruct|c,delta_pp:1,-0.6471,3.2627,-4.1652,1.9773,0.8818,selection,-0.384,False,abstain,False
138,selection|allenai/OLMo-2-1124-7B-Instruct|c,delta_pp:1,1.3712,8.0055,-2.7377,5.8562,0.8848,selection,1.2233,True,abstain,False
138,selection|ibm-granite/granite-3.3-8b-instruct|c,delta_pp:1,0.3399,2.2549,-1.8074,3.1874,0.9634,selection,1.1876,True,abstain,False
138,selection|microsoft/Phi-3.5-mini-instruct|c,delta_pp:1,1.4269,12.7902,-4.138,8.2922,0.8741,selection,3.7391,True,abstain,False
139,selection|Qwen/Qwen2.5-7B-Instruct|a,delta_pp:1,-0.2623,0.153,-0.9233,0.2307,0.9444,selection,-0.401,False,safe,False
139,selection|allenai/OLMo-2-1124-7B-Instruct|a,delta_pp:1,3.5484,7.2035,-0.5623,7.7578,0.7537,selection,-0.8898,False,abstain,True
139,selection|ibm-granite/granite-3.3-8b-instruct|a,delta_pp:1,1.7785,3.6563,-1.4978,4.6253,0.929,selection,0.9105,False,abstain,False
139,selection|microsoft/Phi-3.5-mini-instruct|a,delta_pp:1,3.2391,7.4883,-1.2701,8.1526,0.8614,selection,1.8188,True,abstain,False
139,selection|Qwen/Qwen2.5-7B-Instruct|b,delta_pp:1,-0.2623,0.153,-0.9233,0.2307,0.9444,selection,-0.5102,False,safe,False
139,selection|allenai/OLMo-2-1124-7B-Instruct|b,delta_pp:1,0.8219,7.4676,-3.6919,4.6868,0.8076,selection,0.3366,False,abstain,False
139,selection|ibm-granite/granite-3.3-8b-instruct|b,delta_pp:1,1.1118,4.2129,-1.8369,4.6697,0.9307,selection,1.8088,True,abstain,False
139,selection|microsoft/Phi-3.5-mini-instruct|b,delta_pp:1,5.0031,9.0747,-0.275,9.8993,0.9135,selection,2.3681,True,abstain,False
139,selection|Qwen/Qwen2.5-7B-Instruct|c,delta_pp:1,-0.6927,0.416,-1.8306,0.1696,0.8889,selection,-0.384,False,abstain,False
139,selection|allenai/OLMo-2-1124-7B-Instruct|c,delta_pp:1,3.7117,8.9956,-0.9438,8.2545,0.7468,selection,1.2233,True,abstain,True
139,selection|ibm-granite/granite-3.3-8b-instruct|c,delta_pp:1,2.9638,2.7573,0.8655,5.7842,0.7692,selection,1.1876,True,abstain,True
139,selection|microsoft/Phi-3.5-mini-instruct|c,delta_pp:1,3.7507,12.214,-1.5332,9.2689,0.8963,selection,3.7391,True,abstain,False
140,selection|Qwen/Qwen2.5-7B-Instruct|a,delta_pp:1,-0.9338,0.76,-2.2829,0.2531,0.8929,selection,-0.401,False,abstain,False
140,selection|allenai/OLMo-2-1124-7B-Instruct|a,delta_pp:1,-1.6625,6.8346,-5.9191,2.4571,0.8666,selection,-0.8898,False,abstain,False
140,selection|ibm-granite/granite-3.3-8b-instruct|a,delta_pp:1,2.5211,3.97,-0.5677,6.0421,0.986,selection,0.9105,False,abstain,False
140,selection|microsoft/Phi-3.5-mini-instruct|a,delta_pp:1,1.5884,4.3518,-1.7359,4.3259,0.8789,selection,1.8188,True,abstain,False
140,selection|Qwen/Qwen2.5-7B-Instruct|b,delta_pp:1,-0.3918,0.7523,-1.8815,0.8494,0.8571,selection,-0.5102,False,abstain,False
140,selection|allenai/OLMo-2-1124-7B-Instruct|b,delta_pp:1,1.0097,5.6185,-2.7245,4.4746,0.9006,selection,0.3366,False,abstain,False
140,selection|ibm-granite/granite-3.3-8b-instruct|b,delta_pp:1,3.1857,3.9793,-0.0636,6.3799,0.9878,selection,1.8088,True,abstain,False
140,selection|microsoft/Phi-3.5-mini-instruct|b,delta_pp:1,2.3296,6.6247,-2.2403,6.5978,0.9006,selection,2.3681,True,abstain,False
140,selection|Qwen/Qwen2.5-7B-Instruct|c,delta_pp:1,0.9605,1.7451,-0.9894,2.9325,0.8911,selection,-0.384,False,abstain,False
140,selection|allenai/OLMo-2-1124-7B-Instruct|c,delta_pp:1,-4.3347,5.5409,-8.3967,-0.9998,0.8327,selection,1.2233,True,abstain,False
140,selection|ibm-granite/granite-3.3-8b-instruct|c,delta_pp:1,1.7525,3.5603,-1.3746,4.6698,0.9538,selection,1.1876,True,abstain,False
140,selection|microsoft/Phi-3.5-mini-instruct|c,delta_pp:1,4.2774,10.6617,-0.6641,9.7107,0.8884,selection,3.7391,True,abstain,False
141,selection|Qwen/Qwen2.5-7B-Instruct|a,delta_pp:1,-0.673,1.966,-2.8507,1.1521,0.8632,selection,-0.401,False,abstain,False
141,selection|allenai/OLMo-2-1124-7B-Instruct|a,delta_pp:1,5.3975,7.8635,1.7027,9.8618,0.8298,selection,-0.8898,False,unsafe,False
141,selection|ibm-granite/granite-3.3-8b-instruct|a,delta_pp:1,-1.1152,5.3093,-4.5762,3.1585,0.8123,selection,0.9105,False,abstain,False
141,selection|microsoft/Phi-3.5-mini-instruct|a,delta_pp:1,4.7803,6.8499,1.2842,9.9134,0.8035,selection,1.8188,True,unsafe,False
141,selection|Qwen/Qwen2.5-7B-Instruct|b,delta_pp:1,-1.8373,2.2602,-4.2387,0.737,0.8281,selection,-0.5102,False,abstain,False
141,selection|allenai/OLMo-2-1124-7B-Instruct|b,delta_pp:1,1.3965,6.2787,-2.5013,4.7293,0.8404,selection,0.3366,False,abstain,False
141,selection|ibm-granite/granite-3.3-8b-instruct|b,delta_pp:1,0.793,6.1804,-3.279,5.2894,0.8105,selection,1.8088,True,abstain,False
141,selection|microsoft/Phi-3.5-mini-instruct|b,delta_pp:1,7.0729,8.0357,3.0394,12.2087,0.8982,selection,2.3681,True,unsafe,False
141,selection|Qwen/Qwen2.5-7B-Instruct|c,delta_pp:1,-1.0932,2.1397,-3.4103,1.6685,0.7912,selection,-0.384,False,abstain,True
141,selection|allenai/OLMo-2-1124-7B-Instruct|c,delta_pp:1,4.7803,6.3655,1.084,9.9204,0.8035,selection,1.2233,True,unsafe,False
141,selection|ibm-granite/granite-3.3-8b-instruct|c,delta_pp:1,0.702,4.4961,-1.9293,5.1189,0.8491,selection,1.1876,True,abstain,False
141,selection|microsoft/Phi-3.5-mini-instruct|c,delta_pp:1,10.4485,15.1789,5.8097,17.8227,0.8789,selection,3.7391,True,unsafe,False
142,selection|Qwen/Qwen2.5-7B-Instruct|a,delta_pp:1,-3.8776,3.9116,-6.6744,-0.3076,0.834,selection,-0.401,False,abstain,False
142,selection|allenai/OLMo-2-1124-7B-Instruct|a,delta_pp:1,-2.7449,10.3461,-8.5408,3.3483,0.8096,selection,-0.8898,False,abstain,False
142,selection|ibm-granite/granite-3.3-8b-instruct|a,delta_pp:1,-1.6022,4.2634,-4.6726,1.9202,0.9424,selection,0.9105,False,abstain,False
142,selection|microsoft/Phi-3.5-mini-instruct|a,delta_pp:1,1.6223,9.6893,-3.3773,6.3578,0.9232,selection,1.8188,True,abstain,False
142,selection|Qwen/Qwen2.5-7B-Instruct|b,delta_pp:1,-1.8205,3.9514,-4.5557,1.6183,0.8724,selection,-0.5102,False,abstain,False
142,selection|allenai/OLMo-2-1124-7B-Instruct|b,delta_pp:1,0.084,10.2263,-4.6897,5.0478,0.8533,selection,0.3366,False,abstain,False
142,selection|ibm-granite/granite-3.3-8b-instruct|b,delta_pp:1,-1.0194,5.7199,-4.4154,3.7833,0.9039,selection,1.8088,True,abstain,False
142,selection|microsoft/Phi-3.5-mini-instruct|b,delta_pp:1,4.8604,11.5017,-0.4645,10.0349,0.9075,selection,2.3681,True,abstain,False
142,selection|Qwen/Qwen2.5-7B-Instruct|c,delta_pp:1,-3.7022,3.1868,-6.4037,-0.5466,0.8742,selection,-0.384,False,abstain,False
142,selection|allenai/OLMo-2-1124-7B-Instruct|c,delta_pp:1,-0.0137,10.9672,-5.565,5.4496,0.8096,selection,1.2233,True,abstain,False
142,selection|ibm-granite/granite-3.3-8b-instruct|c,delta_pp:1,-0.9217,3.2424,-3.2856,2.0757,0.9476,selection,1.1876,True,abstain,False
142,selection|microsoft/Phi-3.5-mini-instruct|c,delta_pp:1,7.4591,12.8994,1.5038,12.7,0.8971,selection,3.7391,True,unsafe,False
143,selection|Qwen/Qwen2.5-7B-Instruct|a,delta_pp:1,0.442,1.6418,-1.5572,2.5213,0.934,selection,-0.401,False,abstain,False
143,selection|allenai/OLMo-2-1124-7B-Instruct|a,delta_pp:1,3.3968,7.2372,-0.7369,8.0663,0.8763,selection,-0.8898,False,abstain,False
143,selection|ibm-granite/granite-3.3-8b-instruct|a,delta_pp:1,-0.0765,4.7352,-3.5707,3.0954,0.9217,selection,0.9105,False,abstain,False
143,selection|microsoft/Phi-3.5-mini-instruct|a,delta_pp:1,3.4551,7.623,-0.2066,8.6226,0.8798,selection,1.8188,True,abstain,False
143,selection|Qwen/Qwen2.5-7B-Instruct|b,delta_pp:1,-0.7105,1.2568,-2.8602,0.7743,0.9045,selection,-0.5102,False,abstain,False
143,selection|allenai/OLMo-2-1124-7B-Instruct|b,delta_pp:1,6.2223,8.1432,2.1165,11.1946,0.8433,selection,0.3366,False,unsafe,False
143,selection|ibm-granite/granite-3.3-8b-instruct|b,delta_pp:1,0.1093,4.7266,-2.4991,4.0204,0.8886,selection,1.8088,True,abstain,False
143,selection|microsoft/Phi-3.5-mini-instruct|b,delta_pp:1,4.4773,11.1142,-0.7527,10.3291,0.9318,selection,2.3681,True,abstain,False
143,selection|Qwen/Qwen2.5-7B-Instruct|c,delta_pp:1,0.6278,2.4063,-1.8457,3.2373,0.901,selection,-0.384,False,abstain,False
143,selection|allenai/OLMo-2-1124-7B-Instruct|c,delta_pp:1,4.029,7.6246,-1.197,8.1518,0.8816,selection,1.2233,True,abstain,False
143,selection|ibm-granite/granite-3.3-8b-instruct|c,delta_pp:1,0.0724,2.923,-2.4916,2.7829,0.8957,selection,1.1876,True,abstain,False
143,selection|microsoft/Phi-3.5-mini-instruct|c,delta_pp:1,2.5621,13.6366,-2.8824,8.9025,0.9195,selection,3.7391,True,abstain,False
144,selection|Qwen/Qwen2.5-7B-Instruct|a,delta_pp:1,-0.3142,1.8886,-2.7678,1.8074,0.8681,selection,-0.401,False,abstain,False
144,selection|allenai/OLMo-2-1124-7B-Instruct|a,delta_pp:1,0.0201,9.2434,-5.2598,5.46,0.7517,selection,-0.8898,False,abstain,True
144,selection|ibm-granite/granite-3.3-8b-instruct|a,delta_pp:1,0.6799,4.1488,-2.5882,3.9998,0.901,selection,0.9105,False,abstain,False
144,selection|microsoft/Phi-3.5-mini-instruct|a,delta_pp:1,1.4309,5.2831,-2.5099,5.052,0.8924,selection,1.8188,True,abstain,False
144,selection|Qwen/Qwen2.5-7B-Instruct|b,delta_pp:1,0.364,2.6744,-2.7678,3.112,0.8663,selection,-0.5102,False,abstain,False
144,selection|allenai/OLMo-2-1124-7B-Instruct|b,delta_pp:1,-0.0527,6.9462,-4.253,3.3901,0.7587,selection,0.3366,False,abstain,True
144,selection|ibm-granite/granite-3.3-8b-instruct|b,delta_pp:1,2.7509,6.9026,-1.8468,7.0557,0.8924,selection,1.8088,True,abstain,False
144,selection|microsoft/Phi-3.5-mini-instruct|b,delta_pp:1,4.1436,7.4177,-0.48,7.8876,0.8854,selection,2.3681,True,abstain,False
144,selection|Qwen/Qwen2.5-7B-Instruct|c,delta_pp:1,0.364,2.6201,-2.7178,2.4026,0.8663,selection,-0.384,False,abstain,False
144,selection|allenai/OLMo-2-1124-7B-Instruct|c,delta_pp:1,4.0774,5.8633,0.091,8.0345,0.8073,selection,1.2233,True,abstain,False
144,selection|ibm-granite/granite-3.3-8b-instruct|c,delta_pp:1,0.6435,3.4832,-2.1765,3.7482,0.9045,selection,1.1876,True,abstain,False
144,selection|microsoft/Phi-3.5-mini-instruct|c,delta_pp:1,5.2106,8.3609,0.543,9.7479,0.9115,selection,3.7391,True,abstain,False
145,selection|Qwen/Qwen2.5-7B-Instruct|a,delta_pp:1,-0.4372,2.6432,-3.0131,1.947,0.7692,selection,-0.401,False,abstain,True
145,selection|allenai/OLMo-2-1124-7B-Instruct|a,delta_pp:1,-4.2169,7.0851,-8.2487,-0.0293,0.7417,selection,-0.8898,False,abstain,True
145,selection|ibm-granite/granite-3.3-8b-instruct|a,delta_pp:1,0.1451,4.4264,-3.2149,3.3516,0.811,selection,0.9105,False,abstain,False
145,selection|microsoft/Phi-3.5-mini-instruct|a,delta_pp:1,3.1352,7.4151,-1.3389,7.8944,0.9656,selection,1.8188,True,abstain,False
145,selection|Qwen/Qwen2.5-7B-Instruct|b,delta_pp:1,-1.7347,3.3826,-4.9399,1.3329,0.7658,selection,-0.5102,False,abstain,True
145,selection|allenai/OLMo-2-1124-7B-Instruct|b,delta_pp:1,0.685,5.4172,-2.9377,4.5544,0.6964,selection,0.3366,False,abstain,True
145,selection|ibm-granite/granite-3.3-8b-instruct|b,delta_pp:1,2.4242,4.4861,-0.9306,6.1399,0.8683,selection,1.8088,True,abstain,False
145,selection|microsoft/Phi-3.5-mini-instruct|b,delta_pp:1,3.5185,7.4154,-1.0759,8.153,0.9049,selection,2.3681,True,abstain,False
145,selection|Qwen/Qwen2.5-7B-Instruct|c,delta_pp:1,-0.4372,2.8791,-2.7415,2.0668,0.7692,selection,-0.384,False,abstain,True
145,selection|allenai/OLMo-2-1124-7B-Instruct|c,delta_pp:1,1.9824,4.9591,-1.3394,6.1549,0.6999,selection,1.2233,True,abstain,True
145,selection|ibm-granite/granite-3.3-8b-instruct|c,delta_pp:1,0.8828,1.935,-1.4901,3.1291,0.7692,selection,1.1876,True,abstain,True
145,selection|microsoft/Phi-3.5-mini-instruct|c,delta_pp:1,6.4727,12.9091,0.7381,12.288,0.827,selection,3.7391,True,abstain,False
146,selection|Qwen/Qwen2.5-7B-Instruct|a,delta_pp:1,-2.3214,2.509,-5.1004,0.0071,0.908,selection,-0.401,False,abstain,False
146,selection|allenai/OLMo-2-1124-7B-Instruct|a,delta_pp:1,-3.1387,5.8588,-6.8229,0.2559,0.9288,selection,-0.8898,False,abstain,False
146,selection|ibm-granite/granite-3.3-8b-instruct|a,delta_pp:1,-0.4989,7.4335,-4.6582,4.3421,0.9288,selection,0.9105,False,abstain,False
146,selection|microsoft/Phi-3.5-mini-instruct|a,delta_pp:1,1.522,8.7467,-3.2053,6.0458,0.9236,selection,1.8188,True,abstain,False
146,selection|Qwen/Qwen2.5-7B-Instruct|b,delta_pp:1,-2.9951,1.8958,-5.373,-0.5547,0.9097,selection,-0.5102,False,abstain,False
146,selection|allenai/OLMo-2-1124-7B-Instruct|b,delta_pp:1,-2.8039,7.5599,-7.6493,0.7895,0.8854,selection,0.3366,False,abstain,False
146,selection|ibm-granite/granite-3.3-8b-instruct|b,delta_pp:1,-3.1387,7.5117,-7.6897,1.0509,0.9288,selection,1.8088,True,abstain,False
146,selection|microsoft/Phi-3.5-mini-instruct|b,delta_pp:1,-3.3097,11.2123,-8.4555,2.2357,0.9514,selection,2.3681,True,abstain,False
146,selection|Qwen/Qwen2.5-7B-Instruct|c,delta_pp:1,-2.9951,1.9135,-5.1052,-0.7434,0.9097,selection,-0.384,False,abstain,False
146,selection|allenai/OLMo-2-1124-7B-Instruct|c,delta_pp:1,-2.1849,6.4485,-6.9159,1.9157,0.8906,selection,1.2233,True,abstain,False
146,selection|ibm-granite/granite-3.3-8b-instruct|c,delta_pp:1,-1.9007,4.9642,-5.141,1.7442,0.9392,selection,1.1876,True,abstain,False
146,selection|microsoft/Phi-3.5-mini-instruct|c,delta_pp:1,2.0246,14.0362,-4.9164,7.5342,0.9444,selection,3.7391,True,abstain,False
147,selection|Qwen/Qwen2.5-7B-Instruct|a,delta_pp:1,0.8103,0.9388,-1.1236,2.1115,0.7649,selection,-0.401,False,abstain,True
147,selection|allenai/OLMo-2-1124-7B-Instruct|a,delta_pp:1,-1.623,5.0896,-4.7354,2.5323,0.8123,selection,-0.8898,False,abstain,False
147,selection|ibm-granite/granite-3.3-8b-instruct|a,delta_pp:1,5.1359,5.4348,1.5887,9.305,0.8825,selection,0.9105,False,unsafe,False
147,selection|microsoft/Phi-3.5-mini-instruct|a,delta_pp:1,5.9223,7.1822,1.2009,9.1271,0.8737,selection,1.8188,True,unsafe,False
147,selection|Qwen/Qwen2.5-7B-Instruct|b,delta_pp:1,1.296,1.6391,-0.7393,3.275,0.7298,selection,-0.5102,False,abstain,True
147,selection|allenai/OLMo-2-1124-7B-Instruct|b,delta_pp:1,1.6501,6.5598,-1.919,6.1577,0.7053,selection,0.3366,False,abstain,True
147,selection|ibm-granite/granite-3.3-8b-instruct|b,delta_pp:1,6.1578,6.2334,1.7168,9.6213,0.8088,selection,1.8088,True,unsafe,False
147,selection|microsoft/Phi-3.5-mini-instruct|b,delta_pp:1,5.49,10.2259,0.0696,10.778,0.8579,selection,2.3681,True,abstain,False
147,selection|Qwen/Qwen2.5-7B-Instruct|c,delta_pp:1,0.8103,1.0127,-0.8403,2.1164,0.7649,selection,-0.384,False,abstain,True
147,selection|allenai/OLMo-2-1124-7B-Instruct|c,delta_pp:1,1.9986,5.3847,-2.0101,5.915,0.7754,selection,1.2233,True,abstain,True
147,selection|ibm-granite/granite-3.3-8b-instruct|c,delta_pp:1,1.9958,2.9437,-1.0685,4.1691,0.8228,selection,1.1876,True,abstain,False
147,selection|microsoft/Phi-3.5-mini-instruct|c,delta_pp:1,6.8099,11.636,1.3496,11.2208,0.8579,selection,3.7391,True,unsafe,False
148,selection|Qwen/Qwen2.5-7B-Instruct|a,delta_pp:1,0.5684,2.2444,-2.025,2.9403,0.8632,selection,-0.401,False,abstain,False
148,selection|allenai/OLMo-2-1124-7B-Instruct|a,delta_pp:1,-2.3937,8.1336,-6.6333,3.0884,0.8018,selection,-0.8898,False,abstain,False
148,selection|ibm-granite/granite-3.3-8b-instruct|a,delta_pp:1,2.8114,2.087,0.3408,4.6932,0.986,selection,0.9105,False,abstain,False
148,selection|microsoft/Phi-3.5-mini-instruct|a,delta_pp:1,-0.0282,5.503,-3.3663,3.6203,0.8825,selection,1.8188,True,abstain,False
148,selection|Qwen/Qwen2.5-7B-Instruct|b,delta_pp:1,-0.6592,3.3051,-3.0975,2.7968,0.8596,selection,-0.5102,False,abstain,False
148,selection|allenai/OLMo-2-1124-7B-Instruct|b,delta_pp:1,-1.7545,6.803,-5.4081,2.7594,0.807,selection,0.3366,False,abstain,False
148,selection|ibm-granite/granite-3.3-8b-instruct|b,delta_pp:1,1.6196,2.1867,-0.4034,4.0504,0.9579,selection,1.8088,True,abstain,False
148,selection|microsoft/Phi-3.5-mini-instruct|b,delta_pp:1,-1.7903,9.7095,-6.0578,3.4125,0.8316,selection,2.3681,True,abstain,False
148,selection|Qwen/Qwen2.5-7B-Instruct|c,delta_pp:1,-0.5958,3.0163,-3.1389,2.4434,0.8281,selection,-0.384,False,abstain,False
148,selection|allenai/OLMo-2-1124-7B-Instruct|c,delta_pp:1,0.2969,6.4999,-3.422,4.817,0.8088,selection,1.2233,True,abstain,False
148,selection|ibm-granite/granite-3.3-8b-instruct|c,delta_pp:1,3.0167,3.4873,-0.0566,6.0178,0.9228,selection,1.1876,True,abstain,False
148,selection|microsoft/Phi-3.5-mini-instruct|c,delta_pp:1,1.9904,11.4505,-3.8912,7.2532,0.8526,selection,3.7391,True,abstain,False
149,selection|Qwen/Qwen2.5-7B-Instruct|a,delta_pp:1,0.8804,3.7194,-2.2162,4.521,0.7381,selection,-0.401,False,abstain,True
149,selection|allenai/OLMo-2-1124-7B-Instruct|a,delta_pp:1,7.3132,10.3036,2.2755,12.0192,0.7959,selection,-0.8898,False,unsafe,True
149,selection|ibm-granite/granite-3.3-8b-instruct|a,delta_pp:1,7.3404,6.5732,3.2285,12.2479,0.7211,selection,0.9105,False,unsafe,True
149,selection|microsoft/Phi-3.5-mini-instruct|a,delta_pp:1,4.4255,7.8944,0.3027,9.89,0.8844,selection,1.8188,True,abstain,False
149,selection|Qwen/Qwen2.5-7B-Instruct|b,delta_pp:1,0.216,2.9804,-2.5948,3.2012,0.7398,selection,-0.5102,False,abstain,True
149,selection|allenai/OLMo-2-1124-7B-Instruct|b,delta_pp:1,5.0989,9.499,0.1332,10.0385,0.8793,selection,0.3366,False,abstain,False
149,selection|ibm-granite/granite-3.3-8b-instruct|b,delta_pp:1,8.4306,7.8342,4.4115,14.0609,0.8027,selection,1.8088,True,unsafe,False
149,selection|microsoft/Phi-3.5-mini-instruct|b,delta_pp:1,7.5787,12.8473,2.6423,13.5043,0.7007,selection,2.3681,True,unsafe,True
149,selection|Qwen/Qwen2.5-7B-Instruct|c,delta_pp:1,0.8804,3.1012,-1.6252,3.9675,0.7381,selection,-0.384,False,abstain,True
149,selection|allenai/OLMo-2-1124-7B-Instruct|c,delta_pp:1,11.7168,12.6441,5.6809,17.6068,0.8724,selection,1.2233,True,unsafe,False
149,selection|ibm-granite/granite-3.3-8b-instruct|c,delta_pp:1,4.6736,5.4744,1.5189,8.2662,0.7313,selection,1.1876,True,unsafe,True
149,selection|microsoft/Phi-3.5-mini-instruct|c,delta_pp:1,11.3446,16.2672,5.0981,18.8191,0.7687,selection,3.7391,True,unsafe,True
150,selection|Qwen/Qwen2.5-7B-Instruct|a,delta_pp:1,0.8596,3.1342,-1.9544,3.5608,0.8895,selection,-0.401,False,abstain,False
150,selection|allenai/OLMo-2-1124-7B-Instruct|a,delta_pp:1,6.9247,11.2931,1.9735,12.6035,0.7158,selection,-0.8898,False,unsafe,True
150,selection|ibm-granite/granite-3.3-8b-instruct|a,delta_pp:1,-1.909,5.6817,-5.8611,1.7519,0.9421,selection,0.9105,False,abstain,False
150,selection|microsoft/Phi-3.5-mini-instruct|a,delta_pp:1,7.3435,10.5351,1.6335,13.1791,0.8649,selection,1.8188,True,unsafe,False
150,selection|Qwen/Qwen2.5-7B-Instruct|b,delta_pp:1,1.3701,2.6963,-1.6314,3.5493,0.9579,selection,-0.5102,False,abstain,False
150,selection|allenai/OLMo-2-1124-7B-Instruct|b,delta_pp:1,3.4689,10.4572,-1.6728,8.9578,0.8228,selection,0.3366,False,abstain,False
150,selection|ibm-granite/granite-3.3-8b-instruct|b,delta_pp:1,0.7354,5.3294,-3.0917,4.1979,0.9386,selection,1.8088,True,abstain,False
150,selection|microsoft/Phi-3.5-mini-instruct|b,delta_pp:1,0.7538,11.8153,-4.8904,6.4039,0.9246,selection,2.3681,True,abstain,False
150,selection|Qwen/Qwen2.5-7B-Instruct|c,delta_pp:1,-0.4603,3.7151,-3.7393,2.7072,0.8895,selection,-0.384,False,abstain,False
150,selection|allenai/OLMo-2-1124-7B-Instruct|c,delta_pp:1,3.5422,9.6818,-1.8849,8.1973,0.7561,selection,1.2233,True,abstain,True
150,selection|ibm-granite/granite-3.3-8b-instruct|c,delta_pp:1,1.3813,4.6294,-2.131,4.4491,0.9158,selection,1.1876,True,abstain,False
150,selection|microsoft/Phi-3.5-mini-instruct|c,delta_pp:1,6.714,15.8523,0.458,12.75,0.9088,selection,3.7391,True,abstain,False
151,selection|Qwen/Qwen2.5-7B-Instruct|a,delta_pp:1,2.6081,3.7079,-0.227,6.0381,0.8526,selection,-0.401,False,abstain,False
151,selection|allenai/OLMo-2-1124-7B-Instruct|a,delta_pp:1,-1.058,10.2501,-5.2632,4.6035,0.7596,selection,-0.8898,False,abstain,True
151,selection|ibm-granite/granite-3.3-8b-instruct|a,delta_pp:1,1.954,7.9889,-2.0433,6.5997,0.8754,selection,0.9105,False,abstain,False
151,selection|microsoft/Phi-3.5-mini-instruct|a,delta_pp:1,5.8076,8.7547,2.2817,11.0289,0.8754,selection,1.8188,True,unsafe,False
151,selection|Qwen/Qwen2.5-7B-Instruct|b,delta_pp:1,3.0712,3.7603,0.4983,6.2262,0.886,selection,-0.5102,False,abstain,False
151,selection|allenai/OLMo-2-1124-7B-Instruct|b,delta_pp:1,2.6243,7.7859,-1.5965,7.5053,0.8018,selection,0.3366,False,abstain,False
151,selection|ibm-granite/granite-3.3-8b-instruct|b,delta_pp:1,3.3061,8.0112,-0.4399,8.7944,0.8719,selection,1.8088,True,abstain,False
151,selection|microsoft/Phi-3.5-mini-instruct|b,delta_pp:1,6.2876,13.7231,1.2085,12.8029,0.8228,selection,2.3681,True,unsafe,False
151,selection|Qwen/Qwen2.5-7B-Instruct|c,delta_pp:1,5.7155,3.7332,2.8969,8.5758,0.7895,selection,-0.384,False,unsafe,True
151,selection|allenai/OLMo-2-1124-7B-Instruct|c,delta_pp:1,3.7679,7.9252,-0.3441,8.1534,0.7368,selection,1.2233,True,abstain,True
151,selection|ibm-granite/granite-3.3-8b-instruct|c,delta_pp:1,3.2038,6.3303,-0.5264,7.7985,0.8105,selection,1.1876,True,abstain,False
151,selection|microsoft/Phi-3.5-mini-instruct|c,delta_pp:1,7.8526,15.0285,2.1935,14.2579,0.7842,selection,3.7391,True,unsafe,True
152,selection|Qwen/Qwen2.5-7B-Instruct|a,delta_pp:1,-1.3755,4.0279,-4.7509,2.0552,0.8735,selection,-0.401,False,abstain,False
152,selection|allenai/OLMo-2-1124-7B-Instruct|a,delta_pp:1,0.2808,12.2307,-5.1036,6.3066,0.7794,selection,-0.8898,False,abstain,True
152,selection|ibm-granite/granite-3.3-8b-instruct|a,delta_pp:1,1.904,6.6259,-2.4317,5.9452,0.8612,selection,0.9105,False,abstain,False
152,selection|microsoft/Phi-3.5-mini-instruct|a,delta_pp:1,2.1842,7.5306,-2.5743,6.543,0.7988,selection,1.8188,True,abstain,True
152,selection|Qwen/Qwen2.5-7B-Instruct|b,delta_pp:1,-1.3755,4.0279,-4.7509,2.0552,0.8735,selection,-0.5102,False,abstain,False
152,selection|allenai/OLMo-2-1124-7B-Instruct|b,delta_pp:1,-0.2163,11.6857,-5.3058,5.5244,0.7294,selection,0.3366,False,abstain,True
152,selection|ibm-granite/granite-3.3-8b-instruct|b,delta_pp:1,0.0574,7.0396,-4.3076,3.9799,0.8317,selection,1.8088,True,abstain,False
152,selection|microsoft/Phi-3.5-mini-instruct|b,delta_pp:1,2.6813,8.7078,-2.7227,7.1903,0.8488,selection,2.3681,True,abstain,False
152,selection|Qwen/Qwen2.5-7B-Instruct|c,delta_pp:1,-2.0424,3.6147,-5.3936,0.8474,0.8753,selection,-0.384,False,abstain,False
152,selection|allenai/OLMo-2-1124-7B-Instruct|c,delta_pp:1,2.7388,9.9084,-1.0613,7.8226,0.8211,selection,1.2233,True,abstain,False
152,selection|ibm-granite/granite-3.3-8b-instruct|c,delta_pp:1,-0.4694,8.1449,-5.8731,4.1741,0.8023,selection,1.1876,True,abstain,False
152,selection|microsoft/Phi-3.5-mini-instruct|c,delta_pp:1,0.8057,11.9443,-5.2714,5.9895,0.8223,selection,3.7391,True,abstain,False
153,selection|Qwen/Qwen2.5-7B-Instruct|a,delta_pp:1,0.0118,3.0374,-3.2027,2.7178,0.932,selection,-0.401,False,abstain,False
153,selection|allenai/OLMo-2-1124-7B-Instruct|a,delta_pp:1,-2.2311,7.5376,-6.5885,2.7829,0.8918,selection,-0.8898,False,abstain,False
153,selection|ibm-granite/granite-3.3-8b-instruct|a,delta_pp:1,-2.3554,2.4761,-5.1205,0.3004,0.9894,selection,0.9105,False,abstain,False
153,selection|microsoft/Phi-3.5-mini-instruct|a,delta_pp:1,1.9817,6.3319,-2.4316,5.407,0.9421,selection,1.8188,True,abstain,False
153,selection|Qwen/Qwen2.5-7B-Instruct|b,delta_pp:1,0.6857,3.5678,-2.3029,3.3787,0.9303,selection,-0.5102,False,abstain,False
153,selection|allenai/OLMo-2-1124-7B-Instruct|b,delta_pp:1,3.0569,9.065,-1.7617,7.5876,0.8812,selection,0.3366,False,abstain,False
153,selection|ibm-granite/granite-3.3-8b-instruct|b,delta_pp:1,0.3122,3.1584,-2.3983,3.5814,0.9858,selection,1.8088,True,abstain,False
153,selection|microsoft/Phi-3.5-mini-instruct|b,delta_pp:1,4.7608,10.6088,-0.3598,10.0125,0.9243,selection,2.3681,True,abstain,False
153,selection|Qwen/Qwen2.5-7B-Instruct|c,delta_pp:1,1.1685,3.7994,-1.3218,4.3357,0.9616,selection,-0.384,False,abstain,False
153,selection|allenai/OLMo-2-1124-7B-Instruct|c,delta_pp:1,0.089,8.9562,-5.2199,4.7821,0.831,selection,1.2233,True,abstain,False
153,selection|ibm-granite/granite-3.3-8b-instruct|c,delta_pp:1,-1.9069,3.3534,-4.7011,1.2052,0.9338,selection,1.1876,True,abstain,False
153,selection|microsoft/Phi-3.5-mini-instruct|c,delta_pp:1,4.1985,12.4208,-0.5763,10.2675,0.9119,selection,3.7391,True,abstain,False
154,selection|Qwen/Qwen2.5-7B-Instruct|a,delta_pp:1,1.1129,2.408,-1.701,3.2038,0.8771,selection,-0.401,False,abstain,False
154,selection|allenai/OLMo-2-1124-7B-Instruct|a,delta_pp:1,2.8214,10.3053,-2.248,7.6015,0.8176,selection,-0.8898,False,abstain,False
154,selection|ibm-granite/granite-3.3-8b-instruct|a,delta_pp:1,2.2768,3.7723,-1.1453,4.5406,0.9253,selection,0.9105,False,abstain,False
154,selection|microsoft/Phi-3.5-mini-instruct|a,delta_pp:1,-1.2347,7.256,-5.369,2.6711,0.8247,selection,1.8188,True,abstain,False
154,selection|Qwen/Qwen2.5-7B-Instruct|b,delta_pp:1,1.1955,3.1355,-2.2896,3.3817,0.8735,selection,-0.5102,False,abstain,False
154,selection|allenai/OLMo-2-1124-7B-Instruct|b,delta_pp:1,5.3646,6.7796,1.5558,9.6936,0.8247,selection,0.3366,False,unsafe,False
154,selection|ibm-granite/granite-3.3-8b-instruct|b,delta_pp:1,3.7368,4.1522,-0.3297,6.635,0.8941,selection,1.8088,True,abstain,False
154,selection|microsoft/Phi-3.5-mini-instruct|b,delta_pp:1,-0.513,7.6055,-5.1634,3.9977,0.8264,selection,2.3681,True,abstain,False
154,selection|Qwen/Qwen2.5-7B-Instruct|c,delta_pp:1,0.5861,2.2092,-1.8737,2.8797,0.8476,selection,-0.384,False,abstain,False
154,selection|allenai/OLMo-2-1124-7B-Instruct|c,delta_pp:1,4.0447,7.6979,-0.315,8.927,0.8247,selection,1.2233,True,abstain,False
154,selection|ibm-granite/granite-3.3-8b-instruct|c,delta_pp:1,1.7223,2.5609,-1.2719,3.6824,0.9029,selection,1.1876,True,abstain,False
154,selection|microsoft/Phi-3.5-mini-instruct|c,delta_pp:1,1.4031,12.0098,-4.596,5.8978,0.8382,selection,3.7391,True,abstain,False
155,selection|Qwen/Qwen2.5-7B-Instruct|a,delta_pp:1,1.1469,2.7155,-1.1969,4.0566,0.8247,selection,-0.401,False,abstain,False
155,selection|allenai/OLMo-2-1124-7B-Instruct|a,delta_pp:1,1.2223,8.771,-3.7551,6.4941,0.8511,selection,-0.8898,False,abstain,False
155,selection|ibm-granite/granite-3.3-8b-instruct|a,delta_pp:1,1.9205,3.2091,-0.6943,5.2205,0.8803,selection,0.9105,False,abstain,False
155,selection|microsoft/Phi-3.5-mini-instruct|a,delta_pp:1,3.7689,5.9335,0.0881,7.6867,0.811,selection,1.8188,True,abstain,False
155,selection|Qwen/Qwen2.5-7B-Instruct|b,delta_pp:1,0.4892,2.3232,-1.778,2.905,0.8265,selection,-0.5102,False,abstain,False
155,selection|allenai/OLMo-2-1124-7B-Instruct|b,delta_pp:1,-0.08,6.9115,-3.4751,4.4305,0.7468,selection,0.3366,False,abstain,True
155,selection|ibm-granite/granite-3.3-8b-instruct|b,delta_pp:1,1.9049,4.7664,-1.6137,5.6255,0.9273,selection,1.8088,True,abstain,False
155,selection|microsoft/Phi-3.5-mini-instruct|b,delta_pp:1,3.1934,11.1862,-1.7845,9.151,0.9032,selection,2.3681,True,abstain,False
155,selection|Qwen/Qwen2.5-7B-Instruct|c,delta_pp:1,0.4802,3.4803,-2.1042,3.8444,0.8196,selection,-0.384,False,abstain,False
155,selection|allenai/OLMo-2-1124-7B-Instruct|c,delta_pp:1,-0.2004,8.6977,-4.1383,5.5244,0.6861,selection,1.2233,True,abstain,True
155,selection|ibm-granite/granite-3.3-8b-instruct|c,delta_pp:1,0.4958,2.1257,-1.486,3.0985,0.7726,selection,1.1876,True,abstain,True
155,selection|microsoft/Phi-3.5-mini-instruct|c,delta_pp:1,5.7973,20.0181,-1.2924,13.3747,0.8757,selection,3.7391,True,abstain,False
156,selection|Qwen/Qwen2.5-7B-Instruct|a,delta_pp:1,-2.0681,4.0209,-5.3618,0.8371,0.8487,selection,-0.401,False,abstain,False
156,selection|allenai/OLMo-2-1124-7B-Instruct|a,delta_pp:1,0.6913,9.8908,-4.439,5.5761,0.7872,selection,-0.8898,False,abstain,True
156,selection|ibm-granite/granite-3.3-8b-instruct|a,delta_pp:1,-1.5736,4.7977,-4.7774,2.2115,0.8954,selection,0.9105,False,abstain,False
156,selection|microsoft/Phi-3.5-mini-instruct|a,delta_pp:1,0.5995,6.602,-3.5742,4.9115,0.8381,selection,1.8188,True,abstain,False
156,selection|Qwen/Qwen2.5-7B-Instruct|b,delta_pp:1,-3.19,4.8187,-6.3552,0.9577,0.7896,selection,-0.5102,False,abstain,True
156,selection|allenai/OLMo-2-1124-7B-Instruct|b,delta_pp:1,0.0081,8.796,-4.7412,5.1058,0.7961,selection,0.3366,False,abstain,True
156,selection|ibm-granite/granite-3.3-8b-instruct|b,delta_pp:1,1.0661,4.4898,-2.7441,4.0155,0.8954,selection,1.8088,True,abstain,False
156,selection|microsoft/Phi-3.5-mini-instruct|b,delta_pp:1,1.2919,10.3078,-3.4116,7.1747,0.8257,selection,2.3681,True,abstain,False
156,selection|Qwen/Qwen2.5-7B-Instruct|c,delta_pp:1,-3.3972,3.3416,-5.9086,-0.2731,0.8522,selection,-0.384,False,abstain,False
156,selection|allenai/OLMo-2-1124-7B-Instruct|c,delta_pp:1,2.5839,7.3961,-1.7134,7.4371,0.8363,selection,1.2233,True,abstain,False
156,selection|ibm-granite/granite-3.3-8b-instruct|c,delta_pp:1,-2.1217,5.2819,-5.5738,1.8014,0.8452,selection,1.1876,True,abstain,False
156,selection|microsoft/Phi-3.5-mini-instruct|c,delta_pp:1,3.2331,13.1974,-2.3142,10.5901,0.8322,selection,3.7391,True,abstain,False
157,selection|Qwen/Qwen2.5-7B-Instruct|a,delta_pp:1,-1.9432,1.7471,-4.1744,0.0007,0.8876,selection,-0.401,False,abstain,False
157,selection|allenai/OLMo-2-1124-7B-Instruct|a,delta_pp:1,1.214,6.2495,-2.8899,5.0888,0.7612,selection,-0.8898,False,abstain,True
157,selection|ibm-granite/granite-3.3-8b-instruct|a,delta_pp:1,-0.5866,3.0331,-2.9028,2.7068,0.8806,selection,0.9105,False,abstain,False
157,selection|microsoft/Phi-3.5-mini-instruct|a,delta_pp:1,-1.988,3.5044,-4.8295,1.2968,0.9111,selection,1.8188,True,abstain,False
157,selection|Qwen/Qwen2.5-7B-Instruct|b,delta_pp:1,-2.8659,2.147,-5.1951,-0.6601,0.8162,selection,-0.5102,False,abstain,False
157,selection|allenai/OLMo-2-1124-7B-Instruct|b,delta_pp:1,-1.8515,6.8734,-5.5675,1.5099,0.8701,selection,0.3366,False,abstain,False
157,selection|ibm-granite/granite-3.3-8b-instruct|b,delta_pp:1,-2.5756,2.8139,-5.8398,-0.0119,0.8824,selection,1.8088,True,abstain,False
157,selection|microsoft/Phi-3.5-mini-instruct|b,delta_pp:1,-2.1774,4.8772,-5.8152,0.9472,0.9451,selection,2.3681,True,abstain,False
157,selection|Qwen/Qwen2.5-7B-Instruct|c,delta_pp:1,-1.6356,2.3511,-3.8578,0.752,0.8162,selection,-0.384,False,abstain,False
157,selection|allenai/OLMo-2-1124-7B-Instruct|c,delta_pp:1,-0.8036,7.2409,-4.8406,3.6006,0.8004,selection,1.2233,True,abstain,False
157,selection|ibm-granite/granite-3.3-8b-instruct|c,delta_pp:1,-1.7171,2.7999,-4.4587,1.2605,0.8467,selection,1.1876,True,abstain,False
157,selection|microsoft/Phi-3.5-mini-instruct|c,delta_pp:1,-3.2163,7.7084,-7.6443,0.8154,0.8936,selection,3.7391,True,abstain,False
158,selection|Qwen/Qwen2.5-7B-Instruct|a,delta_pp:1,-0.2687,2.9637,-2.5356,2.3398,0.7559,selection,-0.401,False,abstain,True
158,selection|allenai/OLMo-2-1124-7B-Instruct|a,delta_pp:1,-2.0193,8.043,-6.1593,2.6506,0.7364,selection,-0.8898,False,abstain,True
158,selection|ibm-granite/granite-3.3-8b-instruct|a,delta_pp:1,1.5181,4.6411,-1.6538,5.1913,0.8388,selection,0.9105,False,abstain,False
158,selection|microsoft/Phi-3.5-mini-instruct|a,delta_pp:1,0.5593,5.2748,-3.0344,4.562,0.8647,selection,1.8188,True,abstain,False
158,selection|Qwen/Qwen2.5-7B-Instruct|b,delta_pp:1,1.0506,2.949,-2.1061,3.8101,0.8129,selection,-0.5102,False,abstain,False
158,selection|allenai/OLMo-2-1124-7B-Instruct|b,delta_pp:1,1.4072,8.0243,-2.6662,6.2379,0.7917,selection,0.3366,False,abstain,True
158,selection|ibm-granite/granite-3.3-8b-instruct|b,delta_pp:1,1.5598,5.9572,-2.6138,5.3165,0.8353,selection,1.8088,True,abstain,False
158,selection|microsoft/Phi-3.5-mini-instruct|b,delta_pp:1,4.9631,7.2275,0.574,9.1878,0.8835,selection,2.3681,True,abstain,False
158,selection|Qwen/Qwen2.5-7B-Instruct|c,delta_pp:1,0.0923,3.77,-3.4329,2.9456,0.7818,selection,-0.384,False,abstain,True
158,selection|allenai/OLMo-2-1124-7B-Instruct|c,delta_pp:1,1.0462,7.2396,-3.6867,5.8259,0.7658,selection,1.2233,True,abstain,True
158,selection|ibm-granite/granite-3.3-8b-instruct|c,delta_pp:1,0.1566,3.108,-2.6293,2.614,0.8423,selection,1.1876,True,abstain,False
158,selection|microsoft/Phi-3.5-mini-instruct|c,delta_pp:1,4.8101,9.7909,-1.7686,8.3348,0.897,selection,3.7391,True,abstain,False
159,selection|Qwen/Qwen2.5-7B-Instruct|a,delta_pp:1,-2.3792,3.3208,-5.2495,0.6824,0.8823,selection,-0.401,False,abstain,False
159,selection|allenai/OLMo-2-1124-7B-Instruct|a,delta_pp:1,-2.1741,9.8653,-7.1465,3.3495,0.7537,selection,-0.8898,False,abstain,True
159,selection|ibm-granite/granite-3.3-8b-instruct|a,delta_pp:1,-4.3321,6.0052,-8.3145,-0.1062,0.8244,selection,0.9105,False,abstain,False
159,selection|microsoft/Phi-3.5-mini-instruct|a,delta_pp:1,-0.7112,8.0257,-4.86,3.7403,0.7918,selection,1.8188,True,abstain,True
159,selection|Qwen/Qwen2.5-7B-Instruct|b,delta_pp:1,-1.4612,3.4929,-4.6598,1.8804,0.8605,selection,-0.5102,False,abstain,False
159,selection|allenai/OLMo-2-1124-7B-Instruct|b,delta_pp:1,1.032,9.8253,-3.4115,5.985,0.8171,selection,0.3366,False,abstain,False
159,selection|ibm-granite/granite-3.3-8b-instruct|b,delta_pp:1,-3.4861,6.8433,-7.7166,1.7583,0.8642,selection,1.8088,True,abstain,False
159,selection|microsoft/Phi-3.5-mini-instruct|b,delta_pp:1,4.1158,8.7671,-0.3952,8.7308,0.8353,selection,2.3681,True,abstain,False
159,selection|Qwen/Qwen2.5-7B-Instruct|c,delta_pp:1,-0.8226,3.4555,-3.63,2.6245,0.8623,selection,-0.384,False,abstain,False
159,selection|allenai/OLMo-2-1124-7B-Instruct|c,delta_pp:1,-6.0536,7.8273,-10.2732,-2.0147,0.8026,selection,1.2233,True,unsafe,False
159,selection|ibm-granite/granite-3.3-8b-instruct|c,delta_pp:1,-2.8181,5.0186,-5.8682,0.6637,0.808,selection,1.1876,True,abstain,False
159,selection|microsoft/Phi-3.5-mini-instruct|c,delta_pp:1,0.2177,9.7503,-4.85,5.4808,0.8299,selection,3.7391,True,abstain,False
160,selection|Qwen/Qwen2.5-7B-Instruct|a,delta_pp:1,-3.1045,2.6526,-5.9984,-1.015,0.8078,selection,-0.401,False,unsafe,False
160,selection|allenai/OLMo-2-1124-7B-Instruct|a,delta_pp:1,5.0023,10.045,0.0517,10.1701,0.7364,selection,-0.8898,False,abstain,True
160,selection|ibm-granite/granite-3.3-8b-instruct|a,delta_pp:1,0.0419,6.0535,-4.0502,3.9145,0.8429,selection,0.9105,False,abstain,False
160,selection|microsoft/Phi-3.5-mini-instruct|a,delta_pp:1,1.4027,7.6707,-3.0822,5.8559,0.8325,selection,1.8188,True,abstain,False
160,selection|Qwen/Qwen2.5-7B-Instruct|b,delta_pp:1,-3.7713,2.1886,-6.002,-1.6368,0.8095,selection,-0.5102,False,unsafe,False
160,selection|allenai/OLMo-2-1124-7B-Instruct|b,delta_pp:1,0.3213,5.762,-3.3658,4.4111,0.752,selection,0.3366,False,abstain,True
160,selection|ibm-granite/granite-3.3-8b-instruct|b,delta_pp:1,3.161,5.7887,-1.1799,6.4837,0.8849,selection,1.8088,True,abstain,False
160,selection|microsoft/Phi-3.5-mini-instruct|b,delta_pp:1,-0.5841,6.9158,-4.9004,3.6902,0.8342,selection,2.3681,True,abstain,False
160,selection|Qwen/Qwen2.5-7B-Instruct|c,delta_pp:1,-2.4513,2.8903,-5.4429,-0.1788,0.8095,selection,-0.384,False,abstain,False
160,selection|allenai/OLMo-2-1124-7B-Instruct|c,delta_pp:1,-0.5156,6.2806,-4.2822,3.9246,0.8446,selection,1.2233,True,abstain,False
160,selection|ibm-granite/granite-3.3-8b-instruct|c,delta_pp:1,1.5358,4.1818,-1.7672,4.5569,0.8026,selection,1.1876,True,abstain,False
160,selection|microsoft/Phi-3.5-mini-instruct|c,delta_pp:1,1.9772,10.7008,-4.4842,7.3692,0.8503,selection,3.7391,True,abstain,False
161,selection|Qwen/Qwen2.5-7B-Instruct|a,delta_pp:1,0.8764,2.373,-1.6751,3.1951,0.8753,selection,-0.401,False,abstain,False
161,selection|allenai/OLMo-2-1124-7B-Instruct|a,delta_pp:1,-0.4586,7.4369,-5.1546,3.9897,0.7694,selection,-0.8898,False,abstain,True
161,selection|ibm-granite/granite-3.3-8b-instruct|a,delta_pp:1,4.0439,4.5624,0.3487,7.0454,0.8941,selection,0.9105,False,abstain,False
161,selection|microsoft/Phi-3.5-mini-instruct|a,delta_pp:1,3.3403,5.0213,-0.0684,7.0062,0.8041,selection,1.8188,True,abstain,False
161,selection|Qwen/Qwen2.5-7B-Instruct|b,delta_pp:1,0.8764,2.373,-1.6751,3.1951,0.8753,selection,-0.5102,False,abstain,False
161,selection|allenai/OLMo-2-1124-7B-Instruct|b,delta_pp:1,-0.687,9.8238,-5.9899,4.1747,0.6947,selection,0.3366,False,abstain,True
161,selection|ibm-granite/granite-3.3-8b-instruct|b,delta_pp:1,2.7009,3.5104,-0.7449,5.5255,0.8976,selection,1.8088,True,abstain,False
161,selection|microsoft/Phi-3.5-mini-instruct|b,delta_pp:1,4.4934,5.2859,1.0197,8.6068,0.8282,selection,2.3681,True,unsafe,False
161,selection|Qwen/Qwen2.5-7B-Instruct|c,delta_pp:1,0.8764,2.373,-1.6751,3.1951,0.8753,selection,-0.384,False,abstain,False
161,selection|allenai/OLMo-2-1124-7B-Instruct|c,delta_pp:1,1.1207,7.9221,-3.911,6.2423,0.7311,selection,1.2233,True,abstain,True
161,selection|ibm-granite/granite-3.3-8b-instruct|c,delta_pp:1,4.2339,3.8847,1.1158,7.1293,0.8665,selection,1.1876,True,unsafe,False
161,selection|microsoft/Phi-3.5-mini-instruct|c,delta_pp:1,8.8139,10.041,3.9556,14.4272,0.8711,selection,3.7391,True,unsafe,False
162,selection|Qwen/Qwen2.5-7B-Instruct|a,delta_pp:1,-0.8765,1.3126,-2.829,1.0881,0.91,selection,-0.401,False,abstain,False
162,selection|allenai/OLMo-2-1124-7B-Instruct|a,delta_pp:1,-1.1382,7.5881,-4.9468,4.02,0.8176,selection,-0.8898,False,abstain,False
162,selection|ibm-granite/granite-3.3-8b-instruct|a,delta_pp:1,-1.0324,3.5101,-3.9675,1.7502,0.9582,selection,0.9105,False,abstain,False
162,selection|microsoft/Phi-3.5-mini-instruct|a,delta_pp:1,2.8288,4.1589,-0.8435,6.231,0.9788,selection,1.8188,True,abstain,False
162,selection|Qwen/Qwen2.5-7B-Instruct|b,delta_pp:1,-0.9201,2.0684,-2.8832,1.7206,0.9341,selection,-0.5102,False,abstain,False
162,selection|allenai/OLMo-2-1124-7B-Instruct|b,delta_pp:1,0.947,7.3368,-2.7708,5.4274,0.7953,selection,0.3366,False,abstain,True
162,selection|ibm-granite/granite-3.3-8b-instruct|b,delta_pp:1,-0.2532,3.0883,-2.7013,2.751,0.9323,selection,1.8088,True,abstain,False
162,selection|microsoft/Phi-3.5-mini-instruct|b,delta_pp:1,8.1777,9.0096,3.7407,13.0503,0.9611,selection,2.3681,True,unsafe,False
162,selection|Qwen/Qwen2.5-7B-Instruct|c,delta_pp:1,0.5973,3.2739,-1.9609,4.3023,0.8753,selection,-0.384,False,abstain,False
162,selection|allenai/OLMo-2-1124-7B-Instruct|c,delta_pp:1,-0.1837,6.1319,-4.0601,3.9776,0.9147,selection,1.2233,True,abstain,False
162,selection|ibm-granite/granite-3.3-8b-instruct|c,delta_pp:1,1.5934,1.9411,-0.456,4.1336,0.9618,selection,1.1876,True,abstain,False
162,selection|microsoft/Phi-3.5-mini-instruct|c,delta_pp:1,7.6238,9.3717,2.1632,11.9798,0.9211,selection,3.7391,True,unsafe,False
163,selection|Qwen/Qwen2.5-7B-Instruct|a,delta_pp:1,-1.6608,2.4863,-4.8019,0.3227,0.7596,selection,-0.401,False,abstain,True
163,selection|allenai/OLMo-2-1124-7B-Instruct|a,delta_pp:1,-0.5421,7.0107,-4.8075,3.9744,0.8018,selection,-0.8898,False,abstain,False
163,selection|ibm-granite/granite-3.3-8b-instruct|a,delta_pp:1,3.7602,4.715,-0.0147,7.1007,0.8491,selection,0.9105,False,abstain,False
163,selection|microsoft/Phi-3.5-mini-instruct|a,delta_pp:1,7.1404,7.3535,2.8328,11.7958,0.8368,selection,1.8188,True,unsafe,False
163,selection|Qwen/Qwen2.5-7B-Instruct|b,delta_pp:1,-1.6608,2.4863,-4.8019,0.3227,0.7596,selection,-0.5102,False,abstain,True
163,selection|allenai/OLMo-2-1124-7B-Instruct|b,delta_pp:1,3.4405,7.5942,-1.3778,7.657,0.7982,selection,0.3366,False,abstain,True
163,selection|ibm-granite/granite-3.3-8b-instruct|b,delta_pp:1,3.3486,7.3452,-0.5042,7.5679,0.8123,selection,1.8088,True,abstain,False
163,selection|microsoft/Phi-3.5-mini-instruct|b,delta_pp:1,4.3097,9.1272,-1.2091,9.2172,0.8649,selection,2.3681,True,abstain,False
163,selection|Qwen/Qwen2.5-7B-Instruct|c,delta_pp:1,-0.1431,2.2704,-2.8716,2.0435,0.8281,selection,-0.384,False,abstain,False
163,selection|allenai/OLMo-2-1124-7B-Instruct|c,delta_pp:1,3.1968,7.4358,-1.237,7.195,0.7368,selection,1.2233,True,abstain,True
163,selection|ibm-granite/granite-3.3-8b-instruct|c,delta_pp:1,-0.5547,3.5328,-3.2619,2.8658,0.7912,selection,1.1876,True,abstain,True
163,selection|microsoft/Phi-3.5-mini-instruct|c,delta_pp:1,11.0471,13.2478,4.7756,17.7037,0.8439,selection,3.7391,True,unsafe,False
164,selection|Qwen/Qwen2.5-7B-Instruct|a,delta_pp:1,-0.2333,1.3055,-1.8574,2.1554,0.893,selection,-0.401,False,abstain,False
164,selection|allenai/OLMo-2-1124-7B-Instruct|a,delta_pp:1,-1.6641,7.106,-5.9922,3.3247,0.8154,selection,-0.8898,False,abstain,False
164,selection|ibm-granite/granite-3.3-8b-instruct|a,delta_pp:1,0.2653,2.1862,-2.0292,3.1067,0.9122,selection,0.9105,False,abstain,False
164,selection|microsoft/Phi-3.5-mini-instruct|a,delta_pp:1,3.0597,7.0362,-1.0147,7.9676,0.8471,selection,1.8188,True,abstain,False
164,selection|Qwen/Qwen2.5-7B-Instruct|b,delta_pp:1,0.7978,1.5966,-1.2964,2.9457,0.8666,selection,-0.5102,False,abstain,False
164,selection|allenai/OLMo-2-1124-7B-Instruct|b,delta_pp:1,0.1818,6.1831,-3.7618,4.0809,0.8716,selection,0.3366,False,abstain,False
164,selection|ibm-granite/granite-3.3-8b-instruct|b,delta_pp:1,0.0223,4.0181,-3.045,3.3301,0.9296,selection,1.8088,True,abstain,False
164,selection|microsoft/Phi-3.5-mini-instruct|b,delta_pp:1,7.6147,11.8475,2.9571,13.8657,0.9064,selection,2.3681,True,unsafe,False
164,selection|Qwen/Qwen2.5-7B-Instruct|c,delta_pp:1,-0.8107,1.2731,-2.5581,1.0508,0.8403,selection,-0.384,False,abstain,False
164,selection|allenai/OLMo-2-1124-7B-Instruct|c,delta_pp:1,2.7701,5.3156,-1.0633,6.7296,0.8752,selection,1.2233,True,abstain,False
164,selection|ibm-granite/granite-3.3-8b-instruct|c,delta_pp:1,0.6053,3.3363,-2.3906,3.2261,0.9349,selection,1.1876,True,abstain,False
164,selection|microsoft/Phi-3.5-mini-instruct|c,delta_pp:1,5.0777,13.411,0.1447,12.0801,0.8993,selection,3.7391,True,abstain,False
165,selection|Qwen/Qwen2.5-7B-Instruct|a,delta_pp:1,1.668,2.6989,-1.1488,3.8899,0.8262,selection,-0.401,False,abstain,False
165,selection|allenai/OLMo-2-1124-7B-Instruct|a,delta_pp:1,-0.9063,9.7812,-5.0953,4.0368,0.7719,selection,-0.8898,False,abstain,True
165,selection|ibm-granite/granite-3.3-8b-instruct|a,delta_pp:1,-2.1912,4.494,-5.8518,0.7169,0.8446,selection,0.9105,False,abstain,False
165,selection|microsoft/Phi-3.5-mini-instruct|a,delta_pp:1,1.701,9.4884,-2.4712,7.1606,0.8338,selection,1.8188,True,abstain,False
165,selection|Qwen/Qwen2.5-7B-Instruct|b,delta_pp:1,0.4,3.4903,-2.9003,2.9335,0.8482,selection,-0.5102,False,abstain,False
165,selection|allenai/OLMo-2-1124-7B-Instruct|b,delta_pp:1,1.7958,9.0512,-3.2987,5.5783,0.7791,selection,0.3366,False,abstain,True
165,selection|ibm-granite/granite-3.3-8b-instruct|b,delta_pp:1,0.4423,5.9637,-3.8235,4.2536,0.863,selection,1.8088,True,abstain,False
165,selection|microsoft/Phi-3.5-mini-instruct|b,delta_pp:1,-1.5679,13.8062,-6.9959,4.7494,0.8397,selection,2.3681,True,abstain,False
165,selection|Qwen/Qwen2.5-7B-Instruct|c,delta_pp:1,0.3496,2.7093,-2.0826,3.253,0.8041,selection,-0.384,False,abstain,False
165,selection|allenai/OLMo-2-1124-7B-Instruct|c,delta_pp:1,-5.5299,11.8151,-10.605,-0.8922,0.7225,selection,1.2233,True,abstain,True
165,selection|ibm-granite/granite-3.3-8b-instruct|c,delta_pp:1,1.0589,3.0988,-1.7782,4.0347,0.8244,selection,1.1876,True,abstain,False
165,selection|microsoft/Phi-3.5-mini-instruct|c,delta_pp:1,6.2695,19.2509,-1.6576,12.8765,0.8182,selection,3.7391,True,abstain,False
166,selection|Qwen/Qwen2.5-7B-Instruct|a,delta_pp:1,-0.3526,1.6937,-2.4959,1.7165,0.82,selection,-0.401,False,abstain,False
166,selection|allenai/OLMo-2-1124-7B-Instruct|a,delta_pp:1,-3.3632,11.9185,-9.9526,1.8693,0.8435,selection,-0.8898,False,abstain,False
166,selection|ibm-granite/granite-3.3-8b-instruct|a,delta_pp:1,0.4527,5.408,-3.5011,3.7811,0.8647,selection,0.9105,False,abstain,False
166,selection|microsoft/Phi-3.5-mini-instruct|a,delta_pp:1,-0.0386,5.9878,-4.2389,3.5117,0.9164,selection,1.8188,True,abstain,False
166,selection|Qwen/Qwen2.5-7B-Instruct|b,delta_pp:1,0.6892,3.3441,-2.3532,3.387,0.8441,selection,-0.5102,False,abstain,False
166,selection|allenai/OLMo-2-1124-7B-Instruct|b,delta_pp:1,-1.0202,9.0031,-6.0558,3.9999,0.8782,selection,0.3366,False,abstain,False
166,selection|ibm-granite/granite-3.3-8b-instruct|b,delta_pp:1,0.4944,4.7679,-3.1865,4.0387,0.8612,selection,1.8088,True,abstain,False
166,selection|microsoft/Phi-3.5-mini-instruct|b,delta_pp:1,1.7029,11.0506,-3.886,5.8832,0.8711,selection,2.3681,True,abstain,False
166,selection|Qwen/Qwen2.5-7B-Instruct|c,delta_pp:1,0.6892,3.6896,-2.5181,3.5867,0.8441,selection,-0.384,False,abstain,False
166,selection|allenai/OLMo-2-1124-7B-Instruct|c,delta_pp:1,3.5789,7.0723,-1.0501,7.9506,0.8229,selection,1.2233,True,abstain,False
166,selection|ibm-granite/granite-3.3-8b-instruct|c,delta_pp:1,1.0918,4.6699,-2.7239,4.7337,0.8665,selection,1.1876,True,abstain,False
166,selection|microsoft/Phi-3.5-mini-instruct|c,delta_pp:1,5.1484,15.5772,-2.5829,10.8645,0.8588,selection,3.7391,True,abstain,False
167,selection|Qwen/Qwen2.5-7B-Instruct|a,delta_pp:1,0.0642,3.3262,-3.1303,2.9316,0.8824,selection,-0.401,False,abstain,False
167,selection|allenai/OLMo-2-1124-7B-Instruct|a,delta_pp:1,-1.436,7.042,-5.5796,2.8049,0.7952,selection,-0.8898,False,abstain,True
167,selection|ibm-granite/granite-3.3-8b-instruct|a,delta_pp:1,1.0306,4.0125,-2.1214,4.3194,0.8432,selection,0.9105,False,abstain,False
167,selection|microsoft/Phi-3.5-mini-instruct|a,delta_pp:1,5.191,4.591,1.2781,8.2286,0.9093,selection,1.8188,True,unsafe,False
167,selection|Qwen/Qwen2.5-7B-Instruct|b,delta_pp:1,0.9227,2.9671,-2.0305,3.6085,0.8467,selection,-0.5102,False,abstain,False
167,selection|allenai/OLMo-2-1124-7B-Instruct|b,delta_pp:1,2.8852,6.4795,-1.6956,6.5886,0.8649,selection,0.3366,False,abstain,False
167,selection|ibm-granite/granite-3.3-8b-instruct|b,delta_pp:1,2.1611,4.7687,-1.2261,5.653,0.8771,selection,1.8088,True,abstain,False
167,selection|microsoft/Phi-3.5-mini-instruct|b,delta_pp:1,3.9444,7.3263,-0.9114,7.8151,0.8954,selection,2.3681,True,abstain,False
167,selection|Qwen/Qwen2.5-7B-Instruct|c,delta_pp:1,0.9227,2.9671,-2.0305,3.6085,0.8467,selection,-0.384,False,abstain,False
167,selection|allenai/OLMo-2-1124-7B-Instruct|c,delta_pp:1,-0.6773,9.1011,-5.5925,4.4137,0.7935,selection,1.2233,True,abstain,True
167,selection|ibm-granite/granite-3.3-8b-instruct|c,delta_pp:1,2.4687,4.5256,-0.7233,6.2393,0.8057,selection,1.1876,True,abstain,False
167,selection|microsoft/Phi-3.5-mini-instruct|c,delta_pp:1,5.2643,8.2494,-0.2422,9.1307,0.8954,selection,3.7391,True,abstain,False
168,selection|Qwen/Qwen2.5-7B-Instruct|a,delta_pp:1,-1.6705,0.8948,-3.268,-0.4384,0.8715,selection,-0.401,False,abstain,False
168,selection|allenai/OLMo-2-1124-7B-Instruct|a,delta_pp:1,1.866,6.3829,-3.196,5.1957,0.849,selection,-0.8898,False,abstain,False
168,selection|ibm-granite/granite-3.3-8b-instruct|a,delta_pp:1,-1.9235,4.9129,-5.1201,1.4764,0.8976,selection,0.9105,False,abstain,False
168,selection|microsoft/Phi-3.5-mini-instruct|a,delta_pp:1,3.7548,4.2003,-0.2922,6.6007,0.8576,selection,1.8188,True,abstain,False
168,selection|Qwen/Qwen2.5-7B-Instruct|b,delta_pp:1,-2.3123,1.4243,-4.4928,-0.8944,0.8698,selection,-0.5102,False,abstain,False
168,selection|allenai/OLMo-2-1124-7B-Instruct|b,delta_pp:1,-1.4885,4.1373,-5.2389,1.333,0.8542,selection,0.3366,False,abstain,False
168,selection|ibm-granite/granite-3.3-8b-instruct|b,delta_pp:1,0.1474,8.2606,-4.5221,4.3912,0.8889,selection,1.8088,True,abstain,False
168,selection|microsoft/Phi-3.5-mini-instruct|b,delta_pp:1,2.5441,4.8037,-0.8813,6.8065,0.8472,selection,2.3681,True,abstain,False
168,selection|Qwen/Qwen2.5-7B-Instruct|c,delta_pp:1,-2.9541,1.886,-5.8093,-1.2192,0.8681,selection,-0.384,False,unsafe,False
168,selection|allenai/OLMo-2-1124-7B-Instruct|c,delta_pp:1,3.5481,4.3986,-0.3094,6.3486,0.8125,selection,1.2233,True,abstain,False
168,selection|ibm-granite/granite-3.3-8b-instruct|c,delta_pp:1,0.8718,3.8483,-2.4452,3.9337,0.816,selection,1.1876,True,abstain,False
168,selection|microsoft/Phi-3.5-mini-instruct|c,delta_pp:1,2.0844,10.1851,-2.7945,6.9975,0.8281,selection,3.7391,True,abstain,False
169,selection|Qwen/Qwen2.5-7B-Instruct|a,delta_pp:1,-0.4268,1.5199,-2.8123,1.5233,0.959,selection,-0.401,False,abstain,False
169,selection|allenai/OLMo-2-1124-7B-Instruct|a,delta_pp:1,-4.1112,6.3331,-8.2789,-0.0272,0.8327,selection,-0.8898,False,abstain,False
169,selection|ibm-granite/granite-3.3-8b-instruct|a,delta_pp:1,-0.3351,2.4403,-2.7033,2.4738,0.952,selection,0.9105,False,abstain,False
169,selection|microsoft/Phi-3.5-mini-instruct|a,delta_pp:1,1.1223,4.9606,-2.6608,4.6489,0.9416,selection,1.8188,True,abstain,False
169,selection|Qwen/Qwen2.5-7B-Instruct|b,delta_pp:1,-1.7008,1.6007,-4.0018,0.1811,0.9555,selection,-0.5102,False,abstain,False
169,selection|allenai/OLMo-2-1124-7B-Instruct|b,delta_pp:1,-0.0768,4.5194,-3.5803,3.6839,0.8789,selection,0.3366,False,abstain,False
169,selection|ibm-granite/granite-3.3-8b-instruct|b,delta_pp:1,0.3477,2.8681,-2.4704,2.8826,0.9503,selection,1.8088,True,abstain,False
169,selection|microsoft/Phi-3.5-mini-instruct|b,delta_pp:1,3.8995,6.4791,-1.0714,8.3092,0.9311,selection,2.3681,True,abstain,False
169,selection|Qwen/Qwen2.5-7B-Instruct|c,delta_pp:1,-0.381,2.1007,-2.7982,1.6212,0.9555,selection,-0.384,False,abstain,False
169,selection|allenai/OLMo-2-1124-7B-Instruct|c,delta_pp:1,-0.1974,5.6743,-3.9583,4.2136,0.8362,selection,1.2233,True,abstain,False
169,selection|ibm-granite/granite-3.3-8b-instruct|c,delta_pp:1,2.0466,2.2855,-0.2929,4.9874,0.9198,selection,1.1876,True,abstain,False
169,selection|microsoft/Phi-3.5-mini-instruct|c,delta_pp:1,1.4431,9.6566,-3.5986,5.9651,0.9171,selection,3.7391,True,abstain,False
170,selection|Qwen/Qwen2.5-7B-Instruct|a,delta_pp:1,0.9846,2.5535,-1.5131,3.3052,0.8519,selection,-0.401,False,abstain,False
170,selection|allenai/OLMo-2-1124-7B-Instruct|a,delta_pp:1,-1.2145,10.122,-6.3097,4.261,0.7115,selection,-0.8898,False,abstain,True
170,selection|ibm-granite/granite-3.3-8b-instruct|a,delta_pp:1,3.6286,5.7604,-0.7962,6.6583,0.8719,selection,0.9105,False,abstain,False
170,selection|microsoft/Phi-3.5-mini-instruct|a,delta_pp:1,0.1786,6.3745,-3.6236,4.1893,0.9416,selection,1.8188,True,abstain,False
170,selection|Qwen/Qwen2.5-7B-Instruct|b,delta_pp:1,-0.5226,1.9979,-3.0593,1.9039,0.9573,selection,-0.5102,False,abstain,False
170,selection|allenai/OLMo-2-1124-7B-Instruct|b,delta_pp:1,1.407,8.1358,-3.2457,6.0985,0.7185,selection,0.3366,False,abstain,True
170,selection|ibm-granite/granite-3.3-8b-instruct|b,delta_pp:1,4.9485,6.2758,0.3477,8.6716,0.8719,selection,1.8088,True,abstain,False
170,selection|microsoft/Phi-3.5-mini-instruct|b,delta_pp:1,1.5168,7.3585,-3.0718,5.8319,0.9346,selection,2.3681,True,abstain,False
170,selection|Qwen/Qwen2.5-7B-Instruct|c,delta_pp:1,-0.9098,2.9345,-3.5778,1.5966,0.8501,selection,-0.384,False,abstain,False
170,selection|allenai/OLMo-2-1124-7B-Instruct|c,delta_pp:1,6.1052,6.6749,0.9686,8.8709,0.6454,selection,1.2233,True,abstain,True
170,selection|ibm-granite/granite-3.3-8b-instruct|c,delta_pp:1,3.0591,4.0116,-0.1069,6.4775,0.8467,selection,1.1876,True,abstain,False
170,selection|microsoft/Phi-3.5-mini-instruct|c,delta_pp:1,4.8578,9.4209,-0.8134,9.6637,0.9188,selection,3.7391,True,abstain,False
171,selection|Qwen/Qwen2.5-7B-Instruct|a,delta_pp:1,-0.8268,1.2432,-2.3538,0.8956,0.7924,selection,-0.401,False,abstain,True
171,selection|allenai/OLMo-2-1124-7B-Instruct|a,delta_pp:1,-0.8316,6.1018,-4.9054,2.823,0.6517,selection,-0.8898,False,abstain,True
171,selection|ibm-granite/granite-3.3-8b-instruct|a,delta_pp:1,0.6466,4.0308,-2.3324,3.3922,0.8388,selection,0.9105,False,abstain,False
171,selection|microsoft/Phi-3.5-mini-instruct|a,delta_pp:1,0.0114,3.4385,-2.5996,3.4099,0.78,selection,1.8188,True,abstain,True
171,selection|Qwen/Qwen2.5-7B-Instruct|b,delta_pp:1,-1.4613,1.6141,-2.9883,0.6129,0.7906,selection,-0.5102,False,abstain,True
171,selection|allenai/OLMo-2-1124-7B-Instruct|b,delta_pp:1,1.3199,4.132,-2.3863,4.504,0.6294,selection,0.3366,False,abstain,True
171,selection|ibm-granite/granite-3.3-8b-instruct|b,delta_pp:1,0.8956,3.9234,-1.9696,3.9553,0.8682,selection,1.8088,True,abstain,False
171,selection|microsoft/Phi-3.5-mini-instruct|b,delta_pp:1,0.3615,4.9634,-3.1089,3.6341,0.7453,selection,2.3681,True,abstain,True
171,selection|Qwen/Qwen2.5-7B-Instruct|c,delta_pp:1,-0.3289,1.0776,-1.7674,1.3212,0.8512,selection,-0.384,False,abstain,False
171,selection|allenai/OLMo-2-1124-7B-Instruct|c,delta_pp:1,2.1524,4.133,-1.6597,5.0272,0.6641,selection,1.2233,True,abstain,True
171,selection|ibm-granite/granite-3.3-8b-instruct|c,delta_pp:1,0.6466,4.0308,-2.3324,3.3922,0.8388,selection,1.1876,True,abstain,False
171,selection|microsoft/Phi-3.5-mini-instruct|c,delta_pp:1,4.5263,8.8035,0.135,9.7539,0.8453,selection,3.7391,True,abstain,False
172,selection|Qwen/Qwen2.5-7B-Instruct|a,delta_pp:1,-0.0308,2.1514,-2.1744,2.3228,0.8558,selection,-0.401,False,abstain,False
172,selection|allenai/OLMo-2-1124-7B-Instruct|a,delta_pp:1,-3.9287,7.9604,-8.2759,0.6705,0.8274,selection,-0.8898,False,abstain,False
172,selection|ibm-granite/granite-3.3-8b-instruct|a,delta_pp:1,1.3198,5.3597,-2.3669,4.7362,0.9267,selection,0.9105,False,abstain,False
172,selection|microsoft/Phi-3.5-mini-instruct|a,delta_pp:1,1.9798,8.0631,-2.7977,6.3418,0.8032,selection,1.8188,True,abstain,False
172,selection|Qwen/Qwen2.5-7B-Instruct|b,delta_pp:1,-1.3814,4.6145,-4.9071,1.9375,0.8191,selection,-0.5102,False,abstain,False
172,selection|allenai/OLMo-2-1124-7B-Instruct|b,delta_pp:1,-1.3814,10.2863,-7.1907,3.2495,0.7943,selection,0.3366,False,abstain,True
172,selection|ibm-granite/granite-3.3-8b-instruct|b,delta_pp:1,0.6291,4.8215,-3.488,3.7714,0.9545,selection,1.8088,True,abstain,False
172,selection|microsoft/Phi-3.5-mini-instruct|b,delta_pp:1,2.6397,7.7281,-1.8613,6.2398,0.857,selection,2.3681,True,abstain,False
172,selection|Qwen/Qwen2.5-7B-Instruct|c,delta_pp:1,-0.7215,3.1422,-3.5718,2.0839,0.8245,selection,-0.384,False,abstain,False
172,selection|allenai/OLMo-2-1124-7B-Instruct|c,delta_pp:1,-3.9903,10.4337,-9.7844,0.3074,0.7683,selection,1.2233,True,abstain,True
172,selection|ibm-granite/granite-3.3-8b-instruct|c,delta_pp:1,2.6397,3.7206,-0.6191,5.0738,0.9303,selection,1.1876,True,abstain,False
172,selection|microsoft/Phi-3.5-mini-instruct|c,delta_pp:1,3.9287,10.5716,-1.6427,8.2663,0.8617,selection,3.7391,True,abstain,False
173,selection|Qwen/Qwen2.5-7B-Instruct|a,delta_pp:1,0.8856,1.8021,-1.2135,3.1658,0.842,selection,-0.401,False,abstain,False
173,selection|allenai/OLMo-2-1124-7B-Instruct|a,delta_pp:1,0.6772,8.6177,-4.7249,5.3393,0.746,selection,-0.8898,False,abstain,True
173,selection|ibm-granite/granite-3.3-8b-instruct|a,delta_pp:1,5.4024,4.0933,1.9235,8.2912,0.8592,selection,0.9105,False,unsafe,False
173,selection|microsoft/Phi-3.5-mini-instruct|a,delta_pp:1,1.5167,7.7331,-3.4333,5.7494,0.8451,selection,1.8188,True,abstain,False
173,selection|Qwen/Qwen2.5-7B-Instruct|b,delta_pp:1,2.2239,2.3616,-0.2802,4.8999,0.8385,selection,-0.5102,False,abstain,False
173,selection|allenai/OLMo-2-1124-7B-Instruct|b,delta_pp:1,1.1237,7.8466,-3.9701,5.4301,0.7843,selection,0.3366,False,abstain,True
173,selection|ibm-granite/granite-3.3-8b-instruct|b,delta_pp:1,5.4024,4.4397,1.9671,8.483,0.8592,selection,1.8088,True,unsafe,False
173,selection|microsoft/Phi-3.5-mini-instruct|b,delta_pp:1,1.5536,8.4225,-3.4419,5.612,0.838,selection,2.3681,True,abstain,False
173,selection|Qwen/Qwen2.5-7B-Instruct|c,delta_pp:1,1.5547,2.2183,-0.9164,3.8955,0.8402,selection,-0.384,False,abstain,False
173,selection|allenai/OLMo-2-1124-7B-Instruct|c,delta_pp:1,3.745,7.2324,-0.828,8.0725,0.7879,selection,1.2233,True,abstain,True
173,selection|ibm-granite/granite-3.3-8b-instruct|c,delta_pp:1,3.6712,3.0526,1.0134,6.3509,0.8019,selection,1.1876,True,unsafe,False
173,selection|microsoft/Phi-3.5-mini-instruct|c,delta_pp:1,3.598,11.679,-1.8559,8.3586,0.8257,selection,3.7391,True,abstain,False
174,selection|Qwen/Qwen2.5-7B-Instruct|a,delta_pp:1,-2.0761,3.9701,-5.1514,1.4463,0.8229,selection,-0.401,False,abstain,False
174,selection|allenai/OLMo-2-1124-7B-Instruct|a,delta_pp:1,-5.0657,6.6563,-8.5311,-0.7352,0.724,selection,-0.8898,False,abstain,True
174,selection|ibm-granite/granite-3.3-8b-instruct|a,delta_pp:1,-0.7471,5.0278,-4.6804,2.5359,0.8194,selection,0.9105,False,abstain,False
174,selection|microsoft/Phi-3.5-mini-instruct|a,delta_pp:1,-1.8914,7.6987,-6.2816,2.6345,0.7622,selection,1.8188,True,abstain,True
174,selection|Qwen/Qwen2.5-7B-Instruct|b,delta_pp:1,-2.0761,4.0303,-5.5113,1.0443,0.8229,selection,-0.5102,False,abstain,False
174,selection|allenai/OLMo-2-1124-7B-Instruct|b,delta_pp:1,-2.4167,7.6071,-7.6628,1.7839,0.7205,selection,0.3366,False,abstain,True
174,selection|ibm-granite/granite-3.3-8b-instruct|b,delta_pp:1,-0.2035,7.4379,-4.1783,4.2421,0.8542,selection,1.8088,True,abstain,False
174,selection|microsoft/Phi-3.5-mini-instruct|b,delta_pp:1,-1.855,10.7902,-6.9295,3.5241,0.7483,selection,2.3681,True,abstain,True
174,selection|Qwen/Qwen2.5-7B-Instruct|c,delta_pp:1,-2.6014,4.3001,-5.8708,1.0443,0.7812,selection,-0.384,False,abstain,True
174,selection|allenai/OLMo-2-1124-7B-Instruct|c,delta_pp:1,1.579,7.7676,-2.8698,6.4262,0.6806,selection,1.2233,True,abstain,True
174,selection|ibm-granite/granite-3.3-8b-instruct|c,delta_pp:1,0.5729,5.458,-2.9335,4.2651,0.8194,selection,1.1876,True,abstain,False
174,selection|microsoft/Phi-3.5-mini-instruct|c,delta_pp:1,2.7966,14.8187,-3.5545,8.8195,0.7361,selection,3.7391,True,abstain,True
175,selection|Qwen/Qwen2.5-7B-Instruct|a,delta_pp:1,0.9868,1.6804,-1.0292,3.2893,0.9027,selection,-0.401,False,abstain,False
175,selection|allenai/OLMo-2-1124-7B-Instruct|a,delta_pp:1,1.8069,5.915,-1.477,6.3128,0.8504,selection,-0.8898,False,abstain,False
175,selection|ibm-granite/granite-3.3-8b-instruct|a,delta_pp:1,2.7414,2.5934,0.4647,5.2485,0.9894,selection,0.9105,False,abstain,False
175,selection|microsoft/Phi-3.5-mini-instruct|a,delta_pp:1,0.9759,3.3796,-2.1039,3.9124,0.9252,selection,1.8188,True,abstain,False
175,selection|Qwen/Qwen2.5-7B-Instruct|b,delta_pp:1,0.4316,1.6964,-1.438,2.5814,0.8715,selection,-0.5102,False,abstain,False
175,selection|allenai/OLMo-2-1124-7B-Instruct|b,delta_pp:1,1.2518,6.0462,-1.6856,5.5101,0.8191,selection,0.3366,False,abstain,False
175,selection|ibm-granite/granite-3.3-8b-instruct|b,delta_pp:1,4.0705,3.5616,1.2345,7.2108,0.9859,selection,1.8088,True,unsafe,False
175,selection|microsoft/Phi-3.5-mini-instruct|b,delta_pp:1,2.988,4.6724,-0.5576,6.3562,0.9129,selection,2.3681,True,abstain,False
175,selection|Qwen/Qwen2.5-7B-Instruct|c,delta_pp:1,0.9868,1.6804,-1.0292,3.2893,0.9027,selection,-0.384,False,abstain,False
175,selection|allenai/OLMo-2-1124-7B-Instruct|c,delta_pp:1,3.9393,7.5573,-0.1401,8.3552,0.7826,selection,1.2233,True,abstain,True
175,selection|ibm-granite/granite-3.3-8b-instruct|c,delta_pp:1,2.0769,2.336,-0.1625,4.2371,0.9912,selection,1.1876,True,abstain,False
175,selection|microsoft/Phi-3.5-mini-instruct|c,delta_pp:1,3.671,8.2782,-1.061,8.3645,0.904,selection,3.7391,True,abstain,False
176,selection|Qwen/Qwen2.5-7B-Instruct|a,delta_pp:1,0.5656,2.0353,-1.8111,3.1481,0.8482,selection,-0.401,False,abstain,False
176,selection|allenai/OLMo-2-1124-7B-Instruct|a,delta_pp:1,-4.7181,7.6686,-9.2401,0.1799,0.775,selection,-0.8898,False,abstain,True
176,selection|ibm-granite/granite-3.3-8b-instruct|a,delta_pp:1,-0.6916,2.6024,-3.2921,1.8429,0.8643,selection,0.9105,False,abstain,False
176,selection|microsoft/Phi-3.5-mini-instruct|a,delta_pp:1,1.0751,4.9215,-2.6409,4.3754,0.8821,selection,1.8188,True,abstain,False
176,selection|Qwen/Qwen2.5-7B-Instruct|b,delta_pp:1,-1.0309,1.3474,-2.9116,0.6384,0.8982,selection,-0.5102,False,abstain,False
176,selection|allenai/OLMo-2-1124-7B-Instruct|b,delta_pp:1,-1.4607,6.7989,-5.5829,3.1447,0.7804,selection,0.3366,False,abstain,True
176,selection|ibm-granite/granite-3.3-8b-instruct|b,delta_pp:1,0.2488,3.3894,-3.0976,3.3874,0.9107,selection,1.8088,True,abstain,False
176,selection|microsoft/Phi-3.5-mini-instruct|b,delta_pp:1,1.007,6.6239,-3.3244,5.1588,0.8982,selection,2.3681,True,abstain,False
176,selection|Qwen/Qwen2.5-7B-Instruct|c,delta_pp:1,-2.1329,1.7825,-4.3658,0.0196,0.8714,selection,-0.384,False,abstain,False
176,selection|allenai/OLMo-2-1124-7B-Instruct|c,delta_pp:1,-2.5066,7.45,-6.5615,2.3269,0.7464,selection,1.2233,True,abstain,True
176,selection|ibm-granite/granite-3.3-8b-instruct|c,delta_pp:1,2.8333,4.196,0.0051,6.6961,0.8125,selection,1.1876,True,abstain,False
176,selection|microsoft/Phi-3.5-mini-instruct|c,delta_pp:1,-0.6378,11.4063,-6.4766,4.4273,0.8482,selection,3.7391,True,abstain,False
177,selection|Qwen/Qwen2.5-7B-Instruct|a,delta_pp:1,-1.3543,3.4584,-4.7535,1.3581,0.8349,selection,-0.401,False,abstain,False
177,selection|allenai/OLMo-2-1124-7B-Instruct|a,delta_pp:1,-1.2164,6.3488,-4.693,3.3692,0.8834,selection,-0.8898,False,abstain,False
177,selection|ibm-granite/granite-3.3-8b-instruct|a,delta_pp:1,-1.2854,7.3232,-5.0853,3.7117,0.9459,selection,0.9105,False,abstain,False
177,selection|microsoft/Phi-3.5-mini-instruct|a,delta_pp:1,1.2854,6.1276,-2.5128,5.1425,0.8209,selection,1.8188,True,abstain,False
177,selection|Qwen/Qwen2.5-7B-Instruct|b,delta_pp:1,-2.6053,1.4294,-4.5936,-0.6918,0.9635,selection,-0.5102,False,abstain,False
177,selection|allenai/OLMo-2-1124-7B-Instruct|b,delta_pp:1,-3.2307,7.6257,-7.4067,1.2613,0.8486,selection,0.3366,False,abstain,False
177,selection|ibm-granite/granite-3.3-8b-instruct|b,delta_pp:1,0.6944,5.1031,-3.3608,4.3633,0.9511,selection,1.8088,True,abstain,False
177,selection|microsoft/Phi-3.5-mini-instruct|b,delta_pp:1,1.3543,8.0483,-2.6133,6.3046,0.8728,selection,2.3681,True,abstain,False
177,selection|Qwen/Qwen2.5-7B-Instruct|c,delta_pp:1,-0.6944,2.742,-3.431,2.1529,0.8992,selection,-0.384,False,abstain,False
177,selection|allenai/OLMo-2-1124-7B-Instruct|c,delta_pp:1,-1.2854,5.8854,-5.1878,3.094,0.8904,selection,1.2233,True,abstain,False
177,selection|ibm-granite/granite-3.3-8b-instruct|c,delta_pp:1,2.6053,5.2965,-1.3232,6.4568,0.8904,selection,1.1876,True,abstain,False
177,selection|microsoft/Phi-3.5-mini-instruct|c,delta_pp:1,-3.2997,14.3711,-8.7613,3.2015,0.8864,selection,3.7391,True,abstain,False
178,selection|Qwen/Qwen2.5-7B-Instruct|a,delta_pp:1,-2.3666,3.4379,-5.6542,0.307,0.8561,selection,-0.401,False,abstain,False
178,selection|allenai/OLMo-2-1124-7B-Instruct|a,delta_pp:1,-0.2189,7.0486,-4.2707,3.5893,0.7737,selection,-0.8898,False,abstain,True
178,selection|ibm-granite/granite-3.3-8b-instruct|a,delta_pp:1,0.8621,2.5956,-2.1472,3.5716,0.9211,selection,0.9105,False,abstain,False
178,selection|microsoft/Phi-3.5-mini-instruct|a,delta_pp:1,6.7531,9.137,1.11,11.5209,0.9018,selection,1.8188,True,unsafe,False
178,selection|Qwen/Qwen2.5-7B-Instruct|b,delta_pp:1,-0.3942,3.281,-3.2901,2.2612,0.7947,selection,-0.5102,False,abstain,True
178,selection|allenai/OLMo-2-1124-7B-Instruct|b,delta_pp:1,0.9472,6.1205,-3.0515,5.0778,0.8789,selection,0.3366,False,abstain,False
178,selection|ibm-granite/granite-3.3-8b-instruct|b,delta_pp:1,6.2268,5.491,2.7356,10.4385,0.8789,selection,1.8088,True,unsafe,False
178,selection|microsoft/Phi-3.5-mini-instruct|b,delta_pp:1,4.7735,9.1415,0.2312,10.3174,0.9351,selection,2.3681,True,abstain,False
178,selection|Qwen/Qwen2.5-7B-Instruct|c,delta_pp:1,-0.4675,2.7273,-2.7979,2.1916,0.8614,selection,-0.384,False,abstain,False
178,selection|allenai/OLMo-2-1124-7B-Instruct|c,delta_pp:1,1.6161,6.6155,-2.8473,6.0412,0.8386,selection,1.2233,True,abstain,False
178,selection|ibm-granite/granite-3.3-8b-instruct|c,delta_pp:1,4.8212,3.1718,1.691,7.5639,0.8544,selection,1.1876,True,unsafe,False
178,selection|microsoft/Phi-3.5-mini-instruct|c,delta_pp:1,6.774,12.1827,0.4306,11.9344,0.9193,selection,3.7391,True,abstain,False
179,selection|Qwen/Qwen2.5-7B-Instruct|a,delta_pp:1,1.1133,2.3126,-1.1117,3.7996,0.8503,selection,-0.401,False,abstain,False
179,selection|allenai/OLMo-2-1124-7B-Instruct|a,delta_pp:1,-2.2055,6.7745,-6.4594,1.3537,0.7584,selection,-0.8898,False,abstain,True
179,selection|ibm-granite/granite-3.3-8b-instruct|a,delta_pp:1,-0.8735,3.0349,-3.63,2.072,0.8452,selection,0.9105,False,abstain,False
179,selection|microsoft/Phi-3.5-mini-instruct|a,delta_pp:1,3.7309,6.2129,-0.2844,7.2602,0.8333,selection,1.8188,True,abstain,False
179,selection|Qwen/Qwen2.5-7B-Instruct|b,delta_pp:1,0.4555,1.7176,-1.6292,2.6427,0.852,selection,-0.5102,False,abstain,False
179,selection|allenai/OLMo-2-1124-7B-Instruct|b,delta_pp:1,3.5843,6.4887,-0.3312,7.8482,0.8333,selection,0.3366,False,abstain,False
179,selection|ibm-granite/granite-3.3-8b-instruct|b,delta_pp:1,0.451,2.651,-2.2811,2.7625,0.8486,selection,1.8088,True,abstain,False
179,selection|microsoft/Phi-3.5-mini-instruct|b,delta_pp:1,3.0449,7.6443,-1.0636,7.632,0.891,selection,2.3681,True,abstain,False
179,selection|Qwen/Qwen2.5-7B-Instruct|c,delta_pp:1,0.4555,1.7176,-1.6292,2.6427,0.852,selection,-0.384,False,abstain,False
179,selection|allenai/OLMo-2-1124-7B-Instruct|c,delta_pp:1,1.0954,4.4648,-2.5225,3.7386,0.8367,selection,1.2233,True,abstain,False
179,selection|ibm-granite/granite-3.3-8b-instruct|c,delta_pp:1,2.4243,4.1848,-0.5421,5.7796,0.8435,selection,1.1876,True,abstain,False
179,selection|microsoft/Phi-3.5-mini-instruct|c,delta_pp:1,4.347,8.5108,-1.1937,7.4385,0.8774,selection,3.7391,True,abstain,False
180,selection|Qwen/Qwen2.5-7B-Instruct|a,delta_pp:1,2.127,1.1612,0.6058,3.8522,0.7066,selection,-0.401,False,abstain,True
180,selection|allenai/OLMo-2-1124-7B-Instruct|a,delta_pp:1,-1.7837,7.3574,-5.3699,3.0154,0.8038,selection,-0.8898,False,abstain,False
180,selection|ibm-granite/granite-3.3-8b-instruct|a,delta_pp:1,2.0123,2.4896,-0.246,4.8204,0.8247,selection,0.9105,False,abstain,False
180,selection|microsoft/Phi-3.5-mini-instruct|a,delta_pp:1,3.749,5.8243,0.0863,7.7077,0.7708,selection,1.8188,True,abstain,True
180,selection|Qwen/Qwen2.5-7B-Instruct|b,delta_pp:1,1.4534,0.635,0.0989,2.8225,0.7083,selection,-0.5102,False,abstain,True
180,selection|allenai/OLMo-2-1124-7B-Instruct|b,delta_pp:1,1.3643,5.9159,-1.8617,5.1148,0.7205,selection,0.3366,False,abstain,True
180,selection|ibm-granite/granite-3.3-8b-instruct|b,delta_pp:1,2.6859,2.9087,-0.0039,5.2833,0.8229,selection,1.8088,True,abstain,False
180,selection|microsoft/Phi-3.5-mini-instruct|b,delta_pp:1,3.7763,6.3765,0.6398,8.6515,0.7674,selection,2.3681,True,abstain,True
180,selection|Qwen/Qwen2.5-7B-Instruct|c,delta_pp:1,1.4807,1.0931,-0.0242,3.111,0.7049,selection,-0.384,False,abstain,True
180,selection|allenai/OLMo-2-1124-7B-Instruct|c,delta_pp:1,1.0295,7.6246,-3.1554,5.5039,0.7639,selection,1.2233,True,abstain,True
180,selection|ibm-granite/granite-3.3-8b-instruct|c,delta_pp:1,3.5055,2.9875,0.7424,6.2289,0.7847,selection,1.1876,True,abstain,True
180,selection|microsoft/Phi-3.5-mini-instruct|c,delta_pp:1,6.3271,11.3898,1.1842,11.8671,0.7795,selection,3.7391,True,unsafe,True
181,selection|Qwen/Qwen2.5-7B-Instruct|a,delta_pp:1,2.5356,1.5357,0.6701,4.4399,0.842,selection,-0.401,False,abstain,False
181,selection|allenai/OLMo-2-1124-7B-Instruct|a,delta_pp:1,-1.1146,6.9214,-5.2325,2.709,0.8138,selection,-0.8898,False,abstain,False
181,selection|ibm-granite/granite-3.3-8b-instruct|a,delta_pp:1,0.0668,4.5394,-3.1286,2.9851,0.8314,selection,0.9105,False,abstain,False
181,selection|microsoft/Phi-3.5-mini-instruct|a,delta_pp:1,0.1222,6.4319,-3.1004,4.2056,0.8244,selection,1.8188,True,abstain,False
181,selection|Qwen/Qwen2.5-7B-Instruct|b,delta_pp:1,0.6575,2.3295,-1.7712,3.6165,0.8402,selection,-0.5102,False,abstain,False
181,selection|allenai/OLMo-2-1124-7B-Instruct|b,delta_pp:1,-0.1734,5.7723,-3.8632,4.0012,0.8504,selection,0.3366,False,abstain,False
181,selection|ibm-granite/granite-3.3-8b-instruct|b,delta_pp:1,3.5002,2.6219,0.7734,5.9912,0.8974,selection,1.8088,True,abstain,False
181,selection|microsoft/Phi-3.5-mini-instruct|b,delta_pp:1,-1.9913,5.6279,-5.7668,2.1506,0.8521,selection,2.3681,True,abstain,False
181,selection|Qwen/Qwen2.5-7B-Instruct|c,delta_pp:1,1.7143,1.604,-0.3142,4.1563,0.8732,selection,-0.384,False,abstain,False
181,selection|allenai/OLMo-2-1124-7B-Instruct|c,delta_pp:1,3.8139,8.1669,-1.0193,8.7392,0.8468,selection,1.2233,True,abstain,False
181,selection|ibm-granite/granite-3.3-8b-instruct|c,delta_pp:1,1.0959,2.619,-1.3492,3.594,0.7742,selection,1.1876,True,abstain,True
181,selection|microsoft/Phi-3.5-mini-instruct|c,delta_pp:1,0.2606,8.2246,-4.6599,4.364,0.9005,selection,3.7391,True,abstain,False
182,selection|Qwen/Qwen2.5-7B-Instruct|a,delta_pp:1,-2.382,1.8053,-4.8401,-0.2079,0.8262,selection,-0.401,False,abstain,False
182,selection|allenai/OLMo-2-1124-7B-Instruct|a,delta_pp:1,1.2242,7.4312,-3.375,5.9954,0.8067,selection,-0.8898,False,abstain,False
182,selection|ibm-granite/granite-3.3-8b-instruct|a,delta_pp:1,-1.4792,2.67,-4.2371,0.8648,0.906,selection,0.9105,False,abstain,False
182,selection|microsoft/Phi-3.5-mini-instruct|a,delta_pp:1,-1.0542,4.5223,-4.2803,2.4205,0.7305,selection,1.8188,True,abstain,True
182,selection|Qwen/Qwen2.5-7B-Instruct|b,delta_pp:1,-1.3544,1.3543,-3.2524,0.4158,0.802,selection,-0.5102,False,abstain,False
182,selection|allenai/OLMo-2-1124-7B-Instruct|b,delta_pp:1,-1.7075,4.7433,-4.9954,2.04,0.7825,selection,0.3366,False,abstain,True
182,selection|ibm-granite/granite-3.3-8b-instruct|b,delta_pp:1,-1.7155,2.3215,-4.3948,0.2917,0.8783,selection,1.8088,True,abstain,False
182,selection|microsoft/Phi-3.5-mini-instruct|b,delta_pp:1,-1.5534,7.3403,-5.8207,2.8173,0.8067,selection,2.3681,True,abstain,False
182,selection|Qwen/Qwen2.5-7B-Instruct|c,delta_pp:1,-1.75,1.6568,-3.8834,0.1317,0.828,selection,-0.384,False,abstain,False
182,selection|allenai/OLMo-2-1124-7B-Instruct|c,delta_pp:1,1.0994,7.6804,-3.166,5.6392,0.7719,selection,1.2233,True,abstain,True
182,selection|ibm-granite/granite-3.3-8b-instruct|c,delta_pp:1,-1.4579,2.2362,-3.9933,0.5737,0.8522,selection,1.1876,True,abstain,False
182,selection|microsoft/Phi-3.5-mini-instruct|c,delta_pp:1,0.3081,9.6124,-4.5554,5.1369,0.8239,selection,3.7391,True,abstain,False
183,selection|Qwen/Qwen2.5-7B-Instruct|a,delta_pp:1,0.0772,2.3738,-2.9593,2.21,0.8664,selection,-0.401,False,abstain,False
183,selection|allenai/OLMo-2-1124-7B-Instruct|a,delta_pp:1,-0.7898,7.7007,-5.043,3.0156,0.7783,selection,-0.8898,False,abstain,True
183,selection|ibm-granite/granite-3.3-8b-instruct|a,delta_pp:1,1.8286,5.999,-2.2649,5.8034,0.9118,selection,0.9105,False,abstain,False
183,selection|microsoft/Phi-3.5-mini-instruct|a,delta_pp:1,2.3371,7.5425,-2.6983,6.7793,0.8476,selection,1.8188,True,abstain,False
183,selection|Qwen/Qwen2.5-7B-Instruct|b,delta_pp:1,0.1131,3.4073,-3.2467,2.508,0.8596,selection,-0.5102,False,abstain,False
183,selection|allenai/OLMo-2-1124-7B-Instruct|b,delta_pp:1,2.5192,8.1532,-1.7494,7.693,0.7765,selection,0.3366,False,abstain,True
183,selection|ibm-granite/granite-3.3-8b-instruct|b,delta_pp:1,0.3302,5.0656,-3.2623,4.5974,0.8527,selection,1.8088,True,abstain,False
183,selection|microsoft/Phi-3.5-mini-instruct|b,delta_pp:1,5.3583,8.7819,1.1475,9.99,0.7731,selection,2.3681,True,unsafe,True
183,selection|Qwen/Qwen2.5-7B-Instruct|c,delta_pp:1,0.7641,3.2505,-2.3727,3.15,0.8613,selection,-0.384,False,abstain,False
183,selection|allenai/OLMo-2-1124-7B-Instruct|c,delta_pp:1,5.8641,10.1616,0.7004,11.2086,0.768,selection,1.2233,True,abstain,True
183,selection|ibm-granite/granite-3.3-8b-instruct|c,delta_pp:1,3.458,5.6422,-0.278,7.3717,0.851,selection,1.1876,True,abstain,False
183,selection|microsoft/Phi-3.5-mini-instruct|c,delta_pp:1,6.8004,11.6751,0.9416,13.4815,0.8793,selection,3.7391,True,abstain,False
184,selection|Qwen/Qwen2.5-7B-Instruct|a,delta_pp:1,-0.1008,2.2381,-2.1878,2.7246,0.9112,selection,-0.401,False,abstain,False
184,selection|allenai/OLMo-2-1124-7B-Instruct|a,delta_pp:1,3.9952,6.5887,0.4703,8.4863,0.8723,selection,-0.8898,False,abstain,False
184,selection|ibm-granite/granite-3.3-8b-instruct|a,delta_pp:1,2.0449,5.555,-1.6839,5.929,0.9022,selection,0.9105,False,abstain,False
184,selection|microsoft/Phi-3.5-mini-instruct|a,delta_pp:1,0.828,5.0198,-2.9487,4.6698,0.8551,selection,1.8188,True,abstain,False
184,selection|Qwen/Qwen2.5-7B-Instruct|b,delta_pp:1,-1.4205,2.3871,-4.0189,1.2391,0.9112,selection,-0.5102,False,abstain,False
184,selection|allenai/OLMo-2-1124-7B-Instruct|b,delta_pp:1,1.2671,7.5121,-3.014,6.4415,0.8723,selection,0.3366,False,abstain,False
184,selection|ibm-granite/granite-3.3-8b-instruct|b,delta_pp:1,3.0221,5.6537,-0.5745,7.5509,0.9212,selection,1.8088,True,abstain,False
184,selection|microsoft/Phi-3.5-mini-instruct|b,delta_pp:1,3.1288,6.7358,-0.4753,7.5284,0.8424,selection,2.3681,True,abstain,False
184,selection|Qwen/Qwen2.5-7B-Instruct|c,delta_pp:1,-1.7046,2.4697,-4.3546,1.1646,0.8904,selection,-0.384,False,abstain,False
184,selection|allenai/OLMo-2-1124-7B-Instruct|c,delta_pp:1,2.3027,6.8698,-1.0332,7.6142,0.8514,selection,1.2233,True,abstain,False
184,selection|ibm-granite/granite-3.3-8b-instruct|c,delta_pp:1,2.6051,4.2836,-0.4642,6.1535,0.9076,selection,1.1876,True,abstain,False
184,selection|microsoft/Phi-3.5-mini-instruct|c,delta_pp:1,4.8957,6.537,1.426,9.9947,0.8958,selection,3.7391,True,unsafe,False
185,selection|Qwen/Qwen2.5-7B-Instruct|a,delta_pp:1,-1.9499,1.311,-3.5305,0.2844,0.8576,selection,-0.401,False,abstain,False
185,selection|allenai/OLMo-2-1124-7B-Instruct|a,delta_pp:1,-1.598,8.6154,-6.6604,3.0871,0.7128,selection,-0.8898,False,abstain,True
185,selection|ibm-granite/granite-3.3-8b-instruct|a,delta_pp:1,1.0395,5.9263,-2.6526,5.4676,0.8138,selection,0.9105,False,abstain,False
185,selection|microsoft/Phi-3.5-mini-instruct|a,delta_pp:1,1.4559,8.1222,-2.4677,6.6894,0.8345,selection,1.8188,True,abstain,False
185,selection|Qwen/Qwen2.5-7B-Instruct|b,delta_pp:1,-1.1408,1.4302,-2.4357,0.9771,0.8298,selection,-0.5102,False,abstain,False
185,selection|allenai/OLMo-2-1124-7B-Instruct|b,delta_pp:1,-0.8898,8.9141,-5.1739,4.3511,0.7979,selection,0.3366,False,abstain,True
185,selection|ibm-granite/granite-3.3-8b-instruct|b,delta_pp:1,1.5547,2.8504,-0.9764,4.1935,0.8227,selection,1.8088,True,abstain,False
185,selection|microsoft/Phi-3.5-mini-instruct|b,delta_pp:1,2.1577,8.4602,-2.11,7.4541,0.8292,selection,2.3681,True,abstain,False
185,selection|Qwen/Qwen2.5-7B-Instruct|c,delta_pp:1,-2.0122,1.7216,-4.3631,0.1171,0.7742,selection,-0.384,False,abstain,True
185,selection|allenai/OLMo-2-1124-7B-Instruct|c,delta_pp:1,-0.0893,7.0714,-3.4274,4.3206,0.7807,selection,1.2233,True,abstain,True
185,selection|ibm-granite/granite-3.3-8b-instruct|c,delta_pp:1,-0.5743,3.3631,-3.2167,2.799,0.8505,selection,1.1876,True,abstain,False
185,selection|microsoft/Phi-3.5-mini-instruct|c,delta_pp:1,6.6923,9.9578,2.7381,11.9865,0.8392,selection,3.7391,True,unsafe,False
186,selection|Qwen/Qwen2.5-7B-Instruct|a,delta_pp:1,-0.7031,2.807,-3.0252,2.2376,0.8263,selection,-0.401,False,abstain,False
186,selection|allenai/OLMo-2-1124-7B-Instruct|a,delta_pp:1,3.7567,7.5503,-0.5104,7.8032,0.7386,selection,-0.8898,False,abstain,True
186,selection|ibm-granite/granite-3.3-8b-instruct|a,delta_pp:1,-0.3478,4.6939,-4.611,2.8746,0.8842,selection,0.9105,False,abstain,False
186,selection|microsoft/Phi-3.5-mini-instruct|a,delta_pp:1,0.6663,6.9325,-3.7364,5.0192,0.8053,selection,1.8188,True,abstain,False
186,selection|Qwen/Qwen2.5-7B-Instruct|b,delta_pp:1,-1.5884,2.9551,-4.2143,1.1977,0.8596,selection,-0.5102,False,abstain,False
186,selection|allenai/OLMo-2-1124-7B-Instruct|b,delta_pp:1,5.4227,7.66,0.971,10.1259,0.7719,selection,0.3366,False,abstain,True
186,selection|ibm-granite/granite-3.3-8b-instruct|b,delta_pp:1,-0.3478,4.1887,-4.1419,3.2104,0.8842,selection,1.8088,True,abstain,False
186,selection|microsoft/Phi-3.5-mini-instruct|b,delta_pp:1,5.9355,10.6089,-0.3953,10.457,0.8193,selection,2.3681,True,abstain,False
186,selection|Qwen/Qwen2.5-7B-Instruct|c,delta_pp:1,-0.7031,2.807,-3.0252,2.2376,0.8263,selection,-0.384,False,abstain,False
186,selection|allenai/OLMo-2-1124-7B-Instruct|c,delta_pp:1,3.1577,7.2746,-1.3878,7.1796,0.8404,selection,1.2233,True,abstain,False
186,selection|ibm-granite/granite-3.3-8b-instruct|c,delta_pp:1,1.8712,4.117,-1.4939,4.8744,0.8228,selection,1.1876,True,abstain,False
186,selection|microsoft/Phi-3.5-mini-instruct|c,delta_pp:1,7.245,17.2581,-0.1693,13.5204,0.8333,selection,3.7391,True,abstain,False
187,selection|Qwen/Qwen2.5-7B-Instruct|a,delta_pp:1,1.5553,2.1906,-0.7926,4.4155,0.8316,selection,-0.401,False,abstain,False
187,selection|allenai/OLMo-2-1124-7B-Instruct|a,delta_pp:1,5.2855,9.4794,0.8973,11.5626,0.9037,selection,-0.8898,False,abstain,False
187,selection|ibm-granite/granite-3.3-8b-instruct|a,delta_pp:1,4.5419,5.7535,0.4065,8.4156,0.9196,selection,0.9105,False,abstain,False
187,selection|microsoft/Phi-3.5-mini-instruct|a,delta_pp:1,3.2407,8.41,-1.1353,7.9377,0.9161,selection,1.8188,True,abstain,False
187,selection|Qwen/Qwen2.5-7B-Instruct|b,delta_pp:1,0.5718,2.3972,-2.1375,3.0121,0.9113,selection,-0.5102,False,abstain,False
187,selection|allenai/OLMo-2-1124-7B-Instruct|b,delta_pp:1,3.2593,8.5812,-0.7448,8.0667,0.9125,selection,0.3366,False,abstain,False
187,selection|ibm-granite/granite-3.3-8b-instruct|b,delta_pp:1,4.2914,7.2349,0.3058,9.198,0.8363,selection,1.8088,True,abstain,False
187,selection|microsoft/Phi-3.5-mini-instruct|b,delta_pp:1,5.8051,12.0911,0.8878,11.7715,0.9279,selection,2.3681,True,abstain,False
187,selection|Qwen/Qwen2.5-7B-Instruct|c,delta_pp:1,0.5718,1.8698,-1.8392,2.8967,0.9113,selection,-0.384,False,abstain,False
187,selection|allenai/OLMo-2-1124-7B-Instruct|c,delta_pp:1,5.0836,9.1109,0.4371,8.9922,0.8239,selection,1.2233,True,abstain,False
187,selection|ibm-granite/granite-3.3-8b-instruct|c,delta_pp:1,2.6653,3.9371,-0.4614,6.0465,0.9025,selection,1.1876,True,abstain,False
187,selection|microsoft/Phi-3.5-mini-instruct|c,delta_pp:1,8.983,15.4278,2.9653,16.0085,0.9486,selection,3.7391,True,unsafe,False
188,selection|Qwen/Qwen2.5-7B-Instruct|a,delta_pp:1,1.9505,1.7288,-0.253,3.7405,0.7982,selection,-0.401,False,abstain,True
188,selection|allenai/OLMo-2-1124-7B-Instruct|a,delta_pp:1,0.9456,6.4225,-2.7699,5.3419,0.7772,selection,-0.8898,False,abstain,True
188,selection|ibm-granite/granite-3.3-8b-instruct|a,delta_pp:1,6.8874,5.0488,3.1191,10.6042,0.7509,selection,0.9105,False,unsafe,True
188,selection|microsoft/Phi-3.5-mini-instruct|a,delta_pp:1,7.8026,6.7069,3.4608,11.5345,0.8105,selection,1.8188,True,unsafe,False
188,selection|Qwen/Qwen2.5-7B-Instruct|b,delta_pp:1,1.1768,2.8474,-1.7638,3.3223,0.8281,selection,-0.5102,False,abstain,False
188,selection|allenai/OLMo-2-1124-7B-Instruct|b,delta_pp:1,1.3377,7.7019,-2.9625,6.2078,0.8035,selection,0.3366,False,abstain,False
188,selection|ibm-granite/granite-3.3-8b-instruct|b,delta_pp:1,8.2533,6.4427,3.6204,12.3464,0.7439,selection,1.8088,True,unsafe,True
188,selection|microsoft/Phi-3.5-mini-instruct|b,delta_pp:1,9.1685,8.0028,4.1317,13.5242,0.8035,selection,2.3681,True,unsafe,False
188,selection|Qwen/Qwen2.5-7B-Instruct|c,delta_pp:1,2.622,2.1055,-0.1855,4.5296,0.7965,selection,-0.384,False,abstain,True
188,selection|allenai/OLMo-2-1124-7B-Instruct|c,delta_pp:1,2.9508,4.5343,-0.9159,5.803,0.7474,selection,1.2233,True,abstain,True
188,selection|ibm-granite/granite-3.3-8b-instruct|c,delta_pp:1,6.4528,4.7448,2.7556,9.3942,0.7175,selection,1.1876,True,unsafe,True
188,selection|microsoft/Phi-3.5-mini-instruct|c,delta_pp:1,9.9549,11.5749,4.033,15.723,0.7842,selection,3.7391,True,unsafe,True
189,selection|Qwen/Qwen2.5-7B-Instruct|a,delta_pp:1,-0.3991,0.6287,-1.6125,0.6326,0.7727,selection,-0.401,False,abstain,True
189,selection|allenai/OLMo-2-1124-7B-Instruct|a,delta_pp:1,-1.4923,10.4942,-7.1887,3.815,0.7381,selection,-0.8898,False,abstain,True
189,selection|ibm-granite/granite-3.3-8b-instruct|a,delta_pp:1,1.8754,4.1758,-1.8628,5.2002,0.8498,selection,0.9105,False,abstain,False
189,selection|microsoft/Phi-3.5-mini-instruct|a,delta_pp:1,-0.5695,6.1455,-4.7144,3.465,0.7992,selection,1.8188,True,abstain,True
189,selection|Qwen/Qwen2.5-7B-Instruct|b,delta_pp:1,-1.8687,1.0607,-3.4751,-0.0287,0.8165,selection,-0.5102,False,abstain,False
189,selection|allenai/OLMo-2-1124-7B-Instruct|b,delta_pp:1,-1.1501,8.6521,-6.2281,2.8388,0.787,selection,0.3366,False,abstain,True
189,selection|ibm-granite/granite-3.3-8b-instruct|b,delta_pp:1,0.9657,5.0574,-2.3974,4.4553,0.8883,selection,1.8088,True,abstain,False
189,selection|microsoft/Phi-3.5-mini-instruct|b,delta_pp:1,-0.1366,7.5185,-4.9473,3.5433,0.8342,selection,2.3681,True,abstain,False
189,selection|Qwen/Qwen2.5-7B-Instruct|c,delta_pp:1,-0.5487,1.0564,-2.0228,1.3911,0.8165,selection,-0.384,False,abstain,False
189,selection|allenai/OLMo-2-1124-7B-Instruct|c,delta_pp:1,-3.3035,7.2213,-7.0917,1.9838,0.6104,selection,1.2233,True,abstain,True
189,selection|ibm-granite/granite-3.3-8b-instruct|c,delta_pp:1,1.5463,2.6685,-0.9718,4.4882,0.9004,selection,1.1876,True,abstain,False
189,selection|microsoft/Phi-3.5-mini-instruct|c,delta_pp:1,-0.7756,8.7966,-6.2545,3.6386,0.7295,selection,3.7391,True,abstain,True
190,selection|Qwen/Qwen2.5-7B-Instruct|a,delta_pp:1,1.1966,1.2331,-0.8032,2.9497,0.8444,selection,-0.401,False,abstain,False
190,selection|allenai/OLMo-2-1124-7B-Instruct|a,delta_pp:1,3.3843,9.6054,-1.5064,9.2034,0.8148,selection,-0.8898,False,abstain,False
190,selection|ibm-granite/granite-3.3-8b-instruct|a,delta_pp:1,4.4877,4.445,1.5015,7.9874,0.8655,selection,0.9105,False,unsafe,False
190,selection|microsoft/Phi-3.5-mini-instruct|a,delta_pp:1,0.2393,9.0307,-4.6974,4.918,0.7798,selection,1.8188,True,abstain,True
190,selection|Qwen/Qwen2.5-7B-Instruct|b,delta_pp:1,-0.1096,1.9649,-2.5723,2.1207,0.8409,selection,-0.5102,False,abstain,False
190,selection|allenai/OLMo-2-1124-7B-Instruct|b,delta_pp:1,1.3135,8.6164,-3.3067,6.5472,0.8567,selection,0.3366,False,abstain,False
190,selection|ibm-granite/granite-3.3-8b-instruct|b,delta_pp:1,5.2112,4.7563,1.4827,8.6072,0.8305,selection,1.8088,True,unsafe,False
190,selection|microsoft/Phi-3.5-mini-instruct|b,delta_pp:1,2.934,14.2761,-3.4428,9.4663,0.7659,selection,2.3681,True,abstain,True
190,selection|Qwen/Qwen2.5-7B-Instruct|c,delta_pp:1,1.3583,0.9147,-0.3737,2.6925,0.8077,selection,-0.384,False,abstain,False
190,selection|allenai/OLMo-2-1124-7B-Instruct|c,delta_pp:1,-2.1338,8.8953,-7.053,3.0358,0.7396,selection,1.2233,True,abstain,True
190,selection|ibm-granite/granite-3.3-8b-instruct|c,delta_pp:1,4.1233,3.29,0.8568,6.7304,0.757,selection,1.1876,True,abstain,True
190,selection|microsoft/Phi-3.5-mini-instruct|c,delta_pp:1,7.5879,14.7846,1.6531,14.3043,0.7572,selection,3.7391,True,unsafe,True
191,selection|Qwen/Qwen2.5-7B-Instruct|a,delta_pp:1,0.9297,3.915,-2.687,3.7317,0.8229,selection,-0.401,False,abstain,False
191,selection|allenai/OLMo-2-1124-7B-Instruct|a,delta_pp:1,1.9441,10.4915,-3.3013,7.6582,0.7569,selection,-0.8898,False,abstain,True
191,selection|ibm-granite/granite-3.3-8b-instruct|a,delta_pp:1,0.8194,3.9385,-2.3944,4.0513,0.8628,selection,0.9105,False,abstain,False
191,selection|microsoft/Phi-3.5-mini-instruct|a,delta_pp:1,2.43,7.3844,-2.0593,6.4391,0.809,selection,1.8188,True,abstain,False
191,selection|Qwen/Qwen2.5-7B-Instruct|b,delta_pp:1,1.1476,3.4393,-1.8555,3.6498,0.783,selection,-0.5102,False,abstain,True
191,selection|allenai/OLMo-2-1124-7B-Instruct|b,delta_pp:1,2.6314,10.8207,-3.5091,6.8575,0.7517,selection,0.3366,False,abstain,True
191,selection|ibm-granite/granite-3.3-8b-instruct|b,delta_pp:1,2.8266,4.8945,-0.664,6.684,0.8576,selection,1.8088,True,abstain,False
191,selection|microsoft/Phi-3.5-mini-instruct|b,delta_pp:1,4.0015,7.5154,0.1453,8.1614,0.8837,selection,2.3681,True,abstain,False
191,selection|Qwen/Qwen2.5-7B-Instruct|c,delta_pp:1,0.2816,3.252,-2.6537,2.8463,0.6997,selection,-0.384,False,abstain,True
191,selection|allenai/OLMo-2-1124-7B-Instruct|c,delta_pp:1,3.5028,8.8731,-1.2137,8.2635,0.592,selection,1.2233,True,abstain,True
191,selection|ibm-granite/granite-3.3-8b-instruct|c,delta_pp:1,1.7063,3.5029,-1.4417,5.022,0.8212,selection,1.1876,True,abstain,False
191,selection|microsoft/Phi-3.5-mini-instruct|c,delta_pp:1,6.2994,13.3703,-0.0945,11.9251,0.8247,selection,3.7391,True,abstain,False
192,selection|Qwen/Qwen2.5-7B-Instruct|a,delta_pp:1,-2.9812,2.7486,-6.2034,-0.5625,0.8679,selection,-0.401,False,abstain,False
192,selection|allenai/OLMo-2-1124-7B-Instruct|a,delta_pp:1,-0.6455,6.7617,-4.9064,3.8574,0.7018,selection,-0.8898,False,abstain,True
192,selection|ibm-granite/granite-3.3-8b-instruct|a,delta_pp:1,-0.7748,4.0644,-3.5217,3.0499,0.8393,selection,0.9105,False,abstain,False
192,selection|microsoft/Phi-3.5-mini-instruct|a,delta_pp:1,3.5232,6.3371,-0.4999,8.0663,0.8696,selection,1.8188,True,abstain,False
192,selection|Qwen/Qwen2.5-7B-Instruct|b,delta_pp:1,-2.3401,2.1582,-4.9733,-0.0828,0.8696,selection,-0.5102,False,abstain,False
192,selection|allenai/OLMo-2-1124-7B-Instruct|b,delta_pp:1,-0.739,8.1485,-4.9638,5.0276,0.7732,selection,0.3366,False,abstain,True
192,selection|ibm-granite/granite-3.3-8b-instruct|b,delta_pp:1,-0.9822,5.7419,-4.5369,3.3941,0.8589,selection,1.8088,True,abstain,False
192,selection|microsoft/Phi-3.5-mini-instruct|b,delta_pp:1,3.2018,9.0058,-1.8828,7.7657,0.8375,selection,2.3681,True,abstain,False
192,selection|Qwen/Qwen2.5-7B-Instruct|c,delta_pp:1,-2.9812,2.7486,-6.2034,-0.5625,0.8679,selection,-0.384,False,abstain,False
192,selection|allenai/OLMo-2-1124-7B-Instruct|c,delta_pp:1,-3.6049,5.5422,-7.2325,0.7556,0.7321,selection,1.2233,True,abstain,True
192,selection|ibm-granite/granite-3.3-8b-instruct|c,delta_pp:1,-1.8871,2.8398,-4.2689,1.075,0.8196,selection,1.1876,True,abstain,False
192,selection|microsoft/Phi-3.5-mini-instruct|c,delta_pp:1,4.2565,12.9796,-0.8926,9.4087,0.8625,selection,3.7391,True,abstain,False
193,selection|Qwen/Qwen2.5-7B-Instruct|a,delta_pp:1,-1.3488,2.2991,-3.3598,1.3247,0.8564,selection,-0.401,False,abstain,False
193,selection|allenai/OLMo-2-1124-7B-Instruct|a,delta_pp:1,1.517,8.1148,-2.3871,6.2295,0.8277,selection,-0.8898,False,abstain,False
193,selection|ibm-granite/granite-3.3-8b-instruct|a,delta_pp:1,3.5554,6.0824,-0.0796,8.2237,0.9084,selection,0.9105,False,abstain,False
193,selection|microsoft/Phi-3.5-mini-instruct|a,delta_pp:1,3.1105,6.9583,-0.9782,6.9583,0.8821,selection,1.8188,True,abstain,False
193,selection|Qwen/Qwen2.5-7B-Instruct|b,delta_pp:1,-1.6643,1.6762,-3.4718,0.5847,0.9019,selection,-0.5102,False,abstain,False
193,selection|allenai/OLMo-2-1124-7B-Instruct|b,delta_pp:1,0.7284,8.4158,-3.4141,4.6626,0.8367,selection,0.3366,False,abstain,False
193,selection|ibm-granite/granite-3.3-8b-instruct|b,delta_pp:1,2.9096,6.0821,-0.6128,7.5814,0.9066,selection,1.8088,True,abstain,False
193,selection|microsoft/Phi-3.5-mini-instruct|b,delta_pp:1,0.5558,7.9379,-3.384,5.9733,0.8713,selection,2.3681,True,abstain,False
193,selection|Qwen/Qwen2.5-7B-Instruct|c,delta_pp:1,-2.1374,2.0478,-4.011,0.4751,0.8792,selection,-0.384,False,abstain,False
193,selection|allenai/OLMo-2-1124-7B-Instruct|c,delta_pp:1,3.5108,11.152,-1.8193,9.2637,0.8259,selection,1.2233,True,abstain,False
193,selection|ibm-granite/granite-3.3-8b-instruct|c,delta_pp:1,3.0822,5.6939,-0.5255,7.0278,0.8857,selection,1.1876,True,abstain,False
193,selection|microsoft/Phi-3.5-mini-instruct|c,delta_pp:1,1.0855,10.7869,-3.0144,6.6825,0.8869,selection,3.7391,True,abstain,False
194,selection|Qwen/Qwen2.5-7B-Instruct|a,delta_pp:1,-1.8797,1.9956,-4.0086,0.3325,0.8614,selection,-0.401,False,abstain,False
194,selection|allenai/OLMo-2-1124-7B-Instruct|a,delta_pp:1,-3.9012,8.1484,-8.7956,0.9912,0.8053,selection,-0.8898,False,abstain,False
194,selection|ibm-granite/granite-3.3-8b-instruct|a,delta_pp:1,0.2185,3.8205,-2.3594,3.6752,0.9211,selection,0.9105,False,abstain,False
194,selection|microsoft/Phi-3.5-mini-instruct|a,delta_pp:1,-1.2499,5.5628,-5.1487,3.001,0.9491,selection,1.8188,True,abstain,False
194,selection|Qwen/Qwen2.5-7B-Instruct|b,delta_pp:1,-2.1666,2.6104,-4.7657,0.5892,0.893,selection,-0.5102,False,abstain,False
194,selection|allenai/OLMo-2-1124-7B-Instruct|b,delta_pp:1,-1.8294,6.1126,-5.5447,2.4547,0.9404,selection,0.3366,False,abstain,False
194,selection|ibm-granite/granite-3.3-8b-instruct|b,delta_pp:1,1.5706,5.6022,-1.5144,5.8316,0.9175,selection,1.8088,True,abstain,False
194,selection|microsoft/Phi-3.5-mini-instruct|b,delta_pp:1,0.1343,6.7871,-4.3695,5.0904,0.9421,selection,2.3681,True,abstain,False
194,selection|Qwen/Qwen2.5-7B-Instruct|c,delta_pp:1,-1.8797,1.9956,-4.0086,0.3325,0.8614,selection,-0.384,False,abstain,False
194,selection|allenai/OLMo-2-1124-7B-Instruct|c,delta_pp:1,-2.1864,7.3058,-6.283,2.0687,0.907,selection,1.2233,True,abstain,False
194,selection|ibm-granite/granite-3.3-8b-instruct|c,delta_pp:1,0.3993,3.9995,-2.4019,3.5004,0.8895,selection,1.1876,True,abstain,False
194,selection|microsoft/Phi-3.5-mini-instruct|c,delta_pp:1,-0.4129,7.766,-4.648,3.7661,0.9298,selection,3.7391,True,abstain,False
195,selection|Qwen/Qwen2.5-7B-Instruct|a,delta_pp:1,0.859,4.3153,-2.2762,4.0553,0.8841,selection,-0.401,False,abstain,False
195,selection|allenai/OLMo-2-1124-7B-Instruct|a,delta_pp:1,-0.7113,9.8129,-5.5037,5.259,0.7802,selection,-0.8898,False,abstain,True
195,selection|ibm-granite/granite-3.3-8b-instruct|a,delta_pp:1,2.5856,5.7317,-1.1532,6.5332,0.8997,selection,0.9105,False,abstain,False
195,selection|microsoft/Phi-3.5-mini-instruct|a,delta_pp:1,4.4232,10.4476,-1.4974,9.1091,0.7976,selection,1.8188,True,abstain,True
195,selection|Qwen/Qwen2.5-7B-Instruct|b,delta_pp:1,1.084,4.284,-2.1083,4.0553,0.9104,selection,-0.5102,False,abstain,False
195,selection|allenai/OLMo-2-1124-7B-Instruct|b,delta_pp:1,-1.7281,8.3158,-6.6203,3.2575,0.8101,selection,0.3366,False,abstain,False
195,selection|ibm-granite/granite-3.3-8b-instruct|b,delta_pp:1,2.9903,5.2615,-0.2319,6.7915,0.8752,selection,1.8088,True,abstain,False
195,selection|microsoft/Phi-3.5-mini-instruct|b,delta_pp:1,2.9844,10.0304,-1.9167,7.8047,0.8449,selection,2.3681,True,abstain,False
195,selection|Qwen/Qwen2.5-7B-Instruct|c,delta_pp:1,0.859,4.271,-2.3747,3.9784,0.8841,selection,-0.384,False,abstain,False
195,selection|allenai/OLMo-2-1124-7B-Instruct|c,delta_pp:1,2.9018,6.5733,-0.2939,7.7435,0.761,selection,1.2233,True,abstain,True
195,selection|ibm-granite/granite-3.3-8b-instruct|c,delta_pp:1,3.2562,5.7277,-0.6177,7.5109,0.8506,selection,1.1876,True,abstain,False
195,selection|microsoft/Phi-3.5-mini-instruct|c,delta_pp:1,5.505,11.5355,-0.2468,10.7401,0.8922,selection,3.7391,True,abstain,False
196,selection|Qwen/Qwen2.5-7B-Instruct|a,delta_pp:1,-1.5552,2.4903,-4.2819,0.722,0.8057,selection,-0.401,False,abstain,False
196,selection|allenai/OLMo-2-1124-7B-Instruct|a,delta_pp:1,-1.291,10.5951,-6.8104,4.5438,0.714,selection,-0.8898,False,abstain,True
196,selection|ibm-granite/granite-3.3-8b-instruct|a,delta_pp:1,0.2639,4.5871,-3.0389,3.5501,0.8579,selection,0.9105,False,abstain,False
196,selection|microsoft/Phi-3.5-mini-instruct|a,delta_pp:1,-2.6907,5.6968,-7.2091,0.5916,0.7885,selection,1.8188,True,abstain,True
196,selection|Qwen/Qwen2.5-7B-Instruct|b,delta_pp:1,-0.9434,2.0735,-3.8704,0.8339,0.8682,selection,-0.5102,False,abstain,False
196,selection|allenai/OLMo-2-1124-7B-Instruct|b,delta_pp:1,-4.8058,6.8278,-9.245,-0.6957,0.7868,selection,0.3366,False,abstain,True
196,selection|ibm-granite/granite-3.3-8b-instruct|b,delta_pp:1,1.7673,3.7218,-1.0731,4.7116,0.7971,selection,1.8088,True,abstain,True
196,selection|microsoft/Phi-3.5-mini-instruct|b,delta_pp:1,-4.8933,4.6672,-8.1795,-0.5526,0.9084,selection,2.3681,True,abstain,False
196,selection|Qwen/Qwen2.5-7B-Instruct|c,delta_pp:1,0.4203,2.2022,-2.2924,2.3981,0.8074,selection,-0.384,False,abstain,False
196,selection|allenai/OLMo-2-1124-7B-Instruct|c,delta_pp:1,1.8122,8.3237,-3.1583,5.6674,0.78,selection,1.2233,True,abstain,True
196,selection|ibm-granite/granite-3.3-8b-instruct|c,delta_pp:1,1.7493,2.946,-0.8093,5.1921,0.8039,selection,1.1876,True,abstain,False
196,selection|microsoft/Phi-3.5-mini-instruct|c,delta_pp:1,-2.828,15.5926,-9.4547,4.0016,0.8759,selection,3.7391,True,abstain,False
197,selection|Qwen/Qwen2.5-7B-Instruct|a,delta_pp:1,1.1051,3.3647,-2.4928,3.3708,0.9163,selection,-0.401,False,abstain,False
197,selection|allenai/OLMo-2-1124-7B-Instruct|a,delta_pp:1,1.6754,7.2471,-3.01,6.1002,0.797,selection,-0.8898,False,abstain,True
197,selection|ibm-granite/granite-3.3-8b-instruct|a,delta_pp:1,-0.2597,5.7687,-4.3225,3.3948,0.9398,selection,0.9105,False,abstain,False
197,selection|microsoft/Phi-3.5-mini-instruct|a,delta_pp:1,3.0126,5.2531,-1.1932,6.6262,0.9451,selection,1.8188,True,abstain,False
197,selection|Qwen/Qwen2.5-7B-Instruct|b,delta_pp:1,0.3361,3.3589,-3.3141,2.7291,0.952,selection,-0.5102,False,abstain,False
197,selection|allenai/OLMo-2-1124-7B-Instruct|b,delta_pp:1,0.8352,8.9967,-4.4308,4.9318,0.8292,selection,0.3366,False,abstain,False
197,selection|ibm-granite/granite-3.3-8b-instruct|b,delta_pp:1,-0.3778,5.1178,-4.8011,2.23,0.9773,selection,1.8088,True,abstain,False
197,selection|microsoft/Phi-3.5-mini-instruct|b,delta_pp:1,7.0456,7.8528,1.8084,11.3394,0.9311,selection,2.3681,True,unsafe,False
197,selection|Qwen/Qwen2.5-7B-Instruct|c,delta_pp:1,1.9636,3.2135,-1.1112,4.472,0.8806,selection,-0.384,False,abstain,False
197,selection|allenai/OLMo-2-1124-7B-Instruct|c,delta_pp:1,1.5043,9.4029,-3.3005,7.3125,0.8274,selection,1.2233,True,abstain,False
197,selection|ibm-granite/granite-3.3-8b-instruct|c,delta_pp:1,1.7925,4.1739,-1.6272,4.9402,0.9111,selection,1.1876,True,abstain,False
197,selection|microsoft/Phi-3.5-mini-instruct|c,delta_pp:1,5.7807,9.3734,0.4776,10.4768,0.9206,selection,3.7391,True,abstain,False
198,selection|Qwen/Qwen2.5-7B-Instruct|a,delta_pp:1,1.8245,2.3627,-1.4169,4.0267,0.9113,selection,-0.401,False,abstain,False
198,selection|allenai/OLMo-2-1124-7B-Instruct|a,delta_pp:1,-0.0496,10.3965,-4.6237,4.999,0.7754,selection,-0.8898,False,abstain,True
198,selection|ibm-granite/granite-3.3-8b-instruct|a,delta_pp:1,3.0805,3.5284,0.4444,6.0623,0.9338,selection,0.9105,False,abstain,False
198,selection|microsoft/Phi-3.5-mini-instruct|a,delta_pp:1,0.0814,6.4637,-4.2049,3.7975,0.8918,selection,1.8188,True,abstain,False
198,selection|Qwen/Qwen2.5-7B-Instruct|b,delta_pp:1,0.9719,1.1667,-0.6063,3.0452,0.9687,selection,-0.5102,False,abstain,False
198,selection|allenai/OLMo-2-1124-7B-Instruct|b,delta_pp:1,-0.8198,8.2099,-5.5871,3.4204,0.8067,selection,0.3366,False,abstain,False
198,selection|ibm-granite/granite-3.3-8b-instruct|b,delta_pp:1,3.0991,4.0965,-0.1564,6.3629,0.9303,selection,1.8088,True,abstain,False
198,selection|microsoft/Phi-3.5-mini-instruct|b,delta_pp:1,1.1021,7.3784,-3.5168,5.0633,0.9439,selection,2.3681,True,abstain,False
198,selection|Qwen/Qwen2.5-7B-Instruct|c,delta_pp:1,1.1552,1.978,-1.1289,3.2128,0.9131,selection,-0.384,False,abstain,False
198,selection|allenai/OLMo-2-1124-7B-Instruct|c,delta_pp:1,3.9551,5.3353,-0.1957,7.6262,0.7565,selection,1.2233,True,abstain,True
198,selection|ibm-granite/granite-3.3-8b-instruct|c,delta_pp:1,1.241,2.5726,-1.121,4.2587,0.9096,selection,1.1876,True,abstain,False
198,selection|microsoft/Phi-3.5-mini-instruct|c,delta_pp:1,2.5148,11.7873,-3.3052,7.6564,0.9261,selection,3.7391,True,abstain,False
199,selection|Qwen/Qwen2.5-7B-Instruct|a,delta_pp:1,0.8359,1.6056,-1.2324,3.042,0.809,selection,-0.401,False,abstain,False
199,selection|allenai/OLMo-2-1124-7B-Instruct|a,delta_pp:1,1.3293,6.8478,-3.1367,5.0808,0.7513,selection,-0.8898,False,abstain,True
199,selection|ibm-granite/granite-3.3-8b-instruct|a,delta_pp:1,2.9776,4.7,-0.6498,6.5482,0.8574,selection,0.9105,False,abstain,False
199,selection|microsoft/Phi-3.5-mini-instruct|a,delta_pp:1,7.7633,8.6748,3.1302,12.1428,0.8415,selection,1.8188,True,unsafe,False
199,selection|Qwen/Qwen2.5-7B-Instruct|b,delta_pp:1,0.5315,1.8839,-1.6283,2.9532,0.8385,selection,-0.5102,False,abstain,False
199,selection|allenai/OLMo-2-1124-7B-Instruct|b,delta_pp:1,1.4905,5.6127,-2.5436,5.2276,0.7254,selection,0.3366,False,abstain,True
199,selection|ibm-granite/granite-3.3-8b-instruct|b,delta_pp:1,3.4579,5.1419,-0.2297,6.8161,0.8851,selection,1.8088,True,abstain,False
199,selection|microsoft/Phi-3.5-mini-instruct|b,delta_pp:1,5.5669,7.3986,1.1048,9.648,0.8728,selection,2.3681,True,unsafe,False
199,selection|Qwen/Qwen2.5-7B-Instruct|c,delta_pp:1,0.1575,1.1457,-1.8337,1.514,0.8107,selection,-0.384,False,abstain,False
199,selection|allenai/OLMo-2-1124-7B-Instruct|c,delta_pp:1,5.524,8.91,0.8263,9.7744,0.7183,selection,1.2233,True,abstain,True
199,selection|ibm-granite/granite-3.3-8b-instruct|c,delta_pp:1,4.4587,3.7322,0.6403,6.8714,0.8314,selection,1.1876,True,abstain,False
199,selection|microsoft/Phi-3.5-mini-instruct|c,delta_pp:1,7.039,12.4642,1.2601,13.1048,0.8482,selection,3.7391,True,unsafe,False
