draw,key,area,balanced_accuracy,accuracy,n_audit,stat,audit_estimate,full_estimate,unsafe_full,flag_audit,flag_ba
0,selection|Qwen/Qwen2.5-7B-Instruct|a,selection,0.8358,0.9683,600,delta_pp:1,-0.3157,-0.401,False,False,False
0,selection|allenai/OLMo-2-1124-7B-Instruct|a,selection,0.7584,0.9333,600,delta_pp:1,0.9854,-0.8898,False,False,True
0,selection|ibm-granite/granite-3.3-8b-instruct|a,selection,0.9434,0.9767,600,delta_pp:1,0.2789,0.9105,False,False,False
0,selection|microsoft/Phi-3.5-mini-instruct|a,selection,0.84,0.9483,600,delta_pp:1,0.346,1.8188,True,False,False
0,selection|Qwen/Qwen2.5-7B-Instruct|b,selection,0.8853,0.9783,600,delta_pp:1,-1.1303,-0.5102,False,True,False
0,selection|allenai/OLMo-2-1124-7B-Instruct|b,selection,0.8226,0.9433,600,delta_pp:1,3.4044,0.3366,False,True,False
0,selection|ibm-granite/granite-3.3-8b-instruct|b,selection,0.9234,0.9667,600,delta_pp:1,1.6895,1.8088,True,True,False
0,selection|microsoft/Phi-3.5-mini-instruct|b,selection,0.8763,0.9333,600,delta_pp:1,1.8659,2.3681,True,True,False
0,selection|Qwen/Qwen2.5-7B-Instruct|c,selection,0.8055,0.9667,600,delta_pp:1,0.1457,-0.384,False,False,False
0,selection|allenai/OLMo-2-1124-7B-Instruct|c,selection,0.8209,0.94,600,delta_pp:1,2.7481,1.2233,True,True,False
0,selection|ibm-granite/granite-3.3-8b-instruct|c,selection,0.8644,0.9667,600,delta_pp:1,1.2591,1.1876,True,True,False
0,selection|microsoft/Phi-3.5-mini-instruct|c,selection,0.8779,0.9083,600,delta_pp:1,3.5134,3.7391,True,True,False
1,selection|Qwen/Qwen2.5-7B-Instruct|a,selection,0.8527,0.9717,600,delta_pp:1,-0.4869,-0.401,False,False,False
1,selection|allenai/OLMo-2-1124-7B-Instruct|a,selection,0.791,0.9183,600,delta_pp:1,1.5735,-0.8898,False,True,True
1,selection|ibm-granite/granite-3.3-8b-instruct|a,selection,0.863,0.95,600,delta_pp:1,2.3945,0.9105,False,True,False
1,selection|microsoft/Phi-3.5-mini-instruct|a,selection,0.7972,0.93,600,delta_pp:1,1.1672,1.8188,True,True,True
1,selection|Qwen/Qwen2.5-7B-Instruct|b,selection,0.8491,0.965,600,delta_pp:1,-1.1076,-0.5102,False,True,False
1,selection|allenai/OLMo-2-1124-7B-Instruct|b,selection,0.8148,0.9217,600,delta_pp:1,1.9736,0.3366,False,True,False
1,selection|ibm-granite/granite-3.3-8b-instruct|b,selection,0.8797,0.94,600,delta_pp:1,3.5231,1.8088,True,True,False
1,selection|microsoft/Phi-3.5-mini-instruct|b,selection,0.8047,0.9233,600,delta_pp:1,1.7422,2.3681,True,True,False
1,selection|Qwen/Qwen2.5-7B-Instruct|c,selection,0.8509,0.9683,600,delta_pp:1,-1.1088,-0.384,False,True,False
1,selection|allenai/OLMo-2-1124-7B-Instruct|c,selection,0.7954,0.9267,600,delta_pp:1,3.1783,1.2233,True,True,True
1,selection|ibm-granite/granite-3.3-8b-instruct|c,selection,0.8318,0.9533,600,delta_pp:1,2.7459,1.1876,True,True,False
1,selection|microsoft/Phi-3.5-mini-instruct|c,selection,0.7957,0.9067,600,delta_pp:1,-0.7842,3.7391,True,False,True
2,selection|Qwen/Qwen2.5-7B-Instruct|a,selection,0.9004,0.9783,600,delta_pp:1,-1.5521,-0.401,False,True,False
2,selection|allenai/OLMo-2-1124-7B-Instruct|a,selection,0.8795,0.9383,600,delta_pp:1,-1.2891,-0.8898,False,True,False
2,selection|ibm-granite/granite-3.3-8b-instruct|a,selection,0.9658,0.9683,600,delta_pp:1,-0.361,0.9105,False,False,False
2,selection|microsoft/Phi-3.5-mini-instruct|a,selection,0.9006,0.945,600,delta_pp:1,-0.2225,1.8188,True,False,False
2,selection|Qwen/Qwen2.5-7B-Instruct|b,selection,0.8996,0.9767,600,delta_pp:1,-1.8728,-0.5102,False,True,False
2,selection|allenai/OLMo-2-1124-7B-Instruct|b,selection,0.8575,0.93,600,delta_pp:1,-0.7434,0.3366,False,False,False
2,selection|ibm-granite/granite-3.3-8b-instruct|b,selection,0.9252,0.9583,600,delta_pp:1,0.137,1.8088,True,False,False
2,selection|microsoft/Phi-3.5-mini-instruct|b,selection,0.9113,0.9317,600,delta_pp:1,1.639,2.3681,True,True,False
2,selection|Qwen/Qwen2.5-7B-Instruct|c,selection,0.8828,0.9783,600,delta_pp:1,-1.9993,-0.384,False,True,False
2,selection|allenai/OLMo-2-1124-7B-Instruct|c,selection,0.8265,0.9383,600,delta_pp:1,-0.6975,1.2233,True,False,False
2,selection|ibm-granite/granite-3.3-8b-instruct|c,selection,0.934,0.975,600,delta_pp:1,-1.2991,1.1876,True,True,False
2,selection|microsoft/Phi-3.5-mini-instruct|c,selection,0.8982,0.9067,600,delta_pp:1,3.4616,3.7391,True,True,False
3,selection|Qwen/Qwen2.5-7B-Instruct|a,selection,0.9401,0.9867,600,delta_pp:1,0.7952,-0.401,False,False,False
3,selection|allenai/OLMo-2-1124-7B-Instruct|a,selection,0.7631,0.9183,600,delta_pp:1,0.8081,-0.8898,False,False,True
3,selection|ibm-granite/granite-3.3-8b-instruct|a,selection,0.9534,0.9783,600,delta_pp:1,1.8007,0.9105,False,True,False
3,selection|microsoft/Phi-3.5-mini-instruct|a,selection,0.905,0.9533,600,delta_pp:1,0.8946,1.8188,True,False,False
3,selection|Qwen/Qwen2.5-7B-Instruct|b,selection,0.9586,0.9883,600,delta_pp:1,1.0825,-0.5102,False,True,False
3,selection|allenai/OLMo-2-1124-7B-Instruct|b,selection,0.8337,0.9183,600,delta_pp:1,2.6946,0.3366,False,True,False
3,selection|ibm-granite/granite-3.3-8b-instruct|b,selection,0.9684,0.9733,600,delta_pp:1,1.4317,1.8088,True,True,False
3,selection|microsoft/Phi-3.5-mini-instruct|b,selection,0.9289,0.9317,600,delta_pp:1,3.8168,2.3681,True,True,False
3,selection|Qwen/Qwen2.5-7B-Instruct|c,selection,0.9198,0.9817,600,delta_pp:1,0.489,-0.384,False,False,False
3,selection|allenai/OLMo-2-1124-7B-Instruct|c,selection,0.7631,0.9183,600,delta_pp:1,3.5059,1.2233,True,True,True
3,selection|ibm-granite/granite-3.3-8b-instruct|c,selection,0.8802,0.9733,600,delta_pp:1,-0.3454,1.1876,True,False,False
3,selection|microsoft/Phi-3.5-mini-instruct|c,selection,0.9141,0.9033,600,delta_pp:1,6.1455,3.7391,True,True,False
4,selection|Qwen/Qwen2.5-7B-Instruct|a,selection,0.8518,0.9683,600,delta_pp:1,-1.8132,-0.401,False,True,False
4,selection|allenai/OLMo-2-1124-7B-Instruct|a,selection,0.8242,0.9167,600,delta_pp:1,-0.727,-0.8898,False,False,False
4,selection|ibm-granite/granite-3.3-8b-instruct|a,selection,0.8924,0.955,600,delta_pp:1,-0.5938,0.9105,False,False,False
4,selection|microsoft/Phi-3.5-mini-instruct|a,selection,0.857,0.9333,600,delta_pp:1,2.4713,1.8188,True,True,False
4,selection|Qwen/Qwen2.5-7B-Instruct|b,selection,0.8271,0.9667,600,delta_pp:1,-0.7578,-0.5102,False,False,False
4,selection|allenai/OLMo-2-1124-7B-Instruct|b,selection,0.7694,0.9033,600,delta_pp:1,-1.1895,0.3366,False,True,True
4,selection|ibm-granite/granite-3.3-8b-instruct|b,selection,0.9136,0.95,600,delta_pp:1,-0.342,1.8088,True,False,False
4,selection|microsoft/Phi-3.5-mini-instruct|b,selection,0.8409,0.9033,600,delta_pp:1,3.1876,2.3681,True,True,False
4,selection|Qwen/Qwen2.5-7B-Instruct|c,selection,0.8408,0.97,600,delta_pp:1,-1.4557,-0.384,False,True,False
4,selection|allenai/OLMo-2-1124-7B-Instruct|c,selection,0.8114,0.915,600,delta_pp:1,3.6315,1.2233,True,True,False
4,selection|ibm-granite/granite-3.3-8b-instruct|c,selection,0.8867,0.9667,600,delta_pp:1,-2.2283,1.1876,True,True,False
4,selection|microsoft/Phi-3.5-mini-instruct|c,selection,0.8523,0.88,600,delta_pp:1,4.4978,3.7391,True,True,False
5,selection|Qwen/Qwen2.5-7B-Instruct|a,selection,0.8393,0.975,600,delta_pp:1,-0.7775,-0.401,False,False,False
5,selection|allenai/OLMo-2-1124-7B-Instruct|a,selection,0.8433,0.9267,600,delta_pp:1,-1.0659,-0.8898,False,True,False
5,selection|ibm-granite/granite-3.3-8b-instruct|a,selection,0.9096,0.9683,600,delta_pp:1,0.6169,0.9105,False,False,False
5,selection|microsoft/Phi-3.5-mini-instruct|a,selection,0.904,0.93,600,delta_pp:1,1.663,1.8188,True,True,False
5,selection|Qwen/Qwen2.5-7B-Instruct|b,selection,0.8376,0.9717,600,delta_pp:1,-1.4245,-0.5102,False,True,False
5,selection|allenai/OLMo-2-1124-7B-Instruct|b,selection,0.8294,0.9283,600,delta_pp:1,-0.6062,0.3366,False,False,False
5,selection|ibm-granite/granite-3.3-8b-instruct|b,selection,0.9096,0.9683,600,delta_pp:1,0.6169,1.8088,True,False,False
5,selection|microsoft/Phi-3.5-mini-instruct|b,selection,0.8796,0.9117,600,delta_pp:1,2.8837,2.3681,True,True,False
5,selection|Qwen/Qwen2.5-7B-Instruct|c,selection,0.8559,0.9783,600,delta_pp:1,-0.9035,-0.384,False,False,False
5,selection|allenai/OLMo-2-1124-7B-Instruct|c,selection,0.8112,0.9217,600,delta_pp:1,2.8525,1.2233,True,True,False
5,selection|ibm-granite/granite-3.3-8b-instruct|c,selection,0.8515,0.97,600,delta_pp:1,0.1322,1.1876,True,False,False
5,selection|microsoft/Phi-3.5-mini-instruct|c,selection,0.8829,0.89,600,delta_pp:1,4.5116,3.7391,True,True,False
6,selection|Qwen/Qwen2.5-7B-Instruct|a,selection,0.8123,0.9817,600,delta_pp:1,0.2032,-0.401,False,False,False
6,selection|allenai/OLMo-2-1124-7B-Instruct|a,selection,0.856,0.9183,600,delta_pp:1,-1.3786,-0.8898,False,True,False
6,selection|ibm-granite/granite-3.3-8b-instruct|a,selection,0.931,0.965,600,delta_pp:1,3.4847,0.9105,False,True,False
6,selection|microsoft/Phi-3.5-mini-instruct|a,selection,0.8767,0.9583,600,delta_pp:1,3.805,1.8188,True,True,False
6,selection|Qwen/Qwen2.5-7B-Instruct|b,selection,0.8378,0.9817,600,delta_pp:1,-0.61,-0.5102,False,False,False
6,selection|allenai/OLMo-2-1124-7B-Instruct|b,selection,0.8366,0.93,600,delta_pp:1,1.057,0.3366,False,True,False
6,selection|ibm-granite/granite-3.3-8b-instruct|b,selection,0.9047,0.9633,600,delta_pp:1,4.6347,1.8088,True,True,False
6,selection|microsoft/Phi-3.5-mini-instruct|b,selection,0.9155,0.935,600,delta_pp:1,3.622,2.3681,True,True,False
6,selection|Qwen/Qwen2.5-7B-Instruct|c,selection,0.8395,0.985,600,delta_pp:1,0.043,-0.384,False,False,False
6,selection|allenai/OLMo-2-1124-7B-Instruct|c,selection,0.8689,0.9433,600,delta_pp:1,3.5194,1.2233,True,True,False
6,selection|ibm-granite/granite-3.3-8b-instruct|c,selection,0.9107,0.975,600,delta_pp:1,2.9406,1.1876,True,True,False
6,selection|microsoft/Phi-3.5-mini-instruct|c,selection,0.8983,0.9017,600,delta_pp:1,6.3776,3.7391,True,True,False
7,selection|Qwen/Qwen2.5-7B-Instruct|a,selection,0.8812,0.9733,600,delta_pp:1,0.8631,-0.401,False,False,False
7,selection|allenai/OLMo-2-1124-7B-Instruct|a,selection,0.7741,0.9033,600,delta_pp:1,4.0132,-0.8898,False,True,True
7,selection|ibm-granite/granite-3.3-8b-instruct|a,selection,0.8679,0.9483,600,delta_pp:1,2.7514,0.9105,False,True,False
7,selection|microsoft/Phi-3.5-mini-instruct|a,selection,0.8241,0.9317,600,delta_pp:1,6.8108,1.8188,True,True,False
7,selection|Qwen/Qwen2.5-7B-Instruct|b,selection,0.8679,0.97,600,delta_pp:1,0.4271,-0.5102,False,False,False
7,selection|allenai/OLMo-2-1124-7B-Instruct|b,selection,0.7562,0.9133,600,delta_pp:1,4.2797,0.3366,False,True,True
7,selection|ibm-granite/granite-3.3-8b-instruct|b,selection,0.8545,0.945,600,delta_pp:1,4.3052,1.8088,True,True,False
7,selection|microsoft/Phi-3.5-mini-instruct|b,selection,0.8348,0.9083,600,delta_pp:1,7.959,2.3681,True,True,False
7,selection|Qwen/Qwen2.5-7B-Instruct|c,selection,0.8545,0.9667,600,delta_pp:1,0.6543,-0.384,False,False,False
7,selection|allenai/OLMo-2-1124-7B-Instruct|c,selection,0.717,0.905,600,delta_pp:1,5.2777,1.2233,True,True,True
7,selection|ibm-granite/granite-3.3-8b-instruct|c,selection,0.8482,0.955,600,delta_pp:1,3.0486,1.1876,True,True,False
7,selection|microsoft/Phi-3.5-mini-instruct|c,selection,0.8518,0.875,600,delta_pp:1,12.3192,3.7391,True,True,False
8,selection|Qwen/Qwen2.5-7B-Instruct|a,selection,0.9233,0.9817,600,delta_pp:1,-1.0092,-0.401,False,True,False
8,selection|allenai/OLMo-2-1124-7B-Instruct|a,selection,0.8181,0.935,600,delta_pp:1,-0.9169,-0.8898,False,False,False
8,selection|ibm-granite/granite-3.3-8b-instruct|a,selection,0.8903,0.97,600,delta_pp:1,1.5152,0.9105,False,True,False
8,selection|microsoft/Phi-3.5-mini-instruct|a,selection,0.8823,0.955,600,delta_pp:1,1.9251,1.8188,True,True,False
8,selection|Qwen/Qwen2.5-7B-Instruct|b,selection,0.9099,0.9817,600,delta_pp:1,0.3963,-0.5102,False,False,False
8,selection|allenai/OLMo-2-1124-7B-Instruct|b,selection,0.8387,0.9233,600,delta_pp:1,-0.7388,0.3366,False,False,False
8,selection|ibm-granite/granite-3.3-8b-instruct|b,selection,0.9144,0.965,600,delta_pp:1,3.0145,1.8088,True,True,False
8,selection|microsoft/Phi-3.5-mini-instruct|b,selection,0.9128,0.9367,600,delta_pp:1,2.7132,2.3681,True,True,False
8,selection|Qwen/Qwen2.5-7B-Instruct|c,selection,0.9402,0.9883,600,delta_pp:1,0.1923,-0.384,False,False,False
8,selection|allenai/OLMo-2-1124-7B-Instruct|c,selection,0.8038,0.9333,600,delta_pp:1,-0.4795,1.2233,True,False,False
8,selection|ibm-granite/granite-3.3-8b-instruct|c,selection,0.9215,0.9783,600,delta_pp:1,0.9732,1.1876,True,False,False
8,selection|microsoft/Phi-3.5-mini-instruct|c,selection,0.9281,0.915,600,delta_pp:1,6.9096,3.7391,True,True,False
9,selection|Qwen/Qwen2.5-7B-Instruct|a,selection,0.8709,0.9717,600,delta_pp:1,0.0578,-0.401,False,False,False
9,selection|allenai/OLMo-2-1124-7B-Instruct|a,selection,0.7963,0.9117,600,delta_pp:1,-0.9693,-0.8898,False,False,True
9,selection|ibm-granite/granite-3.3-8b-instruct|a,selection,0.8451,0.95,600,delta_pp:1,0.0129,0.9105,False,False,False
9,selection|microsoft/Phi-3.5-mini-instruct|a,selection,0.8515,0.935,600,delta_pp:1,1.628,1.8188,True,True,False
9,selection|Qwen/Qwen2.5-7B-Instruct|b,selection,0.9029,0.9783,600,delta_pp:1,0.3234,-0.5102,False,False,False
9,selection|allenai/OLMo-2-1124-7B-Instruct|b,selection,0.8613,0.9267,600,delta_pp:1,1.8044,0.3366,False,True,False
9,selection|ibm-granite/granite-3.3-8b-instruct|b,selection,0.797,0.94,600,delta_pp:1,0.5756,1.8088,True,False,True
9,selection|microsoft/Phi-3.5-mini-instruct|b,selection,0.8916,0.93,600,delta_pp:1,0.8334,2.3681,True,False,False
9,selection|Qwen/Qwen2.5-7B-Instruct|c,selection,0.8886,0.9783,600,delta_pp:1,0.5001,-0.384,False,False,False
9,selection|allenai/OLMo-2-1124-7B-Instruct|c,selection,0.7614,0.9267,600,delta_pp:1,1.7148,1.2233,True,True,True
9,selection|ibm-granite/granite-3.3-8b-instruct|c,selection,0.8335,0.955,600,delta_pp:1,-0.1752,1.1876,True,False,False
9,selection|microsoft/Phi-3.5-mini-instruct|c,selection,0.8874,0.895,600,delta_pp:1,2.5813,3.7391,True,True,False
10,selection|Qwen/Qwen2.5-7B-Instruct|a,selection,0.865,0.98,600,delta_pp:1,-0.6625,-0.401,False,False,False
10,selection|allenai/OLMo-2-1124-7B-Instruct|a,selection,0.8119,0.9233,600,delta_pp:1,-2.3993,-0.8898,False,True,False
10,selection|ibm-granite/granite-3.3-8b-instruct|a,selection,0.8777,0.9617,600,delta_pp:1,4.2452,0.9105,False,True,False
10,selection|microsoft/Phi-3.5-mini-instruct|a,selection,0.8453,0.9433,600,delta_pp:1,0.122,1.8188,True,False,False
10,selection|Qwen/Qwen2.5-7B-Instruct|b,selection,0.8632,0.9767,600,delta_pp:1,0.6421,-0.5102,False,False,False
10,selection|allenai/OLMo-2-1124-7B-Instruct|b,selection,0.8015,0.925,600,delta_pp:1,-1.9853,0.3366,False,True,False
10,selection|ibm-granite/granite-3.3-8b-instruct|b,selection,0.8367,0.9483,600,delta_pp:1,3.1203,1.8088,True,True,False
10,selection|microsoft/Phi-3.5-mini-instruct|b,selection,0.8485,0.9283,600,delta_pp:1,3.0878,2.3681,True,True,False
10,selection|Qwen/Qwen2.5-7B-Instruct|c,selection,0.8763,0.98,600,delta_pp:1,0.5927,-0.384,False,False,False
10,selection|allenai/OLMo-2-1124-7B-Instruct|c,selection,0.7406,0.9167,600,delta_pp:1,0.6074,1.2233,True,False,True
10,selection|ibm-granite/granite-3.3-8b-instruct|c,selection,0.7828,0.9533,600,delta_pp:1,2.3636,1.1876,True,True,True
10,selection|microsoft/Phi-3.5-mini-instruct|c,selection,0.8366,0.885,600,delta_pp:1,2.4911,3.7391,True,True,False
11,selection|Qwen/Qwen2.5-7B-Instruct|a,selection,0.9104,0.975,600,delta_pp:1,-1.5686,-0.401,False,True,False
11,selection|allenai/OLMo-2-1124-7B-Instruct|a,selection,0.8661,0.9267,600,delta_pp:1,-1.2208,-0.8898,False,True,False
11,selection|ibm-granite/granite-3.3-8b-instruct|a,selection,0.9591,0.9583,600,delta_pp:1,-0.2818,0.9105,False,False,False
11,selection|microsoft/Phi-3.5-mini-instruct|a,selection,0.9157,0.9483,600,delta_pp:1,1.7341,1.8188,True,True,False
11,selection|Qwen/Qwen2.5-7B-Instruct|b,selection,0.9287,0.9733,600,delta_pp:1,-1.9227,-0.5102,False,True,False
11,selection|allenai/OLMo-2-1124-7B-Instruct|b,selection,0.8696,0.9333,600,delta_pp:1,-1.8628,0.3366,False,True,False
11,selection|ibm-granite/granite-3.3-8b-instruct|b,selection,0.9383,0.955,600,delta_pp:1,-0.9209,1.8088,True,False,False
11,selection|microsoft/Phi-3.5-mini-instruct|b,selection,0.9183,0.9167,600,delta_pp:1,4.7068,2.3681,True,True,False
11,selection|Qwen/Qwen2.5-7B-Instruct|c,selection,0.9522,0.9817,600,delta_pp:1,-0.9537,-0.384,False,False,False
11,selection|allenai/OLMo-2-1124-7B-Instruct|c,selection,0.8322,0.935,600,delta_pp:1,3.1104,1.2233,True,True,False
11,selection|ibm-granite/granite-3.3-8b-instruct|c,selection,0.9217,0.96,600,delta_pp:1,0.7116,1.1876,True,False,False
11,selection|microsoft/Phi-3.5-mini-instruct|c,selection,0.907,0.895,600,delta_pp:1,7.0358,3.7391,True,True,False
12,selection|Qwen/Qwen2.5-7B-Instruct|a,selection,0.8988,0.9817,600,delta_pp:1,-0.6819,-0.401,False,False,False
12,selection|allenai/OLMo-2-1124-7B-Instruct|a,selection,0.8437,0.935,600,delta_pp:1,0.455,-0.8898,False,False,False
12,selection|ibm-granite/granite-3.3-8b-instruct|a,selection,0.9214,0.9667,600,delta_pp:1,1.4718,0.9105,False,True,False
12,selection|microsoft/Phi-3.5-mini-instruct|a,selection,0.8895,0.935,600,delta_pp:1,3.4046,1.8188,True,True,False
12,selection|Qwen/Qwen2.5-7B-Instruct|b,selection,0.8988,0.9817,600,delta_pp:1,-0.6819,-0.5102,False,False,False
12,selection|allenai/OLMo-2-1124-7B-Instruct|b,selection,0.9038,0.9333,600,delta_pp:1,-0.3671,0.3366,False,False,False
12,selection|ibm-granite/granite-3.3-8b-instruct|b,selection,0.9162,0.9567,600,delta_pp:1,1.5171,1.8088,True,True,False
12,selection|microsoft/Phi-3.5-mini-instruct|b,selection,0.8986,0.9233,600,delta_pp:1,2.9947,2.3681,True,True,False
12,selection|Qwen/Qwen2.5-7B-Instruct|c,selection,0.898,0.98,600,delta_pp:1,-0.3427,-0.384,False,False,False
12,selection|allenai/OLMo-2-1124-7B-Instruct|c,selection,0.8428,0.9333,600,delta_pp:1,0.7942,1.2233,True,False,False
12,selection|ibm-granite/granite-3.3-8b-instruct|c,selection,0.9276,0.9783,600,delta_pp:1,1.7506,1.1876,True,True,False
12,selection|microsoft/Phi-3.5-mini-instruct|c,selection,0.871,0.9,600,delta_pp:1,5.2213,3.7391,True,True,False
13,selection|Qwen/Qwen2.5-7B-Instruct|a,selection,0.789,0.9633,600,delta_pp:1,-1.1975,-0.401,False,True,True
13,selection|allenai/OLMo-2-1124-7B-Instruct|a,selection,0.7835,0.925,600,delta_pp:1,-0.1461,-0.8898,False,False,True
13,selection|ibm-granite/granite-3.3-8b-instruct|a,selection,0.893,0.965,600,delta_pp:1,0.4436,0.9105,False,False,False
13,selection|microsoft/Phi-3.5-mini-instruct|a,selection,0.7766,0.94,600,delta_pp:1,-0.497,1.8188,True,False,True
13,selection|Qwen/Qwen2.5-7B-Instruct|b,selection,0.7898,0.965,600,delta_pp:1,-0.8716,-0.5102,False,False,True
13,selection|allenai/OLMo-2-1124-7B-Instruct|b,selection,0.8156,0.93,600,delta_pp:1,2.6221,0.3366,False,True,False
13,selection|ibm-granite/granite-3.3-8b-instruct|b,selection,0.8592,0.9567,600,delta_pp:1,1.6445,1.8088,True,True,False
13,selection|microsoft/Phi-3.5-mini-instruct|b,selection,0.8563,0.9233,600,delta_pp:1,1.6392,2.3681,True,True,False
13,selection|Qwen/Qwen2.5-7B-Instruct|c,selection,0.7733,0.9617,600,delta_pp:1,-0.7605,-0.384,False,False,True
13,selection|allenai/OLMo-2-1124-7B-Instruct|c,selection,0.7731,0.9333,600,delta_pp:1,0.2781,1.2233,True,False,True
13,selection|ibm-granite/granite-3.3-8b-instruct|c,selection,0.8444,0.9567,600,delta_pp:1,1.1029,1.1876,True,True,False
13,selection|microsoft/Phi-3.5-mini-instruct|c,selection,0.8292,0.9,600,delta_pp:1,0.5158,3.7391,True,False,False
14,selection|Qwen/Qwen2.5-7B-Instruct|a,selection,0.8689,0.9783,600,delta_pp:1,-1.1802,-0.401,False,True,False
14,selection|allenai/OLMo-2-1124-7B-Instruct|a,selection,0.7995,0.9217,600,delta_pp:1,-2.5843,-0.8898,False,True,True
14,selection|ibm-granite/granite-3.3-8b-instruct|a,selection,0.9184,0.9583,600,delta_pp:1,-0.2406,0.9105,False,False,False
14,selection|microsoft/Phi-3.5-mini-instruct|a,selection,0.8333,0.9483,600,delta_pp:1,1.1287,1.8188,True,True,False
14,selection|Qwen/Qwen2.5-7B-Instruct|b,selection,0.8689,0.9783,600,delta_pp:1,-0.5169,-0.5102,False,False,False
14,selection|allenai/OLMo-2-1124-7B-Instruct|b,selection,0.8186,0.92,600,delta_pp:1,0.2508,0.3366,False,False,False
14,selection|ibm-granite/granite-3.3-8b-instruct|b,selection,0.8958,0.9533,600,delta_pp:1,1.6334,1.8088,True,True,False
14,selection|microsoft/Phi-3.5-mini-instruct|b,selection,0.842,0.9267,600,delta_pp:1,2.0567,2.3681,True,True,False
14,selection|Qwen/Qwen2.5-7B-Instruct|c,selection,0.9288,0.9783,600,delta_pp:1,-0.2847,-0.384,False,False,False
14,selection|allenai/OLMo-2-1124-7B-Instruct|c,selection,0.7665,0.935,600,delta_pp:1,-0.3749,1.2233,True,False,True
14,selection|ibm-granite/granite-3.3-8b-instruct|c,selection,0.8793,0.96,600,delta_pp:1,0.3973,1.1876,True,False,False
14,selection|microsoft/Phi-3.5-mini-instruct|c,selection,0.8585,0.92,600,delta_pp:1,1.2643,3.7391,True,True,False
15,selection|Qwen/Qwen2.5-7B-Instruct|a,selection,0.8264,0.9783,600,delta_pp:1,-1.0056,-0.401,False,True,False
15,selection|allenai/OLMo-2-1124-7B-Instruct|a,selection,0.7,0.9067,600,delta_pp:1,-0.8998,-0.8898,False,False,True
15,selection|ibm-granite/granite-3.3-8b-instruct|a,selection,0.8426,0.9533,600,delta_pp:1,-0.2388,0.9105,False,False,False
15,selection|microsoft/Phi-3.5-mini-instruct|a,selection,0.8044,0.9367,600,delta_pp:1,-0.307,1.8188,True,False,False
15,selection|Qwen/Qwen2.5-7B-Instruct|b,selection,0.809,0.9733,600,delta_pp:1,-1.752,-0.5102,False,True,False
15,selection|allenai/OLMo-2-1124-7B-Instruct|b,selection,0.7383,0.9233,600,delta_pp:1,0.5418,0.3366,False,False,True
15,selection|ibm-granite/granite-3.3-8b-instruct|b,selection,0.8244,0.9467,600,delta_pp:1,0.6858,1.8088,True,False,False
15,selection|microsoft/Phi-3.5-mini-instruct|b,selection,0.8085,0.9167,600,delta_pp:1,-0.3634,2.3681,True,False,False
15,selection|Qwen/Qwen2.5-7B-Instruct|c,selection,0.8255,0.9767,600,delta_pp:1,-1.3244,-0.384,False,True,False
15,selection|allenai/OLMo-2-1124-7B-Instruct|c,selection,0.7383,0.9233,600,delta_pp:1,2.5317,1.2233,True,True,True
15,selection|ibm-granite/granite-3.3-8b-instruct|c,selection,0.8037,0.9633,600,delta_pp:1,-0.3486,1.1876,True,False,False
15,selection|microsoft/Phi-3.5-mini-instruct|c,selection,0.8101,0.8917,600,delta_pp:1,3.2665,3.7391,True,True,False
16,selection|Qwen/Qwen2.5-7B-Instruct|a,selection,0.8197,0.9683,600,delta_pp:1,-0.6663,-0.401,False,False,False
16,selection|allenai/OLMo-2-1124-7B-Instruct|a,selection,0.7324,0.9267,600,delta_pp:1,-1.6055,-0.8898,False,True,True
16,selection|ibm-granite/granite-3.3-8b-instruct|a,selection,0.8817,0.9617,600,delta_pp:1,1.4564,0.9105,False,True,False
16,selection|microsoft/Phi-3.5-mini-instruct|a,selection,0.853,0.9383,600,delta_pp:1,2.3651,1.8188,True,True,False
16,selection|Qwen/Qwen2.5-7B-Instruct|b,selection,0.8714,0.9733,600,delta_pp:1,-0.7777,-0.5102,False,False,False
16,selection|allenai/OLMo-2-1124-7B-Instruct|b,selection,0.7642,0.925,600,delta_pp:1,-1.5466,0.3366,False,True,True
16,selection|ibm-granite/granite-3.3-8b-instruct|b,selection,0.8627,0.9567,600,delta_pp:1,1.9507,1.8088,True,True,False
16,selection|microsoft/Phi-3.5-mini-instruct|b,selection,0.8443,0.9217,600,delta_pp:1,3.1037,2.3681,True,True,False
16,selection|Qwen/Qwen2.5-7B-Instruct|c,selection,0.818,0.965,600,delta_pp:1,-0.6513,-0.384,False,False,False
16,selection|allenai/OLMo-2-1124-7B-Instruct|c,selection,0.7557,0.94,600,delta_pp:1,0.1841,1.2233,True,False,True
16,selection|ibm-granite/granite-3.3-8b-instruct|c,selection,0.8507,0.965,600,delta_pp:1,0.395,1.1876,True,False,False
16,selection|microsoft/Phi-3.5-mini-instruct|c,selection,0.8501,0.9017,600,delta_pp:1,3.0538,3.7391,True,True,False
17,selection|Qwen/Qwen2.5-7B-Instruct|a,selection,0.8568,0.9767,600,delta_pp:1,0.5853,-0.401,False,False,False
17,selection|allenai/OLMo-2-1124-7B-Instruct|a,selection,0.7952,0.9217,600,delta_pp:1,-0.5148,-0.8898,False,False,True
17,selection|ibm-granite/granite-3.3-8b-instruct|a,selection,0.8998,0.965,600,delta_pp:1,2.5982,0.9105,False,True,False
17,selection|microsoft/Phi-3.5-mini-instruct|a,selection,0.8194,0.9367,600,delta_pp:1,3.6479,1.8188,True,True,False
17,selection|Qwen/Qwen2.5-7B-Instruct|b,selection,0.8577,0.9783,600,delta_pp:1,0.2461,-0.5102,False,False,False
17,selection|allenai/OLMo-2-1124-7B-Instruct|b,selection,0.7452,0.92,600,delta_pp:1,0.2448,0.3366,False,False,True
17,selection|ibm-granite/granite-3.3-8b-instruct|b,selection,0.9197,0.9717,600,delta_pp:1,1.7647,1.8088,True,True,False
17,selection|microsoft/Phi-3.5-mini-instruct|b,selection,0.8235,0.9133,600,delta_pp:1,6.9,2.3681,True,True,False
17,selection|Qwen/Qwen2.5-7B-Instruct|c,selection,0.8723,0.975,600,delta_pp:1,-0.5127,-0.384,False,False,False
17,selection|allenai/OLMo-2-1124-7B-Instruct|c,selection,0.8013,0.9333,600,delta_pp:1,1.0612,1.2233,True,True,False
17,selection|ibm-granite/granite-3.3-8b-instruct|c,selection,0.8843,0.9667,600,delta_pp:1,2.3696,1.1876,True,True,False
17,selection|microsoft/Phi-3.5-mini-instruct|c,selection,0.8122,0.8917,600,delta_pp:1,5.3691,3.7391,True,True,False
18,selection|Qwen/Qwen2.5-7B-Instruct|a,selection,0.8513,0.9617,600,delta_pp:1,-0.9917,-0.401,False,False,False
18,selection|allenai/OLMo-2-1124-7B-Instruct|a,selection,0.7544,0.9133,600,delta_pp:1,-0.8497,-0.8898,False,False,True
18,selection|ibm-granite/granite-3.3-8b-instruct|a,selection,0.936,0.96,600,delta_pp:1,-1.012,0.9105,False,True,False
18,selection|microsoft/Phi-3.5-mini-instruct|a,selection,0.9068,0.9317,600,delta_pp:1,1.6744,1.8188,True,True,False
18,selection|Qwen/Qwen2.5-7B-Instruct|b,selection,0.8504,0.96,600,delta_pp:1,-0.6829,-0.5102,False,False,False
18,selection|allenai/OLMo-2-1124-7B-Instruct|b,selection,0.8622,0.9283,600,delta_pp:1,0.169,0.3366,False,False,False
18,selection|ibm-granite/granite-3.3-8b-instruct|b,selection,0.9182,0.9533,600,delta_pp:1,1.1988,1.8088,True,True,False
18,selection|microsoft/Phi-3.5-mini-instruct|b,selection,0.8846,0.9167,600,delta_pp:1,2.2824,2.3681,True,True,False
18,selection|Qwen/Qwen2.5-7B-Instruct|c,selection,0.8959,0.965,600,delta_pp:1,-1.51,-0.384,False,True,False
18,selection|allenai/OLMo-2-1124-7B-Instruct|c,selection,0.7553,0.915,600,delta_pp:1,0.7974,1.2233,True,False,True
18,selection|ibm-granite/granite-3.3-8b-instruct|c,selection,0.8486,0.9567,600,delta_pp:1,0.0026,1.1876,True,False,False
18,selection|microsoft/Phi-3.5-mini-instruct|c,selection,0.8768,0.875,600,delta_pp:1,4.7041,3.7391,True,True,False
19,selection|Qwen/Qwen2.5-7B-Instruct|a,selection,0.8965,0.985,600,delta_pp:1,0.0498,-0.401,False,False,False
19,selection|allenai/OLMo-2-1124-7B-Instruct|a,selection,0.847,0.9267,600,delta_pp:1,-0.7757,-0.8898,False,False,False
19,selection|ibm-granite/granite-3.3-8b-instruct|a,selection,0.9261,0.9683,600,delta_pp:1,1.2927,0.9105,False,True,False
19,selection|microsoft/Phi-3.5-mini-instruct|a,selection,0.8322,0.935,600,delta_pp:1,1.575,1.8188,True,True,False
19,selection|Qwen/Qwen2.5-7B-Instruct|b,selection,0.8957,0.9833,600,delta_pp:1,0.3843,-0.5102,False,False,False
19,selection|allenai/OLMo-2-1124-7B-Instruct|b,selection,0.8478,0.9283,600,delta_pp:1,4.1962,0.3366,False,True,False
19,selection|ibm-granite/granite-3.3-8b-instruct|b,selection,0.9035,0.9617,600,delta_pp:1,2.0364,1.8088,True,True,False
19,selection|microsoft/Phi-3.5-mini-instruct|b,selection,0.8635,0.9217,600,delta_pp:1,1.4856,2.3681,True,True,False
19,selection|Qwen/Qwen2.5-7B-Instruct|c,selection,0.8557,0.98,600,delta_pp:1,0.5025,-0.384,False,False,False
19,selection|allenai/OLMo-2-1124-7B-Instruct|c,selection,0.833,0.9367,600,delta_pp:1,1.9291,1.2233,True,True,False
19,selection|ibm-granite/granite-3.3-8b-instruct|c,selection,0.927,0.97,600,delta_pp:1,0.9582,1.1876,True,False,False
19,selection|microsoft/Phi-3.5-mini-instruct|c,selection,0.8513,0.8983,600,delta_pp:1,4.1791,3.7391,True,True,False
20,selection|Qwen/Qwen2.5-7B-Instruct|a,selection,0.8536,0.98,600,delta_pp:1,-1.616,-0.401,False,True,False
20,selection|allenai/OLMo-2-1124-7B-Instruct|a,selection,0.7978,0.9383,600,delta_pp:1,-0.2494,-0.8898,False,False,True
20,selection|ibm-granite/granite-3.3-8b-instruct|a,selection,0.8601,0.96,600,delta_pp:1,0.3562,0.9105,False,False,False
20,selection|microsoft/Phi-3.5-mini-instruct|a,selection,0.8166,0.9417,600,delta_pp:1,0.9787,1.8188,True,False,False
20,selection|Qwen/Qwen2.5-7B-Instruct|b,selection,0.8179,0.9767,600,delta_pp:1,-2.0405,-0.5102,False,True,False
20,selection|allenai/OLMo-2-1124-7B-Instruct|b,selection,0.8353,0.945,600,delta_pp:1,1.5167,0.3366,False,True,False
20,selection|ibm-granite/granite-3.3-8b-instruct|b,selection,0.8941,0.96,600,delta_pp:1,0.1555,1.8088,True,False,False
20,selection|microsoft/Phi-3.5-mini-instruct|b,selection,0.8427,0.9267,600,delta_pp:1,-0.2182,2.3681,True,False,False
20,selection|Qwen/Qwen2.5-7B-Instruct|c,selection,0.8179,0.9767,600,delta_pp:1,-1.4038,-0.384,False,True,False
20,selection|allenai/OLMo-2-1124-7B-Instruct|c,selection,0.8174,0.9433,600,delta_pp:1,1.9412,1.2233,True,True,False
20,selection|ibm-granite/granite-3.3-8b-instruct|c,selection,0.8815,0.9683,600,delta_pp:1,0.5453,1.1876,True,False,False
20,selection|microsoft/Phi-3.5-mini-instruct|c,selection,0.8483,0.905,600,delta_pp:1,2.0914,3.7391,True,True,False
21,selection|Qwen/Qwen2.5-7B-Instruct|a,selection,0.8147,0.9633,600,delta_pp:1,-2.4252,-0.401,False,True,False
21,selection|allenai/OLMo-2-1124-7B-Instruct|a,selection,0.797,0.93,600,delta_pp:1,-0.9585,-0.8898,False,False,True
21,selection|ibm-granite/granite-3.3-8b-instruct|a,selection,0.8517,0.955,600,delta_pp:1,3.5564,0.9105,False,True,False
21,selection|microsoft/Phi-3.5-mini-instruct|a,selection,0.7997,0.935,600,delta_pp:1,1.9393,1.8188,True,True,True
21,selection|Qwen/Qwen2.5-7B-Instruct|b,selection,0.8459,0.97,600,delta_pp:1,-1.9897,-0.5102,False,True,False
21,selection|allenai/OLMo-2-1124-7B-Instruct|b,selection,0.8144,0.9367,600,delta_pp:1,2.197,0.3366,False,True,False
21,selection|ibm-granite/granite-3.3-8b-instruct|b,selection,0.907,0.955,600,delta_pp:1,5.7881,1.8088,True,True,False
21,selection|microsoft/Phi-3.5-mini-instruct|b,selection,0.8635,0.925,600,delta_pp:1,1.449,2.3681,True,True,False
21,selection|Qwen/Qwen2.5-7B-Instruct|c,selection,0.8597,0.97,600,delta_pp:1,-2.1006,-0.384,False,True,False
21,selection|allenai/OLMo-2-1124-7B-Instruct|c,selection,0.8014,0.9383,600,delta_pp:1,0.6646,1.2233,True,False,False
21,selection|ibm-granite/granite-3.3-8b-instruct|c,selection,0.857,0.965,600,delta_pp:1,2.8511,1.1876,True,True,False
21,selection|microsoft/Phi-3.5-mini-instruct|c,selection,0.8199,0.895,600,delta_pp:1,3.8086,3.7391,True,True,False
22,selection|Qwen/Qwen2.5-7B-Instruct|a,selection,0.834,0.965,600,delta_pp:1,3.5087,-0.401,False,True,False
22,selection|allenai/OLMo-2-1124-7B-Instruct|a,selection,0.8512,0.9217,600,delta_pp:1,3.4796,-0.8898,False,True,False
22,selection|ibm-granite/granite-3.3-8b-instruct|a,selection,0.8814,0.9533,600,delta_pp:1,2.8858,0.9105,False,True,False
22,selection|microsoft/Phi-3.5-mini-instruct|a,selection,0.8288,0.93,600,delta_pp:1,7.2128,1.8188,True,True,False
22,selection|Qwen/Qwen2.5-7B-Instruct|b,selection,0.8331,0.9633,600,delta_pp:1,3.2038,-0.5102,False,True,False
22,selection|allenai/OLMo-2-1124-7B-Instruct|b,selection,0.8468,0.9133,600,delta_pp:1,5.813,0.3366,False,True,False
22,selection|ibm-granite/granite-3.3-8b-instruct|b,selection,0.8627,0.9433,600,delta_pp:1,5.0136,1.8088,True,True,False
22,selection|microsoft/Phi-3.5-mini-instruct|b,selection,0.8316,0.91,600,delta_pp:1,8.5376,2.3681,True,True,False
22,selection|Qwen/Qwen2.5-7B-Instruct|c,selection,0.8643,0.9717,600,delta_pp:1,2.6414,-0.384,False,True,False
22,selection|allenai/OLMo-2-1124-7B-Instruct|c,selection,0.8075,0.915,600,delta_pp:1,7.7423,1.2233,True,True,False
22,selection|ibm-granite/granite-3.3-8b-instruct|c,selection,0.9118,0.96,600,delta_pp:1,4.0084,1.1876,True,True,False
22,selection|microsoft/Phi-3.5-mini-instruct|c,selection,0.8291,0.88,600,delta_pp:1,8.5745,3.7391,True,True,False
23,selection|Qwen/Qwen2.5-7B-Instruct|a,selection,0.8875,0.9783,600,delta_pp:1,1.5075,-0.401,False,True,False
23,selection|allenai/OLMo-2-1124-7B-Instruct|a,selection,0.8608,0.9283,600,delta_pp:1,-2.9101,-0.8898,False,True,False
23,selection|ibm-granite/granite-3.3-8b-instruct|a,selection,0.9047,0.9633,600,delta_pp:1,3.1119,0.9105,False,True,False
23,selection|microsoft/Phi-3.5-mini-instruct|a,selection,0.8661,0.9383,600,delta_pp:1,2.2864,1.8188,True,True,False
23,selection|Qwen/Qwen2.5-7B-Instruct|b,selection,0.8739,0.9767,600,delta_pp:1,0.5791,-0.5102,False,False,False
23,selection|allenai/OLMo-2-1124-7B-Instruct|b,selection,0.8311,0.92,600,delta_pp:1,0.186,0.3366,False,False,False
23,selection|ibm-granite/granite-3.3-8b-instruct|b,selection,0.8795,0.9633,600,delta_pp:1,2.5564,1.8088,True,True,False
23,selection|microsoft/Phi-3.5-mini-instruct|b,selection,0.8934,0.9183,600,delta_pp:1,1.5193,2.3681,True,True,False
23,selection|Qwen/Qwen2.5-7B-Instruct|c,selection,0.8866,0.9767,600,delta_pp:1,1.18,-0.384,False,True,False
23,selection|allenai/OLMo-2-1124-7B-Instruct|c,selection,0.8688,0.9433,600,delta_pp:1,0.0377,1.2233,True,False,False
23,selection|ibm-granite/granite-3.3-8b-instruct|c,selection,0.9118,0.9767,600,delta_pp:1,2.3988,1.1876,True,True,False
23,selection|microsoft/Phi-3.5-mini-instruct|c,selection,0.8694,0.8733,600,delta_pp:1,3.9517,3.7391,True,True,False
24,selection|Qwen/Qwen2.5-7B-Instruct|a,selection,0.8602,0.9783,600,delta_pp:1,0.0618,-0.401,False,False,False
24,selection|allenai/OLMo-2-1124-7B-Instruct|a,selection,0.8559,0.935,600,delta_pp:1,-1.2365,-0.8898,False,True,False
24,selection|ibm-granite/granite-3.3-8b-instruct|a,selection,0.9091,0.9667,600,delta_pp:1,1.5942,0.9105,False,True,False
24,selection|microsoft/Phi-3.5-mini-instruct|a,selection,0.8366,0.9333,600,delta_pp:1,3.7721,1.8188,True,True,False
24,selection|Qwen/Qwen2.5-7B-Instruct|b,selection,0.8785,0.9783,600,delta_pp:1,-0.6567,-0.5102,False,False,False
24,selection|allenai/OLMo-2-1124-7B-Instruct|b,selection,0.8165,0.93,600,delta_pp:1,-2.1613,0.3366,False,True,False
24,selection|ibm-granite/granite-3.3-8b-instruct|b,selection,0.9083,0.965,600,delta_pp:1,3.2312,1.8088,True,True,False
24,selection|microsoft/Phi-3.5-mini-instruct|b,selection,0.8891,0.9283,600,delta_pp:1,3.9452,2.3681,True,True,False
24,selection|Qwen/Qwen2.5-7B-Instruct|c,selection,0.8803,0.9817,600,delta_pp:1,0.002,-0.384,False,False,False
24,selection|allenai/OLMo-2-1124-7B-Instruct|c,selection,0.841,0.9417,600,delta_pp:1,0.0889,1.2233,True,False,False
24,selection|ibm-granite/granite-3.3-8b-instruct|c,selection,0.9118,0.9717,600,delta_pp:1,1.919,1.1876,True,True,False
24,selection|microsoft/Phi-3.5-mini-instruct|c,selection,0.8682,0.8883,600,delta_pp:1,3.3607,3.7391,True,True,False
25,selection|Qwen/Qwen2.5-7B-Instruct|a,selection,0.852,0.98,600,delta_pp:1,0.3017,-0.401,False,False,False
25,selection|allenai/OLMo-2-1124-7B-Instruct|a,selection,0.7853,0.94,600,delta_pp:1,0.4509,-0.8898,False,False,True
25,selection|ibm-granite/granite-3.3-8b-instruct|a,selection,0.9386,0.97,600,delta_pp:1,2.8065,0.9105,False,True,False
25,selection|microsoft/Phi-3.5-mini-instruct|a,selection,0.8542,0.94,600,delta_pp:1,2.9995,1.8188,True,True,False
25,selection|Qwen/Qwen2.5-7B-Instruct|b,selection,0.8766,0.9833,600,delta_pp:1,0.9075,-0.5102,False,False,False
25,selection|allenai/OLMo-2-1124-7B-Instruct|b,selection,0.8109,0.945,600,delta_pp:1,1.4154,0.3366,False,True,False
25,selection|ibm-granite/granite-3.3-8b-instruct|b,selection,0.913,0.965,600,delta_pp:1,1.8707,1.8088,True,True,False
25,selection|microsoft/Phi-3.5-mini-instruct|b,selection,0.8771,0.94,600,delta_pp:1,1.6188,2.3681,True,True,False
25,selection|Qwen/Qwen2.5-7B-Instruct|c,selection,0.829,0.98,600,delta_pp:1,1.019,-0.384,False,True,False
25,selection|allenai/OLMo-2-1124-7B-Instruct|c,selection,0.7615,0.9383,600,delta_pp:1,5.4239,1.2233,True,True,True
25,selection|ibm-granite/granite-3.3-8b-instruct|c,selection,0.8918,0.9683,600,delta_pp:1,2.5271,1.1876,True,True,False
25,selection|microsoft/Phi-3.5-mini-instruct|c,selection,0.8819,0.905,600,delta_pp:1,1.9611,3.7391,True,True,False
26,selection|Qwen/Qwen2.5-7B-Instruct|a,selection,0.885,0.9683,600,delta_pp:1,-2.6557,-0.401,False,True,False
26,selection|allenai/OLMo-2-1124-7B-Instruct|a,selection,0.796,0.9167,600,delta_pp:1,-4.9267,-0.8898,False,True,True
26,selection|ibm-granite/granite-3.3-8b-instruct|a,selection,0.8935,0.9383,600,delta_pp:1,-0.0549,0.9105,False,False,False
26,selection|microsoft/Phi-3.5-mini-instruct|a,selection,0.8741,0.925,600,delta_pp:1,4.7435,1.8188,True,True,False
26,selection|Qwen/Qwen2.5-7B-Instruct|b,selection,0.8999,0.9733,600,delta_pp:1,-3.0888,-0.5102,False,True,False
26,selection|allenai/OLMo-2-1124-7B-Instruct|b,selection,0.7398,0.9033,600,delta_pp:1,-1.1954,0.3366,False,True,True
26,selection|ibm-granite/granite-3.3-8b-instruct|b,selection,0.9198,0.9417,600,delta_pp:1,0.3963,1.8088,True,False,False
26,selection|microsoft/Phi-3.5-mini-instruct|b,selection,0.8792,0.9117,600,delta_pp:1,3.3932,2.3681,True,True,False
26,selection|Qwen/Qwen2.5-7B-Instruct|c,selection,0.8876,0.9733,600,delta_pp:1,-2.9898,-0.384,False,True,False
26,selection|allenai/OLMo-2-1124-7B-Instruct|c,selection,0.7978,0.92,600,delta_pp:1,-4.2775,1.2233,True,True,True
26,selection|ibm-granite/granite-3.3-8b-instruct|c,selection,0.8656,0.955,600,delta_pp:1,0.8161,1.1876,True,False,False
26,selection|microsoft/Phi-3.5-mini-instruct|c,selection,0.871,0.8733,600,delta_pp:1,5.7779,3.7391,True,True,False
27,selection|Qwen/Qwen2.5-7B-Instruct|a,selection,0.8956,0.9817,600,delta_pp:1,-1.0967,-0.401,False,True,False
27,selection|allenai/OLMo-2-1124-7B-Instruct|a,selection,0.8281,0.9433,600,delta_pp:1,-2.0466,-0.8898,False,True,False
27,selection|ibm-granite/granite-3.3-8b-instruct|a,selection,0.9404,0.9767,600,delta_pp:1,-1.1984,0.9105,False,True,False
27,selection|microsoft/Phi-3.5-mini-instruct|a,selection,0.8798,0.9517,600,delta_pp:1,-0.3001,1.8188,True,False,False
27,selection|Qwen/Qwen2.5-7B-Instruct|b,selection,0.9105,0.98,600,delta_pp:1,-0.9207,-0.5102,False,False,False
27,selection|allenai/OLMo-2-1124-7B-Instruct|b,selection,0.786,0.9233,600,delta_pp:1,1.0141,0.3366,False,True,True
27,selection|ibm-granite/granite-3.3-8b-instruct|b,selection,0.9,0.96,600,delta_pp:1,-0.1124,1.8088,True,False,False
27,selection|microsoft/Phi-3.5-mini-instruct|b,selection,0.9211,0.94,600,delta_pp:1,-2.9842,2.3681,True,True,False
27,selection|Qwen/Qwen2.5-7B-Instruct|c,selection,0.9105,0.98,600,delta_pp:1,-0.9207,-0.384,False,False,False
27,selection|allenai/OLMo-2-1124-7B-Instruct|c,selection,0.7509,0.9167,600,delta_pp:1,1.3811,1.2233,True,True,True
27,selection|ibm-granite/granite-3.3-8b-instruct|c,selection,0.893,0.9767,600,delta_pp:1,-1.3668,1.1876,True,True,False
27,selection|microsoft/Phi-3.5-mini-instruct|c,selection,0.8904,0.9117,600,delta_pp:1,-1.6666,3.7391,True,True,False
28,selection|Qwen/Qwen2.5-7B-Instruct|a,selection,0.7768,0.9683,600,delta_pp:1,0.7229,-0.401,False,False,True
28,selection|allenai/OLMo-2-1124-7B-Instruct|a,selection,0.8217,0.9417,600,delta_pp:1,-1.0138,-0.8898,False,True,False
28,selection|ibm-granite/granite-3.3-8b-instruct|a,selection,0.8176,0.9617,600,delta_pp:1,1.6526,0.9105,False,True,False
28,selection|microsoft/Phi-3.5-mini-instruct|a,selection,0.7887,0.935,600,delta_pp:1,3.253,1.8188,True,True,True
28,selection|Qwen/Qwen2.5-7B-Instruct|b,selection,0.7777,0.97,600,delta_pp:1,0.382,-0.5102,False,False,True
28,selection|allenai/OLMo-2-1124-7B-Instruct|b,selection,0.8217,0.9417,600,delta_pp:1,2.273,0.3366,False,True,False
28,selection|ibm-granite/granite-3.3-8b-instruct|b,selection,0.8149,0.9567,600,delta_pp:1,2.6754,1.8088,True,True,False
28,selection|microsoft/Phi-3.5-mini-instruct|b,selection,0.8616,0.9333,600,delta_pp:1,2.8803,2.3681,True,True,False
28,selection|Qwen/Qwen2.5-7B-Instruct|c,selection,0.809,0.9733,600,delta_pp:1,0.7471,-0.384,False,False,False
28,selection|allenai/OLMo-2-1124-7B-Instruct|c,selection,0.8044,0.9367,600,delta_pp:1,4.777,1.2233,True,True,False
28,selection|ibm-granite/granite-3.3-8b-instruct|c,selection,0.8176,0.9617,600,delta_pp:1,2.3159,1.1876,True,True,False
28,selection|microsoft/Phi-3.5-mini-instruct|c,selection,0.8466,0.905,600,delta_pp:1,6.6866,3.7391,True,True,False
29,selection|Qwen/Qwen2.5-7B-Instruct|a,selection,0.8662,0.97,600,delta_pp:1,-0.8257,-0.401,False,False,False
29,selection|allenai/OLMo-2-1124-7B-Instruct|a,selection,0.7826,0.9233,600,delta_pp:1,-0.1829,-0.8898,False,False,True
29,selection|ibm-granite/granite-3.3-8b-instruct|a,selection,0.906,0.9617,600,delta_pp:1,-0.8127,0.9105,False,False,False
29,selection|microsoft/Phi-3.5-mini-instruct|a,selection,0.8391,0.9467,600,delta_pp:1,-0.6101,1.8188,True,False,False
29,selection|Qwen/Qwen2.5-7B-Instruct|b,selection,0.8818,0.9717,600,delta_pp:1,0.0444,-0.5102,False,False,False
29,selection|allenai/OLMo-2-1124-7B-Instruct|b,selection,0.8477,0.935,600,delta_pp:1,1.6184,0.3366,False,True,False
29,selection|ibm-granite/granite-3.3-8b-instruct|b,selection,0.9025,0.955,600,delta_pp:1,1.2291,1.8088,True,True,False
29,selection|microsoft/Phi-3.5-mini-instruct|b,selection,0.8955,0.9417,600,delta_pp:1,0.5977,2.3681,True,False,False
29,selection|Qwen/Qwen2.5-7B-Instruct|c,selection,0.8367,0.97,600,delta_pp:1,0.0252,-0.384,False,False,False
29,selection|allenai/OLMo-2-1124-7B-Instruct|c,selection,0.7392,0.925,600,delta_pp:1,1.1346,1.2233,True,True,True
29,selection|ibm-granite/granite-3.3-8b-instruct|c,selection,0.8297,0.9567,600,delta_pp:1,0.7684,1.1876,True,False,False
29,selection|microsoft/Phi-3.5-mini-instruct|c,selection,0.8926,0.9083,600,delta_pp:1,1.2828,3.7391,True,True,False
30,selection|Qwen/Qwen2.5-7B-Instruct|a,selection,0.8739,0.9783,600,delta_pp:1,0.8195,-0.401,False,False,False
30,selection|allenai/OLMo-2-1124-7B-Instruct|a,selection,0.8774,0.9483,600,delta_pp:1,0.7917,-0.8898,False,False,False
30,selection|ibm-granite/granite-3.3-8b-instruct|a,selection,0.9678,0.975,600,delta_pp:1,3.417,0.9105,False,True,False
30,selection|microsoft/Phi-3.5-mini-instruct|a,selection,0.8957,0.9467,600,delta_pp:1,6.275,1.8188,True,True,False
30,selection|Qwen/Qwen2.5-7B-Instruct|b,selection,0.8722,0.975,600,delta_pp:1,-0.4536,-0.5102,False,False,False
30,selection|allenai/OLMo-2-1124-7B-Instruct|b,selection,0.9226,0.9617,600,delta_pp:1,2.436,0.3366,False,True,False
30,selection|ibm-granite/granite-3.3-8b-instruct|b,selection,0.9687,0.9767,600,delta_pp:1,2.4146,1.8088,True,True,False
30,selection|microsoft/Phi-3.5-mini-instruct|b,selection,0.8939,0.9433,600,delta_pp:1,5.6267,2.3681,True,True,False
30,selection|Qwen/Qwen2.5-7B-Instruct|c,selection,0.8548,0.9783,600,delta_pp:1,0.9431,-0.384,False,False,False
30,selection|allenai/OLMo-2-1124-7B-Instruct|c,selection,0.8983,0.9517,600,delta_pp:1,3.9697,1.2233,True,True,False
30,selection|ibm-granite/granite-3.3-8b-instruct|c,selection,0.9139,0.9817,600,delta_pp:1,2.47,1.1876,True,True,False
30,selection|microsoft/Phi-3.5-mini-instruct|c,selection,0.8983,0.915,600,delta_pp:1,8.5763,3.7391,True,True,False
31,selection|Qwen/Qwen2.5-7B-Instruct|a,selection,0.8062,0.9633,600,delta_pp:1,0.0087,-0.401,False,False,False
31,selection|allenai/OLMo-2-1124-7B-Instruct|a,selection,0.7348,0.9167,600,delta_pp:1,0.9248,-0.8898,False,False,True
31,selection|ibm-granite/granite-3.3-8b-instruct|a,selection,0.8804,0.95,600,delta_pp:1,2.3766,0.9105,False,True,False
31,selection|microsoft/Phi-3.5-mini-instruct|a,selection,0.7875,0.9283,600,delta_pp:1,1.2514,1.8188,True,True,True
31,selection|Qwen/Qwen2.5-7B-Instruct|b,selection,0.808,0.9667,600,delta_pp:1,-0.6541,-0.5102,False,False,False
31,selection|allenai/OLMo-2-1124-7B-Instruct|b,selection,0.7196,0.91,600,delta_pp:1,0.4611,0.3366,False,False,True
31,selection|ibm-granite/granite-3.3-8b-instruct|b,selection,0.8562,0.9483,600,delta_pp:1,2.3376,1.8088,True,True,False
31,selection|microsoft/Phi-3.5-mini-instruct|b,selection,0.8027,0.9133,600,delta_pp:1,2.0477,2.3681,True,True,False
31,selection|Qwen/Qwen2.5-7B-Instruct|c,selection,0.7938,0.9617,600,delta_pp:1,-0.798,-0.384,False,False,True
31,selection|allenai/OLMo-2-1124-7B-Instruct|c,selection,0.7098,0.9133,600,delta_pp:1,2.5557,1.2233,True,True,True
31,selection|ibm-granite/granite-3.3-8b-instruct|c,selection,0.8616,0.9583,600,delta_pp:1,1.6035,1.1876,True,True,False
31,selection|microsoft/Phi-3.5-mini-instruct|c,selection,0.8125,0.8883,600,delta_pp:1,2.9389,3.7391,True,True,False
32,selection|Qwen/Qwen2.5-7B-Instruct|a,selection,0.8055,0.9667,600,delta_pp:1,0.2509,-0.401,False,False,False
32,selection|allenai/OLMo-2-1124-7B-Instruct|a,selection,0.7661,0.92,600,delta_pp:1,1.9388,-0.8898,False,True,True
32,selection|ibm-granite/granite-3.3-8b-instruct|a,selection,0.9025,0.955,600,delta_pp:1,3.8342,0.9105,False,True,False
32,selection|microsoft/Phi-3.5-mini-instruct|a,selection,0.8746,0.93,600,delta_pp:1,4.3885,1.8188,True,True,False
32,selection|Qwen/Qwen2.5-7B-Instruct|b,selection,0.8532,0.9733,600,delta_pp:1,-0.1066,-0.5102,False,False,False
32,selection|allenai/OLMo-2-1124-7B-Instruct|b,selection,0.7929,0.915,600,delta_pp:1,3.3583,0.3366,False,True,True
32,selection|ibm-granite/granite-3.3-8b-instruct|b,selection,0.9043,0.9583,600,delta_pp:1,3.8443,1.8088,True,True,False
32,selection|microsoft/Phi-3.5-mini-instruct|b,selection,0.8831,0.9183,600,delta_pp:1,5.9777,2.3681,True,True,False
32,selection|Qwen/Qwen2.5-7B-Instruct|c,selection,0.8367,0.97,600,delta_pp:1,0.0252,-0.384,False,False,False
32,selection|allenai/OLMo-2-1124-7B-Instruct|c,selection,0.7749,0.9367,600,delta_pp:1,1.2057,1.2233,True,True,True
32,selection|ibm-granite/granite-3.3-8b-instruct|c,selection,0.8774,0.9633,600,delta_pp:1,2.3768,1.1876,True,True,False
32,selection|microsoft/Phi-3.5-mini-instruct|c,selection,0.8655,0.885,600,delta_pp:1,7.4439,3.7391,True,True,False
33,selection|Qwen/Qwen2.5-7B-Instruct|a,selection,0.806,0.9583,600,delta_pp:1,0.0111,-0.401,False,False,False
33,selection|allenai/OLMo-2-1124-7B-Instruct|a,selection,0.7628,0.9233,600,delta_pp:1,-4.994,-0.8898,False,True,True
33,selection|ibm-granite/granite-3.3-8b-instruct|a,selection,0.9077,0.965,600,delta_pp:1,0.8926,0.9105,False,False,False
33,selection|microsoft/Phi-3.5-mini-instruct|a,selection,0.8312,0.9367,600,delta_pp:1,2.7696,1.8188,True,True,False
33,selection|Qwen/Qwen2.5-7B-Instruct|b,selection,0.8332,0.9633,600,delta_pp:1,0.7078,-0.5102,False,False,False
33,selection|allenai/OLMo-2-1124-7B-Instruct|b,selection,0.8181,0.935,600,delta_pp:1,-2.6644,0.3366,False,True,False
33,selection|ibm-granite/granite-3.3-8b-instruct|b,selection,0.8392,0.9517,600,delta_pp:1,2.2948,1.8088,True,True,False
33,selection|microsoft/Phi-3.5-mini-instruct|b,selection,0.8881,0.9283,600,delta_pp:1,2.4759,2.3681,True,True,False
33,selection|Qwen/Qwen2.5-7B-Instruct|c,selection,0.8209,0.9633,600,delta_pp:1,0.853,-0.384,False,False,False
33,selection|allenai/OLMo-2-1124-7B-Instruct|c,selection,0.7944,0.9367,600,delta_pp:1,-2.0528,1.2233,True,True,True
33,selection|ibm-granite/granite-3.3-8b-instruct|c,selection,0.806,0.9583,600,delta_pp:1,0.0351,1.1876,True,False,False
33,selection|microsoft/Phi-3.5-mini-instruct|c,selection,0.8572,0.8933,600,delta_pp:1,7.1067,3.7391,True,True,False
34,selection|Qwen/Qwen2.5-7B-Instruct|a,selection,0.8405,0.9683,600,delta_pp:1,0.6298,-0.401,False,False,False
34,selection|allenai/OLMo-2-1124-7B-Instruct|a,selection,0.7838,0.915,600,delta_pp:1,3.6262,-0.8898,False,True,True
34,selection|ibm-granite/granite-3.3-8b-instruct|a,selection,0.8567,0.945,600,delta_pp:1,3.8649,0.9105,False,True,False
34,selection|microsoft/Phi-3.5-mini-instruct|a,selection,0.8488,0.93,600,delta_pp:1,4.2643,1.8188,True,True,False
34,selection|Qwen/Qwen2.5-7B-Instruct|b,selection,0.8557,0.97,600,delta_pp:1,0.2258,-0.5102,False,False,False
34,selection|allenai/OLMo-2-1124-7B-Instruct|b,selection,0.7704,0.9167,600,delta_pp:1,1.4282,0.3366,False,True,True
34,selection|ibm-granite/granite-3.3-8b-instruct|b,selection,0.8229,0.935,600,delta_pp:1,6.041,1.8088,True,True,False
34,selection|microsoft/Phi-3.5-mini-instruct|b,selection,0.8721,0.92,600,delta_pp:1,6.7941,2.3681,True,True,False
34,selection|Qwen/Qwen2.5-7B-Instruct|c,selection,0.8557,0.97,600,delta_pp:1,0.2258,-0.384,False,False,False
34,selection|allenai/OLMo-2-1124-7B-Instruct|c,selection,0.7561,0.9167,600,delta_pp:1,3.4646,1.2233,True,True,True
34,selection|ibm-granite/granite-3.3-8b-instruct|c,selection,0.8122,0.9417,600,delta_pp:1,5.4239,1.1876,True,True,False
34,selection|microsoft/Phi-3.5-mini-instruct|c,selection,0.8652,0.88,600,delta_pp:1,10.1488,3.7391,True,True,False
35,selection|Qwen/Qwen2.5-7B-Instruct|a,selection,0.8845,0.9783,600,delta_pp:1,-0.9581,-0.401,False,False,False
35,selection|allenai/OLMo-2-1124-7B-Instruct|a,selection,0.7781,0.925,600,delta_pp:1,1.4198,-0.8898,False,True,True
35,selection|ibm-granite/granite-3.3-8b-instruct|a,selection,0.8756,0.9617,600,delta_pp:1,1.1016,0.9105,False,True,False
35,selection|microsoft/Phi-3.5-mini-instruct|a,selection,0.8614,0.935,600,delta_pp:1,1.2276,1.8188,True,True,False
35,selection|Qwen/Qwen2.5-7B-Instruct|b,selection,0.8697,0.975,600,delta_pp:1,-0.1628,-0.5102,False,False,False
35,selection|allenai/OLMo-2-1124-7B-Instruct|b,selection,0.7754,0.92,600,delta_pp:1,3.1061,0.3366,False,True,True
35,selection|ibm-granite/granite-3.3-8b-instruct|b,selection,0.8676,0.9467,600,delta_pp:1,1.5415,1.8088,True,True,False
35,selection|microsoft/Phi-3.5-mini-instruct|b,selection,0.8768,0.915,600,delta_pp:1,2.4162,2.3681,True,True,False
35,selection|Qwen/Qwen2.5-7B-Instruct|c,selection,0.8836,0.9767,600,delta_pp:1,-0.641,-0.384,False,False,False
35,selection|allenai/OLMo-2-1124-7B-Instruct|c,selection,0.7798,0.9283,600,delta_pp:1,4.0781,1.2233,True,True,True
35,selection|ibm-granite/granite-3.3-8b-instruct|c,selection,0.8765,0.9633,600,delta_pp:1,1.4238,1.1876,True,True,False
35,selection|microsoft/Phi-3.5-mini-instruct|c,selection,0.8546,0.8733,600,delta_pp:1,3.6455,3.7391,True,True,False
36,selection|Qwen/Qwen2.5-7B-Instruct|a,selection,0.8631,0.9717,600,delta_pp:1,-0.0663,-0.401,False,False,False
36,selection|allenai/OLMo-2-1124-7B-Instruct|a,selection,0.8188,0.9167,600,delta_pp:1,-2.4887,-0.8898,False,True,False
36,selection|ibm-granite/granite-3.3-8b-instruct|a,selection,0.8634,0.9433,600,delta_pp:1,0.264,0.9105,False,False,False
36,selection|microsoft/Phi-3.5-mini-instruct|a,selection,0.8607,0.9383,600,delta_pp:1,1.2886,1.8188,True,True,False
36,selection|Qwen/Qwen2.5-7B-Instruct|b,selection,0.8792,0.9733,600,delta_pp:1,0.0863,-0.5102,False,False,False
36,selection|allenai/OLMo-2-1124-7B-Instruct|b,selection,0.8349,0.9183,600,delta_pp:1,-1.6727,0.3366,False,True,False
36,selection|ibm-granite/granite-3.3-8b-instruct|b,selection,0.8948,0.945,600,delta_pp:1,0.9108,1.8088,True,False,False
36,selection|microsoft/Phi-3.5-mini-instruct|b,selection,0.8628,0.9133,600,delta_pp:1,2.9595,2.3681,True,True,False
36,selection|Qwen/Qwen2.5-7B-Instruct|c,selection,0.8461,0.9683,600,delta_pp:1,-0.5407,-0.384,False,False,False
36,selection|allenai/OLMo-2-1124-7B-Instruct|c,selection,0.8537,0.925,600,delta_pp:1,-0.5548,1.2233,True,False,False
36,selection|ibm-granite/granite-3.3-8b-instruct|c,selection,0.8355,0.9483,600,delta_pp:1,1.5676,1.1876,True,True,False
36,selection|microsoft/Phi-3.5-mini-instruct|c,selection,0.82,0.89,600,delta_pp:1,4.7288,3.7391,True,True,False
37,selection|Qwen/Qwen2.5-7B-Instruct|a,selection,0.8125,0.9617,600,delta_pp:1,-0.6029,-0.401,False,False,False
37,selection|allenai/OLMo-2-1124-7B-Instruct|a,selection,0.7893,0.9183,600,delta_pp:1,-4.9068,-0.8898,False,True,True
37,selection|ibm-granite/granite-3.3-8b-instruct|a,selection,0.8978,0.965,600,delta_pp:1,-0.9326,0.9105,False,False,False
37,selection|microsoft/Phi-3.5-mini-instruct|a,selection,0.834,0.935,600,delta_pp:1,-0.1594,1.8188,True,False,False
37,selection|Qwen/Qwen2.5-7B-Instruct|b,selection,0.8399,0.9683,600,delta_pp:1,0.405,-0.5102,False,False,False
37,selection|allenai/OLMo-2-1124-7B-Instruct|b,selection,0.8004,0.9167,600,delta_pp:1,-0.7333,0.3366,False,False,False
37,selection|ibm-granite/granite-3.3-8b-instruct|b,selection,0.8924,0.955,600,delta_pp:1,1.1244,1.8088,True,True,False
37,selection|microsoft/Phi-3.5-mini-instruct|b,selection,0.8516,0.9233,600,delta_pp:1,0.64,2.3681,True,False,False
37,selection|Qwen/Qwen2.5-7B-Instruct|c,selection,0.8015,0.9633,600,delta_pp:1,1.193,-0.384,False,True,False
37,selection|allenai/OLMo-2-1124-7B-Instruct|c,selection,0.7893,0.9183,600,delta_pp:1,0.3993,1.2233,True,False,True
37,selection|ibm-granite/granite-3.3-8b-instruct|c,selection,0.8483,0.9617,600,delta_pp:1,-1.0017,1.1876,True,True,False
37,selection|microsoft/Phi-3.5-mini-instruct|c,selection,0.8511,0.9,600,delta_pp:1,4.5554,3.7391,True,True,False
38,selection|Qwen/Qwen2.5-7B-Instruct|a,selection,0.8947,0.9783,600,delta_pp:1,-0.0074,-0.401,False,False,False
38,selection|allenai/OLMo-2-1124-7B-Instruct|a,selection,0.7842,0.9217,600,delta_pp:1,2.2738,-0.8898,False,True,True
38,selection|ibm-granite/granite-3.3-8b-instruct|a,selection,0.919,0.9483,600,delta_pp:1,4.4462,0.9105,False,True,False
38,selection|microsoft/Phi-3.5-mini-instruct|a,selection,0.8458,0.9367,600,delta_pp:1,2.7362,1.8188,True,True,False
38,selection|Qwen/Qwen2.5-7B-Instruct|b,selection,0.8938,0.9767,600,delta_pp:1,-0.3315,-0.5102,False,False,False
38,selection|allenai/OLMo-2-1124-7B-Instruct|b,selection,0.7985,0.9233,600,delta_pp:1,2.4818,0.3366,False,True,True
38,selection|ibm-granite/granite-3.3-8b-instruct|b,selection,0.9082,0.9533,600,delta_pp:1,4.2078,1.8088,True,True,False
38,selection|microsoft/Phi-3.5-mini-instruct|b,selection,0.8824,0.93,600,delta_pp:1,3.767,2.3681,True,True,False
38,selection|Qwen/Qwen2.5-7B-Instruct|c,selection,0.8956,0.98,600,delta_pp:1,-0.3467,-0.384,False,False,False
38,selection|allenai/OLMo-2-1124-7B-Instruct|c,selection,0.8172,0.9333,600,delta_pp:1,1.0155,1.2233,True,True,False
38,selection|ibm-granite/granite-3.3-8b-instruct|c,selection,0.8984,0.96,600,delta_pp:1,3.6301,1.1876,True,True,False
38,selection|microsoft/Phi-3.5-mini-instruct|c,selection,0.8647,0.8967,600,delta_pp:1,4.5823,3.7391,True,True,False
39,selection|Qwen/Qwen2.5-7B-Instruct|a,selection,0.885,0.975,600,delta_pp:1,0.6493,-0.401,False,False,False
39,selection|allenai/OLMo-2-1124-7B-Instruct|a,selection,0.8078,0.925,600,delta_pp:1,1.6531,-0.8898,False,True,False
39,selection|ibm-granite/granite-3.3-8b-instruct|a,selection,0.9307,0.965,600,delta_pp:1,2.7146,0.9105,False,True,False
39,selection|microsoft/Phi-3.5-mini-instruct|a,selection,0.847,0.935,600,delta_pp:1,2.4723,1.8188,True,True,False
39,selection|Qwen/Qwen2.5-7B-Instruct|b,selection,0.902,0.975,600,delta_pp:1,1.0935,-0.5102,False,True,False
39,selection|allenai/OLMo-2-1124-7B-Instruct|b,selection,0.7773,0.9317,600,delta_pp:1,2.7083,0.3366,False,True,True
39,selection|ibm-granite/granite-3.3-8b-instruct|b,selection,0.8771,0.96,600,delta_pp:1,2.4115,1.8088,True,True,False
39,selection|microsoft/Phi-3.5-mini-instruct|b,selection,0.8631,0.9333,600,delta_pp:1,1.9331,2.3681,True,True,False
39,selection|Qwen/Qwen2.5-7B-Instruct|c,selection,0.8859,0.9767,600,delta_pp:1,0.9694,-0.384,False,False,False
39,selection|allenai/OLMo-2-1124-7B-Instruct|c,selection,0.7569,0.925,600,delta_pp:1,0.3204,1.2233,True,False,True
39,selection|ibm-granite/granite-3.3-8b-instruct|c,selection,0.902,0.975,600,delta_pp:1,1.7568,1.1876,True,True,False
39,selection|microsoft/Phi-3.5-mini-instruct|c,selection,0.8975,0.9017,600,delta_pp:1,4.4803,3.7391,True,True,False
40,selection|Qwen/Qwen2.5-7B-Instruct|a,selection,0.8739,0.9767,600,delta_pp:1,2.5689,-0.401,False,True,False
40,selection|allenai/OLMo-2-1124-7B-Instruct|a,selection,0.8356,0.9283,600,delta_pp:1,-0.1832,-0.8898,False,False,False
40,selection|ibm-granite/granite-3.3-8b-instruct|a,selection,0.9308,0.965,600,delta_pp:1,1.3759,0.9105,False,True,False
40,selection|microsoft/Phi-3.5-mini-instruct|a,selection,0.8491,0.93,600,delta_pp:1,2.735,1.8188,True,True,False
40,selection|Qwen/Qwen2.5-7B-Instruct|b,selection,0.873,0.975,600,delta_pp:1,2.9047,-0.5102,False,True,False
40,selection|allenai/OLMo-2-1124-7B-Instruct|b,selection,0.8502,0.9083,600,delta_pp:1,2.4114,0.3366,False,True,False
40,selection|ibm-granite/granite-3.3-8b-instruct|b,selection,0.8885,0.9567,600,delta_pp:1,3.2078,1.8088,True,True,False
40,selection|microsoft/Phi-3.5-mini-instruct|b,selection,0.8807,0.9183,600,delta_pp:1,3.6055,2.3681,True,True,False
40,selection|Qwen/Qwen2.5-7B-Instruct|c,selection,0.8478,0.975,600,delta_pp:1,1.6859,-0.384,False,True,False
40,selection|allenai/OLMo-2-1124-7B-Instruct|c,selection,0.8473,0.9267,600,delta_pp:1,2.7262,1.2233,True,True,False
40,selection|ibm-granite/granite-3.3-8b-instruct|c,selection,0.8668,0.9633,600,delta_pp:1,2.6188,1.1876,True,True,False
40,selection|microsoft/Phi-3.5-mini-instruct|c,selection,0.8359,0.8817,600,delta_pp:1,8.4126,3.7391,True,True,False
41,selection|Qwen/Qwen2.5-7B-Instruct|a,selection,0.8487,0.9733,600,delta_pp:1,0.7034,-0.401,False,False,False
41,selection|allenai/OLMo-2-1124-7B-Instruct|a,selection,0.7936,0.9267,600,delta_pp:1,-0.3394,-0.8898,False,False,True
41,selection|ibm-granite/granite-3.3-8b-instruct|a,selection,0.8839,0.9533,600,delta_pp:1,1.2128,0.9105,False,True,False
41,selection|microsoft/Phi-3.5-mini-instruct|a,selection,0.8607,0.9383,600,delta_pp:1,1.6765,1.8188,True,True,False
41,selection|Qwen/Qwen2.5-7B-Instruct|b,selection,0.8648,0.975,600,delta_pp:1,-0.3492,-0.5102,False,False,False
41,selection|allenai/OLMo-2-1124-7B-Instruct|b,selection,0.8097,0.9283,600,delta_pp:1,1.9244,0.3366,False,True,False
41,selection|ibm-granite/granite-3.3-8b-instruct|b,selection,0.8616,0.94,600,delta_pp:1,2.0041,1.8088,True,True,False
41,selection|microsoft/Phi-3.5-mini-instruct|b,selection,0.8367,0.9217,600,delta_pp:1,4.4448,2.3681,True,True,False
41,selection|Qwen/Qwen2.5-7B-Instruct|c,selection,0.8461,0.9683,600,delta_pp:1,1.0472,-0.384,False,True,False
41,selection|allenai/OLMo-2-1124-7B-Instruct|c,selection,0.8115,0.9317,600,delta_pp:1,1.2321,1.2233,True,True,False
41,selection|ibm-granite/granite-3.3-8b-instruct|c,selection,0.8273,0.9617,600,delta_pp:1,2.4437,1.1876,True,True,False
41,selection|microsoft/Phi-3.5-mini-instruct|c,selection,0.854,0.8967,600,delta_pp:1,6.6783,3.7391,True,True,False
42,selection|Qwen/Qwen2.5-7B-Instruct|a,selection,0.8051,0.9783,600,delta_pp:1,-0.2287,-0.401,False,False,False
42,selection|allenai/OLMo-2-1124-7B-Instruct|a,selection,0.8148,0.9267,600,delta_pp:1,2.7084,-0.8898,False,True,False
42,selection|ibm-granite/granite-3.3-8b-instruct|a,selection,0.8322,0.96,600,delta_pp:1,2.6642,0.9105,False,True,False
42,selection|microsoft/Phi-3.5-mini-instruct|a,selection,0.7911,0.9517,600,delta_pp:1,1.8413,1.8188,True,True,True
42,selection|Qwen/Qwen2.5-7B-Instruct|b,selection,0.8033,0.975,600,delta_pp:1,0.4415,-0.5102,False,False,False
42,selection|allenai/OLMo-2-1124-7B-Instruct|b,selection,0.8349,0.93,600,delta_pp:1,2.0355,0.3366,False,True,False
42,selection|ibm-granite/granite-3.3-8b-instruct|b,selection,0.8514,0.9617,600,delta_pp:1,5.5682,1.8088,True,True,False
42,selection|microsoft/Phi-3.5-mini-instruct|b,selection,0.8436,0.9467,600,delta_pp:1,2.6145,2.3681,True,True,False
42,selection|Qwen/Qwen2.5-7B-Instruct|c,selection,0.7841,0.9733,600,delta_pp:1,0.1907,-0.384,False,False,True
42,selection|allenai/OLMo-2-1124-7B-Instruct|c,selection,0.82,0.9367,600,delta_pp:1,0.7725,1.2233,True,False,False
42,selection|ibm-granite/granite-3.3-8b-instruct|c,selection,0.8374,0.97,600,delta_pp:1,3.9452,1.1876,True,True,False
42,selection|microsoft/Phi-3.5-mini-instruct|c,selection,0.8402,0.905,600,delta_pp:1,3.6433,3.7391,True,True,False
43,selection|Qwen/Qwen2.5-7B-Instruct|a,selection,0.8272,0.9733,600,delta_pp:1,0.8586,-0.401,False,False,False
43,selection|allenai/OLMo-2-1124-7B-Instruct|a,selection,0.8045,0.93,600,delta_pp:1,1.0535,-0.8898,False,True,False
43,selection|ibm-granite/granite-3.3-8b-instruct|a,selection,0.8185,0.9567,600,delta_pp:1,0.967,0.9105,False,False,False
43,selection|microsoft/Phi-3.5-mini-instruct|a,selection,0.7762,0.9433,600,delta_pp:1,2.6209,1.8188,True,True,True
43,selection|Qwen/Qwen2.5-7B-Instruct|b,selection,0.8272,0.9733,600,delta_pp:1,-0.4345,-0.5102,False,False,False
43,selection|allenai/OLMo-2-1124-7B-Instruct|b,selection,0.8045,0.93,600,delta_pp:1,4.4035,0.3366,False,True,False
43,selection|ibm-granite/granite-3.3-8b-instruct|b,selection,0.8547,0.9583,600,delta_pp:1,2.9802,1.8088,True,True,False
43,selection|microsoft/Phi-3.5-mini-instruct|b,selection,0.8019,0.925,600,delta_pp:1,1.4411,2.3681,True,True,False
43,selection|Qwen/Qwen2.5-7B-Instruct|c,selection,0.8113,0.9767,600,delta_pp:1,0.3307,-0.384,False,False,False
43,selection|allenai/OLMo-2-1124-7B-Instruct|c,selection,0.7252,0.9133,600,delta_pp:1,5.6764,1.2233,True,True,True
43,selection|ibm-granite/granite-3.3-8b-instruct|c,selection,0.8573,0.9633,600,delta_pp:1,3.2894,1.1876,True,True,False
43,selection|microsoft/Phi-3.5-mini-instruct|c,selection,0.781,0.885,600,delta_pp:1,2.2509,3.7391,True,True,True
44,selection|Qwen/Qwen2.5-7B-Instruct|a,selection,0.8601,0.9783,600,delta_pp:1,-0.2112,-0.401,False,False,False
44,selection|allenai/OLMo-2-1124-7B-Instruct|a,selection,0.8906,0.955,600,delta_pp:1,0.7028,-0.8898,False,False,False
44,selection|ibm-granite/granite-3.3-8b-instruct|a,selection,0.895,0.9633,600,delta_pp:1,0.3099,0.9105,False,False,False
44,selection|microsoft/Phi-3.5-mini-instruct|a,selection,0.8479,0.9283,600,delta_pp:1,1.9512,1.8188,True,True,False
44,selection|Qwen/Qwen2.5-7B-Instruct|b,selection,0.8441,0.975,600,delta_pp:1,-0.6554,-0.5102,False,False,False
44,selection|allenai/OLMo-2-1124-7B-Instruct|b,selection,0.8389,0.9383,600,delta_pp:1,2.0724,0.3366,False,True,False
44,selection|ibm-granite/granite-3.3-8b-instruct|b,selection,0.8335,0.955,600,delta_pp:1,1.4813,1.8088,True,True,False
44,selection|microsoft/Phi-3.5-mini-instruct|b,selection,0.8595,0.9233,600,delta_pp:1,2.1249,2.3681,True,True,False
44,selection|Qwen/Qwen2.5-7B-Instruct|c,selection,0.845,0.9767,600,delta_pp:1,0.2878,-0.384,False,False,False
44,selection|allenai/OLMo-2-1124-7B-Instruct|c,selection,0.8194,0.9283,600,delta_pp:1,2.3405,1.2233,True,True,False
44,selection|ibm-granite/granite-3.3-8b-instruct|c,selection,0.8531,0.965,600,delta_pp:1,1.2133,1.1876,True,True,False
44,selection|microsoft/Phi-3.5-mini-instruct|c,selection,0.8713,0.8917,600,delta_pp:1,2.2998,3.7391,True,True,False
45,selection|Qwen/Qwen2.5-7B-Instruct|a,selection,0.8208,0.9733,600,delta_pp:1,0.0608,-0.401,False,False,False
45,selection|allenai/OLMo-2-1124-7B-Instruct|a,selection,0.8226,0.9417,600,delta_pp:1,1.0938,-0.8898,False,True,False
45,selection|ibm-granite/granite-3.3-8b-instruct|a,selection,0.9266,0.965,600,delta_pp:1,1.3466,0.9105,False,True,False
45,selection|microsoft/Phi-3.5-mini-instruct|a,selection,0.8008,0.935,600,delta_pp:1,5.7783,1.8188,True,True,False
45,selection|Qwen/Qwen2.5-7B-Instruct|b,selection,0.8025,0.9733,600,delta_pp:1,-0.5002,-0.5102,False,False,False
45,selection|allenai/OLMo-2-1124-7B-Instruct|b,selection,0.799,0.9317,600,delta_pp:1,-0.1098,0.3366,False,False,True
45,selection|ibm-granite/granite-3.3-8b-instruct|b,selection,0.8795,0.945,600,delta_pp:1,2.1813,1.8088,True,True,False
45,selection|microsoft/Phi-3.5-mini-instruct|b,selection,0.8734,0.9333,600,delta_pp:1,5.8287,2.3681,True,True,False
45,selection|Qwen/Qwen2.5-7B-Instruct|c,selection,0.8217,0.975,600,delta_pp:1,0.389,-0.384,False,False,False
45,selection|allenai/OLMo-2-1124-7B-Instruct|c,selection,0.8252,0.9467,600,delta_pp:1,-0.5499,1.2233,True,False,False
45,selection|ibm-granite/granite-3.3-8b-instruct|c,selection,0.8523,0.9633,600,delta_pp:1,-0.0235,1.1876,True,False,False
45,selection|microsoft/Phi-3.5-mini-instruct|c,selection,0.8341,0.8933,600,delta_pp:1,4.6624,3.7391,True,True,False
46,selection|Qwen/Qwen2.5-7B-Instruct|a,selection,0.8349,0.9667,600,delta_pp:1,-2.5596,-0.401,False,True,False
46,selection|allenai/OLMo-2-1124-7B-Instruct|a,selection,0.741,0.9283,600,delta_pp:1,-2.516,-0.8898,False,True,True
46,selection|ibm-granite/granite-3.3-8b-instruct|a,selection,0.8739,0.9567,600,delta_pp:1,-0.9923,0.9105,False,False,False
46,selection|microsoft/Phi-3.5-mini-instruct|a,selection,0.8504,0.94,600,delta_pp:1,1.2753,1.8188,True,True,False
46,selection|Qwen/Qwen2.5-7B-Instruct|b,selection,0.822,0.97,600,delta_pp:1,-0.5192,-0.5102,False,False,False
46,selection|allenai/OLMo-2-1124-7B-Instruct|b,selection,0.8147,0.9283,600,delta_pp:1,-1.9871,0.3366,False,True,False
46,selection|ibm-granite/granite-3.3-8b-instruct|b,selection,0.8704,0.95,600,delta_pp:1,0.3761,1.8088,True,False,False
46,selection|microsoft/Phi-3.5-mini-instruct|b,selection,0.8902,0.9317,600,delta_pp:1,1.7696,2.3681,True,True,False
46,selection|Qwen/Qwen2.5-7B-Instruct|c,selection,0.7872,0.96,600,delta_pp:1,-0.7397,-0.384,False,False,True
46,selection|allenai/OLMo-2-1124-7B-Instruct|c,selection,0.8052,0.9383,600,delta_pp:1,0.0791,1.2233,True,False,False
46,selection|ibm-granite/granite-3.3-8b-instruct|c,selection,0.8453,0.9583,600,delta_pp:1,-0.9883,1.1876,True,False,False
46,selection|microsoft/Phi-3.5-mini-instruct|c,selection,0.8864,0.8967,600,delta_pp:1,1.5187,3.7391,True,True,False
47,selection|Qwen/Qwen2.5-7B-Instruct|a,selection,0.8606,0.9717,600,delta_pp:1,-0.4933,-0.401,False,False,False
47,selection|allenai/OLMo-2-1124-7B-Instruct|a,selection,0.7811,0.9,600,delta_pp:1,-2.8442,-0.8898,False,True,True
47,selection|ibm-granite/granite-3.3-8b-instruct|a,selection,0.9079,0.9567,600,delta_pp:1,3.4376,0.9105,False,True,False
47,selection|microsoft/Phi-3.5-mini-instruct|a,selection,0.8964,0.935,600,delta_pp:1,1.8924,1.8188,True,True,False
47,selection|Qwen/Qwen2.5-7B-Instruct|b,selection,0.8623,0.975,600,delta_pp:1,-0.5073,-0.5102,False,False,False
47,selection|allenai/OLMo-2-1124-7B-Instruct|b,selection,0.8167,0.915,600,delta_pp:1,1.1823,0.3366,False,True,False
47,selection|ibm-granite/granite-3.3-8b-instruct|b,selection,0.8714,0.94,600,delta_pp:1,2.4028,1.8088,True,True,False
47,selection|microsoft/Phi-3.5-mini-instruct|b,selection,0.9108,0.91,600,delta_pp:1,4.7606,2.3681,True,True,False
47,selection|Qwen/Qwen2.5-7B-Instruct|c,selection,0.8597,0.97,600,delta_pp:1,-0.818,-0.384,False,False,False
47,selection|allenai/OLMo-2-1124-7B-Instruct|c,selection,0.7423,0.905,600,delta_pp:1,0.4521,1.2233,True,False,True
47,selection|ibm-granite/granite-3.3-8b-instruct|c,selection,0.8812,0.9583,600,delta_pp:1,1.9941,1.1876,True,True,False
47,selection|microsoft/Phi-3.5-mini-instruct|c,selection,0.8967,0.8833,600,delta_pp:1,4.2094,3.7391,True,True,False
48,selection|Qwen/Qwen2.5-7B-Instruct|a,selection,0.845,0.9683,600,delta_pp:1,0.9142,-0.401,False,False,False
48,selection|allenai/OLMo-2-1124-7B-Instruct|a,selection,0.7823,0.9283,600,delta_pp:1,-1.1943,-0.8898,False,True,True
48,selection|ibm-granite/granite-3.3-8b-instruct|a,selection,0.8959,0.96,600,delta_pp:1,0.8813,0.9105,False,False,False
48,selection|microsoft/Phi-3.5-mini-instruct|a,selection,0.9026,0.9467,600,delta_pp:1,4.8282,1.8188,True,True,False
48,selection|Qwen/Qwen2.5-7B-Instruct|b,selection,0.8606,0.9717,600,delta_pp:1,0.148,-0.5102,False,False,False
48,selection|allenai/OLMo-2-1124-7B-Instruct|b,selection,0.8091,0.9267,600,delta_pp:1,1.5758,0.3366,False,True,False
48,selection|ibm-granite/granite-3.3-8b-instruct|b,selection,0.8767,0.95,600,delta_pp:1,2.3828,1.8088,True,True,False
48,selection|microsoft/Phi-3.5-mini-instruct|b,selection,0.8661,0.93,600,delta_pp:1,1.7816,2.3681,True,True,False
48,selection|Qwen/Qwen2.5-7B-Instruct|c,selection,0.8762,0.975,600,delta_pp:1,-0.6182,-0.384,False,False,False
48,selection|allenai/OLMo-2-1124-7B-Instruct|c,selection,0.7832,0.93,600,delta_pp:1,2.4248,1.2233,True,True,True
48,selection|ibm-granite/granite-3.3-8b-instruct|c,selection,0.87,0.9633,600,delta_pp:1,2.3936,1.1876,True,True,False
48,selection|microsoft/Phi-3.5-mini-instruct|c,selection,0.8805,0.905,600,delta_pp:1,7.9881,3.7391,True,True,False
49,selection|Qwen/Qwen2.5-7B-Instruct|a,selection,0.834,0.975,600,delta_pp:1,-1.5949,-0.401,False,True,False
49,selection|allenai/OLMo-2-1124-7B-Instruct|a,selection,0.8052,0.92,600,delta_pp:1,-2.9948,-0.8898,False,True,False
49,selection|ibm-granite/granite-3.3-8b-instruct|a,selection,0.8959,0.9633,600,delta_pp:1,-0.3674,0.9105,False,False,False
49,selection|microsoft/Phi-3.5-mini-instruct|a,selection,0.7835,0.9433,600,delta_pp:1,-0.8919,1.8188,True,False,True
49,selection|Qwen/Qwen2.5-7B-Instruct|b,selection,0.8162,0.9733,600,delta_pp:1,-1.1513,-0.5102,False,True,False
49,selection|allenai/OLMo-2-1124-7B-Instruct|b,selection,0.8096,0.9283,600,delta_pp:1,1.2228,0.3366,False,True,False
49,selection|ibm-granite/granite-3.3-8b-instruct|b,selection,0.8906,0.9533,600,delta_pp:1,1.6641,1.8088,True,True,False
49,selection|microsoft/Phi-3.5-mini-instruct|b,selection,0.8052,0.92,600,delta_pp:1,0.2921,2.3681,True,False,False
49,selection|Qwen/Qwen2.5-7B-Instruct|c,selection,0.834,0.975,600,delta_pp:1,-1.5949,-0.384,False,True,False
49,selection|allenai/OLMo-2-1124-7B-Instruct|c,selection,0.7569,0.925,600,delta_pp:1,-1.6464,1.2233,True,True,True
49,selection|ibm-granite/granite-3.3-8b-instruct|c,selection,0.8985,0.9683,600,delta_pp:1,1.27,1.1876,True,True,False
49,selection|microsoft/Phi-3.5-mini-instruct|c,selection,0.7895,0.89,600,delta_pp:1,5.06,3.7391,True,True,True
50,selection|Qwen/Qwen2.5-7B-Instruct|a,selection,0.8831,0.9817,600,delta_pp:1,-0.4089,-0.401,False,False,False
50,selection|allenai/OLMo-2-1124-7B-Instruct|a,selection,0.8378,0.9217,600,delta_pp:1,2.7168,-0.8898,False,True,False
50,selection|ibm-granite/granite-3.3-8b-instruct|a,selection,0.9707,0.97,600,delta_pp:1,2.4189,0.9105,False,True,False
50,selection|microsoft/Phi-3.5-mini-instruct|a,selection,0.8761,0.9433,600,delta_pp:1,3.3321,1.8188,True,True,False
50,selection|Qwen/Qwen2.5-7B-Instruct|b,selection,0.8956,0.98,600,delta_pp:1,-0.8406,-0.5102,False,False,False
50,selection|allenai/OLMo-2-1124-7B-Instruct|b,selection,0.8288,0.93,600,delta_pp:1,2.4502,0.3366,False,True,False
50,selection|ibm-granite/granite-3.3-8b-instruct|b,selection,0.9564,0.9683,600,delta_pp:1,2.2288,1.8088,True,True,False
50,selection|microsoft/Phi-3.5-mini-instruct|b,selection,0.8949,0.9283,600,delta_pp:1,0.848,2.3681,True,False,False
50,selection|Qwen/Qwen2.5-7B-Instruct|c,selection,0.9241,0.9833,600,delta_pp:1,-1.0998,-0.384,False,True,False
50,selection|allenai/OLMo-2-1124-7B-Instruct|c,selection,0.7976,0.9217,600,delta_pp:1,3.0913,1.2233,True,True,True
50,selection|ibm-granite/granite-3.3-8b-instruct|c,selection,0.9474,0.9767,600,delta_pp:1,1.3229,1.1876,True,True,False
50,selection|microsoft/Phi-3.5-mini-instruct|c,selection,0.8977,0.9083,600,delta_pp:1,4.1368,3.7391,True,True,False
51,selection|Qwen/Qwen2.5-7B-Instruct|a,selection,0.8206,0.97,600,delta_pp:1,0.2619,-0.401,False,False,False
51,selection|allenai/OLMo-2-1124-7B-Instruct|a,selection,0.7969,0.925,600,delta_pp:1,-2.4606,-0.8898,False,True,True
51,selection|ibm-granite/granite-3.3-8b-instruct|a,selection,0.9325,0.965,600,delta_pp:1,1.6842,0.9105,False,True,False
51,selection|microsoft/Phi-3.5-mini-instruct|a,selection,0.8384,0.9417,600,delta_pp:1,4.3914,1.8188,True,True,False
51,selection|Qwen/Qwen2.5-7B-Instruct|b,selection,0.8387,0.9733,600,delta_pp:1,0.1067,-0.5102,False,False,False
51,selection|allenai/OLMo-2-1124-7B-Instruct|b,selection,0.7651,0.9267,600,delta_pp:1,-1.8858,0.3366,False,True,True
51,selection|ibm-granite/granite-3.3-8b-instruct|b,selection,0.891,0.9483,600,delta_pp:1,5.3266,1.8088,True,True,False
51,selection|microsoft/Phi-3.5-mini-instruct|b,selection,0.8943,0.9233,600,delta_pp:1,4.3044,2.3681,True,True,False
51,selection|Qwen/Qwen2.5-7B-Instruct|c,selection,0.8042,0.97,600,delta_pp:1,0.4021,-0.384,False,False,False
51,selection|allenai/OLMo-2-1124-7B-Instruct|c,selection,0.7677,0.9317,600,delta_pp:1,1.6806,1.2233,True,True,True
51,selection|ibm-granite/granite-3.3-8b-instruct|c,selection,0.8825,0.9633,600,delta_pp:1,3.0775,1.1876,True,True,False
51,selection|microsoft/Phi-3.5-mini-instruct|c,selection,0.8423,0.8867,600,delta_pp:1,4.0573,3.7391,True,True,False
52,selection|Qwen/Qwen2.5-7B-Instruct|a,selection,0.9077,0.98,600,delta_pp:1,-0.1629,-0.401,False,False,False
52,selection|allenai/OLMo-2-1124-7B-Instruct|a,selection,0.8358,0.9367,600,delta_pp:1,-1.8087,-0.8898,False,True,False
52,selection|ibm-granite/granite-3.3-8b-instruct|a,selection,0.9325,0.965,600,delta_pp:1,3.3624,0.9105,False,True,False
52,selection|microsoft/Phi-3.5-mini-instruct|a,selection,0.872,0.9433,600,delta_pp:1,3.2996,1.8188,True,True,False
52,selection|Qwen/Qwen2.5-7B-Instruct|b,selection,0.9077,0.98,600,delta_pp:1,-0.8262,-0.5102,False,False,False
52,selection|allenai/OLMo-2-1124-7B-Instruct|b,selection,0.8323,0.93,600,delta_pp:1,-2.4558,0.3366,False,True,False
52,selection|ibm-granite/granite-3.3-8b-instruct|b,selection,0.8937,0.9533,600,delta_pp:1,3.2183,1.8088,True,True,False
52,selection|microsoft/Phi-3.5-mini-instruct|b,selection,0.877,0.9217,600,delta_pp:1,4.2676,2.3681,True,True,False
52,selection|Qwen/Qwen2.5-7B-Instruct|c,selection,0.8922,0.9817,600,delta_pp:1,-0.4191,-0.384,False,False,False
52,selection|allenai/OLMo-2-1124-7B-Instruct|c,selection,0.8221,0.9417,600,delta_pp:1,0.5576,1.2233,True,False,False
52,selection|ibm-granite/granite-3.3-8b-instruct|c,selection,0.886,0.97,600,delta_pp:1,1.9082,1.1876,True,True,False
52,selection|microsoft/Phi-3.5-mini-instruct|c,selection,0.8992,0.9017,600,delta_pp:1,4.843,3.7391,True,True,False
53,selection|Qwen/Qwen2.5-7B-Instruct|a,selection,0.7596,0.9633,600,delta_pp:1,-0.0396,-0.401,False,False,True
53,selection|allenai/OLMo-2-1124-7B-Instruct|a,selection,0.7667,0.9167,600,delta_pp:1,-3.9693,-0.8898,False,True,True
53,selection|ibm-granite/granite-3.3-8b-instruct|a,selection,0.9018,0.9633,600,delta_pp:1,-1.0133,0.9105,False,True,False
53,selection|microsoft/Phi-3.5-mini-instruct|a,selection,0.8184,0.925,600,delta_pp:1,1.4928,1.8188,True,True,False
53,selection|Qwen/Qwen2.5-7B-Instruct|b,selection,0.7772,0.9667,600,delta_pp:1,-0.7352,-0.5102,False,False,True
53,selection|allenai/OLMo-2-1124-7B-Instruct|b,selection,0.7842,0.92,600,delta_pp:1,-2.6954,0.3366,False,True,True
53,selection|ibm-granite/granite-3.3-8b-instruct|b,selection,0.8939,0.9483,600,delta_pp:1,-0.0178,1.8088,True,False,False
53,selection|microsoft/Phi-3.5-mini-instruct|b,selection,0.8605,0.915,600,delta_pp:1,2.7298,2.3681,True,True,False
53,selection|Qwen/Qwen2.5-7B-Instruct|c,selection,0.793,0.9667,600,delta_pp:1,-0.12,-0.384,False,False,True
53,selection|allenai/OLMo-2-1124-7B-Instruct|c,selection,0.7535,0.9217,600,delta_pp:1,-0.3004,1.2233,True,False,True
53,selection|ibm-granite/granite-3.3-8b-instruct|c,selection,0.786,0.9533,600,delta_pp:1,-0.0811,1.1876,True,False,True
53,selection|microsoft/Phi-3.5-mini-instruct|c,selection,0.8421,0.88,600,delta_pp:1,6.4063,3.7391,True,True,False
54,selection|Qwen/Qwen2.5-7B-Instruct|a,selection,0.8862,0.98,600,delta_pp:1,0.9521,-0.401,False,False,False
54,selection|allenai/OLMo-2-1124-7B-Instruct|a,selection,0.8026,0.9333,600,delta_pp:1,-2.119,-0.8898,False,True,False
54,selection|ibm-granite/granite-3.3-8b-instruct|a,selection,0.9243,0.9683,600,delta_pp:1,1.866,0.9105,False,True,False
54,selection|microsoft/Phi-3.5-mini-instruct|a,selection,0.9034,0.9567,600,delta_pp:1,1.5957,1.8188,True,True,False
54,selection|Qwen/Qwen2.5-7B-Instruct|b,selection,0.8862,0.98,600,delta_pp:1,0.9521,-0.5102,False,False,False
54,selection|allenai/OLMo-2-1124-7B-Instruct|b,selection,0.8026,0.9333,600,delta_pp:1,1.8607,0.3366,False,True,False
54,selection|ibm-granite/granite-3.3-8b-instruct|b,selection,0.8774,0.9633,600,delta_pp:1,3.6285,1.8088,True,True,False
54,selection|microsoft/Phi-3.5-mini-instruct|b,selection,0.8807,0.9417,600,delta_pp:1,1.3301,2.3681,True,True,False
54,selection|Qwen/Qwen2.5-7B-Instruct|c,selection,0.8376,0.9717,600,delta_pp:1,1.4115,-0.384,False,True,False
54,selection|allenai/OLMo-2-1124-7B-Instruct|c,selection,0.8312,0.9317,600,delta_pp:1,2.1235,1.2233,True,True,False
54,selection|ibm-granite/granite-3.3-8b-instruct|c,selection,0.8827,0.9733,600,delta_pp:1,2.3069,1.1876,True,True,False
54,selection|microsoft/Phi-3.5-mini-instruct|c,selection,0.8952,0.9133,600,delta_pp:1,3.6011,3.7391,True,True,False
55,selection|Qwen/Qwen2.5-7B-Instruct|a,selection,0.8829,0.9867,600,delta_pp:1,0.146,-0.401,False,False,False
55,selection|allenai/OLMo-2-1124-7B-Instruct|a,selection,0.8297,0.92,600,delta_pp:1,-1.432,-0.8898,False,True,False
55,selection|ibm-granite/granite-3.3-8b-instruct|a,selection,0.9214,0.955,600,delta_pp:1,0.943,0.9105,False,False,False
55,selection|microsoft/Phi-3.5-mini-instruct|a,selection,0.8795,0.945,600,delta_pp:1,1.826,1.8188,True,True,False
55,selection|Qwen/Qwen2.5-7B-Instruct|b,selection,0.9213,0.99,600,delta_pp:1,0.5534,-0.5102,False,False,False
55,selection|allenai/OLMo-2-1124-7B-Instruct|b,selection,0.7755,0.9217,600,delta_pp:1,-0.7988,0.3366,False,False,True
55,selection|ibm-granite/granite-3.3-8b-instruct|b,selection,0.917,0.9467,600,delta_pp:1,3.927,1.8088,True,True,False
55,selection|microsoft/Phi-3.5-mini-instruct|b,selection,0.8874,0.925,600,delta_pp:1,2.4955,2.3681,True,True,False
55,selection|Qwen/Qwen2.5-7B-Instruct|c,selection,0.9205,0.9883,600,delta_pp:1,0.2571,-0.384,False,False,False
55,selection|allenai/OLMo-2-1124-7B-Instruct|c,selection,0.7842,0.9383,600,delta_pp:1,0.4702,1.2233,True,False,True
55,selection|ibm-granite/granite-3.3-8b-instruct|c,selection,0.8715,0.965,600,delta_pp:1,0.5822,1.1876,True,False,False
55,selection|microsoft/Phi-3.5-mini-instruct|c,selection,0.8909,0.8967,600,delta_pp:1,2.1395,3.7391,True,True,False
56,selection|Qwen/Qwen2.5-7B-Instruct|a,selection,0.8882,0.9717,600,delta_pp:1,0.2531,-0.401,False,False,False
56,selection|allenai/OLMo-2-1124-7B-Instruct|a,selection,0.8144,0.9367,600,delta_pp:1,0.7523,-0.8898,False,False,False
56,selection|ibm-granite/granite-3.3-8b-instruct|a,selection,0.8923,0.9533,600,delta_pp:1,1.8687,0.9105,False,True,False
56,selection|microsoft/Phi-3.5-mini-instruct|a,selection,0.8741,0.945,600,delta_pp:1,0.4291,1.8188,True,False,False
56,selection|Qwen/Qwen2.5-7B-Instruct|b,selection,0.8744,0.9717,600,delta_pp:1,0.3986,-0.5102,False,False,False
56,selection|allenai/OLMo-2-1124-7B-Instruct|b,selection,0.8117,0.9317,600,delta_pp:1,0.4487,0.3366,False,False,False
56,selection|ibm-granite/granite-3.3-8b-instruct|b,selection,0.8914,0.9517,600,delta_pp:1,3.5627,1.8088,True,True,False
56,selection|microsoft/Phi-3.5-mini-instruct|b,selection,0.8764,0.9233,600,delta_pp:1,4.0797,2.3681,True,True,False
56,selection|Qwen/Qwen2.5-7B-Instruct|c,selection,0.8597,0.97,600,delta_pp:1,-0.4416,-0.384,False,False,False
56,selection|allenai/OLMo-2-1124-7B-Instruct|c,selection,0.8264,0.9333,600,delta_pp:1,1.9522,1.2233,True,True,False
56,selection|ibm-granite/granite-3.3-8b-instruct|c,selection,0.8241,0.955,600,delta_pp:1,2.9181,1.1876,True,True,False
56,selection|microsoft/Phi-3.5-mini-instruct|c,selection,0.8779,0.9,600,delta_pp:1,4.7283,3.7391,True,True,False
57,selection|Qwen/Qwen2.5-7B-Instruct|a,selection,0.858,0.9733,600,delta_pp:1,-0.8854,-0.401,False,False,False
57,selection|allenai/OLMo-2-1124-7B-Instruct|a,selection,0.7821,0.9183,600,delta_pp:1,-0.2718,-0.8898,False,False,True
57,selection|ibm-granite/granite-3.3-8b-instruct|a,selection,0.8848,0.9583,600,delta_pp:1,0.5207,0.9105,False,False,False
57,selection|microsoft/Phi-3.5-mini-instruct|a,selection,0.8446,0.9267,600,delta_pp:1,1.2859,1.8188,True,True,False
57,selection|Qwen/Qwen2.5-7B-Instruct|b,selection,0.8571,0.9717,600,delta_pp:1,-1.2064,-0.5102,False,True,False
57,selection|allenai/OLMo-2-1124-7B-Instruct|b,selection,0.7589,0.9183,600,delta_pp:1,-0.7033,0.3366,False,False,True
57,selection|ibm-granite/granite-3.3-8b-instruct|b,selection,0.8339,0.95,600,delta_pp:1,1.4127,1.8088,True,True,False
57,selection|microsoft/Phi-3.5-mini-instruct|b,selection,0.8634,0.9183,600,delta_pp:1,1.417,2.3681,True,True,False
57,selection|Qwen/Qwen2.5-7B-Instruct|c,selection,0.858,0.9733,600,delta_pp:1,-1.5268,-0.384,False,True,False
57,selection|allenai/OLMo-2-1124-7B-Instruct|c,selection,0.8089,0.925,600,delta_pp:1,3.3898,1.2233,True,True,False
57,selection|ibm-granite/granite-3.3-8b-instruct|c,selection,0.8366,0.955,600,delta_pp:1,1.6907,1.1876,True,True,False
57,selection|microsoft/Phi-3.5-mini-instruct|c,selection,0.8616,0.8933,600,delta_pp:1,2.4335,3.7391,True,True,False
58,selection|Qwen/Qwen2.5-7B-Instruct|a,selection,0.9154,0.9833,600,delta_pp:1,-0.1586,-0.401,False,False,False
58,selection|allenai/OLMo-2-1124-7B-Instruct|a,selection,0.8652,0.9367,600,delta_pp:1,-0.8318,-0.8898,False,False,False
58,selection|ibm-granite/granite-3.3-8b-instruct|a,selection,0.947,0.9717,600,delta_pp:1,1.1592,0.9105,False,True,False
58,selection|microsoft/Phi-3.5-mini-instruct|a,selection,0.8985,0.9517,600,delta_pp:1,3.7545,1.8188,True,True,False
58,selection|Qwen/Qwen2.5-7B-Instruct|b,selection,0.901,0.98,600,delta_pp:1,-0.6157,-0.5102,False,False,False
58,selection|allenai/OLMo-2-1124-7B-Instruct|b,selection,0.869,0.92,600,delta_pp:1,-2.1774,0.3366,False,True,False
58,selection|ibm-granite/granite-3.3-8b-instruct|b,selection,0.9138,0.9567,600,delta_pp:1,2.5689,1.8088,True,True,False
58,selection|microsoft/Phi-3.5-mini-instruct|b,selection,0.9122,0.93,600,delta_pp:1,4.5799,2.3681,True,True,False
58,selection|Qwen/Qwen2.5-7B-Instruct|c,selection,0.8883,0.98,600,delta_pp:1,-1.0951,-0.384,False,True,False
58,selection|allenai/OLMo-2-1124-7B-Instruct|c,selection,0.8229,0.9283,600,delta_pp:1,2.0437,1.2233,True,True,False
58,selection|ibm-granite/granite-3.3-8b-instruct|c,selection,0.9074,0.9683,600,delta_pp:1,1.6532,1.1876,True,True,False
58,selection|microsoft/Phi-3.5-mini-instruct|c,selection,0.9241,0.905,600,delta_pp:1,6.0909,3.7391,True,True,False
59,selection|Qwen/Qwen2.5-7B-Instruct|a,selection,0.8757,0.9817,600,delta_pp:1,-1.1082,-0.401,False,True,False
59,selection|allenai/OLMo-2-1124-7B-Instruct|a,selection,0.7513,0.9267,600,delta_pp:1,-1.0841,-0.8898,False,True,True
59,selection|ibm-granite/granite-3.3-8b-instruct|a,selection,0.9209,0.9583,600,delta_pp:1,0.4997,0.9105,False,False,False
59,selection|microsoft/Phi-3.5-mini-instruct|a,selection,0.8565,0.945,600,delta_pp:1,3.6607,1.8188,True,True,False
59,selection|Qwen/Qwen2.5-7B-Instruct|b,selection,0.8765,0.9833,600,delta_pp:1,-2.1106,-0.5102,False,True,False
59,selection|allenai/OLMo-2-1124-7B-Instruct|b,selection,0.8348,0.94,600,delta_pp:1,2.1485,0.3366,False,True,False
59,selection|ibm-granite/granite-3.3-8b-instruct|b,selection,0.9174,0.9517,600,delta_pp:1,1.8562,1.8088,True,True,False
59,selection|microsoft/Phi-3.5-mini-instruct|b,selection,0.8896,0.935,600,delta_pp:1,3.4197,2.3681,True,True,False
59,selection|Qwen/Qwen2.5-7B-Instruct|c,selection,0.873,0.9767,600,delta_pp:1,-1.4174,-0.384,False,True,False
59,selection|allenai/OLMo-2-1124-7B-Instruct|c,selection,0.76,0.9433,600,delta_pp:1,0.1292,1.2233,True,False,True
59,selection|ibm-granite/granite-3.3-8b-instruct|c,selection,0.8661,0.9633,600,delta_pp:1,1.9589,1.1876,True,True,False
59,selection|microsoft/Phi-3.5-mini-instruct|c,selection,0.893,0.905,600,delta_pp:1,4.0553,3.7391,True,True,False
60,selection|Qwen/Qwen2.5-7B-Instruct|a,selection,0.8367,0.97,600,delta_pp:1,0.4484,-0.401,False,False,False
60,selection|allenai/OLMo-2-1124-7B-Instruct|a,selection,0.7956,0.92,600,delta_pp:1,-1.2453,-0.8898,False,True,True
60,selection|ibm-granite/granite-3.3-8b-instruct|a,selection,0.9269,0.9733,600,delta_pp:1,1.2104,0.9105,False,True,False
60,selection|microsoft/Phi-3.5-mini-instruct|a,selection,0.8704,0.95,600,delta_pp:1,0.2417,1.8188,True,False,False
60,selection|Qwen/Qwen2.5-7B-Instruct|b,selection,0.8367,0.97,600,delta_pp:1,0.4484,-0.5102,False,False,False
60,selection|allenai/OLMo-2-1124-7B-Instruct|b,selection,0.8477,0.935,600,delta_pp:1,1.4107,0.3366,False,True,False
60,selection|ibm-granite/granite-3.3-8b-instruct|b,selection,0.9355,0.9617,600,delta_pp:1,2.8319,1.8088,True,True,False
60,selection|microsoft/Phi-3.5-mini-instruct|b,selection,0.8937,0.9383,600,delta_pp:1,1.7637,2.3681,True,True,False
60,selection|Qwen/Qwen2.5-7B-Instruct|c,selection,0.8385,0.9733,600,delta_pp:1,-0.2266,-0.384,False,False,False
60,selection|allenai/OLMo-2-1124-7B-Instruct|c,selection,0.7731,0.9333,600,delta_pp:1,0.2117,1.2233,True,False,True
60,selection|ibm-granite/granite-3.3-8b-instruct|c,selection,0.8618,0.9617,600,delta_pp:1,3.2632,1.1876,True,True,False
60,selection|microsoft/Phi-3.5-mini-instruct|c,selection,0.857,0.8967,600,delta_pp:1,3.0036,3.7391,True,True,False
61,selection|Qwen/Qwen2.5-7B-Instruct|a,selection,0.8771,0.9767,600,delta_pp:1,0.5128,-0.401,False,False,False
61,selection|allenai/OLMo-2-1124-7B-Instruct|a,selection,0.83,0.94,600,delta_pp:1,0.2855,-0.8898,False,False,False
61,selection|ibm-granite/granite-3.3-8b-instruct|a,selection,0.8847,0.965,600,delta_pp:1,2.8113,0.9105,False,True,False
61,selection|microsoft/Phi-3.5-mini-instruct|a,selection,0.8482,0.9483,600,delta_pp:1,1.7987,1.8188,True,True,False
61,selection|Qwen/Qwen2.5-7B-Instruct|b,selection,0.8468,0.9717,600,delta_pp:1,-0.8647,-0.5102,False,False,False
61,selection|allenai/OLMo-2-1124-7B-Instruct|b,selection,0.8309,0.9417,600,delta_pp:1,-0.0064,0.3366,False,False,False
61,selection|ibm-granite/granite-3.3-8b-instruct|b,selection,0.8526,0.9567,600,delta_pp:1,2.1134,1.8088,True,True,False
61,selection|microsoft/Phi-3.5-mini-instruct|b,selection,0.8661,0.93,600,delta_pp:1,2.6513,2.3681,True,True,False
61,selection|Qwen/Qwen2.5-7B-Instruct|c,selection,0.8771,0.9767,600,delta_pp:1,0.5128,-0.384,False,False,False
61,selection|allenai/OLMo-2-1124-7B-Instruct|c,selection,0.792,0.9467,600,delta_pp:1,4.6169,1.2233,True,True,True
61,selection|ibm-granite/granite-3.3-8b-instruct|c,selection,0.8579,0.9667,600,delta_pp:1,2.0165,1.1876,True,True,False
61,selection|microsoft/Phi-3.5-mini-instruct|c,selection,0.8788,0.9017,600,delta_pp:1,4.8794,3.7391,True,True,False
62,selection|Qwen/Qwen2.5-7B-Instruct|a,selection,0.8026,0.9817,600,delta_pp:1,-0.5336,-0.401,False,False,False
62,selection|allenai/OLMo-2-1124-7B-Instruct|a,selection,0.7531,0.9267,600,delta_pp:1,-1.8158,-0.8898,False,True,True
62,selection|ibm-granite/granite-3.3-8b-instruct|a,selection,0.8957,0.96,600,delta_pp:1,2.9949,0.9105,False,True,False
62,selection|microsoft/Phi-3.5-mini-instruct|a,selection,0.8175,0.93,600,delta_pp:1,3.6568,1.8188,True,True,False
62,selection|Qwen/Qwen2.5-7B-Instruct|b,selection,0.8009,0.9783,600,delta_pp:1,0.1445,-0.5102,False,False,False
62,selection|allenai/OLMo-2-1124-7B-Instruct|b,selection,0.8018,0.94,600,delta_pp:1,-0.9006,0.3366,False,False,False
62,selection|ibm-granite/granite-3.3-8b-instruct|b,selection,0.8496,0.9517,600,delta_pp:1,4.3334,1.8088,True,True,False
62,selection|microsoft/Phi-3.5-mini-instruct|b,selection,0.8297,0.9133,600,delta_pp:1,4.8819,2.3681,True,True,False
62,selection|Qwen/Qwen2.5-7B-Instruct|c,selection,0.7783,0.975,600,delta_pp:1,0.3354,-0.384,False,False,True
62,selection|allenai/OLMo-2-1124-7B-Instruct|c,selection,0.8018,0.94,600,delta_pp:1,3.1247,1.2233,True,True,False
62,selection|ibm-granite/granite-3.3-8b-instruct|c,selection,0.8574,0.9667,600,delta_pp:1,2.6537,1.1876,True,True,False
62,selection|microsoft/Phi-3.5-mini-instruct|c,selection,0.835,0.8833,600,delta_pp:1,5.5033,3.7391,True,True,False
63,selection|Qwen/Qwen2.5-7B-Instruct|a,selection,0.8171,0.975,600,delta_pp:1,1.6973,-0.401,False,True,False
63,selection|allenai/OLMo-2-1124-7B-Instruct|a,selection,0.7847,0.9133,600,delta_pp:1,-1.731,-0.8898,False,True,True
63,selection|ibm-granite/granite-3.3-8b-instruct|a,selection,0.8806,0.9667,600,delta_pp:1,1.8269,0.9105,False,True,False
63,selection|microsoft/Phi-3.5-mini-instruct|a,selection,0.9416,0.9533,600,delta_pp:1,2.2985,1.8188,True,True,False
63,selection|Qwen/Qwen2.5-7B-Instruct|b,selection,0.8162,0.9733,600,delta_pp:1,0.7287,-0.5102,False,False,False
63,selection|allenai/OLMo-2-1124-7B-Instruct|b,selection,0.7961,0.935,600,delta_pp:1,-0.1636,0.3366,False,False,True
63,selection|ibm-granite/granite-3.3-8b-instruct|b,selection,0.8941,0.96,600,delta_pp:1,2.4549,1.8088,True,True,False
63,selection|microsoft/Phi-3.5-mini-instruct|b,selection,0.9167,0.9383,600,delta_pp:1,0.0573,2.3681,True,False,False
63,selection|Qwen/Qwen2.5-7B-Instruct|c,selection,0.834,0.975,600,delta_pp:1,1.6482,-0.384,False,True,False
63,selection|allenai/OLMo-2-1124-7B-Instruct|c,selection,0.7525,0.9167,600,delta_pp:1,1.0592,1.2233,True,True,True
63,selection|ibm-granite/granite-3.3-8b-instruct|c,selection,0.8815,0.9683,600,delta_pp:1,1.4918,1.1876,True,True,False
63,selection|microsoft/Phi-3.5-mini-instruct|c,selection,0.9036,0.9133,600,delta_pp:1,1.7675,3.7391,True,True,False
64,selection|Qwen/Qwen2.5-7B-Instruct|a,selection,0.8559,0.975,600,delta_pp:1,-0.4021,-0.401,False,False,False
64,selection|allenai/OLMo-2-1124-7B-Instruct|a,selection,0.8522,0.9367,600,delta_pp:1,-2.5725,-0.8898,False,True,False
64,selection|ibm-granite/granite-3.3-8b-instruct|a,selection,0.9369,0.9733,600,delta_pp:1,1.2853,0.9105,False,True,False
64,selection|microsoft/Phi-3.5-mini-instruct|a,selection,0.8677,0.935,600,delta_pp:1,2.1809,1.8188,True,True,False
64,selection|Qwen/Qwen2.5-7B-Instruct|b,selection,0.8723,0.975,600,delta_pp:1,0.121,-0.5102,False,False,False
64,selection|allenai/OLMo-2-1124-7B-Instruct|b,selection,0.8314,0.9283,600,delta_pp:1,-0.766,0.3366,False,False,False
64,selection|ibm-granite/granite-3.3-8b-instruct|b,selection,0.9334,0.9667,600,delta_pp:1,0.7113,1.8088,True,False,False
64,selection|microsoft/Phi-3.5-mini-instruct|b,selection,0.877,0.9217,600,delta_pp:1,4.7541,2.3681,True,True,False
64,selection|Qwen/Qwen2.5-7B-Instruct|c,selection,0.8387,0.9733,600,delta_pp:1,-0.5861,-0.384,False,False,False
64,selection|allenai/OLMo-2-1124-7B-Instruct|c,selection,0.8495,0.9317,600,delta_pp:1,0.4349,1.2233,True,False,False
64,selection|ibm-granite/granite-3.3-8b-instruct|c,selection,0.8878,0.9733,600,delta_pp:1,1.7058,1.1876,True,True,False
64,selection|microsoft/Phi-3.5-mini-instruct|c,selection,0.875,0.8867,600,delta_pp:1,5.1332,3.7391,True,True,False
65,selection|Qwen/Qwen2.5-7B-Instruct|a,selection,0.7902,0.97,600,delta_pp:1,1.1347,-0.401,False,True,True
65,selection|allenai/OLMo-2-1124-7B-Instruct|a,selection,0.786,0.9283,600,delta_pp:1,-1.7995,-0.8898,False,True,True
65,selection|ibm-granite/granite-3.3-8b-instruct|a,selection,0.8679,0.95,600,delta_pp:1,1.2348,0.9105,False,True,False
65,selection|microsoft/Phi-3.5-mini-instruct|a,selection,0.8636,0.9417,600,delta_pp:1,4.88,1.8188,True,True,False
65,selection|Qwen/Qwen2.5-7B-Instruct|b,selection,0.8272,0.9733,600,delta_pp:1,1.1568,-0.5102,False,True,False
65,selection|allenai/OLMo-2-1124-7B-Instruct|b,selection,0.742,0.9117,600,delta_pp:1,0.8051,0.3366,False,False,True
65,selection|ibm-granite/granite-3.3-8b-instruct|b,selection,0.8424,0.935,600,delta_pp:1,4.193,1.8088,True,True,False
65,selection|microsoft/Phi-3.5-mini-instruct|b,selection,0.8522,0.92,600,delta_pp:1,2.551,2.3681,True,True,False
65,selection|Qwen/Qwen2.5-7B-Instruct|c,selection,0.8272,0.9733,600,delta_pp:1,0.5154,-0.384,False,False,False
65,selection|allenai/OLMo-2-1124-7B-Instruct|c,selection,0.7799,0.9167,600,delta_pp:1,1.1595,1.2233,True,True,True
65,selection|ibm-granite/granite-3.3-8b-instruct|c,selection,0.8396,0.9633,600,delta_pp:1,1.1966,1.1876,True,True,False
65,selection|microsoft/Phi-3.5-mini-instruct|c,selection,0.9089,0.8933,600,delta_pp:1,7.89,3.7391,True,True,False
66,selection|Qwen/Qwen2.5-7B-Instruct|a,selection,0.768,0.955,600,delta_pp:1,1.4776,-0.401,False,True,True
66,selection|allenai/OLMo-2-1124-7B-Instruct|a,selection,0.7459,0.9133,600,delta_pp:1,-2.5515,-0.8898,False,True,True
66,selection|ibm-granite/granite-3.3-8b-instruct|a,selection,0.8614,0.935,600,delta_pp:1,1.2276,0.9105,False,True,False
66,selection|microsoft/Phi-3.5-mini-instruct|a,selection,0.7615,0.9183,600,delta_pp:1,3.5364,1.8188,True,True,True
66,selection|Qwen/Qwen2.5-7B-Instruct|b,selection,0.742,0.955,600,delta_pp:1,1.0887,-0.5102,False,True,True
66,selection|allenai/OLMo-2-1124-7B-Instruct|b,selection,0.753,0.9267,600,delta_pp:1,-1.276,0.3366,False,True,True
66,selection|ibm-granite/granite-3.3-8b-instruct|b,selection,0.753,0.9267,600,delta_pp:1,3.9584,1.8088,True,True,True
66,selection|microsoft/Phi-3.5-mini-instruct|b,selection,0.7769,0.8983,600,delta_pp:1,0.1061,2.3681,True,False,True
66,selection|Qwen/Qwen2.5-7B-Instruct|c,selection,0.768,0.955,600,delta_pp:1,0.1749,-0.384,False,False,True
66,selection|allenai/OLMo-2-1124-7B-Instruct|c,selection,0.7512,0.9233,600,delta_pp:1,-1.9205,1.2233,True,True,True
66,selection|ibm-granite/granite-3.3-8b-instruct|c,selection,0.7592,0.9383,600,delta_pp:1,2.2346,1.1876,True,True,True
66,selection|microsoft/Phi-3.5-mini-instruct|c,selection,0.7453,0.8633,600,delta_pp:1,2.1223,3.7391,True,True,True
67,selection|Qwen/Qwen2.5-7B-Instruct|a,selection,0.7808,0.9633,600,delta_pp:1,-2.3585,-0.401,False,True,True
67,selection|allenai/OLMo-2-1124-7B-Instruct|a,selection,0.7739,0.9233,600,delta_pp:1,-2.3426,-0.8898,False,True,True
67,selection|ibm-granite/granite-3.3-8b-instruct|a,selection,0.8201,0.9567,600,delta_pp:1,-0.1198,0.9105,False,False,False
67,selection|microsoft/Phi-3.5-mini-instruct|a,selection,0.7917,0.93,600,delta_pp:1,-2.4656,1.8188,True,True,True
67,selection|Qwen/Qwen2.5-7B-Instruct|b,selection,0.7648,0.96,600,delta_pp:1,-2.2001,-0.5102,False,True,True
67,selection|allenai/OLMo-2-1124-7B-Instruct|b,selection,0.7748,0.925,600,delta_pp:1,-1.3565,0.3366,False,True,True
67,selection|ibm-granite/granite-3.3-8b-instruct|b,selection,0.8335,0.955,600,delta_pp:1,1.4062,1.8088,True,True,False
67,selection|microsoft/Phi-3.5-mini-instruct|b,selection,0.8328,0.9267,600,delta_pp:1,-2.2077,2.3681,True,True,False
67,selection|Qwen/Qwen2.5-7B-Instruct|c,selection,0.7844,0.97,600,delta_pp:1,-2.3935,-0.384,False,True,True
67,selection|allenai/OLMo-2-1124-7B-Instruct|c,selection,0.7285,0.9183,600,delta_pp:1,-2.1987,1.2233,True,True,True
67,selection|ibm-granite/granite-3.3-8b-instruct|c,selection,0.7791,0.96,600,delta_pp:1,-0.3777,1.1876,True,False,True
67,selection|microsoft/Phi-3.5-mini-instruct|c,selection,0.8454,0.8967,600,delta_pp:1,0.3209,3.7391,True,False,False
68,selection|Qwen/Qwen2.5-7B-Instruct|a,selection,0.807,0.9633,600,delta_pp:1,-0.7099,-0.401,False,False,False
68,selection|allenai/OLMo-2-1124-7B-Instruct|a,selection,0.8088,0.9367,600,delta_pp:1,-0.6507,-0.8898,False,False,False
68,selection|ibm-granite/granite-3.3-8b-instruct|a,selection,0.8921,0.945,600,delta_pp:1,4.4275,0.9105,False,True,False
68,selection|microsoft/Phi-3.5-mini-instruct|a,selection,0.8386,0.9333,600,delta_pp:1,3.7433,1.8188,True,True,False
68,selection|Qwen/Qwen2.5-7B-Instruct|b,selection,0.8228,0.9633,600,delta_pp:1,-0.7918,-0.5102,False,False,False
68,selection|allenai/OLMo-2-1124-7B-Instruct|b,selection,0.7526,0.92,600,delta_pp:1,1.0039,0.3366,False,True,True
68,selection|ibm-granite/granite-3.3-8b-instruct|b,selection,0.9114,0.9517,600,delta_pp:1,2.3083,1.8088,True,True,False
68,selection|microsoft/Phi-3.5-mini-instruct|b,selection,0.8465,0.9183,600,delta_pp:1,3.3576,2.3681,True,True,False
68,selection|Qwen/Qwen2.5-7B-Instruct|c,selection,0.807,0.9633,600,delta_pp:1,-0.0466,-0.384,False,False,False
68,selection|allenai/OLMo-2-1124-7B-Instruct|c,selection,0.7719,0.9267,600,delta_pp:1,4.191,1.2233,True,True,True
68,selection|ibm-granite/granite-3.3-8b-instruct|c,selection,0.8991,0.9583,600,delta_pp:1,3.0545,1.1876,True,True,False
68,selection|microsoft/Phi-3.5-mini-instruct|c,selection,0.8833,0.8983,600,delta_pp:1,5.147,3.7391,True,True,False
69,selection|Qwen/Qwen2.5-7B-Instruct|a,selection,0.8718,0.9717,600,delta_pp:1,-2.7319,-0.401,False,True,False
69,selection|allenai/OLMo-2-1124-7B-Instruct|a,selection,0.7911,0.9267,600,delta_pp:1,-2.88,-0.8898,False,True,True
69,selection|ibm-granite/granite-3.3-8b-instruct|a,selection,0.8673,0.9633,600,delta_pp:1,-1.7068,0.9105,False,True,False
69,selection|microsoft/Phi-3.5-mini-instruct|a,selection,0.9131,0.9433,600,delta_pp:1,1.7377,1.8188,True,True,False
69,selection|Qwen/Qwen2.5-7B-Instruct|b,selection,0.9075,0.975,600,delta_pp:1,-2.4701,-0.5102,False,True,False
69,selection|allenai/OLMo-2-1124-7B-Instruct|b,selection,0.8042,0.93,600,delta_pp:1,-1.6807,0.3366,False,True,False
69,selection|ibm-granite/granite-3.3-8b-instruct|b,selection,0.8837,0.9517,600,delta_pp:1,1.0939,1.8088,True,True,False
69,selection|microsoft/Phi-3.5-mini-instruct|b,selection,0.8952,0.91,600,delta_pp:1,2.622,2.3681,True,True,False
69,selection|Qwen/Qwen2.5-7B-Instruct|c,selection,0.8587,0.9683,600,delta_pp:1,-3.268,-0.384,False,True,False
69,selection|allenai/OLMo-2-1124-7B-Instruct|c,selection,0.7736,0.915,600,delta_pp:1,-2.9941,1.2233,True,True,True
69,selection|ibm-granite/granite-3.3-8b-instruct|c,selection,0.8542,0.96,600,delta_pp:1,-1.5396,1.1876,True,True,False
69,selection|microsoft/Phi-3.5-mini-instruct|c,selection,0.9133,0.9017,600,delta_pp:1,4.7394,3.7391,True,True,False
70,selection|Qwen/Qwen2.5-7B-Instruct|a,selection,0.8837,0.9783,600,delta_pp:1,3.2487,-0.401,False,True,False
70,selection|allenai/OLMo-2-1124-7B-Instruct|a,selection,0.8444,0.925,600,delta_pp:1,-0.3868,-0.8898,False,False,False
70,selection|ibm-granite/granite-3.3-8b-instruct|a,selection,0.9043,0.9583,600,delta_pp:1,1.8295,0.9105,False,True,False
70,selection|microsoft/Phi-3.5-mini-instruct|a,selection,0.8367,0.93,600,delta_pp:1,4.6667,1.8188,True,True,False
70,selection|Qwen/Qwen2.5-7B-Instruct|b,selection,0.895,0.98,600,delta_pp:1,1.5445,-0.5102,False,True,False
70,selection|allenai/OLMo-2-1124-7B-Instruct|b,selection,0.8471,0.93,600,delta_pp:1,0.6175,0.3366,False,False,False
70,selection|ibm-granite/granite-3.3-8b-instruct|b,selection,0.9243,0.9567,600,delta_pp:1,4.6358,1.8088,True,True,False
70,selection|microsoft/Phi-3.5-mini-instruct|b,selection,0.8803,0.9333,600,delta_pp:1,4.3276,2.3681,True,True,False
70,selection|Qwen/Qwen2.5-7B-Instruct|c,selection,0.8837,0.9783,600,delta_pp:1,2.6009,-0.384,False,True,False
70,selection|allenai/OLMo-2-1124-7B-Instruct|c,selection,0.8421,0.94,600,delta_pp:1,1.3076,1.2233,True,True,False
70,selection|ibm-granite/granite-3.3-8b-instruct|c,selection,0.9115,0.9717,600,delta_pp:1,2.4203,1.1876,True,True,False
70,selection|microsoft/Phi-3.5-mini-instruct|c,selection,0.8773,0.9083,600,delta_pp:1,6.6709,3.7391,True,True,False
71,selection|Qwen/Qwen2.5-7B-Instruct|a,selection,0.8641,0.9783,600,delta_pp:1,0.2332,-0.401,False,False,False
71,selection|allenai/OLMo-2-1124-7B-Instruct|a,selection,0.88,0.93,600,delta_pp:1,-0.2662,-0.8898,False,False,False
71,selection|ibm-granite/granite-3.3-8b-instruct|a,selection,0.9088,0.9583,600,delta_pp:1,1.0134,0.9105,False,True,False
71,selection|microsoft/Phi-3.5-mini-instruct|a,selection,0.8038,0.9167,600,delta_pp:1,0.7279,1.8188,True,False,False
71,selection|Qwen/Qwen2.5-7B-Instruct|b,selection,0.9065,0.98,600,delta_pp:1,0.0468,-0.5102,False,False,False
71,selection|allenai/OLMo-2-1124-7B-Instruct|b,selection,0.8141,0.91,600,delta_pp:1,1.2577,0.3366,False,True,False
71,selection|ibm-granite/granite-3.3-8b-instruct|b,selection,0.8932,0.955,600,delta_pp:1,1.8461,1.8088,True,True,False
71,selection|microsoft/Phi-3.5-mini-instruct|b,selection,0.8382,0.9033,600,delta_pp:1,0.9782,2.3681,True,False,False
71,selection|Qwen/Qwen2.5-7B-Instruct|c,selection,0.8909,0.9767,600,delta_pp:1,-0.379,-0.384,False,False,False
71,selection|allenai/OLMo-2-1124-7B-Instruct|c,selection,0.8358,0.925,600,delta_pp:1,3.9573,1.2233,True,True,False
71,selection|ibm-granite/granite-3.3-8b-instruct|c,selection,0.8544,0.96,600,delta_pp:1,-0.6333,1.1876,True,False,False
71,selection|microsoft/Phi-3.5-mini-instruct|c,selection,0.8379,0.8767,600,delta_pp:1,2.9747,3.7391,True,True,False
72,selection|Qwen/Qwen2.5-7B-Instruct|a,selection,0.8441,0.975,600,delta_pp:1,-1.5499,-0.401,False,True,False
72,selection|allenai/OLMo-2-1124-7B-Instruct|a,selection,0.8185,0.9267,600,delta_pp:1,3.5236,-0.8898,False,True,False
72,selection|ibm-granite/granite-3.3-8b-instruct|a,selection,0.8691,0.9683,600,delta_pp:1,0.9601,0.9105,False,False,False
72,selection|microsoft/Phi-3.5-mini-instruct|a,selection,0.8104,0.9383,600,delta_pp:1,1.9069,1.8188,True,True,False
72,selection|Qwen/Qwen2.5-7B-Instruct|b,selection,0.8307,0.9767,600,delta_pp:1,-1.1718,-0.5102,False,True,False
72,selection|allenai/OLMo-2-1124-7B-Instruct|b,selection,0.8497,0.9317,600,delta_pp:1,3.7224,0.3366,False,True,False
72,selection|ibm-granite/granite-3.3-8b-instruct|b,selection,0.8495,0.9583,600,delta_pp:1,2.3617,1.8088,True,True,False
72,selection|microsoft/Phi-3.5-mini-instruct|b,selection,0.831,0.9233,600,delta_pp:1,2.1546,2.3681,True,True,False
72,selection|Qwen/Qwen2.5-7B-Instruct|c,selection,0.7995,0.9717,600,delta_pp:1,-0.7267,-0.384,False,False,True
72,selection|allenai/OLMo-2-1124-7B-Instruct|c,selection,0.806,0.93,600,delta_pp:1,2.9028,1.2233,True,True,False
72,selection|ibm-granite/granite-3.3-8b-instruct|c,selection,0.8379,0.9633,600,delta_pp:1,1.444,1.1876,True,True,False
72,selection|microsoft/Phi-3.5-mini-instruct|c,selection,0.8248,0.9117,600,delta_pp:1,3.8414,3.7391,True,True,False
73,selection|Qwen/Qwen2.5-7B-Instruct|a,selection,0.8584,0.975,600,delta_pp:1,0.8939,-0.401,False,False,False
73,selection|allenai/OLMo-2-1124-7B-Instruct|a,selection,0.7999,0.9333,600,delta_pp:1,-0.9319,-0.8898,False,False,True
73,selection|ibm-granite/granite-3.3-8b-instruct|a,selection,0.9118,0.9717,600,delta_pp:1,2.4967,0.9105,False,True,False
73,selection|microsoft/Phi-3.5-mini-instruct|a,selection,0.9179,0.9483,600,delta_pp:1,2.4487,1.8188,True,True,False
73,selection|Qwen/Qwen2.5-7B-Instruct|b,selection,0.8785,0.9783,600,delta_pp:1,0.072,-0.5102,False,False,False
73,selection|allenai/OLMo-2-1124-7B-Instruct|b,selection,0.8655,0.9533,600,delta_pp:1,2.4972,0.3366,False,True,False
73,selection|ibm-granite/granite-3.3-8b-instruct|b,selection,0.9057,0.96,600,delta_pp:1,4.8332,1.8088,True,True,False
73,selection|microsoft/Phi-3.5-mini-instruct|b,selection,0.8874,0.925,600,delta_pp:1,1.3636,2.3681,True,True,False
73,selection|Qwen/Qwen2.5-7B-Instruct|c,selection,0.8977,0.98,600,delta_pp:1,0.9153,-0.384,False,False,False
73,selection|allenai/OLMo-2-1124-7B-Instruct|c,selection,0.7877,0.945,600,delta_pp:1,2.7458,1.2233,True,True,True
73,selection|ibm-granite/granite-3.3-8b-instruct|c,selection,0.8934,0.9717,600,delta_pp:1,2.608,1.1876,True,True,False
73,selection|microsoft/Phi-3.5-mini-instruct|c,selection,0.8665,0.885,600,delta_pp:1,8.1624,3.7391,True,True,False
74,selection|Qwen/Qwen2.5-7B-Instruct|a,selection,0.8818,0.9717,600,delta_pp:1,-0.7846,-0.401,False,False,False
74,selection|allenai/OLMo-2-1124-7B-Instruct|a,selection,0.7929,0.915,600,delta_pp:1,-0.874,-0.8898,False,False,True
74,selection|ibm-granite/granite-3.3-8b-instruct|a,selection,0.9294,0.95,600,delta_pp:1,1.2144,0.9105,False,True,False
74,selection|microsoft/Phi-3.5-mini-instruct|a,selection,0.9397,0.9417,600,delta_pp:1,-0.4921,1.8188,True,False,False
74,selection|Qwen/Qwen2.5-7B-Instruct|b,selection,0.8818,0.9717,600,delta_pp:1,-1.4479,-0.5102,False,True,False
74,selection|allenai/OLMo-2-1124-7B-Instruct|b,selection,0.8398,0.92,600,delta_pp:1,0.4681,0.3366,False,False,False
74,selection|ibm-granite/granite-3.3-8b-instruct|b,selection,0.8825,0.945,600,delta_pp:1,1.8621,1.8088,True,True,False
74,selection|microsoft/Phi-3.5-mini-instruct|b,selection,0.9223,0.9367,600,delta_pp:1,-0.0435,2.3681,True,False,False
74,selection|Qwen/Qwen2.5-7B-Instruct|c,selection,0.8827,0.9733,600,delta_pp:1,-1.122,-0.384,False,True,False
74,selection|allenai/OLMo-2-1124-7B-Instruct|c,selection,0.8294,0.9283,600,delta_pp:1,4.1866,1.2233,True,True,False
74,selection|ibm-granite/granite-3.3-8b-instruct|c,selection,0.8548,0.9483,600,delta_pp:1,1.3641,1.1876,True,True,False
74,selection|microsoft/Phi-3.5-mini-instruct|c,selection,0.9195,0.9033,600,delta_pp:1,0.6366,3.7391,True,False,False
75,selection|Qwen/Qwen2.5-7B-Instruct|a,selection,0.8775,0.985,600,delta_pp:1,0.0316,-0.401,False,False,False
75,selection|allenai/OLMo-2-1124-7B-Instruct|a,selection,0.8473,0.9267,600,delta_pp:1,-0.3312,-0.8898,False,False,False
75,selection|ibm-granite/granite-3.3-8b-instruct|a,selection,0.884,0.9533,600,delta_pp:1,3.7014,0.9105,False,True,False
75,selection|microsoft/Phi-3.5-mini-instruct|a,selection,0.923,0.94,600,delta_pp:1,2.4404,1.8188,True,True,False
75,selection|Qwen/Qwen2.5-7B-Instruct|b,selection,0.8775,0.985,600,delta_pp:1,0.6949,-0.5102,False,False,False
75,selection|allenai/OLMo-2-1124-7B-Instruct|b,selection,0.8183,0.915,600,delta_pp:1,1.261,0.3366,False,True,False
75,selection|ibm-granite/granite-3.3-8b-instruct|b,selection,0.9308,0.955,600,delta_pp:1,1.4896,1.8088,True,True,False
75,selection|microsoft/Phi-3.5-mini-instruct|b,selection,0.9118,0.9183,600,delta_pp:1,4.0764,2.3681,True,True,False
75,selection|Qwen/Qwen2.5-7B-Instruct|c,selection,0.8766,0.9833,600,delta_pp:1,0.3616,-0.384,False,False,False
75,selection|allenai/OLMo-2-1124-7B-Instruct|c,selection,0.8464,0.925,600,delta_pp:1,1.9599,1.2233,True,True,False
75,selection|ibm-granite/granite-3.3-8b-instruct|c,selection,0.8468,0.97,600,delta_pp:1,2.2838,1.1876,True,True,False
75,selection|microsoft/Phi-3.5-mini-instruct|c,selection,0.8971,0.89,600,delta_pp:1,4.3789,3.7391,True,True,False
76,selection|Qwen/Qwen2.5-7B-Instruct|a,selection,0.827,0.9633,600,delta_pp:1,0.0825,-0.401,False,False,False
76,selection|allenai/OLMo-2-1124-7B-Instruct|a,selection,0.7667,0.9083,600,delta_pp:1,-5.008,-0.8898,False,True,True
76,selection|ibm-granite/granite-3.3-8b-instruct|a,selection,0.8865,0.96,600,delta_pp:1,1.0086,0.9105,False,True,False
76,selection|microsoft/Phi-3.5-mini-instruct|a,selection,0.8015,0.935,600,delta_pp:1,0.8703,1.8188,True,False,False
76,selection|Qwen/Qwen2.5-7B-Instruct|b,selection,0.8631,0.9733,600,delta_pp:1,0.7563,-0.5102,False,False,False
76,selection|allenai/OLMo-2-1124-7B-Instruct|b,selection,0.7943,0.9217,600,delta_pp:1,-0.2265,0.3366,False,False,True
76,selection|ibm-granite/granite-3.3-8b-instruct|b,selection,0.8652,0.9583,600,delta_pp:1,1.0806,1.8088,True,True,False
76,selection|microsoft/Phi-3.5-mini-instruct|b,selection,0.8231,0.9183,600,delta_pp:1,3.1469,2.3681,True,True,False
76,selection|Qwen/Qwen2.5-7B-Instruct|c,selection,0.8529,0.9733,600,delta_pp:1,0.2863,-0.384,False,False,False
76,selection|allenai/OLMo-2-1124-7B-Instruct|c,selection,0.7036,0.905,600,delta_pp:1,2.0939,1.2233,True,True,True
76,selection|ibm-granite/granite-3.3-8b-instruct|c,selection,0.8502,0.9683,600,delta_pp:1,0.6697,1.1876,True,False,False
76,selection|microsoft/Phi-3.5-mini-instruct|c,selection,0.8252,0.9033,600,delta_pp:1,-0.5083,3.7391,True,False,False
77,selection|Qwen/Qwen2.5-7B-Instruct|a,selection,0.8739,0.9783,600,delta_pp:1,-2.0027,-0.401,False,True,False
77,selection|allenai/OLMo-2-1124-7B-Instruct|a,selection,0.8104,0.93,600,delta_pp:1,-3.83,-0.8898,False,True,False
77,selection|ibm-granite/granite-3.3-8b-instruct|a,selection,0.8496,0.9683,600,delta_pp:1,0.1973,0.9105,False,False,False
77,selection|microsoft/Phi-3.5-mini-instruct|a,selection,0.853,0.9383,600,delta_pp:1,-0.4909,1.8188,True,False,False
77,selection|Qwen/Qwen2.5-7B-Instruct|b,selection,0.8539,0.9767,600,delta_pp:1,-2.1559,-0.5102,False,True,False
77,selection|allenai/OLMo-2-1124-7B-Instruct|b,selection,0.8287,0.9283,600,delta_pp:1,-2.934,0.3366,False,True,False
77,selection|ibm-granite/granite-3.3-8b-instruct|b,selection,0.8235,0.955,600,delta_pp:1,0.3866,1.8088,True,False,False
77,selection|microsoft/Phi-3.5-mini-instruct|b,selection,0.8487,0.93,600,delta_pp:1,2.5255,2.3681,True,True,False
77,selection|Qwen/Qwen2.5-7B-Instruct|c,selection,0.8148,0.975,600,delta_pp:1,-2.2372,-0.384,False,True,False
77,selection|allenai/OLMo-2-1124-7B-Instruct|c,selection,0.7913,0.93,600,delta_pp:1,-0.3748,1.2233,True,False,True
77,selection|ibm-granite/granite-3.3-8b-instruct|c,selection,0.8904,0.9733,600,delta_pp:1,-0.3973,1.1876,True,False,False
77,selection|microsoft/Phi-3.5-mini-instruct|c,selection,0.8548,0.905,600,delta_pp:1,2.1835,3.7391,True,True,False
78,selection|Qwen/Qwen2.5-7B-Instruct|a,selection,0.8228,0.9717,600,delta_pp:1,0.7933,-0.401,False,False,False
78,selection|allenai/OLMo-2-1124-7B-Instruct|a,selection,0.8138,0.9267,600,delta_pp:1,-0.146,-0.8898,False,False,False
78,selection|ibm-granite/granite-3.3-8b-instruct|a,selection,0.8618,0.9617,600,delta_pp:1,2.0366,0.9105,False,True,False
78,selection|microsoft/Phi-3.5-mini-instruct|a,selection,0.8035,0.935,600,delta_pp:1,3.4976,1.8188,True,True,False
78,selection|Qwen/Qwen2.5-7B-Instruct|b,selection,0.822,0.97,600,delta_pp:1,1.1273,-0.5102,False,True,False
78,selection|allenai/OLMo-2-1124-7B-Instruct|b,selection,0.8129,0.925,600,delta_pp:1,2.1968,0.3366,False,True,False
78,selection|ibm-granite/granite-3.3-8b-instruct|b,selection,0.8305,0.9583,600,delta_pp:1,2.1124,1.8088,True,True,False
78,selection|microsoft/Phi-3.5-mini-instruct|b,selection,0.8242,0.9183,600,delta_pp:1,4.132,2.3681,True,True,False
78,selection|Qwen/Qwen2.5-7B-Instruct|c,selection,0.8228,0.9717,600,delta_pp:1,0.149,-0.384,False,False,False
78,selection|allenai/OLMo-2-1124-7B-Instruct|c,selection,0.8079,0.9433,600,delta_pp:1,4.5188,1.2233,True,True,False
78,selection|ibm-granite/granite-3.3-8b-instruct|c,selection,0.8506,0.9683,600,delta_pp:1,3.38,1.1876,True,True,False
78,selection|microsoft/Phi-3.5-mini-instruct|c,selection,0.89,0.9033,600,delta_pp:1,7.6326,3.7391,True,True,False
79,selection|Qwen/Qwen2.5-7B-Instruct|a,selection,0.9104,0.975,600,delta_pp:1,0.4192,-0.401,False,False,False
79,selection|allenai/OLMo-2-1124-7B-Instruct|a,selection,0.8548,0.9417,600,delta_pp:1,3.4762,-0.8898,False,True,False
79,selection|ibm-granite/granite-3.3-8b-instruct|a,selection,0.9052,0.965,600,delta_pp:1,3.0769,0.9105,False,True,False
79,selection|microsoft/Phi-3.5-mini-instruct|a,selection,0.9548,0.95,600,delta_pp:1,4.4094,1.8188,True,True,False
79,selection|Qwen/Qwen2.5-7B-Instruct|b,selection,0.9122,0.9783,600,delta_pp:1,0.4065,-0.5102,False,False,False
79,selection|allenai/OLMo-2-1124-7B-Instruct|b,selection,0.8539,0.94,600,delta_pp:1,3.1509,0.3366,False,True,False
79,selection|ibm-granite/granite-3.3-8b-instruct|b,selection,0.9217,0.96,600,delta_pp:1,2.6589,1.8088,True,True,False
79,selection|microsoft/Phi-3.5-mini-instruct|b,selection,0.9252,0.93,600,delta_pp:1,5.2872,2.3681,True,True,False
79,selection|Qwen/Qwen2.5-7B-Instruct|c,selection,0.9113,0.9767,600,delta_pp:1,0.7445,-0.384,False,False,False
79,selection|allenai/OLMo-2-1124-7B-Instruct|c,selection,0.8504,0.9333,600,delta_pp:1,3.8395,1.2233,True,True,False
79,selection|ibm-granite/granite-3.3-8b-instruct|c,selection,0.907,0.9683,600,delta_pp:1,3.7275,1.1876,True,True,False
79,selection|microsoft/Phi-3.5-mini-instruct|c,selection,0.9322,0.9067,600,delta_pp:1,9.2168,3.7391,True,True,False
80,selection|Qwen/Qwen2.5-7B-Instruct|a,selection,0.8939,0.9783,600,delta_pp:1,-1.5519,-0.401,False,True,False
80,selection|allenai/OLMo-2-1124-7B-Instruct|a,selection,0.7632,0.91,600,delta_pp:1,-1.7206,-0.8898,False,True,True
80,selection|ibm-granite/granite-3.3-8b-instruct|a,selection,0.8991,0.9583,600,delta_pp:1,-0.2377,0.9105,False,False,False
80,selection|microsoft/Phi-3.5-mini-instruct|a,selection,0.8912,0.9433,600,delta_pp:1,-0.5172,1.8188,True,False,False
80,selection|Qwen/Qwen2.5-7B-Instruct|b,selection,0.9281,0.9833,600,delta_pp:1,-2.7282,-0.5102,False,True,False
80,selection|allenai/OLMo-2-1124-7B-Instruct|b,selection,0.8307,0.9183,600,delta_pp:1,1.5223,0.3366,False,True,False
80,selection|ibm-granite/granite-3.3-8b-instruct|b,selection,0.8325,0.9517,600,delta_pp:1,1.5125,1.8088,True,True,False
80,selection|microsoft/Phi-3.5-mini-instruct|b,selection,0.9018,0.9333,600,delta_pp:1,-0.5644,2.3681,True,False,False
80,selection|Qwen/Qwen2.5-7B-Instruct|c,selection,0.8965,0.9833,600,delta_pp:1,-1.2377,-0.384,False,True,False
80,selection|allenai/OLMo-2-1124-7B-Instruct|c,selection,0.8351,0.9267,600,delta_pp:1,-0.8524,1.2233,True,False,False
80,selection|ibm-granite/granite-3.3-8b-instruct|c,selection,0.8877,0.9667,600,delta_pp:1,0.8102,1.1876,True,False,False
80,selection|microsoft/Phi-3.5-mini-instruct|c,selection,0.9079,0.915,600,delta_pp:1,0.3882,3.7391,True,False,False
81,selection|Qwen/Qwen2.5-7B-Instruct|a,selection,0.8228,0.9717,600,delta_pp:1,-0.338,-0.401,False,False,False
81,selection|allenai/OLMo-2-1124-7B-Instruct|a,selection,0.8044,0.9367,600,delta_pp:1,0.2624,-0.8898,False,False,False
81,selection|ibm-granite/granite-3.3-8b-instruct|a,selection,0.8757,0.96,600,delta_pp:1,3.2696,0.9105,False,True,False
81,selection|microsoft/Phi-3.5-mini-instruct|a,selection,0.8217,0.9417,600,delta_pp:1,4.2783,1.8188,True,True,False
81,selection|Qwen/Qwen2.5-7B-Instruct|b,selection,0.8211,0.9683,600,delta_pp:1,-0.3124,-0.5102,False,False,False
81,selection|allenai/OLMo-2-1124-7B-Instruct|b,selection,0.7784,0.9433,600,delta_pp:1,2.6212,0.3366,False,True,True
81,selection|ibm-granite/granite-3.3-8b-instruct|b,selection,0.8895,0.9583,600,delta_pp:1,2.7406,1.8088,True,True,False
81,selection|microsoft/Phi-3.5-mini-instruct|b,selection,0.8625,0.935,600,delta_pp:1,3.7463,2.3681,True,True,False
81,selection|Qwen/Qwen2.5-7B-Instruct|c,selection,0.8063,0.9683,600,delta_pp:1,-0.1023,-0.384,False,False,False
81,selection|allenai/OLMo-2-1124-7B-Instruct|c,selection,0.794,0.945,600,delta_pp:1,2.0667,1.2233,True,True,True
81,selection|ibm-granite/granite-3.3-8b-instruct|c,selection,0.8506,0.9683,600,delta_pp:1,1.2573,1.1876,True,True,False
81,selection|microsoft/Phi-3.5-mini-instruct|c,selection,0.8528,0.9167,600,delta_pp:1,5.5453,3.7391,True,True,False
82,selection|Qwen/Qwen2.5-7B-Instruct|a,selection,0.8565,0.9817,600,delta_pp:1,0.3034,-0.401,False,False,False
82,selection|allenai/OLMo-2-1124-7B-Instruct|a,selection,0.7713,0.9283,600,delta_pp:1,-2.2873,-0.8898,False,True,True
82,selection|ibm-granite/granite-3.3-8b-instruct|a,selection,0.8617,0.955,600,delta_pp:1,2.914,0.9105,False,True,False
82,selection|microsoft/Phi-3.5-mini-instruct|a,selection,0.7852,0.955,600,delta_pp:1,0.2077,1.8188,True,False,True
82,selection|Qwen/Qwen2.5-7B-Instruct|b,selection,0.7974,0.9783,600,delta_pp:1,0.1031,-0.5102,False,False,True
82,selection|allenai/OLMo-2-1124-7B-Instruct|b,selection,0.8348,0.94,600,delta_pp:1,-0.5047,0.3366,False,False,False
82,selection|ibm-granite/granite-3.3-8b-instruct|b,selection,0.8574,0.9467,600,delta_pp:1,4.6096,1.8088,True,True,False
82,selection|microsoft/Phi-3.5-mini-instruct|b,selection,0.8096,0.9283,600,delta_pp:1,2.6947,2.3681,True,True,False
82,selection|Qwen/Qwen2.5-7B-Instruct|c,selection,0.8157,0.9767,600,delta_pp:1,-0.3447,-0.384,False,False,False
82,selection|allenai/OLMo-2-1124-7B-Instruct|c,selection,0.7539,0.9317,600,delta_pp:1,1.7626,1.2233,True,True,True
82,selection|ibm-granite/granite-3.3-8b-instruct|c,selection,0.8461,0.9617,600,delta_pp:1,3.0463,1.1876,True,True,False
82,selection|microsoft/Phi-3.5-mini-instruct|c,selection,0.8339,0.9017,600,delta_pp:1,-0.1248,3.7391,True,False,False
83,selection|Qwen/Qwen2.5-7B-Instruct|a,selection,0.8909,0.9767,600,delta_pp:1,1.2443,-0.401,False,True,False
83,selection|allenai/OLMo-2-1124-7B-Instruct|a,selection,0.8011,0.9117,600,delta_pp:1,-0.6082,-0.8898,False,False,False
83,selection|ibm-granite/granite-3.3-8b-instruct|a,selection,0.94,0.965,600,delta_pp:1,1.3603,0.9105,False,True,False
83,selection|microsoft/Phi-3.5-mini-instruct|a,selection,0.8956,0.9333,600,delta_pp:1,1.9337,1.8188,True,True,False
83,selection|Qwen/Qwen2.5-7B-Instruct|b,selection,0.8865,0.9683,600,delta_pp:1,0.936,-0.5102,False,False,False
83,selection|allenai/OLMo-2-1124-7B-Instruct|b,selection,0.8158,0.9133,600,delta_pp:1,2.9779,0.3366,False,True,False
83,selection|ibm-granite/granite-3.3-8b-instruct|b,selection,0.9253,0.9633,600,delta_pp:1,1.7539,1.8088,True,True,False
83,selection|microsoft/Phi-3.5-mini-instruct|b,selection,0.905,0.925,600,delta_pp:1,3.5388,2.3681,True,True,False
83,selection|Qwen/Qwen2.5-7B-Instruct|c,selection,0.8891,0.9733,600,delta_pp:1,1.2536,-0.384,False,True,False
83,selection|allenai/OLMo-2-1124-7B-Instruct|c,selection,0.8073,0.9233,600,delta_pp:1,3.6896,1.2233,True,True,False
83,selection|ibm-granite/granite-3.3-8b-instruct|c,selection,0.8718,0.9667,600,delta_pp:1,2.6754,1.1876,True,True,False
83,selection|microsoft/Phi-3.5-mini-instruct|c,selection,0.8993,0.8883,600,delta_pp:1,4.2475,3.7391,True,True,False
84,selection|Qwen/Qwen2.5-7B-Instruct|a,selection,0.8441,0.9667,600,delta_pp:1,0.4035,-0.401,False,False,False
84,selection|allenai/OLMo-2-1124-7B-Instruct|a,selection,0.7967,0.9033,600,delta_pp:1,-0.6075,-0.8898,False,False,True
84,selection|ibm-granite/granite-3.3-8b-instruct|a,selection,0.8612,0.9467,600,delta_pp:1,0.9291,0.9105,False,False,False
84,selection|microsoft/Phi-3.5-mini-instruct|a,selection,0.8038,0.9167,600,delta_pp:1,1.3356,1.8188,True,True,False
84,selection|Qwen/Qwen2.5-7B-Instruct|b,selection,0.8423,0.9633,600,delta_pp:1,1.0785,-0.5102,False,True,False
84,selection|allenai/OLMo-2-1124-7B-Instruct|b,selection,0.7485,0.9167,600,delta_pp:1,0.3633,0.3366,False,False,True
84,selection|ibm-granite/granite-3.3-8b-instruct|b,selection,0.83,0.94,600,delta_pp:1,1.1602,1.8088,True,True,False
84,selection|microsoft/Phi-3.5-mini-instruct|b,selection,0.8173,0.89,600,delta_pp:1,1.2417,2.3681,True,True,False
84,selection|Qwen/Qwen2.5-7B-Instruct|c,selection,0.8312,0.9683,600,delta_pp:1,2.772,-0.384,False,True,False
84,selection|allenai/OLMo-2-1124-7B-Instruct|c,selection,0.7476,0.915,600,delta_pp:1,-1.2891,1.2233,True,True,True
84,selection|ibm-granite/granite-3.3-8b-instruct|c,selection,0.837,0.9533,600,delta_pp:1,0.4298,1.1876,True,False,False
84,selection|microsoft/Phi-3.5-mini-instruct|c,selection,0.7943,0.8467,600,delta_pp:1,5.3528,3.7391,True,True,True
85,selection|Qwen/Qwen2.5-7B-Instruct|a,selection,0.8909,0.9767,600,delta_pp:1,1.064,-0.401,False,True,False
85,selection|allenai/OLMo-2-1124-7B-Instruct|a,selection,0.8058,0.9183,600,delta_pp:1,-1.9126,-0.8898,False,True,False
85,selection|ibm-granite/granite-3.3-8b-instruct|a,selection,0.9364,0.9617,600,delta_pp:1,1.4453,0.9105,False,True,False
85,selection|microsoft/Phi-3.5-mini-instruct|a,selection,0.906,0.945,600,delta_pp:1,2.5685,1.8188,True,True,False
85,selection|Qwen/Qwen2.5-7B-Instruct|b,selection,0.9257,0.9817,600,delta_pp:1,-0.3847,-0.5102,False,False,False
85,selection|allenai/OLMo-2-1124-7B-Instruct|b,selection,0.8389,0.94,600,delta_pp:1,1.2345,0.3366,False,True,False
85,selection|ibm-granite/granite-3.3-8b-instruct|b,selection,0.9141,0.96,600,delta_pp:1,2.7774,1.8088,True,True,False
85,selection|microsoft/Phi-3.5-mini-instruct|b,selection,0.9167,0.945,600,delta_pp:1,2.4068,2.3681,True,True,False
85,selection|Qwen/Qwen2.5-7B-Instruct|c,selection,0.9141,0.98,600,delta_pp:1,0.0982,-0.384,False,False,False
85,selection|allenai/OLMo-2-1124-7B-Instruct|c,selection,0.7987,0.945,600,delta_pp:1,1.5089,1.2233,True,True,True
85,selection|ibm-granite/granite-3.3-8b-instruct|c,selection,0.8971,0.9683,600,delta_pp:1,2.0136,1.1876,True,True,False
85,selection|microsoft/Phi-3.5-mini-instruct|c,selection,0.9229,0.9167,600,delta_pp:1,3.9734,3.7391,True,True,False
86,selection|Qwen/Qwen2.5-7B-Instruct|a,selection,0.8866,0.9767,600,delta_pp:1,0.2187,-0.401,False,False,False
86,selection|allenai/OLMo-2-1124-7B-Instruct|a,selection,0.8265,0.935,600,delta_pp:1,-3.5931,-0.8898,False,True,False
86,selection|ibm-granite/granite-3.3-8b-instruct|a,selection,0.9129,0.955,600,delta_pp:1,1.0537,0.9105,False,True,False
86,selection|microsoft/Phi-3.5-mini-instruct|a,selection,0.8706,0.9467,600,delta_pp:1,-0.3284,1.8188,True,False,False
86,selection|Qwen/Qwen2.5-7B-Instruct|b,selection,0.8992,0.9767,600,delta_pp:1,-0.5384,-0.5102,False,False,False
86,selection|allenai/OLMo-2-1124-7B-Instruct|b,selection,0.8382,0.9333,600,delta_pp:1,-2.7044,0.3366,False,True,False
86,selection|ibm-granite/granite-3.3-8b-instruct|b,selection,0.8976,0.95,600,delta_pp:1,-0.4913,1.8088,True,False,False
86,selection|microsoft/Phi-3.5-mini-instruct|b,selection,0.914,0.9333,600,delta_pp:1,0.03,2.3681,True,False,False
86,selection|Qwen/Qwen2.5-7B-Instruct|c,selection,0.8713,0.9717,600,delta_pp:1,-1.3263,-0.384,False,True,False
86,selection|allenai/OLMo-2-1124-7B-Instruct|c,selection,0.8094,0.9267,600,delta_pp:1,-0.5388,1.2233,True,False,False
86,selection|ibm-granite/granite-3.3-8b-instruct|c,selection,0.8921,0.9633,600,delta_pp:1,0.8586,1.1876,True,False,False
86,selection|microsoft/Phi-3.5-mini-instruct|c,selection,0.8898,0.9117,600,delta_pp:1,-0.7871,3.7391,True,False,False
87,selection|Qwen/Qwen2.5-7B-Instruct|a,selection,0.8457,0.975,600,delta_pp:1,-1.3108,-0.401,False,True,False
87,selection|allenai/OLMo-2-1124-7B-Instruct|a,selection,0.8178,0.9217,600,delta_pp:1,-0.5081,-0.8898,False,False,False
87,selection|ibm-granite/granite-3.3-8b-instruct|a,selection,0.9085,0.96,600,delta_pp:1,-0.697,0.9105,False,False,False
87,selection|microsoft/Phi-3.5-mini-instruct|a,selection,0.8468,0.9433,600,delta_pp:1,-0.3509,1.8188,True,False,False
87,selection|Qwen/Qwen2.5-7B-Instruct|b,selection,0.8272,0.9733,600,delta_pp:1,-0.8938,-0.5102,False,False,False
87,selection|allenai/OLMo-2-1124-7B-Instruct|b,selection,0.7941,0.91,600,delta_pp:1,2.5932,0.3366,False,True,True
87,selection|ibm-granite/granite-3.3-8b-instruct|b,selection,0.8908,0.96,600,delta_pp:1,-0.59,1.8088,True,False,False
87,selection|microsoft/Phi-3.5-mini-instruct|b,selection,0.839,0.9283,600,delta_pp:1,4.0072,2.3681,True,True,False
87,selection|Qwen/Qwen2.5-7B-Instruct|c,selection,0.8096,0.9733,600,delta_pp:1,-1.4501,-0.384,False,True,False
87,selection|allenai/OLMo-2-1124-7B-Instruct|c,selection,0.8257,0.9367,600,delta_pp:1,3.0933,1.2233,True,True,False
87,selection|ibm-granite/granite-3.3-8b-instruct|c,selection,0.8616,0.9717,600,delta_pp:1,0.5558,1.1876,True,False,False
87,selection|microsoft/Phi-3.5-mini-instruct|c,selection,0.8154,0.8833,600,delta_pp:1,3.8157,3.7391,True,True,False
88,selection|Qwen/Qwen2.5-7B-Instruct|a,selection,0.8713,0.9717,600,delta_pp:1,-1.1507,-0.401,False,True,False
88,selection|allenai/OLMo-2-1124-7B-Instruct|a,selection,0.7861,0.9067,600,delta_pp:1,-0.1434,-0.8898,False,False,True
88,selection|ibm-granite/granite-3.3-8b-instruct|a,selection,0.9029,0.96,600,delta_pp:1,0.9356,0.9105,False,False,False
88,selection|microsoft/Phi-3.5-mini-instruct|a,selection,0.8761,0.9333,600,delta_pp:1,3.8003,1.8188,True,True,False
88,selection|Qwen/Qwen2.5-7B-Instruct|b,selection,0.8992,0.9767,600,delta_pp:1,-1.6841,-0.5102,False,True,False
88,selection|allenai/OLMo-2-1124-7B-Instruct|b,selection,0.8005,0.91,600,delta_pp:1,0.4151,0.3366,False,False,False
88,selection|ibm-granite/granite-3.3-8b-instruct|b,selection,0.9156,0.96,600,delta_pp:1,2.8158,1.8088,True,True,False
88,selection|microsoft/Phi-3.5-mini-instruct|b,selection,0.8619,0.9067,600,delta_pp:1,4.5655,2.3681,True,True,False
88,selection|Qwen/Qwen2.5-7B-Instruct|c,selection,0.8569,0.9683,600,delta_pp:1,-1.0258,-0.384,False,True,False
88,selection|allenai/OLMo-2-1124-7B-Instruct|c,selection,0.7806,0.92,600,delta_pp:1,3.8848,1.2233,True,True,True
88,selection|ibm-granite/granite-3.3-8b-instruct|c,selection,0.9065,0.9667,600,delta_pp:1,0.9051,1.1876,True,False,False
88,selection|microsoft/Phi-3.5-mini-instruct|c,selection,0.8621,0.8833,600,delta_pp:1,5.9094,3.7391,True,True,False
89,selection|Qwen/Qwen2.5-7B-Instruct|a,selection,0.8592,0.9767,600,delta_pp:1,-0.0339,-0.401,False,False,False
89,selection|allenai/OLMo-2-1124-7B-Instruct|a,selection,0.8211,0.9317,600,delta_pp:1,-0.7011,-0.8898,False,False,False
89,selection|ibm-granite/granite-3.3-8b-instruct|a,selection,0.9093,0.9633,600,delta_pp:1,3.5379,0.9105,False,True,False
89,selection|microsoft/Phi-3.5-mini-instruct|a,selection,0.8862,0.9467,600,delta_pp:1,0.4204,1.8188,True,False,False
89,selection|Qwen/Qwen2.5-7B-Instruct|b,selection,0.8726,0.975,600,delta_pp:1,-0.4571,-0.5102,False,False,False
89,selection|allenai/OLMo-2-1124-7B-Instruct|b,selection,0.7722,0.92,600,delta_pp:1,2.0189,0.3366,False,True,True
89,selection|ibm-granite/granite-3.3-8b-instruct|b,selection,0.9182,0.9533,600,delta_pp:1,4.7867,1.8088,True,True,False
89,selection|microsoft/Phi-3.5-mini-instruct|b,selection,0.8943,0.935,600,delta_pp:1,0.6819,2.3681,True,False,False
89,selection|Qwen/Qwen2.5-7B-Instruct|c,selection,0.8592,0.9767,600,delta_pp:1,-0.0339,-0.384,False,False,False
89,selection|allenai/OLMo-2-1124-7B-Instruct|c,selection,0.7766,0.9283,600,delta_pp:1,0.9621,1.2233,True,False,True
89,selection|ibm-granite/granite-3.3-8b-instruct|c,selection,0.8825,0.9667,600,delta_pp:1,3.745,1.1876,True,True,False
89,selection|microsoft/Phi-3.5-mini-instruct|c,selection,0.874,0.8967,600,delta_pp:1,4.5042,3.7391,True,True,False
90,selection|Qwen/Qwen2.5-7B-Instruct|a,selection,0.7896,0.9733,600,delta_pp:1,0.0455,-0.401,False,False,True
90,selection|allenai/OLMo-2-1124-7B-Instruct|a,selection,0.7478,0.925,600,delta_pp:1,1.8473,-0.8898,False,True,True
90,selection|ibm-granite/granite-3.3-8b-instruct|a,selection,0.8437,0.9517,600,delta_pp:1,3.5143,0.9105,False,True,False
90,selection|microsoft/Phi-3.5-mini-instruct|a,selection,0.7858,0.935,600,delta_pp:1,4.4068,1.8188,True,True,True
90,selection|Qwen/Qwen2.5-7B-Instruct|b,selection,0.7715,0.97,600,delta_pp:1,0.0895,-0.5102,False,False,True
90,selection|allenai/OLMo-2-1124-7B-Instruct|b,selection,0.7513,0.9317,600,delta_pp:1,1.8357,0.3366,False,True,True
90,selection|ibm-granite/granite-3.3-8b-instruct|b,selection,0.8074,0.945,600,delta_pp:1,2.9818,1.8088,True,True,False
90,selection|microsoft/Phi-3.5-mini-instruct|b,selection,0.8151,0.9283,600,delta_pp:1,2.994,2.3681,True,True,False
90,selection|Qwen/Qwen2.5-7B-Instruct|c,selection,0.7706,0.9683,600,delta_pp:1,-0.2178,-0.384,False,False,True
90,selection|allenai/OLMo-2-1124-7B-Instruct|c,selection,0.6815,0.9233,600,delta_pp:1,1.0721,1.2233,True,True,True
90,selection|ibm-granite/granite-3.3-8b-instruct|c,selection,0.7946,0.9517,600,delta_pp:1,3.6502,1.1876,True,True,True
90,selection|microsoft/Phi-3.5-mini-instruct|c,selection,0.775,0.8833,600,delta_pp:1,6.7584,3.7391,True,True,True
91,selection|Qwen/Qwen2.5-7B-Instruct|a,selection,0.8663,0.9733,600,delta_pp:1,-0.8664,-0.401,False,False,False
91,selection|allenai/OLMo-2-1124-7B-Instruct|a,selection,0.8637,0.93,600,delta_pp:1,-0.8054,-0.8898,False,False,False
91,selection|ibm-granite/granite-3.3-8b-instruct|a,selection,0.9193,0.96,600,delta_pp:1,0.0842,0.9105,False,False,False
91,selection|microsoft/Phi-3.5-mini-instruct|a,selection,0.8689,0.94,600,delta_pp:1,3.1331,1.8188,True,True,False
91,selection|Qwen/Qwen2.5-7B-Instruct|b,selection,0.8854,0.9717,600,delta_pp:1,-2.6358,-0.5102,False,True,False
91,selection|allenai/OLMo-2-1124-7B-Instruct|b,selection,0.9028,0.9283,600,delta_pp:1,1.8732,0.3366,False,True,False
91,selection|ibm-granite/granite-3.3-8b-instruct|b,selection,0.8958,0.9533,600,delta_pp:1,1.5949,1.8088,True,True,False
91,selection|microsoft/Phi-3.5-mini-instruct|b,selection,0.9002,0.9233,600,delta_pp:1,0.8989,2.3681,True,False,False
91,selection|Qwen/Qwen2.5-7B-Instruct|c,selection,0.8672,0.975,600,delta_pp:1,-1.8297,-0.384,False,True,False
91,selection|allenai/OLMo-2-1124-7B-Instruct|c,selection,0.8394,0.9217,600,delta_pp:1,-0.2828,1.2233,True,False,False
91,selection|ibm-granite/granite-3.3-8b-instruct|c,selection,0.8845,0.97,600,delta_pp:1,0.356,1.1876,True,False,False
91,selection|microsoft/Phi-3.5-mini-instruct|c,selection,0.8646,0.8933,600,delta_pp:1,3.8326,3.7391,True,True,False
92,selection|Qwen/Qwen2.5-7B-Instruct|a,selection,0.9123,0.985,600,delta_pp:1,-1.1136,-0.401,False,True,False
92,selection|allenai/OLMo-2-1124-7B-Instruct|a,selection,0.803,0.9283,600,delta_pp:1,-1.2195,-0.8898,False,True,False
92,selection|ibm-granite/granite-3.3-8b-instruct|a,selection,0.9271,0.975,600,delta_pp:1,-0.5305,0.9105,False,False,False
92,selection|microsoft/Phi-3.5-mini-instruct|a,selection,0.8941,0.95,600,delta_pp:1,1.3044,1.8188,True,True,False
92,selection|Qwen/Qwen2.5-7B-Instruct|b,selection,0.9123,0.985,600,delta_pp:1,-1.1136,-0.5102,False,True,False
92,selection|allenai/OLMo-2-1124-7B-Instruct|b,selection,0.7821,0.9267,600,delta_pp:1,0.5213,0.3366,False,False,True
92,selection|ibm-granite/granite-3.3-8b-instruct|b,selection,0.8811,0.9633,600,delta_pp:1,0.019,1.8088,True,False,False
92,selection|microsoft/Phi-3.5-mini-instruct|b,selection,0.9219,0.9267,600,delta_pp:1,1.8163,2.3681,True,True,False
92,selection|Qwen/Qwen2.5-7B-Instruct|c,selection,0.8915,0.9833,600,delta_pp:1,-0.6994,-0.384,False,False,False
92,selection|allenai/OLMo-2-1124-7B-Instruct|c,selection,0.7839,0.93,600,delta_pp:1,1.8685,1.2233,True,True,True
92,selection|ibm-granite/granite-3.3-8b-instruct|c,selection,0.8472,0.975,600,delta_pp:1,-0.1889,1.1876,True,False,False
92,selection|microsoft/Phi-3.5-mini-instruct|c,selection,0.9089,0.9017,600,delta_pp:1,0.8902,3.7391,True,False,False
93,selection|Qwen/Qwen2.5-7B-Instruct|a,selection,0.7966,0.9583,600,delta_pp:1,0.9568,-0.401,False,False,True
93,selection|allenai/OLMo-2-1124-7B-Instruct|a,selection,0.8062,0.9233,600,delta_pp:1,-0.7693,-0.8898,False,False,False
93,selection|ibm-granite/granite-3.3-8b-instruct|a,selection,0.8927,0.96,600,delta_pp:1,-0.8092,0.9105,False,False,False
93,selection|microsoft/Phi-3.5-mini-instruct|a,selection,0.8379,0.9467,600,delta_pp:1,1.3623,1.8188,True,True,False
93,selection|Qwen/Qwen2.5-7B-Instruct|b,selection,0.8496,0.9683,600,delta_pp:1,0.1807,-0.5102,False,False,False
93,selection|allenai/OLMo-2-1124-7B-Instruct|b,selection,0.8297,0.9317,600,delta_pp:1,1.1801,0.3366,False,True,False
93,selection|ibm-granite/granite-3.3-8b-instruct|b,selection,0.8533,0.94,600,delta_pp:1,1.8031,1.8088,True,True,False
93,selection|microsoft/Phi-3.5-mini-instruct|b,selection,0.8501,0.9167,600,delta_pp:1,2.5174,2.3681,True,True,False
93,selection|Qwen/Qwen2.5-7B-Instruct|c,selection,0.827,0.9617,600,delta_pp:1,-0.1451,-0.384,False,False,False
93,selection|allenai/OLMo-2-1124-7B-Instruct|c,selection,0.7776,0.9233,600,delta_pp:1,1.0073,1.2233,True,True,True
93,selection|ibm-granite/granite-3.3-8b-instruct|c,selection,0.8139,0.955,600,delta_pp:1,0.7256,1.1876,True,False,False
93,selection|microsoft/Phi-3.5-mini-instruct|c,selection,0.8243,0.8867,600,delta_pp:1,1.5996,3.7391,True,True,False
94,selection|Qwen/Qwen2.5-7B-Instruct|a,selection,0.9439,0.9833,600,delta_pp:1,1.0096,-0.401,False,True,False
94,selection|allenai/OLMo-2-1124-7B-Instruct|a,selection,0.8526,0.93,600,delta_pp:1,1.5272,-0.8898,False,True,False
94,selection|ibm-granite/granite-3.3-8b-instruct|a,selection,0.8851,0.9617,600,delta_pp:1,2.3473,0.9105,False,True,False
94,selection|microsoft/Phi-3.5-mini-instruct|a,selection,0.886,0.9333,600,delta_pp:1,3.3344,1.8188,True,True,False
94,selection|Qwen/Qwen2.5-7B-Instruct|b,selection,0.9614,0.9867,600,delta_pp:1,0.2728,-0.5102,False,False,False
94,selection|allenai/OLMo-2-1124-7B-Instruct|b,selection,0.8825,0.9267,600,delta_pp:1,2.6673,0.3366,False,True,False
94,selection|ibm-granite/granite-3.3-8b-instruct|b,selection,0.8623,0.9483,600,delta_pp:1,2.4711,1.8088,True,True,False
94,selection|microsoft/Phi-3.5-mini-instruct|b,selection,0.8447,0.915,600,delta_pp:1,5.8803,2.3681,True,True,False
94,selection|Qwen/Qwen2.5-7B-Instruct|c,selection,0.9281,0.9833,600,delta_pp:1,0.433,-0.384,False,False,False
94,selection|allenai/OLMo-2-1124-7B-Instruct|c,selection,0.8509,0.9267,600,delta_pp:1,3.5263,1.2233,True,True,False
94,selection|ibm-granite/granite-3.3-8b-instruct|c,selection,0.9035,0.9667,600,delta_pp:1,1.9151,1.1876,True,True,False
94,selection|microsoft/Phi-3.5-mini-instruct|c,selection,0.8746,0.8817,600,delta_pp:1,3.7456,3.7391,True,True,False
95,selection|Qwen/Qwen2.5-7B-Instruct|a,selection,0.9036,0.985,600,delta_pp:1,-0.4537,-0.401,False,False,False
95,selection|allenai/OLMo-2-1124-7B-Instruct|a,selection,0.7545,0.9183,600,delta_pp:1,-1.4356,-0.8898,False,True,True
95,selection|ibm-granite/granite-3.3-8b-instruct|a,selection,0.8885,0.9567,600,delta_pp:1,1.3263,0.9105,False,True,False
95,selection|microsoft/Phi-3.5-mini-instruct|a,selection,0.8994,0.9533,600,delta_pp:1,1.2528,1.8188,True,True,False
95,selection|Qwen/Qwen2.5-7B-Instruct|b,selection,0.901,0.98,600,delta_pp:1,-0.0921,-0.5102,False,False,False
95,selection|allenai/OLMo-2-1124-7B-Instruct|b,selection,0.8066,0.945,600,delta_pp:1,-1.356,0.3366,False,True,False
95,selection|ibm-granite/granite-3.3-8b-instruct|b,selection,0.8876,0.955,600,delta_pp:1,3.0184,1.8088,True,True,False
95,selection|microsoft/Phi-3.5-mini-instruct|b,selection,0.8779,0.9367,600,delta_pp:1,2.8205,2.3681,True,True,False
95,selection|Qwen/Qwen2.5-7B-Instruct|c,selection,0.928,0.9833,600,delta_pp:1,-0.3947,-0.384,False,False,False
95,selection|allenai/OLMo-2-1124-7B-Instruct|c,selection,0.7833,0.925,600,delta_pp:1,1.5822,1.2233,True,True,True
95,selection|ibm-granite/granite-3.3-8b-instruct|c,selection,0.8803,0.965,600,delta_pp:1,2.3887,1.1876,True,True,False
95,selection|microsoft/Phi-3.5-mini-instruct|c,selection,0.8871,0.9067,600,delta_pp:1,6.0338,3.7391,True,True,False
96,selection|Qwen/Qwen2.5-7B-Instruct|a,selection,0.9071,0.975,600,delta_pp:1,0.3763,-0.401,False,False,False
96,selection|allenai/OLMo-2-1124-7B-Instruct|a,selection,0.8889,0.94,600,delta_pp:1,-2.4546,-0.8898,False,True,False
96,selection|ibm-granite/granite-3.3-8b-instruct|a,selection,0.941,0.9633,600,delta_pp:1,1.1806,0.9105,False,True,False
96,selection|microsoft/Phi-3.5-mini-instruct|a,selection,0.8906,0.9433,600,delta_pp:1,2.8069,1.8188,True,True,False
96,selection|Qwen/Qwen2.5-7B-Instruct|b,selection,0.908,0.9767,600,delta_pp:1,0.7022,-0.5102,False,False,False
96,selection|allenai/OLMo-2-1124-7B-Instruct|b,selection,0.9722,0.9467,600,delta_pp:1,-2.3427,0.3366,False,True,False
96,selection|ibm-granite/granite-3.3-8b-instruct|b,selection,0.9401,0.9617,600,delta_pp:1,3.5079,1.8088,True,True,False
96,selection|microsoft/Phi-3.5-mini-instruct|b,selection,0.9019,0.9267,600,delta_pp:1,1.439,2.3681,True,True,False
96,selection|Qwen/Qwen2.5-7B-Instruct|c,selection,0.9306,0.9817,600,delta_pp:1,-0.4421,-0.384,False,False,False
96,selection|allenai/OLMo-2-1124-7B-Instruct|c,selection,0.8689,0.94,600,delta_pp:1,-0.3326,1.2233,True,False,False
96,selection|ibm-granite/granite-3.3-8b-instruct|c,selection,0.8854,0.9717,600,delta_pp:1,1.1832,1.1876,True,True,False
96,selection|microsoft/Phi-3.5-mini-instruct|c,selection,0.9062,0.8967,600,delta_pp:1,2.7367,3.7391,True,True,False
97,selection|Qwen/Qwen2.5-7B-Instruct|a,selection,0.8206,0.97,600,delta_pp:1,0.4945,-0.401,False,False,False
97,selection|allenai/OLMo-2-1124-7B-Instruct|a,selection,0.7537,0.905,600,delta_pp:1,-3.1237,-0.8898,False,True,True
97,selection|ibm-granite/granite-3.3-8b-instruct|a,selection,0.8574,0.9467,600,delta_pp:1,2.8551,0.9105,False,True,False
97,selection|microsoft/Phi-3.5-mini-instruct|a,selection,0.7823,0.9283,600,delta_pp:1,0.5404,1.8188,True,False,True
97,selection|Qwen/Qwen2.5-7B-Instruct|b,selection,0.8343,0.965,600,delta_pp:1,0.6918,-0.5102,False,False,False
97,selection|allenai/OLMo-2-1124-7B-Instruct|b,selection,0.8297,0.925,600,delta_pp:1,-1.8799,0.3366,False,True,False
97,selection|ibm-granite/granite-3.3-8b-instruct|b,selection,0.8411,0.9467,600,delta_pp:1,2.3522,1.8088,True,True,False
97,selection|microsoft/Phi-3.5-mini-instruct|b,selection,0.801,0.9017,600,delta_pp:1,1.7186,2.3681,True,True,False
97,selection|Qwen/Qwen2.5-7B-Instruct|c,selection,0.8714,0.9733,600,delta_pp:1,-1.2636,-0.384,False,True,False
97,selection|allenai/OLMo-2-1124-7B-Instruct|c,selection,0.7029,0.9017,600,delta_pp:1,0.6243,1.2233,True,False,True
97,selection|ibm-granite/granite-3.3-8b-instruct|c,selection,0.8972,0.96,600,delta_pp:1,1.8014,1.1876,True,True,False
97,selection|microsoft/Phi-3.5-mini-instruct|c,selection,0.7569,0.88,600,delta_pp:1,4.4403,3.7391,True,True,True
98,selection|Qwen/Qwen2.5-7B-Instruct|a,selection,0.8783,0.9733,600,delta_pp:1,0.435,-0.401,False,False,False
98,selection|allenai/OLMo-2-1124-7B-Instruct|a,selection,0.8281,0.92,600,delta_pp:1,0.8695,-0.8898,False,False,False
98,selection|ibm-granite/granite-3.3-8b-instruct|a,selection,0.838,0.9383,600,delta_pp:1,6.3898,0.9105,False,True,False
98,selection|microsoft/Phi-3.5-mini-instruct|a,selection,0.9024,0.9383,600,delta_pp:1,3.9019,1.8188,True,True,False
98,selection|Qwen/Qwen2.5-7B-Instruct|b,selection,0.8792,0.975,600,delta_pp:1,0.7589,-0.5102,False,False,False
98,selection|allenai/OLMo-2-1124-7B-Instruct|b,selection,0.8639,0.9267,600,delta_pp:1,1.8999,0.3366,False,True,False
98,selection|ibm-granite/granite-3.3-8b-instruct|b,selection,0.8809,0.9383,600,delta_pp:1,6.0306,1.8088,True,True,False
98,selection|microsoft/Phi-3.5-mini-instruct|b,selection,0.8961,0.9267,600,delta_pp:1,5.6141,2.3681,True,True,False
98,selection|Qwen/Qwen2.5-7B-Instruct|c,selection,0.8542,0.9683,600,delta_pp:1,0.9449,-0.384,False,False,False
98,selection|allenai/OLMo-2-1124-7B-Instruct|c,selection,0.7897,0.9083,600,delta_pp:1,4.1736,1.2233,True,True,True
98,selection|ibm-granite/granite-3.3-8b-instruct|c,selection,0.8327,0.9483,600,delta_pp:1,3.8007,1.1876,True,True,False
98,selection|microsoft/Phi-3.5-mini-instruct|c,selection,0.888,0.8917,600,delta_pp:1,6.0138,3.7391,True,True,False
99,selection|Qwen/Qwen2.5-7B-Instruct|a,selection,0.8446,0.97,600,delta_pp:1,-2.4072,-0.401,False,True,False
99,selection|allenai/OLMo-2-1124-7B-Instruct|a,selection,0.7639,0.93,600,delta_pp:1,1.3429,-0.8898,False,True,True
99,selection|ibm-granite/granite-3.3-8b-instruct|a,selection,0.9019,0.965,600,delta_pp:1,1.6246,0.9105,False,True,False
99,selection|microsoft/Phi-3.5-mini-instruct|a,selection,0.9123,0.9467,600,delta_pp:1,1.2356,1.8188,True,True,False
99,selection|Qwen/Qwen2.5-7B-Instruct|b,selection,0.8464,0.9733,600,delta_pp:1,-2.4163,-0.5102,False,True,False
99,selection|allenai/OLMo-2-1124-7B-Instruct|b,selection,0.7752,0.9133,600,delta_pp:1,-1.3423,0.3366,False,True,True
99,selection|ibm-granite/granite-3.3-8b-instruct|b,selection,0.8776,0.9567,600,delta_pp:1,1.4237,1.8088,True,True,False
99,selection|microsoft/Phi-3.5-mini-instruct|b,selection,0.9019,0.9267,600,delta_pp:1,0.6274,2.3681,True,False,False
99,selection|Qwen/Qwen2.5-7B-Instruct|c,selection,0.8464,0.9733,600,delta_pp:1,-3.0498,-0.384,False,True,False
99,selection|allenai/OLMo-2-1124-7B-Instruct|c,selection,0.7648,0.9317,600,delta_pp:1,0.9768,1.2233,True,False,True
99,selection|ibm-granite/granite-3.3-8b-instruct|c,selection,0.8403,0.9617,600,delta_pp:1,1.264,1.1876,True,True,False
99,selection|microsoft/Phi-3.5-mini-instruct|c,selection,0.9106,0.905,600,delta_pp:1,3.5641,3.7391,True,True,False
100,selection|Qwen/Qwen2.5-7B-Instruct|a,selection,0.8704,0.97,600,delta_pp:1,1.099,-0.401,False,True,False
100,selection|allenai/OLMo-2-1124-7B-Instruct|a,selection,0.7806,0.92,600,delta_pp:1,-0.5526,-0.8898,False,False,True
100,selection|ibm-granite/granite-3.3-8b-instruct|a,selection,0.8939,0.9667,600,delta_pp:1,0.381,0.9105,False,False,False
100,selection|microsoft/Phi-3.5-mini-instruct|a,selection,0.8373,0.9317,600,delta_pp:1,3.5348,1.8188,True,True,False
100,selection|Qwen/Qwen2.5-7B-Instruct|b,selection,0.8983,0.975,600,delta_pp:1,1.3448,-0.5102,False,True,False
100,selection|allenai/OLMo-2-1124-7B-Instruct|b,selection,0.822,0.9267,600,delta_pp:1,1.9321,0.3366,False,True,False
100,selection|ibm-granite/granite-3.3-8b-instruct|b,selection,0.9291,0.9617,600,delta_pp:1,1.9406,1.8088,True,True,False
100,selection|microsoft/Phi-3.5-mini-instruct|b,selection,0.8681,0.9183,600,delta_pp:1,4.0977,2.3681,True,True,False
100,selection|Qwen/Qwen2.5-7B-Instruct|c,selection,0.8578,0.97,600,delta_pp:1,1.8091,-0.384,False,True,False
100,selection|allenai/OLMo-2-1124-7B-Instruct|c,selection,0.8526,0.9367,600,delta_pp:1,2.5007,1.2233,True,True,False
100,selection|ibm-granite/granite-3.3-8b-instruct|c,selection,0.8974,0.9733,600,delta_pp:1,0.3693,1.1876,True,False,False
100,selection|microsoft/Phi-3.5-mini-instruct|c,selection,0.8639,0.8867,600,delta_pp:1,3.7915,3.7391,True,True,False
101,selection|Qwen/Qwen2.5-7B-Instruct|a,selection,0.8215,0.9667,600,delta_pp:1,-0.0059,-0.401,False,False,False
101,selection|allenai/OLMo-2-1124-7B-Instruct|a,selection,0.8039,0.9083,600,delta_pp:1,-1.4975,-0.8898,False,True,False
101,selection|ibm-granite/granite-3.3-8b-instruct|a,selection,0.9118,0.96,600,delta_pp:1,2.0185,0.9105,False,True,False
101,selection|microsoft/Phi-3.5-mini-instruct|a,selection,0.8556,0.93,600,delta_pp:1,0.4221,1.8188,True,False,False
101,selection|Qwen/Qwen2.5-7B-Instruct|b,selection,0.8635,0.97,600,delta_pp:1,0.3873,-0.5102,False,False,False
101,selection|allenai/OLMo-2-1124-7B-Instruct|b,selection,0.7628,0.9067,600,delta_pp:1,1.0673,0.3366,False,True,True
101,selection|ibm-granite/granite-3.3-8b-instruct|b,selection,0.8805,0.9517,600,delta_pp:1,2.6013,1.8088,True,True,False
101,selection|microsoft/Phi-3.5-mini-instruct|b,selection,0.8745,0.915,600,delta_pp:1,1.2966,2.3681,True,True,False
101,selection|Qwen/Qwen2.5-7B-Instruct|c,selection,0.8393,0.975,600,delta_pp:1,1.5209,-0.384,False,True,False
101,selection|allenai/OLMo-2-1124-7B-Instruct|c,selection,0.7556,0.9183,600,delta_pp:1,2.1368,1.2233,True,True,True
101,selection|ibm-granite/granite-3.3-8b-instruct|c,selection,0.8474,0.965,600,delta_pp:1,3.45,1.1876,True,True,False
101,selection|microsoft/Phi-3.5-mini-instruct|c,selection,0.8434,0.8817,600,delta_pp:1,5.484,3.7391,True,True,False
102,selection|Qwen/Qwen2.5-7B-Instruct|a,selection,0.8483,0.9667,600,delta_pp:1,-0.2541,-0.401,False,False,False
102,selection|allenai/OLMo-2-1124-7B-Instruct|a,selection,0.7699,0.92,600,delta_pp:1,-0.3634,-0.8898,False,False,True
102,selection|ibm-granite/granite-3.3-8b-instruct|a,selection,0.8832,0.9567,600,delta_pp:1,-0.1107,0.9105,False,False,False
102,selection|microsoft/Phi-3.5-mini-instruct|a,selection,0.8886,0.9417,600,delta_pp:1,1.4683,1.8188,True,True,False
102,selection|Qwen/Qwen2.5-7B-Instruct|b,selection,0.8322,0.9617,600,delta_pp:1,-0.3451,-0.5102,False,False,False
102,selection|allenai/OLMo-2-1124-7B-Instruct|b,selection,0.8128,0.925,600,delta_pp:1,2.6436,0.3366,False,True,False
102,selection|ibm-granite/granite-3.3-8b-instruct|b,selection,0.8805,0.9517,600,delta_pp:1,0.8848,1.8088,True,False,False
102,selection|microsoft/Phi-3.5-mini-instruct|b,selection,0.9048,0.9217,600,delta_pp:1,1.9323,2.3681,True,True,False
102,selection|Qwen/Qwen2.5-7B-Instruct|c,selection,0.8599,0.9633,600,delta_pp:1,-0.4274,-0.384,False,False,False
102,selection|allenai/OLMo-2-1124-7B-Instruct|c,selection,0.7405,0.915,600,delta_pp:1,3.0224,1.2233,True,True,True
102,selection|ibm-granite/granite-3.3-8b-instruct|c,selection,0.8733,0.9633,600,delta_pp:1,1.3225,1.1876,True,True,False
102,selection|microsoft/Phi-3.5-mini-instruct|c,selection,0.8952,0.8783,600,delta_pp:1,1.4186,3.7391,True,True,False
103,selection|Qwen/Qwen2.5-7B-Instruct|a,selection,0.924,0.98,600,delta_pp:1,0.0984,-0.401,False,False,False
103,selection|allenai/OLMo-2-1124-7B-Instruct|a,selection,0.8323,0.93,600,delta_pp:1,0.8847,-0.8898,False,False,False
103,selection|ibm-granite/granite-3.3-8b-instruct|a,selection,0.9679,0.97,600,delta_pp:1,3.0396,0.9105,False,True,False
103,selection|microsoft/Phi-3.5-mini-instruct|a,selection,0.9211,0.9433,600,delta_pp:1,4.1035,1.8188,True,True,False
103,selection|Qwen/Qwen2.5-7B-Instruct|b,selection,0.9223,0.9767,600,delta_pp:1,0.7767,-0.5102,False,False,False
103,selection|allenai/OLMo-2-1124-7B-Instruct|b,selection,0.865,0.93,600,delta_pp:1,0.6044,0.3366,False,False,False
103,selection|ibm-granite/granite-3.3-8b-instruct|b,selection,0.9273,0.955,600,delta_pp:1,3.0559,1.8088,True,True,False
103,selection|microsoft/Phi-3.5-mini-instruct|b,selection,0.934,0.9367,600,delta_pp:1,4.6568,2.3681,True,True,False
103,selection|Qwen/Qwen2.5-7B-Instruct|c,selection,0.9068,0.9783,600,delta_pp:1,0.5777,-0.384,False,False,False
103,selection|allenai/OLMo-2-1124-7B-Instruct|c,selection,0.827,0.92,600,delta_pp:1,4.9096,1.2233,True,True,False
103,selection|ibm-granite/granite-3.3-8b-instruct|c,selection,0.9161,0.965,600,delta_pp:1,1.8243,1.1876,True,True,False
103,selection|microsoft/Phi-3.5-mini-instruct|c,selection,0.8984,0.9,600,delta_pp:1,3.6359,3.7391,True,True,False
104,selection|Qwen/Qwen2.5-7B-Instruct|a,selection,0.8246,0.9683,600,delta_pp:1,-1.4405,-0.401,False,True,False
104,selection|allenai/OLMo-2-1124-7B-Instruct|a,selection,0.801,0.9233,600,delta_pp:1,0.4872,-0.8898,False,False,False
104,selection|ibm-granite/granite-3.3-8b-instruct|a,selection,0.8486,0.9467,600,delta_pp:1,2.0043,0.9105,False,True,False
104,selection|microsoft/Phi-3.5-mini-instruct|a,selection,0.8451,0.94,600,delta_pp:1,2.7311,1.8188,True,True,False
104,selection|Qwen/Qwen2.5-7B-Instruct|b,selection,0.8414,0.9667,600,delta_pp:1,0.0748,-0.5102,False,False,False
104,selection|allenai/OLMo-2-1124-7B-Instruct|b,selection,0.8019,0.925,600,delta_pp:1,0.7778,0.3366,False,False,False
104,selection|ibm-granite/granite-3.3-8b-instruct|b,selection,0.8433,0.9367,600,delta_pp:1,4.0392,1.8088,True,True,False
104,selection|microsoft/Phi-3.5-mini-instruct|b,selection,0.8117,0.91,600,delta_pp:1,4.343,2.3681,True,True,False
104,selection|Qwen/Qwen2.5-7B-Instruct|c,selection,0.807,0.9683,600,delta_pp:1,0.0365,-0.384,False,False,False
104,selection|allenai/OLMo-2-1124-7B-Instruct|c,selection,0.7464,0.92,600,delta_pp:1,2.213,1.2233,True,True,True
104,selection|ibm-granite/granite-3.3-8b-instruct|c,selection,0.8379,0.96,600,delta_pp:1,2.0947,1.1876,True,True,False
104,selection|microsoft/Phi-3.5-mini-instruct|c,selection,0.8489,0.88,600,delta_pp:1,7.3767,3.7391,True,True,False
105,selection|Qwen/Qwen2.5-7B-Instruct|a,selection,0.8786,0.9733,600,delta_pp:1,0.6299,-0.401,False,False,False
105,selection|allenai/OLMo-2-1124-7B-Instruct|a,selection,0.8654,0.9483,600,delta_pp:1,-2.1993,-0.8898,False,True,False
105,selection|ibm-granite/granite-3.3-8b-instruct|a,selection,0.9054,0.9733,600,delta_pp:1,1.0516,0.9105,False,True,False
105,selection|microsoft/Phi-3.5-mini-instruct|a,selection,0.877,0.945,600,delta_pp:1,1.0019,1.8188,True,True,False
105,selection|Qwen/Qwen2.5-7B-Instruct|b,selection,0.8956,0.98,600,delta_pp:1,-0.1773,-0.5102,False,False,False
105,selection|allenai/OLMo-2-1124-7B-Instruct|b,selection,0.8207,0.94,600,delta_pp:1,1.1798,0.3366,False,True,False
105,selection|ibm-granite/granite-3.3-8b-instruct|b,selection,0.8573,0.9583,600,delta_pp:1,3.1392,1.8088,True,True,False
105,selection|microsoft/Phi-3.5-mini-instruct|b,selection,0.8618,0.9417,600,delta_pp:1,-0.1743,2.3681,True,False,False
105,selection|Qwen/Qwen2.5-7B-Instruct|c,selection,0.8679,0.9783,600,delta_pp:1,0.4287,-0.384,False,False,False
105,selection|allenai/OLMo-2-1124-7B-Instruct|c,selection,0.8056,0.9367,600,delta_pp:1,1.3302,1.2233,True,True,False
105,selection|ibm-granite/granite-3.3-8b-instruct|c,selection,0.8929,0.975,600,delta_pp:1,0.8439,1.1876,True,False,False
105,selection|microsoft/Phi-3.5-mini-instruct|c,selection,0.8808,0.9017,600,delta_pp:1,2.9542,3.7391,True,True,False
106,selection|Qwen/Qwen2.5-7B-Instruct|a,selection,0.8688,0.9733,600,delta_pp:1,-1.589,-0.401,False,True,False
106,selection|allenai/OLMo-2-1124-7B-Instruct|a,selection,0.8327,0.93,600,delta_pp:1,1.7615,-0.8898,False,True,False
106,selection|ibm-granite/granite-3.3-8b-instruct|a,selection,0.9223,0.9517,600,delta_pp:1,1.906,0.9105,False,True,False
106,selection|microsoft/Phi-3.5-mini-instruct|a,selection,0.8543,0.9217,600,delta_pp:1,-0.5615,1.8188,True,False,False
106,selection|Qwen/Qwen2.5-7B-Instruct|b,selection,0.8957,0.975,600,delta_pp:1,-2.6496,-0.5102,False,True,False
106,selection|allenai/OLMo-2-1124-7B-Instruct|b,selection,0.8387,0.9167,600,delta_pp:1,-0.2162,0.3366,False,False,False
106,selection|ibm-granite/granite-3.3-8b-instruct|b,selection,0.9143,0.9367,600,delta_pp:1,2.2587,1.8088,True,True,False
106,selection|microsoft/Phi-3.5-mini-instruct|b,selection,0.9072,0.9233,600,delta_pp:1,-0.3589,2.3681,True,False,False
106,selection|Qwen/Qwen2.5-7B-Instruct|c,selection,0.8827,0.975,600,delta_pp:1,-1.3165,-0.384,False,True,False
106,selection|allenai/OLMo-2-1124-7B-Instruct|c,selection,0.8032,0.9233,600,delta_pp:1,3.1942,1.2233,True,True,False
106,selection|ibm-granite/granite-3.3-8b-instruct|c,selection,0.9164,0.965,600,delta_pp:1,-0.0626,1.1876,True,False,False
106,selection|microsoft/Phi-3.5-mini-instruct|c,selection,0.9199,0.8983,600,delta_pp:1,1.9176,3.7391,True,True,False
107,selection|Qwen/Qwen2.5-7B-Instruct|a,selection,0.9038,0.98,600,delta_pp:1,0.0508,-0.401,False,False,False
107,selection|allenai/OLMo-2-1124-7B-Instruct|a,selection,0.831,0.9233,600,delta_pp:1,-3.1396,-0.8898,False,True,False
107,selection|ibm-granite/granite-3.3-8b-instruct|a,selection,0.9654,0.9617,600,delta_pp:1,3.0255,0.9105,False,True,False
107,selection|microsoft/Phi-3.5-mini-instruct|a,selection,0.8835,0.9417,600,delta_pp:1,3.049,1.8188,True,True,False
107,selection|Qwen/Qwen2.5-7B-Instruct|b,selection,0.9047,0.9817,600,delta_pp:1,-0.9269,-0.5102,False,False,False
107,selection|allenai/OLMo-2-1124-7B-Instruct|b,selection,0.8782,0.9317,600,delta_pp:1,0.4529,0.3366,False,False,False
107,selection|ibm-granite/granite-3.3-8b-instruct|b,selection,0.9485,0.9567,600,delta_pp:1,2.7132,1.8088,True,True,False
107,selection|microsoft/Phi-3.5-mini-instruct|b,selection,0.9122,0.915,600,delta_pp:1,4.3679,2.3681,True,True,False
107,selection|Qwen/Qwen2.5-7B-Instruct|c,selection,0.9038,0.98,600,delta_pp:1,-0.5768,-0.384,False,False,False
107,selection|allenai/OLMo-2-1124-7B-Instruct|c,selection,0.8389,0.9383,600,delta_pp:1,0.4854,1.2233,True,False,False
107,selection|ibm-granite/granite-3.3-8b-instruct|c,selection,0.9387,0.965,600,delta_pp:1,1.7151,1.1876,True,True,False
107,selection|microsoft/Phi-3.5-mini-instruct|c,selection,0.9008,0.8933,600,delta_pp:1,6.0515,3.7391,True,True,False
108,selection|Qwen/Qwen2.5-7B-Instruct|a,selection,0.8223,0.9733,600,delta_pp:1,0.2469,-0.401,False,False,False
108,selection|allenai/OLMo-2-1124-7B-Instruct|a,selection,0.7823,0.9283,600,delta_pp:1,-1.0089,-0.8898,False,True,True
108,selection|ibm-granite/granite-3.3-8b-instruct|a,selection,0.8644,0.96,600,delta_pp:1,1.9357,0.9105,False,True,False
108,selection|microsoft/Phi-3.5-mini-instruct|a,selection,0.8057,0.9417,600,delta_pp:1,2.7409,1.8188,True,True,False
108,selection|Qwen/Qwen2.5-7B-Instruct|b,selection,0.8387,0.9733,600,delta_pp:1,0.1363,-0.5102,False,False,False
108,selection|allenai/OLMo-2-1124-7B-Instruct|b,selection,0.7858,0.935,600,delta_pp:1,-1.7023,0.3366,False,True,True
108,selection|ibm-granite/granite-3.3-8b-instruct|b,selection,0.8454,0.955,600,delta_pp:1,1.7667,1.8088,True,True,False
108,selection|microsoft/Phi-3.5-mini-instruct|b,selection,0.8606,0.9217,600,delta_pp:1,2.9931,2.3681,True,True,False
108,selection|Qwen/Qwen2.5-7B-Instruct|c,selection,0.8396,0.975,600,delta_pp:1,-0.2029,-0.384,False,False,False
108,selection|allenai/OLMo-2-1124-7B-Instruct|c,selection,0.7575,0.9433,600,delta_pp:1,1.4956,1.2233,True,True,True
108,selection|ibm-granite/granite-3.3-8b-instruct|c,selection,0.8507,0.965,600,delta_pp:1,0.4246,1.1876,True,False,False
108,selection|microsoft/Phi-3.5-mini-instruct|c,selection,0.8268,0.8883,600,delta_pp:1,6.6002,3.7391,True,True,False
109,selection|Qwen/Qwen2.5-7B-Instruct|a,selection,0.8201,0.9617,600,delta_pp:1,-0.0129,-0.401,False,False,False
109,selection|allenai/OLMo-2-1124-7B-Instruct|a,selection,0.8005,0.925,600,delta_pp:1,-0.5727,-0.8898,False,False,False
109,selection|ibm-granite/granite-3.3-8b-instruct|a,selection,0.8901,0.955,600,delta_pp:1,3.5754,0.9105,False,True,False
109,selection|microsoft/Phi-3.5-mini-instruct|a,selection,0.8839,0.9433,600,delta_pp:1,1.9838,1.8188,True,True,False
109,selection|Qwen/Qwen2.5-7B-Instruct|b,selection,0.8569,0.9617,600,delta_pp:1,1.1086,-0.5102,False,True,False
109,selection|allenai/OLMo-2-1124-7B-Instruct|b,selection,0.8417,0.9333,600,delta_pp:1,1.5707,0.3366,False,True,False
109,selection|ibm-granite/granite-3.3-8b-instruct|b,selection,0.862,0.9483,600,delta_pp:1,4.3942,1.8088,True,True,False
109,selection|microsoft/Phi-3.5-mini-instruct|b,selection,0.889,0.93,600,delta_pp:1,4.5894,2.3681,True,True,False
109,selection|Qwen/Qwen2.5-7B-Instruct|c,selection,0.8604,0.9683,600,delta_pp:1,0.4265,-0.384,False,False,False
109,selection|allenai/OLMo-2-1124-7B-Instruct|c,selection,0.7847,0.9183,600,delta_pp:1,2.814,1.2233,True,True,True
109,selection|ibm-granite/granite-3.3-8b-instruct|c,selection,0.8796,0.9583,600,delta_pp:1,3.6344,1.1876,True,True,False
109,selection|microsoft/Phi-3.5-mini-instruct|c,selection,0.8721,0.8983,600,delta_pp:1,8.3436,3.7391,True,True,False
110,selection|Qwen/Qwen2.5-7B-Instruct|a,selection,0.853,0.975,600,delta_pp:1,-1.1219,-0.401,False,True,False
110,selection|allenai/OLMo-2-1124-7B-Instruct|a,selection,0.7957,0.9383,600,delta_pp:1,-0.9463,-0.8898,False,False,True
110,selection|ibm-granite/granite-3.3-8b-instruct|a,selection,0.867,0.965,600,delta_pp:1,-1.1482,0.9105,False,True,False
110,selection|microsoft/Phi-3.5-mini-instruct|a,selection,0.833,0.9367,600,delta_pp:1,4.557,1.8188,True,True,False
110,selection|Qwen/Qwen2.5-7B-Instruct|b,selection,0.8339,0.975,600,delta_pp:1,-1.0783,-0.5102,False,True,False
110,selection|allenai/OLMo-2-1124-7B-Instruct|b,selection,0.7904,0.9283,600,delta_pp:1,0.3976,0.3366,False,False,True
110,selection|ibm-granite/granite-3.3-8b-instruct|b,selection,0.887,0.9667,600,delta_pp:1,-2.2149,1.8088,True,True,False
110,selection|microsoft/Phi-3.5-mini-instruct|b,selection,0.8678,0.93,600,delta_pp:1,3.7676,2.3681,True,True,False
110,selection|Qwen/Qwen2.5-7B-Instruct|c,selection,0.7948,0.9733,600,delta_pp:1,-0.6566,-0.384,False,False,True
110,selection|allenai/OLMo-2-1124-7B-Instruct|c,selection,0.7739,0.9333,600,delta_pp:1,2.0908,1.2233,True,True,True
110,selection|ibm-granite/granite-3.3-8b-instruct|c,selection,0.9122,0.9783,600,delta_pp:1,-0.6203,1.1876,True,False,False
110,selection|microsoft/Phi-3.5-mini-instruct|c,selection,0.8487,0.8933,600,delta_pp:1,5.1574,3.7391,True,True,False
111,selection|Qwen/Qwen2.5-7B-Instruct|a,selection,0.9439,0.99,600,delta_pp:1,-0.7624,-0.401,False,False,False
111,selection|allenai/OLMo-2-1124-7B-Instruct|a,selection,0.7585,0.9267,600,delta_pp:1,-4.7477,-0.8898,False,True,True
111,selection|ibm-granite/granite-3.3-8b-instruct|a,selection,0.909,0.9717,600,delta_pp:1,0.482,0.9105,False,False,False
111,selection|microsoft/Phi-3.5-mini-instruct|a,selection,0.925,0.9533,600,delta_pp:1,1.3652,1.8188,True,True,False
111,selection|Qwen/Qwen2.5-7B-Instruct|b,selection,0.9422,0.9867,600,delta_pp:1,-1.4132,-0.5102,False,True,False
111,selection|allenai/OLMo-2-1124-7B-Instruct|b,selection,0.7814,0.9217,600,delta_pp:1,-2.5879,0.3366,False,True,True
111,selection|ibm-granite/granite-3.3-8b-instruct|b,selection,0.9064,0.9667,600,delta_pp:1,2.8224,1.8088,True,True,False
111,selection|microsoft/Phi-3.5-mini-instruct|b,selection,0.9172,0.9383,600,delta_pp:1,1.0899,2.3681,True,True,False
111,selection|Qwen/Qwen2.5-7B-Instruct|c,selection,0.8641,0.9833,600,delta_pp:1,-1.5223,-0.384,False,True,False
111,selection|allenai/OLMo-2-1124-7B-Instruct|c,selection,0.7568,0.9233,600,delta_pp:1,-3.4085,1.2233,True,True,True
111,selection|ibm-granite/granite-3.3-8b-instruct|c,selection,0.8301,0.9667,600,delta_pp:1,0.7108,1.1876,True,False,False
111,selection|microsoft/Phi-3.5-mini-instruct|c,selection,0.9255,0.905,600,delta_pp:1,7.0043,3.7391,True,True,False
112,selection|Qwen/Qwen2.5-7B-Instruct|a,selection,0.8886,0.9783,600,delta_pp:1,0.5379,-0.401,False,False,False
112,selection|allenai/OLMo-2-1124-7B-Instruct|a,selection,0.8398,0.94,600,delta_pp:1,0.3526,-0.8898,False,False,False
112,selection|ibm-granite/granite-3.3-8b-instruct|a,selection,0.9075,0.96,600,delta_pp:1,4.1534,0.9105,False,True,False
112,selection|microsoft/Phi-3.5-mini-instruct|a,selection,0.8888,0.9517,600,delta_pp:1,3.8655,1.8188,True,True,False
112,selection|Qwen/Qwen2.5-7B-Instruct|b,selection,0.8851,0.9717,600,delta_pp:1,0.5449,-0.5102,False,False,False
112,selection|allenai/OLMo-2-1124-7B-Instruct|b,selection,0.8337,0.9283,600,delta_pp:1,2.0231,0.3366,False,True,False
112,selection|ibm-granite/granite-3.3-8b-instruct|b,selection,0.8923,0.9583,600,delta_pp:1,3.1771,1.8088,True,True,False
112,selection|microsoft/Phi-3.5-mini-instruct|b,selection,0.905,0.9283,600,delta_pp:1,6.4732,2.3681,True,True,False
112,selection|Qwen/Qwen2.5-7B-Instruct|c,selection,0.8842,0.97,600,delta_pp:1,0.215,-0.384,False,False,False
112,selection|allenai/OLMo-2-1124-7B-Instruct|c,selection,0.8122,0.9417,600,delta_pp:1,3.3694,1.2233,True,True,False
112,selection|ibm-granite/granite-3.3-8b-instruct|c,selection,0.8834,0.9683,600,delta_pp:1,2.5383,1.1876,True,True,False
112,selection|microsoft/Phi-3.5-mini-instruct|c,selection,0.939,0.9117,600,delta_pp:1,5.1317,3.7391,True,True,False
113,selection|Qwen/Qwen2.5-7B-Instruct|a,selection,0.8485,0.975,600,delta_pp:1,-0.8331,-0.401,False,False,False
113,selection|allenai/OLMo-2-1124-7B-Instruct|a,selection,0.8047,0.9183,600,delta_pp:1,-0.4031,-0.8898,False,False,False
113,selection|ibm-granite/granite-3.3-8b-instruct|a,selection,0.8741,0.945,600,delta_pp:1,2.2461,0.9105,False,True,False
113,selection|microsoft/Phi-3.5-mini-instruct|a,selection,0.8394,0.9317,600,delta_pp:1,2.5677,1.8188,True,True,False
113,selection|Qwen/Qwen2.5-7B-Instruct|b,selection,0.8753,0.9733,600,delta_pp:1,-2.0282,-0.5102,False,True,False
113,selection|allenai/OLMo-2-1124-7B-Instruct|b,selection,0.8055,0.92,600,delta_pp:1,1.8623,0.3366,False,True,False
113,selection|ibm-granite/granite-3.3-8b-instruct|b,selection,0.8767,0.95,600,delta_pp:1,3.2165,1.8088,True,True,False
113,selection|microsoft/Phi-3.5-mini-instruct|b,selection,0.8453,0.9167,600,delta_pp:1,4.1953,2.3681,True,True,False
113,selection|Qwen/Qwen2.5-7B-Instruct|c,selection,0.8779,0.9783,600,delta_pp:1,0.2448,-0.384,False,False,False
113,selection|allenai/OLMo-2-1124-7B-Instruct|c,selection,0.7806,0.925,600,delta_pp:1,3.7522,1.2233,True,True,True
113,selection|ibm-granite/granite-3.3-8b-instruct|c,selection,0.8406,0.96,600,delta_pp:1,1.5619,1.1876,True,True,False
113,selection|microsoft/Phi-3.5-mini-instruct|c,selection,0.8361,0.8733,600,delta_pp:1,8.9227,3.7391,True,True,False
114,selection|Qwen/Qwen2.5-7B-Instruct|a,selection,0.829,0.9633,600,delta_pp:1,-0.0175,-0.401,False,False,False
114,selection|allenai/OLMo-2-1124-7B-Instruct|a,selection,0.8517,0.935,600,delta_pp:1,-0.4833,-0.8898,False,False,False
114,selection|ibm-granite/granite-3.3-8b-instruct|a,selection,0.8759,0.9567,600,delta_pp:1,0.3339,0.9105,False,False,False
114,selection|microsoft/Phi-3.5-mini-instruct|a,selection,0.822,0.9267,600,delta_pp:1,2.6838,1.8188,True,True,False
114,selection|Qwen/Qwen2.5-7B-Instruct|b,selection,0.8434,0.9667,600,delta_pp:1,-0.1243,-0.5102,False,False,False
114,selection|allenai/OLMo-2-1124-7B-Instruct|b,selection,0.8203,0.9233,600,delta_pp:1,-1.2641,0.3366,False,True,False
114,selection|ibm-granite/granite-3.3-8b-instruct|b,selection,0.8462,0.9483,600,delta_pp:1,0.8666,1.8088,True,False,False
114,selection|microsoft/Phi-3.5-mini-instruct|b,selection,0.8869,0.93,600,delta_pp:1,0.9128,2.3681,True,False,False
114,selection|Qwen/Qwen2.5-7B-Instruct|c,selection,0.8307,0.9667,600,delta_pp:1,-0.6937,-0.384,False,False,False
114,selection|allenai/OLMo-2-1124-7B-Instruct|c,selection,0.803,0.9383,600,delta_pp:1,-1.4473,1.2233,True,True,False
114,selection|ibm-granite/granite-3.3-8b-instruct|c,selection,0.8686,0.9667,600,delta_pp:1,0.389,1.1876,True,False,False
114,selection|microsoft/Phi-3.5-mini-instruct|c,selection,0.8566,0.8967,600,delta_pp:1,2.4434,3.7391,True,True,False
115,selection|Qwen/Qwen2.5-7B-Instruct|a,selection,0.8173,0.9683,600,delta_pp:1,-0.3277,-0.401,False,False,False
115,selection|allenai/OLMo-2-1124-7B-Instruct|a,selection,0.7417,0.93,600,delta_pp:1,-1.8526,-0.8898,False,True,True
115,selection|ibm-granite/granite-3.3-8b-instruct|a,selection,0.8397,0.9583,600,delta_pp:1,0.1008,0.9105,False,False,False
115,selection|microsoft/Phi-3.5-mini-instruct|a,selection,0.8647,0.9533,600,delta_pp:1,-0.4406,1.8188,True,False,False
115,selection|Qwen/Qwen2.5-7B-Instruct|b,selection,0.8329,0.9717,600,delta_pp:1,-1.1285,-0.5102,False,True,False
115,selection|allenai/OLMo-2-1124-7B-Instruct|b,selection,0.8023,0.94,600,delta_pp:1,-1.8005,0.3366,False,True,False
115,selection|ibm-granite/granite-3.3-8b-instruct|b,selection,0.87,0.9633,600,delta_pp:1,0.1401,1.8088,True,False,False
115,selection|microsoft/Phi-3.5-mini-instruct|b,selection,0.8385,0.93,600,delta_pp:1,-3.4808,2.3681,True,True,False
115,selection|Qwen/Qwen2.5-7B-Instruct|c,selection,0.8476,0.9733,600,delta_pp:1,-0.2884,-0.384,False,False,False
115,selection|allenai/OLMo-2-1124-7B-Instruct|c,selection,0.7106,0.9233,600,delta_pp:1,-0.1714,1.2233,True,False,True
115,selection|ibm-granite/granite-3.3-8b-instruct|c,selection,0.8165,0.9667,600,delta_pp:1,-0.65,1.1876,True,False,False
115,selection|microsoft/Phi-3.5-mini-instruct|c,selection,0.8485,0.8967,600,delta_pp:1,0.3949,3.7391,True,False,False
116,selection|Qwen/Qwen2.5-7B-Instruct|a,selection,0.9375,0.9833,600,delta_pp:1,-0.499,-0.401,False,False,False
116,selection|allenai/OLMo-2-1124-7B-Instruct|a,selection,0.8172,0.9333,600,delta_pp:1,0.82,-0.8898,False,False,False
116,selection|ibm-granite/granite-3.3-8b-instruct|a,selection,0.9555,0.9667,600,delta_pp:1,1.3176,0.9105,False,True,False
116,selection|microsoft/Phi-3.5-mini-instruct|a,selection,0.9252,0.96,600,delta_pp:1,4.8668,1.8188,True,True,False
116,selection|Qwen/Qwen2.5-7B-Instruct|b,selection,0.9661,0.9867,600,delta_pp:1,-0.1548,-0.5102,False,False,False
116,selection|allenai/OLMo-2-1124-7B-Instruct|b,selection,0.8708,0.9333,600,delta_pp:1,1.5481,0.3366,False,True,False
116,selection|ibm-granite/granite-3.3-8b-instruct|b,selection,0.9269,0.9633,600,delta_pp:1,2.2734,1.8088,True,True,False
116,selection|microsoft/Phi-3.5-mini-instruct|b,selection,0.9466,0.95,600,delta_pp:1,4.7069,2.3681,True,True,False
116,selection|Qwen/Qwen2.5-7B-Instruct|c,selection,0.9224,0.98,600,delta_pp:1,0.3072,-0.384,False,False,False
116,selection|allenai/OLMo-2-1124-7B-Instruct|c,selection,0.8332,0.9383,600,delta_pp:1,0.9987,1.2233,True,False,False
116,selection|ibm-granite/granite-3.3-8b-instruct|c,selection,0.918,0.9717,600,delta_pp:1,0.7416,1.1876,True,False,False
116,selection|microsoft/Phi-3.5-mini-instruct|c,selection,0.92,0.925,600,delta_pp:1,7.3006,3.7391,True,True,False
117,selection|Qwen/Qwen2.5-7B-Instruct|a,selection,0.8246,0.9683,600,delta_pp:1,-0.5733,-0.401,False,False,False
117,selection|allenai/OLMo-2-1124-7B-Instruct|a,selection,0.8231,0.9317,600,delta_pp:1,-0.5393,-0.8898,False,False,False
117,selection|ibm-granite/granite-3.3-8b-instruct|a,selection,0.8891,0.9567,600,delta_pp:1,2.0736,0.9105,False,True,False
117,selection|microsoft/Phi-3.5-mini-instruct|a,selection,0.8098,0.94,600,delta_pp:1,0.5366,1.8188,True,False,False
117,selection|Qwen/Qwen2.5-7B-Instruct|b,selection,0.8608,0.97,600,delta_pp:1,-1.7338,-0.5102,False,True,False
117,selection|allenai/OLMo-2-1124-7B-Instruct|b,selection,0.8531,0.9217,600,delta_pp:1,1.2678,0.3366,False,True,False
117,selection|ibm-granite/granite-3.3-8b-instruct|b,selection,0.8856,0.95,600,delta_pp:1,4.0575,1.8088,True,True,False
117,selection|microsoft/Phi-3.5-mini-instruct|b,selection,0.8328,0.9167,600,delta_pp:1,1.7487,2.3681,True,True,False
117,selection|Qwen/Qwen2.5-7B-Instruct|c,selection,0.8237,0.9667,600,delta_pp:1,0.4269,-0.384,False,False,False
117,selection|allenai/OLMo-2-1124-7B-Instruct|c,selection,0.8468,0.9433,600,delta_pp:1,2.3023,1.2233,True,True,False
117,selection|ibm-granite/granite-3.3-8b-instruct|c,selection,0.8723,0.9583,600,delta_pp:1,1.1804,1.1876,True,True,False
117,selection|microsoft/Phi-3.5-mini-instruct|c,selection,0.8736,0.8933,600,delta_pp:1,6.1169,3.7391,True,True,False
118,selection|Qwen/Qwen2.5-7B-Instruct|a,selection,0.8357,0.9783,600,delta_pp:1,-1.251,-0.401,False,True,False
118,selection|allenai/OLMo-2-1124-7B-Instruct|a,selection,0.7313,0.925,600,delta_pp:1,-0.654,-0.8898,False,False,True
118,selection|ibm-granite/granite-3.3-8b-instruct|a,selection,0.8643,0.96,600,delta_pp:1,0.2039,0.9105,False,False,False
118,selection|microsoft/Phi-3.5-mini-instruct|a,selection,0.8783,0.95,600,delta_pp:1,1.476,1.8188,True,True,False
118,selection|Qwen/Qwen2.5-7B-Instruct|b,selection,0.8548,0.9783,600,delta_pp:1,-1.3663,-0.5102,False,True,False
118,selection|allenai/OLMo-2-1124-7B-Instruct|b,selection,0.7983,0.9433,600,delta_pp:1,-0.7251,0.3366,False,False,True
118,selection|ibm-granite/granite-3.3-8b-instruct|b,selection,0.8235,0.955,600,delta_pp:1,0.7816,1.8088,True,False,False
118,selection|microsoft/Phi-3.5-mini-instruct|b,selection,0.8443,0.9217,600,delta_pp:1,0.6842,2.3681,True,False,False
118,selection|Qwen/Qwen2.5-7B-Instruct|c,selection,0.8557,0.98,600,delta_pp:1,-1.0398,-0.384,False,True,False
118,selection|allenai/OLMo-2-1124-7B-Instruct|c,selection,0.7557,0.935,600,delta_pp:1,-0.8003,1.2233,True,False,True
118,selection|ibm-granite/granite-3.3-8b-instruct|c,selection,0.8478,0.965,600,delta_pp:1,0.6353,1.1876,True,False,False
118,selection|microsoft/Phi-3.5-mini-instruct|c,selection,0.8748,0.9067,600,delta_pp:1,4.1484,3.7391,True,True,False
119,selection|Qwen/Qwen2.5-7B-Instruct|a,selection,0.8394,0.975,600,delta_pp:1,1.1946,-0.401,False,True,False
119,selection|allenai/OLMo-2-1124-7B-Instruct|a,selection,0.8618,0.925,600,delta_pp:1,3.1907,-0.8898,False,True,False
119,selection|ibm-granite/granite-3.3-8b-instruct|a,selection,0.8736,0.97,600,delta_pp:1,1.508,0.9105,False,True,False
119,selection|microsoft/Phi-3.5-mini-instruct|a,selection,0.8515,0.9517,600,delta_pp:1,2.5231,1.8188,True,True,False
119,selection|Qwen/Qwen2.5-7B-Instruct|b,selection,0.8666,0.98,600,delta_pp:1,0.1817,-0.5102,False,False,False
119,selection|allenai/OLMo-2-1124-7B-Instruct|b,selection,0.8197,0.915,600,delta_pp:1,3.204,0.3366,False,True,False
119,selection|ibm-granite/granite-3.3-8b-instruct|b,selection,0.8673,0.9583,600,delta_pp:1,3.8222,1.8088,True,True,False
119,selection|microsoft/Phi-3.5-mini-instruct|b,selection,0.9049,0.9367,600,delta_pp:1,2.798,2.3681,True,True,False
119,selection|Qwen/Qwen2.5-7B-Instruct|c,selection,0.8649,0.9767,600,delta_pp:1,1.495,-0.384,False,True,False
119,selection|allenai/OLMo-2-1124-7B-Instruct|c,selection,0.8031,0.93,600,delta_pp:1,1.5963,1.2233,True,True,False
119,selection|ibm-granite/granite-3.3-8b-instruct|c,selection,0.8473,0.9667,600,delta_pp:1,2.1726,1.1876,True,True,False
119,selection|microsoft/Phi-3.5-mini-instruct|c,selection,0.8897,0.9083,600,delta_pp:1,3.8129,3.7391,True,True,False
120,selection|Qwen/Qwen2.5-7B-Instruct|a,selection,0.8754,0.9733,600,delta_pp:1,-0.2356,-0.401,False,False,False
120,selection|allenai/OLMo-2-1124-7B-Instruct|a,selection,0.8079,0.935,600,delta_pp:1,-2.02,-0.8898,False,True,False
120,selection|ibm-granite/granite-3.3-8b-instruct|a,selection,0.9026,0.965,600,delta_pp:1,0.5693,0.9105,False,False,False
120,selection|microsoft/Phi-3.5-mini-instruct|a,selection,0.8737,0.94,600,delta_pp:1,0.4677,1.8188,True,False,False
120,selection|Qwen/Qwen2.5-7B-Instruct|b,selection,0.9096,0.9783,600,delta_pp:1,-0.813,-0.5102,False,False,False
120,selection|allenai/OLMo-2-1124-7B-Instruct|b,selection,0.8719,0.9367,600,delta_pp:1,0.4816,0.3366,False,False,False
120,selection|ibm-granite/granite-3.3-8b-instruct|b,selection,0.8991,0.9583,600,delta_pp:1,1.2604,1.8088,True,True,False
120,selection|microsoft/Phi-3.5-mini-instruct|b,selection,0.9096,0.9183,600,delta_pp:1,3.1659,2.3681,True,True,False
120,selection|Qwen/Qwen2.5-7B-Instruct|c,selection,0.8263,0.97,600,delta_pp:1,-1.8344,-0.384,False,True,False
120,selection|allenai/OLMo-2-1124-7B-Instruct|c,selection,0.8193,0.9267,600,delta_pp:1,-0.4261,1.2233,True,False,False
120,selection|ibm-granite/granite-3.3-8b-instruct|c,selection,0.8719,0.9667,600,delta_pp:1,0.4821,1.1876,True,False,False
120,selection|microsoft/Phi-3.5-mini-instruct|c,selection,0.8772,0.8867,600,delta_pp:1,3.0656,3.7391,True,True,False
121,selection|Qwen/Qwen2.5-7B-Instruct|a,selection,0.867,0.9767,600,delta_pp:1,-0.8065,-0.401,False,False,False
121,selection|allenai/OLMo-2-1124-7B-Instruct|a,selection,0.7655,0.9117,600,delta_pp:1,-2.8927,-0.8898,False,True,True
121,selection|ibm-granite/granite-3.3-8b-instruct|a,selection,0.8841,0.9583,600,delta_pp:1,0.7252,0.9105,False,False,False
121,selection|microsoft/Phi-3.5-mini-instruct|a,selection,0.8592,0.9367,600,delta_pp:1,1.935,1.8188,True,True,False
121,selection|Qwen/Qwen2.5-7B-Instruct|b,selection,0.8652,0.9733,600,delta_pp:1,-0.7913,-0.5102,False,False,False
121,selection|allenai/OLMo-2-1124-7B-Instruct|b,selection,0.786,0.925,600,delta_pp:1,-2.4063,0.3366,False,True,True
121,selection|ibm-granite/granite-3.3-8b-instruct|b,selection,0.8966,0.9567,600,delta_pp:1,-0.3563,1.8088,True,False,False
121,selection|microsoft/Phi-3.5-mini-instruct|b,selection,0.8619,0.9167,600,delta_pp:1,4.5633,2.3681,True,True,False
121,selection|Qwen/Qwen2.5-7B-Instruct|c,selection,0.8501,0.97,600,delta_pp:1,-1.3234,-0.384,False,True,False
121,selection|allenai/OLMo-2-1124-7B-Instruct|c,selection,0.7708,0.9217,600,delta_pp:1,-0.9704,1.2233,True,False,True
121,selection|ibm-granite/granite-3.3-8b-instruct|c,selection,0.843,0.9567,600,delta_pp:1,0.064,1.1876,True,False,False
121,selection|microsoft/Phi-3.5-mini-instruct|c,selection,0.8612,0.89,600,delta_pp:1,7.222,3.7391,True,True,False
122,selection|Qwen/Qwen2.5-7B-Instruct|a,selection,0.8763,0.975,600,delta_pp:1,-1.1347,-0.401,False,True,False
122,selection|allenai/OLMo-2-1124-7B-Instruct|a,selection,0.8535,0.9317,600,delta_pp:1,-2.3286,-0.8898,False,True,False
122,selection|ibm-granite/granite-3.3-8b-instruct|a,selection,0.9693,0.9717,600,delta_pp:1,-0.1415,0.9105,False,False,False
122,selection|microsoft/Phi-3.5-mini-instruct|a,selection,0.8439,0.9433,600,delta_pp:1,0.6569,1.8188,True,False,False
122,selection|Qwen/Qwen2.5-7B-Instruct|b,selection,0.893,0.9767,600,delta_pp:1,-1.5371,-0.5102,False,True,False
122,selection|allenai/OLMo-2-1124-7B-Instruct|b,selection,0.8702,0.9333,600,delta_pp:1,-0.7411,0.3366,False,False,False
122,selection|ibm-granite/granite-3.3-8b-instruct|b,selection,0.9351,0.9667,600,delta_pp:1,-0.9914,1.8088,True,False,False
122,selection|microsoft/Phi-3.5-mini-instruct|b,selection,0.8693,0.9317,600,delta_pp:1,-0.4271,2.3681,True,False,False
122,selection|Qwen/Qwen2.5-7B-Instruct|c,selection,0.8614,0.9767,600,delta_pp:1,-0.7393,-0.384,False,False,False
122,selection|allenai/OLMo-2-1124-7B-Instruct|c,selection,0.8105,0.94,600,delta_pp:1,-1.1703,1.2233,True,True,False
122,selection|ibm-granite/granite-3.3-8b-instruct|c,selection,0.907,0.9733,600,delta_pp:1,-0.2286,1.1876,True,False,False
122,selection|microsoft/Phi-3.5-mini-instruct|c,selection,0.8886,0.9083,600,delta_pp:1,2.8246,3.7391,True,True,False
123,selection|Qwen/Qwen2.5-7B-Instruct|a,selection,0.9033,0.9717,600,delta_pp:1,-2.8211,-0.401,False,True,False
123,selection|allenai/OLMo-2-1124-7B-Instruct|a,selection,0.8504,0.9333,600,delta_pp:1,-2.7666,-0.8898,False,True,False
123,selection|ibm-granite/granite-3.3-8b-instruct|a,selection,0.9764,0.955,600,delta_pp:1,1.9495,0.9105,False,True,False
123,selection|microsoft/Phi-3.5-mini-instruct|a,selection,0.8831,0.9333,600,delta_pp:1,-1.0165,1.8188,True,True,False
123,selection|Qwen/Qwen2.5-7B-Instruct|b,selection,0.905,0.975,600,delta_pp:1,-1.5073,-0.5102,False,True,False
123,selection|allenai/OLMo-2-1124-7B-Instruct|b,selection,0.8133,0.925,600,delta_pp:1,-0.2,0.3366,False,False,False
123,selection|ibm-granite/granite-3.3-8b-instruct|b,selection,0.9246,0.95,600,delta_pp:1,2.6598,1.8088,True,True,False
123,selection|microsoft/Phi-3.5-mini-instruct|b,selection,0.9089,0.92,600,delta_pp:1,1.4479,2.3681,True,True,False
123,selection|Qwen/Qwen2.5-7B-Instruct|c,selection,0.8878,0.9733,600,delta_pp:1,-1.7127,-0.384,False,True,False
123,selection|allenai/OLMo-2-1124-7B-Instruct|c,selection,0.8349,0.935,600,delta_pp:1,0.3052,1.2233,True,False,False
123,selection|ibm-granite/granite-3.3-8b-instruct|c,selection,0.9153,0.9633,600,delta_pp:1,2.039,1.1876,True,True,False
123,selection|microsoft/Phi-3.5-mini-instruct|c,selection,0.9285,0.895,600,delta_pp:1,2.2985,3.7391,True,True,False
124,selection|Qwen/Qwen2.5-7B-Instruct|a,selection,0.8446,0.9767,600,delta_pp:1,0.6182,-0.401,False,False,False
124,selection|allenai/OLMo-2-1124-7B-Instruct|a,selection,0.7677,0.93,600,delta_pp:1,-1.152,-0.8898,False,True,True
124,selection|ibm-granite/granite-3.3-8b-instruct|a,selection,0.8791,0.9683,600,delta_pp:1,1.8685,0.9105,False,True,False
124,selection|microsoft/Phi-3.5-mini-instruct|a,selection,0.852,0.9417,600,delta_pp:1,3.5174,1.8188,True,True,False
124,selection|Qwen/Qwen2.5-7B-Instruct|b,selection,0.8585,0.9783,600,delta_pp:1,0.1225,-0.5102,False,False,False
124,selection|allenai/OLMo-2-1124-7B-Instruct|b,selection,0.7964,0.935,600,delta_pp:1,-1.1325,0.3366,False,True,True
124,selection|ibm-granite/granite-3.3-8b-instruct|b,selection,0.9208,0.9733,600,delta_pp:1,2.3978,1.8088,True,True,False
124,selection|microsoft/Phi-3.5-mini-instruct|b,selection,0.8404,0.92,600,delta_pp:1,2.6861,2.3681,True,True,False
124,selection|Qwen/Qwen2.5-7B-Instruct|c,selection,0.8585,0.9783,600,delta_pp:1,0.1225,-0.384,False,False,False
124,selection|allenai/OLMo-2-1124-7B-Instruct|c,selection,0.7521,0.925,600,delta_pp:1,0.0281,1.2233,True,False,True
124,selection|ibm-granite/granite-3.3-8b-instruct|c,selection,0.8392,0.9667,600,delta_pp:1,1.9815,1.1876,True,True,False
124,selection|microsoft/Phi-3.5-mini-instruct|c,selection,0.8307,0.9017,600,delta_pp:1,3.1072,3.7391,True,True,False
125,selection|Qwen/Qwen2.5-7B-Instruct|a,selection,0.8329,0.9717,600,delta_pp:1,0.8113,-0.401,False,False,False
125,selection|allenai/OLMo-2-1124-7B-Instruct|a,selection,0.8256,0.9317,600,delta_pp:1,-0.4075,-0.8898,False,False,False
125,selection|ibm-granite/granite-3.3-8b-instruct|a,selection,0.8865,0.9683,600,delta_pp:1,1.7953,0.9105,False,True,False
125,selection|microsoft/Phi-3.5-mini-instruct|a,selection,0.8661,0.93,600,delta_pp:1,4.2919,1.8188,True,True,False
125,selection|Qwen/Qwen2.5-7B-Instruct|b,selection,0.8459,0.97,600,delta_pp:1,1.0551,-0.5102,False,True,False
125,selection|allenai/OLMo-2-1124-7B-Instruct|b,selection,0.835,0.9233,600,delta_pp:1,1.8291,0.3366,False,True,False
125,selection|ibm-granite/granite-3.3-8b-instruct|b,selection,0.8838,0.9633,600,delta_pp:1,2.8078,1.8088,True,True,False
125,selection|microsoft/Phi-3.5-mini-instruct|b,selection,0.8711,0.9133,600,delta_pp:1,4.2771,2.3681,True,True,False
125,selection|Qwen/Qwen2.5-7B-Instruct|c,selection,0.8615,0.9733,600,delta_pp:1,0.3069,-0.384,False,False,False
125,selection|allenai/OLMo-2-1124-7B-Instruct|c,selection,0.8047,0.9183,600,delta_pp:1,1.0186,1.2233,True,True,False
125,selection|ibm-granite/granite-3.3-8b-instruct|c,selection,0.8753,0.9733,600,delta_pp:1,0.2133,1.1876,True,False,False
125,selection|microsoft/Phi-3.5-mini-instruct|c,selection,0.8535,0.88,600,delta_pp:1,7.0266,3.7391,True,True,False
126,selection|Qwen/Qwen2.5-7B-Instruct|a,selection,0.8099,0.975,600,delta_pp:1,-1.1419,-0.401,False,True,False
126,selection|allenai/OLMo-2-1124-7B-Instruct|a,selection,0.787,0.9317,600,delta_pp:1,0.37,-0.8898,False,False,True
126,selection|ibm-granite/granite-3.3-8b-instruct|a,selection,0.8644,0.9667,600,delta_pp:1,2.0021,0.9105,False,True,False
126,selection|microsoft/Phi-3.5-mini-instruct|a,selection,0.8895,0.9583,600,delta_pp:1,2.1285,1.8188,True,True,False
126,selection|Qwen/Qwen2.5-7B-Instruct|b,selection,0.8246,0.975,600,delta_pp:1,0.022,-0.5102,False,False,False
126,selection|allenai/OLMo-2-1124-7B-Instruct|b,selection,0.7905,0.9383,600,delta_pp:1,1.664,0.3366,False,True,True
126,selection|ibm-granite/granite-3.3-8b-instruct|b,selection,0.8288,0.955,600,delta_pp:1,1.3366,1.8088,True,True,False
126,selection|microsoft/Phi-3.5-mini-instruct|b,selection,0.8616,0.9333,600,delta_pp:1,-0.6243,2.3681,True,False,False
126,selection|Qwen/Qwen2.5-7B-Instruct|c,selection,0.8107,0.9767,600,delta_pp:1,-0.8449,-0.384,False,False,False
126,selection|allenai/OLMo-2-1124-7B-Instruct|c,selection,0.7584,0.9333,600,delta_pp:1,2.2395,1.2233,True,True,True
126,selection|ibm-granite/granite-3.3-8b-instruct|c,selection,0.8367,0.97,600,delta_pp:1,0.2684,1.1876,True,False,False
126,selection|microsoft/Phi-3.5-mini-instruct|c,selection,0.8396,0.8917,600,delta_pp:1,2.5906,3.7391,True,True,False
127,selection|Qwen/Qwen2.5-7B-Instruct|a,selection,0.7851,0.965,600,delta_pp:1,0.4587,-0.401,False,False,True
127,selection|allenai/OLMo-2-1124-7B-Instruct|a,selection,0.766,0.9283,600,delta_pp:1,3.2177,-0.8898,False,True,True
127,selection|ibm-granite/granite-3.3-8b-instruct|a,selection,0.8717,0.9633,600,delta_pp:1,-0.1116,0.9105,False,False,False
127,selection|microsoft/Phi-3.5-mini-instruct|a,selection,0.9085,0.95,600,delta_pp:1,2.4176,1.8188,True,True,False
127,selection|Qwen/Qwen2.5-7B-Instruct|b,selection,0.8095,0.97,600,delta_pp:1,0.7195,-0.5102,False,False,False
127,selection|allenai/OLMo-2-1124-7B-Instruct|b,selection,0.8098,0.9283,600,delta_pp:1,3.0664,0.3366,False,True,False
127,selection|ibm-granite/granite-3.3-8b-instruct|b,selection,0.9162,0.965,600,delta_pp:1,0.7285,1.8088,True,False,False
127,selection|microsoft/Phi-3.5-mini-instruct|b,selection,0.9383,0.9233,600,delta_pp:1,2.9844,2.3681,True,True,False
127,selection|Qwen/Qwen2.5-7B-Instruct|c,selection,0.8331,0.9733,600,delta_pp:1,-0.0112,-0.384,False,False,False
127,selection|allenai/OLMo-2-1124-7B-Instruct|c,selection,0.7888,0.93,600,delta_pp:1,2.8221,1.2233,True,True,True
127,selection|ibm-granite/granite-3.3-8b-instruct|c,selection,0.8987,0.9733,600,delta_pp:1,0.4402,1.1876,True,False,False
127,selection|microsoft/Phi-3.5-mini-instruct|c,selection,0.9271,0.9017,600,delta_pp:1,7.3405,3.7391,True,True,False
128,selection|Qwen/Qwen2.5-7B-Instruct|a,selection,0.8421,0.97,600,delta_pp:1,0.0297,-0.401,False,False,False
128,selection|allenai/OLMo-2-1124-7B-Instruct|a,selection,0.7947,0.94,600,delta_pp:1,-1.61,-0.8898,False,True,True
128,selection|ibm-granite/granite-3.3-8b-instruct|a,selection,0.9026,0.965,600,delta_pp:1,1.2061,0.9105,False,True,False
128,selection|microsoft/Phi-3.5-mini-instruct|a,selection,0.7746,0.9317,600,delta_pp:1,1.5353,1.8188,True,True,True
128,selection|Qwen/Qwen2.5-7B-Instruct|b,selection,0.8412,0.9683,600,delta_pp:1,-0.2949,-0.5102,False,False,False
128,selection|allenai/OLMo-2-1124-7B-Instruct|b,selection,0.7737,0.93,600,delta_pp:1,-0.063,0.3366,False,False,True
128,selection|ibm-granite/granite-3.3-8b-instruct|b,selection,0.8974,0.955,600,delta_pp:1,2.5744,1.8088,True,True,False
128,selection|microsoft/Phi-3.5-mini-instruct|b,selection,0.8175,0.9233,600,delta_pp:1,0.8613,2.3681,True,False,False
128,selection|Qwen/Qwen2.5-7B-Instruct|c,selection,0.8596,0.9733,600,delta_pp:1,-0.1099,-0.384,False,False,False
128,selection|allenai/OLMo-2-1124-7B-Instruct|c,selection,0.7368,0.92,600,delta_pp:1,-1.1229,1.2233,True,True,True
128,selection|ibm-granite/granite-3.3-8b-instruct|c,selection,0.8737,0.97,600,delta_pp:1,0.4416,1.1876,True,False,False
128,selection|microsoft/Phi-3.5-mini-instruct|c,selection,0.8544,0.9033,600,delta_pp:1,2.5841,3.7391,True,True,False
129,selection|Qwen/Qwen2.5-7B-Instruct|a,selection,0.9013,0.98,600,delta_pp:1,-1.2314,-0.401,False,True,False
129,selection|allenai/OLMo-2-1124-7B-Instruct|a,selection,0.898,0.94,600,delta_pp:1,-1.8478,-0.8898,False,True,False
129,selection|ibm-granite/granite-3.3-8b-instruct|a,selection,0.9534,0.9783,600,delta_pp:1,0.4527,0.9105,False,False,False
129,selection|microsoft/Phi-3.5-mini-instruct|a,selection,0.8838,0.9467,600,delta_pp:1,2.9675,1.8188,True,True,False
129,selection|Qwen/Qwen2.5-7B-Instruct|b,selection,0.9013,0.98,600,delta_pp:1,-0.5681,-0.5102,False,False,False
129,selection|allenai/OLMo-2-1124-7B-Instruct|b,selection,0.8971,0.9383,600,delta_pp:1,-2.8318,0.3366,False,True,False
129,selection|ibm-granite/granite-3.3-8b-instruct|b,selection,0.9322,0.9717,600,delta_pp:1,0.7127,1.8088,True,False,False
129,selection|microsoft/Phi-3.5-mini-instruct|b,selection,0.8566,0.9283,600,delta_pp:1,3.6358,2.3681,True,True,False
129,selection|Qwen/Qwen2.5-7B-Instruct|c,selection,0.9022,0.9817,600,delta_pp:1,-0.2474,-0.384,False,False,False
129,selection|allenai/OLMo-2-1124-7B-Instruct|c,selection,0.7913,0.9383,600,delta_pp:1,-1.535,1.2233,True,True,True
129,selection|ibm-granite/granite-3.3-8b-instruct|c,selection,0.8837,0.98,600,delta_pp:1,0.2545,1.1876,True,False,False
129,selection|microsoft/Phi-3.5-mini-instruct|c,selection,0.8744,0.895,600,delta_pp:1,6.0759,3.7391,True,True,False
130,selection|Qwen/Qwen2.5-7B-Instruct|a,selection,0.8387,0.9733,600,delta_pp:1,-0.7652,-0.401,False,False,False
130,selection|allenai/OLMo-2-1124-7B-Instruct|a,selection,0.8168,0.9317,600,delta_pp:1,-0.8118,-0.8898,False,False,False
130,selection|ibm-granite/granite-3.3-8b-instruct|a,selection,0.898,0.9617,600,delta_pp:1,0.9409,0.9105,False,False,False
130,selection|microsoft/Phi-3.5-mini-instruct|a,selection,0.9246,0.95,600,delta_pp:1,1.643,1.8188,True,True,False
130,selection|Qwen/Qwen2.5-7B-Instruct|b,selection,0.8206,0.97,600,delta_pp:1,0.0596,-0.5102,False,False,False
130,selection|allenai/OLMo-2-1124-7B-Instruct|b,selection,0.853,0.9383,600,delta_pp:1,-2.5004,0.3366,False,True,False
130,selection|ibm-granite/granite-3.3-8b-instruct|b,selection,0.879,0.9567,600,delta_pp:1,3.4727,1.8088,True,True,False
130,selection|microsoft/Phi-3.5-mini-instruct|b,selection,0.9305,0.93,600,delta_pp:1,2.9068,2.3681,True,True,False
130,selection|Qwen/Qwen2.5-7B-Instruct|c,selection,0.8197,0.9683,600,delta_pp:1,0.4011,-0.384,False,False,False
130,selection|allenai/OLMo-2-1124-7B-Instruct|c,selection,0.8186,0.935,600,delta_pp:1,0.4951,1.2233,True,False,False
130,selection|ibm-granite/granite-3.3-8b-instruct|c,selection,0.8524,0.9683,600,delta_pp:1,0.7807,1.1876,True,False,False
130,selection|microsoft/Phi-3.5-mini-instruct|c,selection,0.9562,0.9167,600,delta_pp:1,1.3363,3.7391,True,True,False
131,selection|Qwen/Qwen2.5-7B-Instruct|a,selection,0.8866,0.9733,600,delta_pp:1,-1.2421,-0.401,False,True,False
131,selection|allenai/OLMo-2-1124-7B-Instruct|a,selection,0.8514,0.9283,600,delta_pp:1,-1.7982,-0.8898,False,True,False
131,selection|ibm-granite/granite-3.3-8b-instruct|a,selection,0.9098,0.955,600,delta_pp:1,-0.5027,0.9105,False,False,False
131,selection|microsoft/Phi-3.5-mini-instruct|a,selection,0.8696,0.9417,600,delta_pp:1,-0.0246,1.8188,True,False,False
131,selection|Qwen/Qwen2.5-7B-Instruct|b,selection,0.9122,0.98,600,delta_pp:1,-1.5065,-0.5102,False,True,False
131,selection|allenai/OLMo-2-1124-7B-Instruct|b,selection,0.8451,0.9167,600,delta_pp:1,-0.0855,0.3366,False,False,False
131,selection|ibm-granite/granite-3.3-8b-instruct|b,selection,0.9014,0.96,600,delta_pp:1,0.5711,1.8088,True,False,False
131,selection|microsoft/Phi-3.5-mini-instruct|b,selection,0.8752,0.9317,600,delta_pp:1,-0.7549,2.3681,True,False,False
131,selection|Qwen/Qwen2.5-7B-Instruct|c,selection,0.9131,0.9817,600,delta_pp:1,-1.1855,-0.384,False,True,False
131,selection|allenai/OLMo-2-1124-7B-Instruct|c,selection,0.8184,0.9283,600,delta_pp:1,1.8909,1.2233,True,True,False
131,selection|ibm-granite/granite-3.3-8b-instruct|c,selection,0.8666,0.9567,600,delta_pp:1,1.6284,1.1876,True,True,False
131,selection|microsoft/Phi-3.5-mini-instruct|c,selection,0.8874,0.9133,600,delta_pp:1,2.0852,3.7391,True,True,False
132,selection|Qwen/Qwen2.5-7B-Instruct|a,selection,0.8551,0.9733,600,delta_pp:1,1.6014,-0.401,False,True,False
132,selection|allenai/OLMo-2-1124-7B-Instruct|a,selection,0.8279,0.9217,600,delta_pp:1,2.0282,-0.8898,False,True,False
132,selection|ibm-granite/granite-3.3-8b-instruct|a,selection,0.8326,0.9617,600,delta_pp:1,-0.6683,0.9105,False,False,False
132,selection|microsoft/Phi-3.5-mini-instruct|a,selection,0.8677,0.935,600,delta_pp:1,1.2716,1.8188,True,True,False
132,selection|Qwen/Qwen2.5-7B-Instruct|b,selection,0.8369,0.97,600,delta_pp:1,1.6445,-0.5102,False,True,False
132,selection|allenai/OLMo-2-1124-7B-Instruct|b,selection,0.8323,0.93,600,delta_pp:1,4.3204,0.3366,False,True,False
132,selection|ibm-granite/granite-3.3-8b-instruct|b,selection,0.8481,0.96,600,delta_pp:1,1.6153,1.8088,True,True,False
132,selection|microsoft/Phi-3.5-mini-instruct|b,selection,0.8908,0.9167,600,delta_pp:1,2.8902,2.3681,True,True,False
132,selection|Qwen/Qwen2.5-7B-Instruct|c,selection,0.8378,0.9717,600,delta_pp:1,1.9745,-0.384,False,True,False
132,selection|allenai/OLMo-2-1124-7B-Instruct|c,selection,0.8288,0.9233,600,delta_pp:1,6.2965,1.2233,True,True,False
132,selection|ibm-granite/granite-3.3-8b-instruct|c,selection,0.7963,0.955,600,delta_pp:1,1.3872,1.1876,True,True,True
132,selection|microsoft/Phi-3.5-mini-instruct|c,selection,0.8811,0.8983,600,delta_pp:1,3.9043,3.7391,True,True,False
133,selection|Qwen/Qwen2.5-7B-Instruct|a,selection,0.8514,0.965,600,delta_pp:1,-3.3097,-0.401,False,True,False
133,selection|allenai/OLMo-2-1124-7B-Instruct|a,selection,0.8014,0.92,600,delta_pp:1,0.1786,-0.8898,False,False,False
133,selection|ibm-granite/granite-3.3-8b-instruct|a,selection,0.9102,0.9533,600,delta_pp:1,-1.5846,0.9105,False,True,False
133,selection|microsoft/Phi-3.5-mini-instruct|a,selection,0.8389,0.9417,600,delta_pp:1,1.4645,1.8188,True,True,False
133,selection|Qwen/Qwen2.5-7B-Instruct|b,selection,0.8505,0.9633,600,delta_pp:1,-2.9687,-0.5102,False,True,False
133,selection|allenai/OLMo-2-1124-7B-Instruct|b,selection,0.7911,0.925,600,delta_pp:1,1.9219,0.3366,False,True,True
133,selection|ibm-granite/granite-3.3-8b-instruct|b,selection,0.8676,0.9467,600,delta_pp:1,-0.4723,1.8088,True,False,False
133,selection|microsoft/Phi-3.5-mini-instruct|b,selection,0.8587,0.93,600,delta_pp:1,0.2848,2.3681,True,False,False
133,selection|Qwen/Qwen2.5-7B-Instruct|c,selection,0.8401,0.9683,600,delta_pp:1,-1.8647,-0.384,False,True,False
133,selection|allenai/OLMo-2-1124-7B-Instruct|c,selection,0.7512,0.9233,600,delta_pp:1,0.7087,1.2233,True,False,True
133,selection|ibm-granite/granite-3.3-8b-instruct|c,selection,0.8339,0.9567,600,delta_pp:1,-0.7802,1.1876,True,False,False
133,selection|microsoft/Phi-3.5-mini-instruct|c,selection,0.8889,0.9133,600,delta_pp:1,0.6302,3.7391,True,False,False
134,selection|Qwen/Qwen2.5-7B-Instruct|a,selection,0.8298,0.9783,600,delta_pp:1,0.9095,-0.401,False,False,False
134,selection|allenai/OLMo-2-1124-7B-Instruct|a,selection,0.7895,0.935,600,delta_pp:1,0.3851,-0.8898,False,False,True
134,selection|ibm-granite/granite-3.3-8b-instruct|a,selection,0.8159,0.9517,600,delta_pp:1,2.2822,0.9105,False,True,False
134,selection|microsoft/Phi-3.5-mini-instruct|a,selection,0.8407,0.9317,600,delta_pp:1,4.1789,1.8188,True,True,False
134,selection|Qwen/Qwen2.5-7B-Instruct|b,selection,0.8255,0.97,600,delta_pp:1,-0.071,-0.5102,False,False,False
134,selection|allenai/OLMo-2-1124-7B-Instruct|b,selection,0.8072,0.935,600,delta_pp:1,3.6376,0.3366,False,True,False
134,selection|ibm-granite/granite-3.3-8b-instruct|b,selection,0.7913,0.9383,600,delta_pp:1,4.9992,1.8088,True,True,True
134,selection|microsoft/Phi-3.5-mini-instruct|b,selection,0.869,0.9183,600,delta_pp:1,4.1206,2.3681,True,True,False
134,selection|Qwen/Qwen2.5-7B-Instruct|c,selection,0.8105,0.975,600,delta_pp:1,0.3158,-0.384,False,False,False
134,selection|allenai/OLMo-2-1124-7B-Instruct|c,selection,0.7799,0.9167,600,delta_pp:1,2.0982,1.2233,True,True,True
134,selection|ibm-granite/granite-3.3-8b-instruct|c,selection,0.7453,0.9517,600,delta_pp:1,3.1779,1.1876,True,True,True
134,selection|microsoft/Phi-3.5-mini-instruct|c,selection,0.8374,0.8917,600,delta_pp:1,6.2205,3.7391,True,True,False
135,selection|Qwen/Qwen2.5-7B-Instruct|a,selection,0.8887,0.975,600,delta_pp:1,0.9224,-0.401,False,False,False
135,selection|allenai/OLMo-2-1124-7B-Instruct|a,selection,0.8168,0.9317,600,delta_pp:1,1.5959,-0.8898,False,True,False
135,selection|ibm-granite/granite-3.3-8b-instruct|a,selection,0.8817,0.9617,600,delta_pp:1,0.9918,0.9105,False,False,False
135,selection|microsoft/Phi-3.5-mini-instruct|a,selection,0.8902,0.9467,600,delta_pp:1,3.231,1.8188,True,True,False
135,selection|Qwen/Qwen2.5-7B-Instruct|b,selection,0.9059,0.9767,600,delta_pp:1,1.7482,-0.5102,False,True,False
135,selection|allenai/OLMo-2-1124-7B-Instruct|b,selection,0.8253,0.9167,600,delta_pp:1,4.4984,0.3366,False,True,False
135,selection|ibm-granite/granite-3.3-8b-instruct|b,selection,0.8937,0.9533,600,delta_pp:1,2.533,1.8088,True,True,False
135,selection|microsoft/Phi-3.5-mini-instruct|b,selection,0.8951,0.925,600,delta_pp:1,2.1885,2.3681,True,True,False
135,selection|Qwen/Qwen2.5-7B-Instruct|c,selection,0.8542,0.9717,600,delta_pp:1,2.5201,-0.384,False,True,False
135,selection|allenai/OLMo-2-1124-7B-Instruct|c,selection,0.7867,0.9367,600,delta_pp:1,-0.4307,1.2233,True,False,True
135,selection|ibm-granite/granite-3.3-8b-instruct|c,selection,0.8188,0.9667,600,delta_pp:1,0.5791,1.1876,True,False,False
135,selection|microsoft/Phi-3.5-mini-instruct|c,selection,0.8741,0.885,600,delta_pp:1,5.7133,3.7391,True,True,False
136,selection|Qwen/Qwen2.5-7B-Instruct|a,selection,0.912,0.9833,600,delta_pp:1,-1.0083,-0.401,False,True,False
136,selection|allenai/OLMo-2-1124-7B-Instruct|a,selection,0.7902,0.925,600,delta_pp:1,-0.7713,-0.8898,False,False,True
136,selection|ibm-granite/granite-3.3-8b-instruct|a,selection,0.8551,0.9617,600,delta_pp:1,1.1794,0.9105,False,True,False
136,selection|microsoft/Phi-3.5-mini-instruct|a,selection,0.9045,0.9483,600,delta_pp:1,2.0311,1.8188,True,True,False
136,selection|Qwen/Qwen2.5-7B-Instruct|b,selection,0.9102,0.98,600,delta_pp:1,-0.9906,-0.5102,False,False,False
136,selection|allenai/OLMo-2-1124-7B-Instruct|b,selection,0.834,0.9433,600,delta_pp:1,-1.5576,0.3366,False,True,False
136,selection|ibm-granite/granite-3.3-8b-instruct|b,selection,0.8655,0.96,600,delta_pp:1,0.7438,1.8088,True,False,False
136,selection|microsoft/Phi-3.5-mini-instruct|b,selection,0.9077,0.9333,600,delta_pp:1,1.685,2.3681,True,True,False
136,selection|Qwen/Qwen2.5-7B-Instruct|c,selection,0.8736,0.975,600,delta_pp:1,-0.3309,-0.384,False,False,False
136,selection|allenai/OLMo-2-1124-7B-Instruct|c,selection,0.8015,0.925,600,delta_pp:1,-1.566,1.2233,True,True,False
136,selection|ibm-granite/granite-3.3-8b-instruct|c,selection,0.8709,0.97,600,delta_pp:1,0.7092,1.1876,True,False,False
136,selection|microsoft/Phi-3.5-mini-instruct|c,selection,0.8794,0.9017,600,delta_pp:1,3.606,3.7391,True,True,False
137,selection|Qwen/Qwen2.5-7B-Instruct|a,selection,0.8478,0.9717,600,delta_pp:1,0.1719,-0.401,False,False,False
137,selection|allenai/OLMo-2-1124-7B-Instruct|a,selection,0.8842,0.925,600,delta_pp:1,-0.5535,-0.8898,False,False,False
137,selection|ibm-granite/granite-3.3-8b-instruct|a,selection,0.9267,0.9767,600,delta_pp:1,0.2557,0.9105,False,False,False
137,selection|microsoft/Phi-3.5-mini-instruct|a,selection,0.8329,0.9433,600,delta_pp:1,3.2061,1.8188,True,True,False
137,selection|Qwen/Qwen2.5-7B-Instruct|b,selection,0.8478,0.9717,600,delta_pp:1,0.1719,-0.5102,False,False,False
137,selection|allenai/OLMo-2-1124-7B-Instruct|b,selection,0.8895,0.935,600,delta_pp:1,0.7556,0.3366,False,False,False
137,selection|ibm-granite/granite-3.3-8b-instruct|b,selection,0.8848,0.955,600,delta_pp:1,2.0434,1.8088,True,True,False
137,selection|microsoft/Phi-3.5-mini-instruct|b,selection,0.903,0.9317,600,delta_pp:1,2.6556,2.3681,True,True,False
137,selection|Qwen/Qwen2.5-7B-Instruct|c,selection,0.8818,0.9783,600,delta_pp:1,1.3753,-0.384,False,True,False
137,selection|allenai/OLMo-2-1124-7B-Instruct|c,selection,0.7775,0.925,600,delta_pp:1,4.3804,1.2233,True,True,True
137,selection|ibm-granite/granite-3.3-8b-instruct|c,selection,0.8792,0.9733,600,delta_pp:1,2.3789,1.1876,True,True,False
137,selection|microsoft/Phi-3.5-mini-instruct|c,selection,0.8845,0.8967,600,delta_pp:1,5.7014,3.7391,True,True,False
138,selection|Qwen/Qwen2.5-7B-Instruct|a,selection,0.867,0.97,600,delta_pp:1,0.4325,-0.401,False,False,False
138,selection|allenai/OLMo-2-1124-7B-Instruct|a,selection,0.8345,0.9333,600,delta_pp:1,2.0386,-0.8898,False,True,False
138,selection|ibm-granite/granite-3.3-8b-instruct|a,selection,0.8868,0.9583,600,delta_pp:1,1.3281,0.9105,False,True,False
138,selection|microsoft/Phi-3.5-mini-instruct|a,selection,0.8735,0.9333,600,delta_pp:1,2.4285,1.8188,True,True,False
138,selection|Qwen/Qwen2.5-7B-Instruct|b,selection,0.8652,0.9667,600,delta_pp:1,1.1098,-0.5102,False,True,False
138,selection|allenai/OLMo-2-1124-7B-Instruct|b,selection,0.8189,0.9283,600,delta_pp:1,2.5162,0.3366,False,True,False
138,selection|ibm-granite/granite-3.3-8b-instruct|b,selection,0.8703,0.9517,600,delta_pp:1,4.0735,1.8088,True,True,False
138,selection|microsoft/Phi-3.5-mini-instruct|b,selection,0.8907,0.9167,600,delta_pp:1,3.6161,2.3681,True,True,False
138,selection|Qwen/Qwen2.5-7B-Instruct|c,selection,0.8948,0.9733,600,delta_pp:1,0.8927,-0.384,False,False,False
138,selection|allenai/OLMo-2-1124-7B-Instruct|c,selection,0.7831,0.91,600,delta_pp:1,1.1243,1.2233,True,True,True
138,selection|ibm-granite/granite-3.3-8b-instruct|c,selection,0.8738,0.9583,600,delta_pp:1,2.739,1.1876,True,True,False
138,selection|microsoft/Phi-3.5-mini-instruct|c,selection,0.8998,0.885,600,delta_pp:1,5.2189,3.7391,True,True,False
139,selection|Qwen/Qwen2.5-7B-Instruct|a,selection,0.8567,0.98,600,delta_pp:1,-0.58,-0.401,False,False,False
139,selection|allenai/OLMo-2-1124-7B-Instruct|a,selection,0.8191,0.9367,600,delta_pp:1,-2.1954,-0.8898,False,True,False
139,selection|ibm-granite/granite-3.3-8b-instruct|a,selection,0.919,0.9583,600,delta_pp:1,1.8297,0.9105,False,True,False
139,selection|microsoft/Phi-3.5-mini-instruct|a,selection,0.8869,0.9533,600,delta_pp:1,2.4581,1.8188,True,True,False
139,selection|Qwen/Qwen2.5-7B-Instruct|b,selection,0.8706,0.9783,600,delta_pp:1,-1.0132,-0.5102,False,True,False
139,selection|allenai/OLMo-2-1124-7B-Instruct|b,selection,0.8642,0.9383,600,delta_pp:1,1.6727,0.3366,False,True,False
139,selection|ibm-granite/granite-3.3-8b-instruct|b,selection,0.8721,0.9533,600,delta_pp:1,1.9311,1.8088,True,True,False
139,selection|microsoft/Phi-3.5-mini-instruct|b,selection,0.8955,0.9417,600,delta_pp:1,2.0473,2.3681,True,True,False
139,selection|Qwen/Qwen2.5-7B-Instruct|c,selection,0.8697,0.9767,600,delta_pp:1,-0.6734,-0.384,False,False,False
139,selection|allenai/OLMo-2-1124-7B-Instruct|c,selection,0.7896,0.9367,600,delta_pp:1,1.367,1.2233,True,True,True
139,selection|ibm-granite/granite-3.3-8b-instruct|c,selection,0.8479,0.9633,600,delta_pp:1,0.1383,1.1876,True,False,False
139,selection|microsoft/Phi-3.5-mini-instruct|c,selection,0.8996,0.9217,600,delta_pp:1,5.9886,3.7391,True,True,False
140,selection|Qwen/Qwen2.5-7B-Instruct|a,selection,0.9452,0.98,600,delta_pp:1,-1.3707,-0.401,False,True,False
140,selection|allenai/OLMo-2-1124-7B-Instruct|a,selection,0.8477,0.935,600,delta_pp:1,-0.8014,-0.8898,False,False,False
140,selection|ibm-granite/granite-3.3-8b-instruct|a,selection,0.8895,0.9583,600,delta_pp:1,0.1387,0.9105,False,False,False
140,selection|microsoft/Phi-3.5-mini-instruct|a,selection,0.9459,0.9533,600,delta_pp:1,3.9297,1.8188,True,True,False
140,selection|Qwen/Qwen2.5-7B-Instruct|b,selection,0.9131,0.975,600,delta_pp:1,-1.432,-0.5102,False,True,False
140,selection|allenai/OLMo-2-1124-7B-Instruct|b,selection,0.9093,0.94,600,delta_pp:1,-1.039,0.3366,False,True,False
140,selection|ibm-granite/granite-3.3-8b-instruct|b,selection,0.9199,0.96,600,delta_pp:1,1.5164,1.8088,True,True,False
140,selection|microsoft/Phi-3.5-mini-instruct|b,selection,0.9553,0.9433,600,delta_pp:1,3.1791,2.3681,True,True,False
140,selection|Qwen/Qwen2.5-7B-Instruct|c,selection,0.9287,0.9767,600,delta_pp:1,-1.2447,-0.384,False,True,False
140,selection|allenai/OLMo-2-1124-7B-Instruct|c,selection,0.8182,0.935,600,delta_pp:1,-0.529,1.2233,True,False,False
140,selection|ibm-granite/granite-3.3-8b-instruct|c,selection,0.9087,0.9667,600,delta_pp:1,0.9567,1.1876,True,False,False
140,selection|microsoft/Phi-3.5-mini-instruct|c,selection,0.9351,0.905,600,delta_pp:1,7.6778,3.7391,True,True,False
141,selection|Qwen/Qwen2.5-7B-Instruct|a,selection,0.8524,0.985,600,delta_pp:1,0.0414,-0.401,False,False,False
141,selection|allenai/OLMo-2-1124-7B-Instruct|a,selection,0.763,0.9283,600,delta_pp:1,2.5893,-0.8898,False,True,True
141,selection|ibm-granite/granite-3.3-8b-instruct|a,selection,0.8681,0.9767,600,delta_pp:1,0.933,0.9105,False,False,False
141,selection|microsoft/Phi-3.5-mini-instruct|a,selection,0.8585,0.9583,600,delta_pp:1,2.6543,1.8188,True,True,False
141,selection|Qwen/Qwen2.5-7B-Instruct|b,selection,0.8307,0.9817,600,delta_pp:1,0.185,-0.5102,False,False,False
141,selection|allenai/OLMo-2-1124-7B-Instruct|b,selection,0.8099,0.9417,600,delta_pp:1,2.9759,0.3366,False,True,False
141,selection|ibm-granite/granite-3.3-8b-instruct|b,selection,0.9071,0.975,600,delta_pp:1,3.6928,1.8088,True,True,False
141,selection|microsoft/Phi-3.5-mini-instruct|b,selection,0.8438,0.93,600,delta_pp:1,5.7367,2.3681,True,True,False
141,selection|Qwen/Qwen2.5-7B-Instruct|c,selection,0.8307,0.9817,600,delta_pp:1,0.185,-0.384,False,False,False
141,selection|allenai/OLMo-2-1124-7B-Instruct|c,selection,0.7378,0.9183,600,delta_pp:1,3.4192,1.2233,True,True,True
141,selection|ibm-granite/granite-3.3-8b-instruct|c,selection,0.8281,0.9767,600,delta_pp:1,1.1972,1.1876,True,True,False
141,selection|microsoft/Phi-3.5-mini-instruct|c,selection,0.8472,0.8983,600,delta_pp:1,6.0788,3.7391,True,True,False
142,selection|Qwen/Qwen2.5-7B-Instruct|a,selection,0.8886,0.9783,600,delta_pp:1,-1.2827,-0.401,False,True,False
142,selection|allenai/OLMo-2-1124-7B-Instruct|a,selection,0.8372,0.935,600,delta_pp:1,0.4872,-0.8898,False,False,False
142,selection|ibm-granite/granite-3.3-8b-instruct|a,selection,0.8959,0.965,600,delta_pp:1,0.6447,0.9105,False,False,False
142,selection|microsoft/Phi-3.5-mini-instruct|a,selection,0.8559,0.9433,600,delta_pp:1,3.9502,1.8188,True,True,False
142,selection|Qwen/Qwen2.5-7B-Instruct|b,selection,0.8726,0.975,600,delta_pp:1,-1.1683,-0.5102,False,True,False
142,selection|allenai/OLMo-2-1124-7B-Instruct|b,selection,0.8754,0.9533,600,delta_pp:1,-0.8134,0.3366,False,False,False
142,selection|ibm-granite/granite-3.3-8b-instruct|b,selection,0.8798,0.9617,600,delta_pp:1,0.1197,1.8088,True,False,False
142,selection|microsoft/Phi-3.5-mini-instruct|b,selection,0.8765,0.9283,600,delta_pp:1,3.4405,2.3681,True,True,False
142,selection|Qwen/Qwen2.5-7B-Instruct|c,selection,0.9056,0.9833,600,delta_pp:1,-0.4336,-0.384,False,False,False
142,selection|allenai/OLMo-2-1124-7B-Instruct|c,selection,0.8416,0.9433,600,delta_pp:1,0.7809,1.2233,True,False,False
142,selection|ibm-granite/granite-3.3-8b-instruct|c,selection,0.8994,0.9717,600,delta_pp:1,0.5904,1.1876,True,False,False
142,selection|microsoft/Phi-3.5-mini-instruct|c,selection,0.8837,0.915,600,delta_pp:1,2.7387,3.7391,True,True,False
143,selection|Qwen/Qwen2.5-7B-Instruct|a,selection,0.8648,0.975,600,delta_pp:1,1.9163,-0.401,False,True,False
143,selection|allenai/OLMo-2-1124-7B-Instruct|a,selection,0.8036,0.9167,600,delta_pp:1,-1.5385,-0.8898,False,True,False
143,selection|ibm-granite/granite-3.3-8b-instruct|a,selection,0.8821,0.95,600,delta_pp:1,2.9209,0.9105,False,True,False
143,selection|microsoft/Phi-3.5-mini-instruct|a,selection,0.8733,0.9333,600,delta_pp:1,5.5529,1.8188,True,True,False
143,selection|Qwen/Qwen2.5-7B-Instruct|b,selection,0.8478,0.9717,600,delta_pp:1,1.2937,-0.5102,False,True,False
143,selection|allenai/OLMo-2-1124-7B-Instruct|b,selection,0.8716,0.93,600,delta_pp:1,-1.0379,0.3366,False,True,False
143,selection|ibm-granite/granite-3.3-8b-instruct|b,selection,0.8991,0.9533,600,delta_pp:1,4.8508,1.8088,True,True,False
143,selection|microsoft/Phi-3.5-mini-instruct|b,selection,0.8476,0.9133,600,delta_pp:1,6.2743,2.3681,True,True,False
143,selection|Qwen/Qwen2.5-7B-Instruct|c,selection,0.8622,0.97,600,delta_pp:1,2.2532,-0.384,False,True,False
143,selection|allenai/OLMo-2-1124-7B-Instruct|c,selection,0.7836,0.9367,600,delta_pp:1,1.1295,1.2233,True,True,True
143,selection|ibm-granite/granite-3.3-8b-instruct|c,selection,0.9071,0.9683,600,delta_pp:1,3.8402,1.1876,True,True,False
143,selection|microsoft/Phi-3.5-mini-instruct|c,selection,0.881,0.89,600,delta_pp:1,8.8596,3.7391,True,True,False
144,selection|Qwen/Qwen2.5-7B-Instruct|a,selection,0.9106,0.9667,600,delta_pp:1,-0.5879,-0.401,False,False,False
144,selection|allenai/OLMo-2-1124-7B-Instruct|a,selection,0.7751,0.8917,600,delta_pp:1,0.0307,-0.8898,False,False,True
144,selection|ibm-granite/granite-3.3-8b-instruct|a,selection,0.8889,0.9483,600,delta_pp:1,-0.096,0.9105,False,False,False
144,selection|microsoft/Phi-3.5-mini-instruct|a,selection,0.8689,0.9333,600,delta_pp:1,3.6992,1.8188,True,True,False
144,selection|Qwen/Qwen2.5-7B-Instruct|b,selection,0.8629,0.9667,600,delta_pp:1,-1.5587,-0.5102,False,True,False
144,selection|allenai/OLMo-2-1124-7B-Instruct|b,selection,0.7804,0.9017,600,delta_pp:1,0.6551,0.3366,False,False,True
144,selection|ibm-granite/granite-3.3-8b-instruct|b,selection,0.8844,0.94,600,delta_pp:1,0.9313,1.8088,True,False,False
144,selection|microsoft/Phi-3.5-mini-instruct|b,selection,0.8967,0.9183,600,delta_pp:1,4.5032,2.3681,True,True,False
144,selection|Qwen/Qwen2.5-7B-Instruct|c,selection,0.8602,0.9617,600,delta_pp:1,-1.2077,-0.384,False,True,False
144,selection|allenai/OLMo-2-1124-7B-Instruct|c,selection,0.7539,0.8967,600,delta_pp:1,1.1665,1.2233,True,True,True
144,selection|ibm-granite/granite-3.3-8b-instruct|c,selection,0.9044,0.955,600,delta_pp:1,-0.8566,1.1876,True,False,False
144,selection|microsoft/Phi-3.5-mini-instruct|c,selection,0.8789,0.885,600,delta_pp:1,5.2961,3.7391,True,True,False
145,selection|Qwen/Qwen2.5-7B-Instruct|a,selection,0.8666,0.9783,600,delta_pp:1,-0.7354,-0.401,False,False,False
145,selection|allenai/OLMo-2-1124-7B-Instruct|a,selection,0.8258,0.93,600,delta_pp:1,-1.2411,-0.8898,False,True,False
145,selection|ibm-granite/granite-3.3-8b-instruct|a,selection,0.9027,0.96,600,delta_pp:1,-0.1056,0.9105,False,False,False
145,selection|microsoft/Phi-3.5-mini-instruct|a,selection,0.8939,0.9433,600,delta_pp:1,0.6565,1.8188,True,False,False
145,selection|Qwen/Qwen2.5-7B-Instruct|b,selection,0.898,0.98,600,delta_pp:1,-1.3815,-0.5102,False,True,False
145,selection|allenai/OLMo-2-1124-7B-Instruct|b,selection,0.8141,0.9367,600,delta_pp:1,-1.7747,0.3366,False,True,False
145,selection|ibm-granite/granite-3.3-8b-instruct|b,selection,0.9044,0.9633,600,delta_pp:1,1.8646,1.8088,True,True,False
145,selection|microsoft/Phi-3.5-mini-instruct|b,selection,0.9047,0.935,600,delta_pp:1,-1.8186,2.3681,True,True,False
145,selection|Qwen/Qwen2.5-7B-Instruct|c,selection,0.8657,0.9767,600,delta_pp:1,-1.0571,-0.384,False,True,False
145,selection|allenai/OLMo-2-1124-7B-Instruct|c,selection,0.8411,0.93,600,delta_pp:1,0.5796,1.2233,True,False,False
145,selection|ibm-granite/granite-3.3-8b-instruct|c,selection,0.8801,0.975,600,delta_pp:1,1.7346,1.1876,True,True,False
145,selection|microsoft/Phi-3.5-mini-instruct|c,selection,0.8892,0.8767,600,delta_pp:1,4.0295,3.7391,True,True,False
146,selection|Qwen/Qwen2.5-7B-Instruct|a,selection,0.8862,0.98,600,delta_pp:1,-0.3536,-0.401,False,False,False
146,selection|allenai/OLMo-2-1124-7B-Instruct|a,selection,0.8598,0.93,600,delta_pp:1,-4.6081,-0.8898,False,True,False
146,selection|ibm-granite/granite-3.3-8b-instruct|a,selection,0.9355,0.9617,600,delta_pp:1,2.6563,0.9105,False,True,False
146,selection|microsoft/Phi-3.5-mini-instruct|a,selection,0.8772,0.935,600,delta_pp:1,2.0906,1.8188,True,True,False
146,selection|Qwen/Qwen2.5-7B-Instruct|b,selection,0.901,0.98,600,delta_pp:1,-0.5451,-0.5102,False,False,False
146,selection|allenai/OLMo-2-1124-7B-Instruct|b,selection,0.8572,0.925,600,delta_pp:1,-2.915,0.3366,False,True,False
146,selection|ibm-granite/granite-3.3-8b-instruct|b,selection,0.8798,0.94,600,delta_pp:1,3.0506,1.8088,True,True,False
146,selection|microsoft/Phi-3.5-mini-instruct|b,selection,0.8926,0.9083,600,delta_pp:1,2.5569,2.3681,True,True,False
146,selection|Qwen/Qwen2.5-7B-Instruct|c,selection,0.901,0.98,600,delta_pp:1,0.1182,-0.384,False,False,False
146,selection|allenai/OLMo-2-1124-7B-Instruct|c,selection,0.8746,0.93,600,delta_pp:1,1.1699,1.2233,True,True,False
146,selection|ibm-granite/granite-3.3-8b-instruct|c,selection,0.9051,0.96,600,delta_pp:1,2.0561,1.1876,True,True,False
146,selection|microsoft/Phi-3.5-mini-instruct|c,selection,0.8856,0.895,600,delta_pp:1,-1.2903,3.7391,True,True,False
147,selection|Qwen/Qwen2.5-7B-Instruct|a,selection,0.8519,0.9767,600,delta_pp:1,0.3322,-0.401,False,False,False
147,selection|allenai/OLMo-2-1124-7B-Instruct|a,selection,0.8453,0.9317,600,delta_pp:1,-0.5938,-0.8898,False,False,False
147,selection|ibm-granite/granite-3.3-8b-instruct|a,selection,0.9102,0.9583,600,delta_pp:1,0.326,0.9105,False,False,False
147,selection|microsoft/Phi-3.5-mini-instruct|a,selection,0.8362,0.9467,600,delta_pp:1,2.426,1.8188,True,True,False
147,selection|Qwen/Qwen2.5-7B-Instruct|b,selection,0.8153,0.9717,600,delta_pp:1,-0.4182,-0.5102,False,False,False
147,selection|allenai/OLMo-2-1124-7B-Instruct|b,selection,0.8845,0.9417,600,delta_pp:1,-0.8291,0.3366,False,False,False
147,selection|ibm-granite/granite-3.3-8b-instruct|b,selection,0.8932,0.9583,600,delta_pp:1,-0.2502,1.8088,True,False,False
147,selection|microsoft/Phi-3.5-mini-instruct|b,selection,0.898,0.935,600,delta_pp:1,0.4069,2.3681,True,False,False
147,selection|Qwen/Qwen2.5-7B-Instruct|c,selection,0.834,0.975,600,delta_pp:1,-0.5434,-0.384,False,False,False
147,selection|allenai/OLMo-2-1124-7B-Instruct|c,selection,0.8588,0.925,600,delta_pp:1,0.6955,1.2233,True,False,False
147,selection|ibm-granite/granite-3.3-8b-instruct|c,selection,0.9181,0.9733,600,delta_pp:1,0.579,1.1876,True,False,False
147,selection|microsoft/Phi-3.5-mini-instruct|c,selection,0.8644,0.9033,600,delta_pp:1,2.2619,3.7391,True,True,False
148,selection|Qwen/Qwen2.5-7B-Instruct|a,selection,0.9096,0.9767,600,delta_pp:1,-0.1456,-0.401,False,False,False
148,selection|allenai/OLMo-2-1124-7B-Instruct|a,selection,0.857,0.9267,600,delta_pp:1,-0.5059,-0.8898,False,False,False
148,selection|ibm-granite/granite-3.3-8b-instruct|a,selection,0.9181,0.9683,600,delta_pp:1,1.4459,0.9105,False,True,False
148,selection|microsoft/Phi-3.5-mini-instruct|a,selection,0.8806,0.9467,600,delta_pp:1,1.3555,1.8188,True,True,False
148,selection|Qwen/Qwen2.5-7B-Instruct|b,selection,0.8957,0.975,600,delta_pp:1,-1.0636,-0.5102,False,True,False
148,selection|allenai/OLMo-2-1124-7B-Instruct|b,selection,0.9102,0.9533,600,delta_pp:1,-0.7796,0.3366,False,False,False
148,selection|ibm-granite/granite-3.3-8b-instruct|b,selection,0.9294,0.965,600,delta_pp:1,2.7455,1.8088,True,True,False
148,selection|microsoft/Phi-3.5-mini-instruct|b,selection,0.883,0.9267,600,delta_pp:1,3.3294,2.3681,True,True,False
148,selection|Qwen/Qwen2.5-7B-Instruct|c,selection,0.8809,0.9717,600,delta_pp:1,-0.982,-0.384,False,False,False
148,selection|allenai/OLMo-2-1124-7B-Instruct|c,selection,0.8067,0.93,600,delta_pp:1,4.3448,1.2233,True,True,False
148,selection|ibm-granite/granite-3.3-8b-instruct|c,selection,0.8514,0.965,600,delta_pp:1,1.1171,1.1876,True,True,False
148,selection|microsoft/Phi-3.5-mini-instruct|c,selection,0.8756,0.8883,600,delta_pp:1,4.3599,3.7391,True,True,False
149,selection|Qwen/Qwen2.5-7B-Instruct|a,selection,0.8577,0.9783,600,delta_pp:1,0.2757,-0.401,False,False,False
149,selection|allenai/OLMo-2-1124-7B-Instruct|a,selection,0.7633,0.9233,600,delta_pp:1,-0.5146,-0.8898,False,False,True
149,selection|ibm-granite/granite-3.3-8b-instruct|a,selection,0.9351,0.97,600,delta_pp:1,0.6667,0.9105,False,False,False
149,selection|microsoft/Phi-3.5-mini-instruct|a,selection,0.834,0.9333,600,delta_pp:1,2.1666,1.8188,True,True,False
149,selection|Qwen/Qwen2.5-7B-Instruct|b,selection,0.8895,0.9767,600,delta_pp:1,0.3641,-0.5102,False,False,False
149,selection|allenai/OLMo-2-1124-7B-Instruct|b,selection,0.7633,0.9233,600,delta_pp:1,0.7825,0.3366,False,False,True
149,selection|ibm-granite/granite-3.3-8b-instruct|b,selection,0.8928,0.9517,600,delta_pp:1,3.985,1.8088,True,True,False
149,selection|microsoft/Phi-3.5-mini-instruct|b,selection,0.8624,0.925,600,delta_pp:1,2.9485,2.3681,True,True,False
149,selection|Qwen/Qwen2.5-7B-Instruct|c,selection,0.8732,0.9767,600,delta_pp:1,-0.7927,-0.384,False,False,False
149,selection|allenai/OLMo-2-1124-7B-Instruct|c,selection,0.7461,0.9217,600,delta_pp:1,-0.669,1.2233,True,False,True
149,selection|ibm-granite/granite-3.3-8b-instruct|c,selection,0.905,0.975,600,delta_pp:1,1.2265,1.1876,True,True,False
149,selection|microsoft/Phi-3.5-mini-instruct|c,selection,0.8794,0.895,600,delta_pp:1,4.7639,3.7391,True,True,False
150,selection|Qwen/Qwen2.5-7B-Instruct|a,selection,0.8518,0.9683,600,delta_pp:1,-0.9982,-0.401,False,False,False
150,selection|allenai/OLMo-2-1124-7B-Instruct|a,selection,0.769,0.925,600,delta_pp:1,1.0281,-0.8898,False,True,True
150,selection|ibm-granite/granite-3.3-8b-instruct|a,selection,0.8841,0.9617,600,delta_pp:1,-0.5599,0.9105,False,False,False
150,selection|microsoft/Phi-3.5-mini-instruct|a,selection,0.8641,0.9467,600,delta_pp:1,3.8681,1.8188,True,True,False
150,selection|Qwen/Qwen2.5-7B-Instruct|b,selection,0.839,0.9667,600,delta_pp:1,-1.2183,-0.5102,False,True,False
150,selection|allenai/OLMo-2-1124-7B-Instruct|b,selection,0.8093,0.9333,600,delta_pp:1,3.0183,0.3366,False,True,False
150,selection|ibm-granite/granite-3.3-8b-instruct|b,selection,0.9017,0.95,600,delta_pp:1,2.8966,1.8088,True,True,False
150,selection|microsoft/Phi-3.5-mini-instruct|b,selection,0.9047,0.9333,600,delta_pp:1,2.8693,2.3681,True,True,False
150,selection|Qwen/Qwen2.5-7B-Instruct|c,selection,0.8262,0.965,600,delta_pp:1,-1.4384,-0.384,False,True,False
150,selection|allenai/OLMo-2-1124-7B-Instruct|c,selection,0.7571,0.925,600,delta_pp:1,3.1218,1.2233,True,True,True
150,selection|ibm-granite/granite-3.3-8b-instruct|c,selection,0.885,0.9633,600,delta_pp:1,1.6978,1.1876,True,True,False
150,selection|microsoft/Phi-3.5-mini-instruct|c,selection,0.8878,0.9017,600,delta_pp:1,6.0182,3.7391,True,True,False
151,selection|Qwen/Qwen2.5-7B-Instruct|a,selection,0.8798,0.9817,600,delta_pp:1,-1.7755,-0.401,False,True,False
151,selection|allenai/OLMo-2-1124-7B-Instruct|a,selection,0.7325,0.9117,600,delta_pp:1,-3.9566,-0.8898,False,True,True
151,selection|ibm-granite/granite-3.3-8b-instruct|a,selection,0.8175,0.9533,600,delta_pp:1,1.1031,0.9105,False,True,False
151,selection|microsoft/Phi-3.5-mini-instruct|a,selection,0.8474,0.95,600,delta_pp:1,0.4952,1.8188,True,False,False
151,selection|Qwen/Qwen2.5-7B-Instruct|b,selection,0.8614,0.9767,600,delta_pp:1,-2.1394,-0.5102,False,True,False
151,selection|allenai/OLMo-2-1124-7B-Instruct|b,selection,0.7667,0.9167,600,delta_pp:1,1.0397,0.3366,False,True,True
151,selection|ibm-granite/granite-3.3-8b-instruct|b,selection,0.8307,0.9483,600,delta_pp:1,0.777,1.8088,True,False,False
151,selection|microsoft/Phi-3.5-mini-instruct|b,selection,0.836,0.9283,600,delta_pp:1,0.8117,2.3681,True,False,False
151,selection|Qwen/Qwen2.5-7B-Instruct|c,selection,0.8123,0.9733,600,delta_pp:1,-2.1887,-0.384,False,True,False
151,selection|allenai/OLMo-2-1124-7B-Instruct|c,selection,0.7728,0.9283,600,delta_pp:1,2.706,1.2233,True,True,True
151,selection|ibm-granite/granite-3.3-8b-instruct|c,selection,0.8202,0.9583,600,delta_pp:1,-0.5516,1.1876,True,False,False
151,selection|microsoft/Phi-3.5-mini-instruct|c,selection,0.814,0.8867,600,delta_pp:1,0.4709,3.7391,True,False,False
152,selection|Qwen/Qwen2.5-7B-Instruct|a,selection,0.8583,0.975,600,delta_pp:1,-0.6392,-0.401,False,False,False
152,selection|allenai/OLMo-2-1124-7B-Instruct|a,selection,0.7597,0.9233,600,delta_pp:1,0.1304,-0.8898,False,False,True
152,selection|ibm-granite/granite-3.3-8b-instruct|a,selection,0.9538,0.9667,600,delta_pp:1,1.3429,0.9105,False,True,False
152,selection|microsoft/Phi-3.5-mini-instruct|a,selection,0.8684,0.94,600,delta_pp:1,1.6025,1.8188,True,True,False
152,selection|Qwen/Qwen2.5-7B-Instruct|b,selection,0.8895,0.98,600,delta_pp:1,-0.5955,-0.5102,False,False,False
152,selection|allenai/OLMo-2-1124-7B-Instruct|b,selection,0.8319,0.925,600,delta_pp:1,3.0042,0.3366,False,True,False
152,selection|ibm-granite/granite-3.3-8b-instruct|b,selection,0.9048,0.955,600,delta_pp:1,2.1906,1.8088,True,True,False
152,selection|microsoft/Phi-3.5-mini-instruct|b,selection,0.8818,0.9383,600,delta_pp:1,1.7852,2.3681,True,True,False
152,selection|Qwen/Qwen2.5-7B-Instruct|c,selection,0.8423,0.9717,600,delta_pp:1,-1.7574,-0.384,False,True,False
152,selection|allenai/OLMo-2-1124-7B-Instruct|c,selection,0.7704,0.9167,600,delta_pp:1,4.0206,1.2233,True,True,True
152,selection|ibm-granite/granite-3.3-8b-instruct|c,selection,0.8638,0.9583,600,delta_pp:1,1.3504,1.1876,True,True,False
152,selection|microsoft/Phi-3.5-mini-instruct|c,selection,0.8641,0.905,600,delta_pp:1,4.6365,3.7391,True,True,False
153,selection|Qwen/Qwen2.5-7B-Instruct|a,selection,0.8584,0.975,600,delta_pp:1,0.6699,-0.401,False,False,False
153,selection|allenai/OLMo-2-1124-7B-Instruct|a,selection,0.8122,0.9217,600,delta_pp:1,2.3029,-0.8898,False,True,False
153,selection|ibm-granite/granite-3.3-8b-instruct|a,selection,0.8663,0.955,600,delta_pp:1,2.577,0.9105,False,True,False
153,selection|microsoft/Phi-3.5-mini-instruct|a,selection,0.8943,0.9383,600,delta_pp:1,2.4198,1.8188,True,True,False
153,selection|Qwen/Qwen2.5-7B-Instruct|b,selection,0.8374,0.97,600,delta_pp:1,0.4481,-0.5102,False,False,False
153,selection|allenai/OLMo-2-1124-7B-Instruct|b,selection,0.82,0.9367,600,delta_pp:1,3.8797,0.3366,False,True,False
153,selection|ibm-granite/granite-3.3-8b-instruct|b,selection,0.9205,0.9533,600,delta_pp:1,0.6171,1.8088,True,False,False
153,selection|microsoft/Phi-3.5-mini-instruct|b,selection,0.8646,0.9167,600,delta_pp:1,4.9087,2.3681,True,True,False
153,selection|Qwen/Qwen2.5-7B-Instruct|c,selection,0.8401,0.975,600,delta_pp:1,0.0991,-0.384,False,False,False
153,selection|allenai/OLMo-2-1124-7B-Instruct|c,selection,0.8051,0.9433,600,delta_pp:1,-0.6049,1.2233,True,False,False
153,selection|ibm-granite/granite-3.3-8b-instruct|c,selection,0.8488,0.9567,600,delta_pp:1,3.0251,1.1876,True,True,False
153,selection|microsoft/Phi-3.5-mini-instruct|c,selection,0.8673,0.8867,600,delta_pp:1,6.9393,3.7391,True,True,False
154,selection|Qwen/Qwen2.5-7B-Instruct|a,selection,0.7966,0.9683,600,delta_pp:1,-1.0915,-0.401,False,True,True
154,selection|allenai/OLMo-2-1124-7B-Instruct|a,selection,0.7364,0.9183,600,delta_pp:1,0.4071,-0.8898,False,False,True
154,selection|ibm-granite/granite-3.3-8b-instruct|a,selection,0.8762,0.9583,600,delta_pp:1,1.3623,0.9105,False,True,False
154,selection|microsoft/Phi-3.5-mini-instruct|a,selection,0.7978,0.9383,600,delta_pp:1,2.9003,1.8188,True,True,True
154,selection|Qwen/Qwen2.5-7B-Instruct|b,selection,0.8144,0.97,600,delta_pp:1,-0.1285,-0.5102,False,False,False
154,selection|allenai/OLMo-2-1124-7B-Instruct|b,selection,0.7808,0.9383,600,delta_pp:1,4.2782,0.3366,False,True,True
154,selection|ibm-granite/granite-3.3-8b-instruct|b,selection,0.8719,0.95,600,delta_pp:1,1.064,1.8088,True,True,False
154,selection|microsoft/Phi-3.5-mini-instruct|b,selection,0.9141,0.9333,600,delta_pp:1,2.9448,2.3681,True,True,False
154,selection|Qwen/Qwen2.5-7B-Instruct|c,selection,0.7787,0.9667,600,delta_pp:1,0.5986,-0.384,False,False,True
154,selection|allenai/OLMo-2-1124-7B-Instruct|c,selection,0.7255,0.93,600,delta_pp:1,2.7638,1.2233,True,True,True
154,selection|ibm-granite/granite-3.3-8b-instruct|c,selection,0.8636,0.9667,600,delta_pp:1,1.0705,1.1876,True,True,False
154,selection|microsoft/Phi-3.5-mini-instruct|c,selection,0.8574,0.89,600,delta_pp:1,4.4342,3.7391,True,True,False
155,selection|Qwen/Qwen2.5-7B-Instruct|a,selection,0.8662,0.97,600,delta_pp:1,-1.537,-0.401,False,True,False
155,selection|allenai/OLMo-2-1124-7B-Instruct|a,selection,0.7661,0.92,600,delta_pp:1,-0.0991,-0.8898,False,False,True
155,selection|ibm-granite/granite-3.3-8b-instruct|a,selection,0.8556,0.95,600,delta_pp:1,1.8872,0.9105,False,True,False
155,selection|microsoft/Phi-3.5-mini-instruct|a,selection,0.8347,0.9383,600,delta_pp:1,2.3135,1.8188,True,True,False
155,selection|Qwen/Qwen2.5-7B-Instruct|b,selection,0.8193,0.965,600,delta_pp:1,-0.2157,-0.5102,False,False,False
155,selection|allenai/OLMo-2-1124-7B-Instruct|b,selection,0.8165,0.9317,600,delta_pp:1,-0.1458,0.3366,False,False,False
155,selection|ibm-granite/granite-3.3-8b-instruct|b,selection,0.8512,0.9417,600,delta_pp:1,2.893,1.8088,True,True,False
155,selection|microsoft/Phi-3.5-mini-instruct|b,selection,0.8173,0.9333,600,delta_pp:1,0.1308,2.3681,True,False,False
155,selection|Qwen/Qwen2.5-7B-Instruct|c,selection,0.8046,0.965,600,delta_pp:1,-0.7371,-0.384,False,False,False
155,selection|allenai/OLMo-2-1124-7B-Instruct|c,selection,0.8129,0.925,600,delta_pp:1,3.1745,1.2233,True,True,False
155,selection|ibm-granite/granite-3.3-8b-instruct|c,selection,0.814,0.955,600,delta_pp:1,0.5376,1.1876,True,False,False
155,selection|microsoft/Phi-3.5-mini-instruct|c,selection,0.8702,0.9217,600,delta_pp:1,1.4146,3.7391,True,True,False
156,selection|Qwen/Qwen2.5-7B-Instruct|a,selection,0.8147,0.9667,600,delta_pp:1,-0.7046,-0.401,False,False,False
156,selection|allenai/OLMo-2-1124-7B-Instruct|a,selection,0.7648,0.93,600,delta_pp:1,-3.5291,-0.8898,False,True,True
156,selection|ibm-granite/granite-3.3-8b-instruct|a,selection,0.8059,0.95,600,delta_pp:1,0.0459,0.9105,False,False,False
156,selection|microsoft/Phi-3.5-mini-instruct|a,selection,0.8167,0.9417,600,delta_pp:1,0.2709,1.8188,True,False,False
156,selection|Qwen/Qwen2.5-7B-Instruct|b,selection,0.8469,0.97,600,delta_pp:1,-1.0222,-0.5102,False,True,False
156,selection|allenai/OLMo-2-1124-7B-Instruct|b,selection,0.8294,0.9367,600,delta_pp:1,1.1419,0.3366,False,True,False
156,selection|ibm-granite/granite-3.3-8b-instruct|b,selection,0.8525,0.9517,600,delta_pp:1,3.2053,1.8088,True,True,False
156,selection|microsoft/Phi-3.5-mini-instruct|b,selection,0.8367,0.9217,600,delta_pp:1,3.3917,2.3681,True,True,False
156,selection|Qwen/Qwen2.5-7B-Instruct|c,selection,0.8317,0.97,600,delta_pp:1,-2.1987,-0.384,False,True,False
156,selection|allenai/OLMo-2-1124-7B-Instruct|c,selection,0.7522,0.935,600,delta_pp:1,-0.4203,1.2233,True,False,True
156,selection|ibm-granite/granite-3.3-8b-instruct|c,selection,0.8255,0.9583,600,delta_pp:1,1.5104,1.1876,True,True,False
156,selection|microsoft/Phi-3.5-mini-instruct|c,selection,0.8396,0.8983,600,delta_pp:1,5.3534,3.7391,True,True,False
157,selection|Qwen/Qwen2.5-7B-Instruct|a,selection,0.9315,0.9783,600,delta_pp:1,1.6404,-0.401,False,True,False
157,selection|allenai/OLMo-2-1124-7B-Instruct|a,selection,0.7926,0.9317,600,delta_pp:1,0.1605,-0.8898,False,False,True
157,selection|ibm-granite/granite-3.3-8b-instruct|a,selection,0.9396,0.9667,600,delta_pp:1,1.9259,0.9105,False,True,False
157,selection|microsoft/Phi-3.5-mini-instruct|a,selection,0.9165,0.95,600,delta_pp:1,3.4274,1.8188,True,True,False
157,selection|Qwen/Qwen2.5-7B-Instruct|b,selection,0.9466,0.98,600,delta_pp:1,1.8413,-0.5102,False,True,False
157,selection|allenai/OLMo-2-1124-7B-Instruct|b,selection,0.8969,0.94,600,delta_pp:1,4.9465,0.3366,False,True,False
157,selection|ibm-granite/granite-3.3-8b-instruct|b,selection,0.9503,0.96,600,delta_pp:1,4.4862,1.8088,True,True,False
157,selection|microsoft/Phi-3.5-mini-instruct|b,selection,0.921,0.9317,600,delta_pp:1,3.0799,2.3681,True,True,False
157,selection|Qwen/Qwen2.5-7B-Instruct|c,selection,0.9323,0.98,600,delta_pp:1,1.3011,-0.384,False,True,False
157,selection|allenai/OLMo-2-1124-7B-Instruct|c,selection,0.8809,0.9367,600,delta_pp:1,3.7103,1.2233,True,True,False
157,selection|ibm-granite/granite-3.3-8b-instruct|c,selection,0.9262,0.9683,600,delta_pp:1,2.3731,1.1876,True,True,False
157,selection|microsoft/Phi-3.5-mini-instruct|c,selection,0.8999,0.8917,600,delta_pp:1,7.9287,3.7391,True,True,False
158,selection|Qwen/Qwen2.5-7B-Instruct|a,selection,0.8272,0.97,600,delta_pp:1,2.5564,-0.401,False,True,False
158,selection|allenai/OLMo-2-1124-7B-Instruct|a,selection,0.8167,0.9233,600,delta_pp:1,-2.0015,-0.8898,False,True,False
158,selection|ibm-granite/granite-3.3-8b-instruct|a,selection,0.9075,0.96,600,delta_pp:1,4.305,0.9105,False,True,False
158,selection|microsoft/Phi-3.5-mini-instruct|a,selection,0.887,0.9483,600,delta_pp:1,0.0851,1.8188,True,False,False
158,selection|Qwen/Qwen2.5-7B-Instruct|b,selection,0.8717,0.9733,600,delta_pp:1,1.7672,-0.5102,False,True,False
158,selection|allenai/OLMo-2-1124-7B-Instruct|b,selection,0.847,0.9267,600,delta_pp:1,-0.1038,0.3366,False,False,False
158,selection|ibm-granite/granite-3.3-8b-instruct|b,selection,0.9057,0.9567,600,delta_pp:1,4.3108,1.8088,True,True,False
158,selection|microsoft/Phi-3.5-mini-instruct|b,selection,0.8756,0.9267,600,delta_pp:1,1.7626,2.3681,True,True,False
158,selection|Qwen/Qwen2.5-7B-Instruct|c,selection,0.8432,0.9733,600,delta_pp:1,1.8535,-0.384,False,True,False
158,selection|allenai/OLMo-2-1124-7B-Instruct|c,selection,0.8363,0.9333,600,delta_pp:1,0.6003,1.2233,True,False,False
158,selection|ibm-granite/granite-3.3-8b-instruct|c,selection,0.8915,0.9567,600,delta_pp:1,3.7186,1.1876,True,True,False
158,selection|microsoft/Phi-3.5-mini-instruct|c,selection,0.8722,0.8933,600,delta_pp:1,7.0747,3.7391,True,True,False
159,selection|Qwen/Qwen2.5-7B-Instruct|a,selection,0.8234,0.9783,600,delta_pp:1,-1.6313,-0.401,False,True,False
159,selection|allenai/OLMo-2-1124-7B-Instruct|a,selection,0.7842,0.9383,600,delta_pp:1,-1.9294,-0.8898,False,True,True
159,selection|ibm-granite/granite-3.3-8b-instruct|a,selection,0.91,0.9683,600,delta_pp:1,2.1162,0.9105,False,True,False
159,selection|microsoft/Phi-3.5-mini-instruct|a,selection,0.806,0.945,600,delta_pp:1,0.4508,1.8188,True,False,False
159,selection|Qwen/Qwen2.5-7B-Instruct|b,selection,0.8619,0.9817,600,delta_pp:1,-1.3668,-0.5102,False,True,False
159,selection|allenai/OLMo-2-1124-7B-Instruct|b,selection,0.7824,0.935,600,delta_pp:1,0.0329,0.3366,False,False,True
159,selection|ibm-granite/granite-3.3-8b-instruct|b,selection,0.8672,0.9567,600,delta_pp:1,3.5099,1.8088,True,True,False
159,selection|microsoft/Phi-3.5-mini-instruct|b,selection,0.8323,0.925,600,delta_pp:1,0.273,2.3681,True,False,False
159,selection|Qwen/Qwen2.5-7B-Instruct|c,selection,0.8033,0.975,600,delta_pp:1,-0.1422,-0.384,False,False,False
159,selection|allenai/OLMo-2-1124-7B-Instruct|c,selection,0.7475,0.9383,600,delta_pp:1,1.0121,1.2233,True,True,True
159,selection|ibm-granite/granite-3.3-8b-instruct|c,selection,0.8541,0.9667,600,delta_pp:1,2.9355,1.1876,True,True,False
159,selection|microsoft/Phi-3.5-mini-instruct|c,selection,0.8551,0.8983,600,delta_pp:1,5.3465,3.7391,True,True,False
160,selection|Qwen/Qwen2.5-7B-Instruct|a,selection,0.9077,0.98,600,delta_pp:1,-0.7162,-0.401,False,False,False
160,selection|allenai/OLMo-2-1124-7B-Instruct|a,selection,0.8866,0.94,600,delta_pp:1,-0.5426,-0.8898,False,False,False
160,selection|ibm-granite/granite-3.3-8b-instruct|a,selection,0.8817,0.9617,600,delta_pp:1,1.0747,0.9105,False,True,False
160,selection|microsoft/Phi-3.5-mini-instruct|a,selection,0.9074,0.9483,600,delta_pp:1,-0.3367,1.8188,True,False,False
160,selection|Qwen/Qwen2.5-7B-Instruct|b,selection,0.8913,0.98,600,delta_pp:1,-0.5922,-0.5102,False,False,False
160,selection|allenai/OLMo-2-1124-7B-Instruct|b,selection,0.8606,0.9217,600,delta_pp:1,-0.0783,0.3366,False,False,False
160,selection|ibm-granite/granite-3.3-8b-instruct|b,selection,0.8463,0.9567,600,delta_pp:1,2.2847,1.8088,True,True,False
160,selection|microsoft/Phi-3.5-mini-instruct|b,selection,0.903,0.94,600,delta_pp:1,1.9866,2.3681,True,True,False
160,selection|Qwen/Qwen2.5-7B-Instruct|c,selection,0.8723,0.975,600,delta_pp:1,-0.8328,-0.384,False,False,False
160,selection|allenai/OLMo-2-1124-7B-Instruct|c,selection,0.8384,0.9417,600,delta_pp:1,2.0485,1.2233,True,True,False
160,selection|ibm-granite/granite-3.3-8b-instruct|c,selection,0.886,0.97,600,delta_pp:1,1.3803,1.1876,True,True,False
160,selection|microsoft/Phi-3.5-mini-instruct|c,selection,0.9045,0.9117,600,delta_pp:1,3.6337,3.7391,True,True,False
161,selection|Qwen/Qwen2.5-7B-Instruct|a,selection,0.9148,0.9833,600,delta_pp:1,1.1978,-0.401,False,True,False
161,selection|allenai/OLMo-2-1124-7B-Instruct|a,selection,0.8278,0.9267,600,delta_pp:1,0.3929,-0.8898,False,False,False
161,selection|ibm-granite/granite-3.3-8b-instruct|a,selection,0.9243,0.965,600,delta_pp:1,0.2039,0.9105,False,False,False
161,selection|microsoft/Phi-3.5-mini-instruct|a,selection,0.9374,0.9533,600,delta_pp:1,-0.2068,1.8188,True,False,False
161,selection|Qwen/Qwen2.5-7B-Instruct|b,selection,0.9139,0.9817,600,delta_pp:1,0.8713,-0.5102,False,False,False
161,selection|allenai/OLMo-2-1124-7B-Instruct|b,selection,0.8322,0.935,600,delta_pp:1,0.6987,0.3366,False,False,False
161,selection|ibm-granite/granite-3.3-8b-instruct|b,selection,0.9035,0.9617,600,delta_pp:1,0.9631,1.8088,True,False,False
161,selection|microsoft/Phi-3.5-mini-instruct|b,selection,0.927,0.9333,600,delta_pp:1,3.1717,2.3681,True,True,False
161,selection|Qwen/Qwen2.5-7B-Instruct|c,selection,0.8748,0.98,600,delta_pp:1,-0.5512,-0.384,False,False,False
161,selection|allenai/OLMo-2-1124-7B-Instruct|c,selection,0.7904,0.9283,600,delta_pp:1,2.2468,1.2233,True,True,True
161,selection|ibm-granite/granite-3.3-8b-instruct|c,selection,0.887,0.9667,600,delta_pp:1,1.3648,1.1876,True,True,False
161,selection|microsoft/Phi-3.5-mini-instruct|c,selection,0.9278,0.8983,600,delta_pp:1,0.21,3.7391,True,False,False
162,selection|Qwen/Qwen2.5-7B-Instruct|a,selection,0.8634,0.9617,600,delta_pp:1,-0.968,-0.401,False,False,False
162,selection|allenai/OLMo-2-1124-7B-Instruct|a,selection,0.8295,0.92,600,delta_pp:1,-1.6479,-0.8898,False,True,False
162,selection|ibm-granite/granite-3.3-8b-instruct|a,selection,0.8786,0.9467,600,delta_pp:1,0.5475,0.9105,False,False,False
162,selection|microsoft/Phi-3.5-mini-instruct|a,selection,0.8116,0.93,600,delta_pp:1,1.8359,1.8188,True,True,False
162,selection|Qwen/Qwen2.5-7B-Instruct|b,selection,0.8384,0.9583,600,delta_pp:1,-2.0611,-0.5102,False,True,False
162,selection|allenai/OLMo-2-1124-7B-Instruct|b,selection,0.7857,0.925,600,delta_pp:1,-2.8969,0.3366,False,True,True
162,selection|ibm-granite/granite-3.3-8b-instruct|b,selection,0.8625,0.9383,600,delta_pp:1,2.3555,1.8088,True,True,False
162,selection|microsoft/Phi-3.5-mini-instruct|b,selection,0.8902,0.925,600,delta_pp:1,2.7593,2.3681,True,True,False
162,selection|Qwen/Qwen2.5-7B-Instruct|c,selection,0.85,0.9583,600,delta_pp:1,-0.1798,-0.384,False,False,False
162,selection|allenai/OLMo-2-1124-7B-Instruct|c,selection,0.7732,0.9233,600,delta_pp:1,0.1859,1.2233,True,False,True
162,selection|ibm-granite/granite-3.3-8b-instruct|c,selection,0.8188,0.9433,600,delta_pp:1,1.0879,1.1876,True,True,False
162,selection|microsoft/Phi-3.5-mini-instruct|c,selection,0.8616,0.8933,600,delta_pp:1,6.0095,3.7391,True,True,False
163,selection|Qwen/Qwen2.5-7B-Instruct|a,selection,0.8697,0.9767,600,delta_pp:1,0.314,-0.401,False,False,False
163,selection|allenai/OLMo-2-1124-7B-Instruct|a,selection,0.8026,0.9333,600,delta_pp:1,0.4084,-0.8898,False,False,False
163,selection|ibm-granite/granite-3.3-8b-instruct|a,selection,0.8886,0.9567,600,delta_pp:1,0.7906,0.9105,False,False,False
163,selection|microsoft/Phi-3.5-mini-instruct|a,selection,0.84,0.9483,600,delta_pp:1,0.9967,1.8188,True,False,False
163,selection|Qwen/Qwen2.5-7B-Instruct|b,selection,0.9001,0.9783,600,delta_pp:1,0.9861,-0.5102,False,False,False
163,selection|allenai/OLMo-2-1124-7B-Instruct|b,selection,0.7782,0.915,600,delta_pp:1,0.365,0.3366,False,False,True
163,selection|ibm-granite/granite-3.3-8b-instruct|b,selection,0.9043,0.9583,600,delta_pp:1,2.2653,1.8088,True,True,False
163,selection|microsoft/Phi-3.5-mini-instruct|b,selection,0.8424,0.925,600,delta_pp:1,2.994,2.3681,True,True,False
163,selection|Qwen/Qwen2.5-7B-Instruct|c,selection,0.8706,0.9783,600,delta_pp:1,0.669,-0.384,False,False,False
163,selection|allenai/OLMo-2-1124-7B-Instruct|c,selection,0.7879,0.9333,600,delta_pp:1,1.9418,1.2233,True,True,True
163,selection|ibm-granite/granite-3.3-8b-instruct|c,selection,0.86,0.9583,600,delta_pp:1,1.4579,1.1876,True,True,False
163,selection|microsoft/Phi-3.5-mini-instruct|c,selection,0.836,0.885,600,delta_pp:1,3.0723,3.7391,True,True,False
164,selection|Qwen/Qwen2.5-7B-Instruct|a,selection,0.8588,0.9683,600,delta_pp:1,0.184,-0.401,False,False,False
164,selection|allenai/OLMo-2-1124-7B-Instruct|a,selection,0.7961,0.9283,600,delta_pp:1,1.326,-0.8898,False,True,True
164,selection|ibm-granite/granite-3.3-8b-instruct|a,selection,0.8967,0.9617,600,delta_pp:1,2.5545,0.9105,False,True,False
164,selection|microsoft/Phi-3.5-mini-instruct|a,selection,0.8697,0.9367,600,delta_pp:1,4.4067,1.8188,True,True,False
164,selection|Qwen/Qwen2.5-7B-Instruct|b,selection,0.8735,0.97,600,delta_pp:1,0.3977,-0.5102,False,False,False
164,selection|allenai/OLMo-2-1124-7B-Instruct|b,selection,0.8203,0.9217,600,delta_pp:1,2.4808,0.3366,False,True,False
164,selection|ibm-granite/granite-3.3-8b-instruct|b,selection,0.8776,0.9517,600,delta_pp:1,3.3707,1.8088,True,True,False
164,selection|microsoft/Phi-3.5-mini-instruct|b,selection,0.8826,0.935,600,delta_pp:1,5.961,2.3681,True,True,False
164,selection|Qwen/Qwen2.5-7B-Instruct|c,selection,0.8891,0.9733,600,delta_pp:1,0.2729,-0.384,False,False,False
164,selection|allenai/OLMo-2-1124-7B-Instruct|c,selection,0.8403,0.9333,600,delta_pp:1,1.9893,1.2233,True,True,False
164,selection|ibm-granite/granite-3.3-8b-instruct|c,selection,0.915,0.97,600,delta_pp:1,2.077,1.1876,True,True,False
164,selection|microsoft/Phi-3.5-mini-instruct|c,selection,0.8867,0.9167,600,delta_pp:1,6.3028,3.7391,True,True,False
165,selection|Qwen/Qwen2.5-7B-Instruct|a,selection,0.8339,0.975,600,delta_pp:1,-0.8838,-0.401,False,False,False
165,selection|allenai/OLMo-2-1124-7B-Instruct|a,selection,0.8504,0.9333,600,delta_pp:1,3.3443,-0.8898,False,True,False
165,selection|ibm-granite/granite-3.3-8b-instruct|a,selection,0.8774,0.9483,600,delta_pp:1,2.2753,0.9105,False,True,False
165,selection|microsoft/Phi-3.5-mini-instruct|a,selection,0.8557,0.9433,600,delta_pp:1,2.0477,1.8188,True,True,False
165,selection|Qwen/Qwen2.5-7B-Instruct|b,selection,0.853,0.975,600,delta_pp:1,-0.9487,-0.5102,False,False,False
165,selection|allenai/OLMo-2-1124-7B-Instruct|b,selection,0.8748,0.9433,600,delta_pp:1,4.5818,0.3366,False,True,False
165,selection|ibm-granite/granite-3.3-8b-instruct|b,selection,0.8374,0.945,600,delta_pp:1,1.7769,1.8088,True,True,False
165,selection|microsoft/Phi-3.5-mini-instruct|b,selection,0.8522,0.9367,600,delta_pp:1,1.4005,2.3681,True,True,False
165,selection|Qwen/Qwen2.5-7B-Instruct|c,selection,0.7948,0.9733,600,delta_pp:1,-1.0274,-0.384,False,True,True
165,selection|allenai/OLMo-2-1124-7B-Instruct|c,selection,0.7913,0.93,600,delta_pp:1,4.9549,1.2233,True,True,True
165,selection|ibm-granite/granite-3.3-8b-instruct|c,selection,0.8643,0.96,600,delta_pp:1,0.6808,1.1876,True,False,False
165,selection|microsoft/Phi-3.5-mini-instruct|c,selection,0.8487,0.8933,600,delta_pp:1,2.1035,3.7391,True,True,False
166,selection|Qwen/Qwen2.5-7B-Instruct|a,selection,0.8089,0.9683,600,delta_pp:1,0.2809,-0.401,False,False,False
166,selection|allenai/OLMo-2-1124-7B-Instruct|a,selection,0.7562,0.9133,600,delta_pp:1,-2.0095,-0.8898,False,True,True
166,selection|ibm-granite/granite-3.3-8b-instruct|a,selection,0.9232,0.965,600,delta_pp:1,2.784,0.9105,False,True,False
166,selection|microsoft/Phi-3.5-mini-instruct|a,selection,0.7955,0.9217,600,delta_pp:1,0.483,1.8188,True,False,True
166,selection|Qwen/Qwen2.5-7B-Instruct|b,selection,0.833,0.97,600,delta_pp:1,-0.3674,-0.5102,False,False,False
166,selection|allenai/OLMo-2-1124-7B-Instruct|b,selection,0.75,0.9017,600,delta_pp:1,-2.8738,0.3366,False,True,True
166,selection|ibm-granite/granite-3.3-8b-instruct|b,selection,0.9304,0.9567,600,delta_pp:1,2.383,1.8088,True,True,False
166,selection|microsoft/Phi-3.5-mini-instruct|b,selection,0.8554,0.925,600,delta_pp:1,-0.3027,2.3681,True,False,False
166,selection|Qwen/Qwen2.5-7B-Instruct|c,selection,0.8071,0.965,600,delta_pp:1,-1.022,-0.384,False,True,False
166,selection|allenai/OLMo-2-1124-7B-Instruct|c,selection,0.725,0.92,600,delta_pp:1,-2.2387,1.2233,True,True,True
166,selection|ibm-granite/granite-3.3-8b-instruct|c,selection,0.8295,0.9633,600,delta_pp:1,0.3671,1.1876,True,False,False
166,selection|microsoft/Phi-3.5-mini-instruct|c,selection,0.8375,0.8917,600,delta_pp:1,0.5966,3.7391,True,False,False
167,selection|Qwen/Qwen2.5-7B-Instruct|a,selection,0.9058,0.98,600,delta_pp:1,1.5174,-0.401,False,True,False
167,selection|allenai/OLMo-2-1124-7B-Instruct|a,selection,0.8084,0.9317,600,delta_pp:1,0.0787,-0.8898,False,False,False
167,selection|ibm-granite/granite-3.3-8b-instruct|a,selection,0.9053,0.9567,600,delta_pp:1,2.2214,0.9105,False,True,False
167,selection|microsoft/Phi-3.5-mini-instruct|a,selection,0.9101,0.9433,600,delta_pp:1,2.1974,1.8188,True,True,False
167,selection|Qwen/Qwen2.5-7B-Instruct|b,selection,0.8802,0.9767,600,delta_pp:1,0.4139,-0.5102,False,False,False
167,selection|allenai/OLMo-2-1124-7B-Instruct|b,selection,0.8442,0.9317,600,delta_pp:1,1.7568,0.3366,False,True,False
167,selection|ibm-granite/granite-3.3-8b-instruct|b,selection,0.9172,0.9567,600,delta_pp:1,3.4627,1.8088,True,True,False
167,selection|microsoft/Phi-3.5-mini-instruct|b,selection,0.9104,0.9217,600,delta_pp:1,2.5248,2.3681,True,True,False
167,selection|Qwen/Qwen2.5-7B-Instruct|c,selection,0.8545,0.9733,600,delta_pp:1,1.2816,-0.384,False,True,False
167,selection|allenai/OLMo-2-1124-7B-Instruct|c,selection,0.8305,0.9283,600,delta_pp:1,3.8845,1.2233,True,True,False
167,selection|ibm-granite/granite-3.3-8b-instruct|c,selection,0.8969,0.9633,600,delta_pp:1,2.2759,1.1876,True,True,False
167,selection|microsoft/Phi-3.5-mini-instruct|c,selection,0.8926,0.8883,600,delta_pp:1,1.9959,3.7391,True,True,False
168,selection|Qwen/Qwen2.5-7B-Instruct|a,selection,0.8409,0.975,600,delta_pp:1,1.3017,-0.401,False,True,False
168,selection|allenai/OLMo-2-1124-7B-Instruct|a,selection,0.8618,0.935,600,delta_pp:1,-0.7809,-0.8898,False,False,False
168,selection|ibm-granite/granite-3.3-8b-instruct|a,selection,0.9149,0.9567,600,delta_pp:1,3.2471,0.9105,False,True,False
168,selection|microsoft/Phi-3.5-mini-instruct|a,selection,0.8192,0.9333,600,delta_pp:1,3.1224,1.8188,True,True,False
168,selection|Qwen/Qwen2.5-7B-Instruct|b,selection,0.8635,0.9783,600,delta_pp:1,1.1999,-0.5102,False,True,False
168,selection|allenai/OLMo-2-1124-7B-Instruct|b,selection,0.7958,0.9283,600,delta_pp:1,0.9077,0.3366,False,False,True
168,selection|ibm-granite/granite-3.3-8b-instruct|b,selection,0.8731,0.9567,600,delta_pp:1,4.1269,1.8088,True,True,False
168,selection|microsoft/Phi-3.5-mini-instruct|b,selection,0.8288,0.9117,600,delta_pp:1,5.4195,2.3681,True,True,False
168,selection|Qwen/Qwen2.5-7B-Instruct|c,selection,0.8626,0.9767,600,delta_pp:1,0.2437,-0.384,False,False,False
168,selection|allenai/OLMo-2-1124-7B-Instruct|c,selection,0.8679,0.9467,600,delta_pp:1,2.8312,1.2233,True,True,False
168,selection|ibm-granite/granite-3.3-8b-instruct|c,selection,0.8748,0.96,600,delta_pp:1,2.1266,1.1876,True,True,False
168,selection|microsoft/Phi-3.5-mini-instruct|c,selection,0.8628,0.8967,600,delta_pp:1,6.8742,3.7391,True,True,False
169,selection|Qwen/Qwen2.5-7B-Instruct|a,selection,0.8861,0.9817,600,delta_pp:1,0.707,-0.401,False,False,False
169,selection|allenai/OLMo-2-1124-7B-Instruct|a,selection,0.8879,0.945,600,delta_pp:1,0.7404,-0.8898,False,False,False
169,selection|ibm-granite/granite-3.3-8b-instruct|a,selection,0.9,0.9683,600,delta_pp:1,0.6361,0.9105,False,False,False
169,selection|microsoft/Phi-3.5-mini-instruct|a,selection,0.8601,0.9317,600,delta_pp:1,4.3379,1.8188,True,True,False
169,selection|Qwen/Qwen2.5-7B-Instruct|b,selection,0.8861,0.9817,600,delta_pp:1,1.3703,-0.5102,False,True,False
169,selection|allenai/OLMo-2-1124-7B-Instruct|b,selection,0.8801,0.93,600,delta_pp:1,-0.1876,0.3366,False,False,False
169,selection|ibm-granite/granite-3.3-8b-instruct|b,selection,0.8722,0.955,600,delta_pp:1,2.816,1.8088,True,True,False
169,selection|microsoft/Phi-3.5-mini-instruct|b,selection,0.8949,0.9183,600,delta_pp:1,4.7089,2.3681,True,True,False
169,selection|Qwen/Qwen2.5-7B-Instruct|c,selection,0.907,0.9817,600,delta_pp:1,1.1943,-0.384,False,True,False
169,selection|allenai/OLMo-2-1124-7B-Instruct|c,selection,0.8392,0.9317,600,delta_pp:1,3.1417,1.2233,True,True,False
169,selection|ibm-granite/granite-3.3-8b-instruct|c,selection,0.88,0.97,600,delta_pp:1,0.473,1.1876,True,False,False
169,selection|microsoft/Phi-3.5-mini-instruct|c,selection,0.8602,0.8917,600,delta_pp:1,5.004,3.7391,True,True,False
170,selection|Qwen/Qwen2.5-7B-Instruct|a,selection,0.7296,0.9617,600,delta_pp:1,0.9446,-0.401,False,False,True
170,selection|allenai/OLMo-2-1124-7B-Instruct|a,selection,0.8384,0.93,600,delta_pp:1,1.9356,-0.8898,False,True,False
170,selection|ibm-granite/granite-3.3-8b-instruct|a,selection,0.8748,0.96,600,delta_pp:1,-1.6447,0.9105,False,True,False
170,selection|microsoft/Phi-3.5-mini-instruct|a,selection,0.8688,0.9483,600,delta_pp:1,1.4227,1.8188,True,True,False
170,selection|Qwen/Qwen2.5-7B-Instruct|b,selection,0.7913,0.96,600,delta_pp:1,1.4947,-0.5102,False,True,True
170,selection|allenai/OLMo-2-1124-7B-Instruct|b,selection,0.7923,0.9217,600,delta_pp:1,-1.3803,0.3366,False,True,True
170,selection|ibm-granite/granite-3.3-8b-instruct|b,selection,0.807,0.95,600,delta_pp:1,0.7957,1.8088,True,False,False
170,selection|microsoft/Phi-3.5-mini-instruct|b,selection,0.8984,0.925,600,delta_pp:1,1.2101,2.3681,True,True,False
170,selection|Qwen/Qwen2.5-7B-Instruct|c,selection,0.7739,0.9667,600,delta_pp:1,0.3317,-0.384,False,False,True
170,selection|allenai/OLMo-2-1124-7B-Instruct|c,selection,0.7966,0.93,600,delta_pp:1,2.2364,1.2233,True,True,True
170,selection|ibm-granite/granite-3.3-8b-instruct|c,selection,0.8574,0.9667,600,delta_pp:1,1.1337,1.1876,True,True,False
170,selection|microsoft/Phi-3.5-mini-instruct|c,selection,0.8802,0.89,600,delta_pp:1,2.3374,3.7391,True,True,False
171,selection|Qwen/Qwen2.5-7B-Instruct|a,selection,0.9374,0.98,600,delta_pp:1,0.7813,-0.401,False,False,False
171,selection|allenai/OLMo-2-1124-7B-Instruct|a,selection,0.8319,0.9283,600,delta_pp:1,0.1651,-0.8898,False,False,False
171,selection|ibm-granite/granite-3.3-8b-instruct|a,selection,0.9276,0.9617,600,delta_pp:1,2.5426,0.9105,False,True,False
171,selection|microsoft/Phi-3.5-mini-instruct|a,selection,0.9066,0.9467,600,delta_pp:1,1.106,1.8188,True,True,False
171,selection|Qwen/Qwen2.5-7B-Instruct|b,selection,0.9512,0.9817,600,delta_pp:1,0.3031,-0.5102,False,False,False
171,selection|allenai/OLMo-2-1124-7B-Instruct|b,selection,0.8623,0.9367,600,delta_pp:1,-0.416,0.3366,False,False,False
171,selection|ibm-granite/granite-3.3-8b-instruct|b,selection,0.9563,0.9667,600,delta_pp:1,0.5819,1.8088,True,False,False
171,selection|microsoft/Phi-3.5-mini-instruct|b,selection,0.9246,0.9317,600,delta_pp:1,1.2716,2.3681,True,True,False
171,selection|Qwen/Qwen2.5-7B-Instruct|c,selection,0.9226,0.9767,600,delta_pp:1,1.5766,-0.384,False,True,False
171,selection|allenai/OLMo-2-1124-7B-Instruct|c,selection,0.8189,0.9283,600,delta_pp:1,0.9895,1.2233,True,False,False
171,selection|ibm-granite/granite-3.3-8b-instruct|c,selection,0.958,0.97,600,delta_pp:1,1.8897,1.1876,True,True,False
171,selection|microsoft/Phi-3.5-mini-instruct|c,selection,0.8921,0.895,600,delta_pp:1,2.2543,3.7391,True,True,False
172,selection|Qwen/Qwen2.5-7B-Instruct|a,selection,0.7605,0.9633,600,delta_pp:1,1.2827,-0.401,False,True,True
172,selection|allenai/OLMo-2-1124-7B-Instruct|a,selection,0.7649,0.9367,600,delta_pp:1,0.6246,-0.8898,False,False,True
172,selection|ibm-granite/granite-3.3-8b-instruct|a,selection,0.8366,0.9683,600,delta_pp:1,-0.5325,0.9105,False,False,False
172,selection|microsoft/Phi-3.5-mini-instruct|a,selection,0.7833,0.9367,600,delta_pp:1,2.5593,1.8188,True,True,True
172,selection|Qwen/Qwen2.5-7B-Instruct|b,selection,0.7631,0.9683,600,delta_pp:1,1.5838,-0.5102,False,True,True
172,selection|allenai/OLMo-2-1124-7B-Instruct|b,selection,0.7492,0.9417,600,delta_pp:1,1.0045,0.3366,False,True,True
172,selection|ibm-granite/granite-3.3-8b-instruct|b,selection,0.8689,0.96,600,delta_pp:1,0.3872,1.8088,True,False,False
172,selection|microsoft/Phi-3.5-mini-instruct|b,selection,0.8122,0.9217,600,delta_pp:1,3.4646,2.3681,True,True,False
172,selection|Qwen/Qwen2.5-7B-Instruct|c,selection,0.7238,0.9633,600,delta_pp:1,1.3459,-0.384,False,True,True
172,selection|allenai/OLMo-2-1124-7B-Instruct|c,selection,0.7702,0.9467,600,delta_pp:1,2.6007,1.2233,True,True,True
172,selection|ibm-granite/granite-3.3-8b-instruct|c,selection,0.8357,0.9667,600,delta_pp:1,1.7678,1.1876,True,True,False
172,selection|microsoft/Phi-3.5-mini-instruct|c,selection,0.814,0.89,600,delta_pp:1,4.4953,3.7391,True,True,False
173,selection|Qwen/Qwen2.5-7B-Instruct|a,selection,0.8392,0.9733,600,delta_pp:1,-0.0283,-0.401,False,False,False
173,selection|allenai/OLMo-2-1124-7B-Instruct|a,selection,0.7405,0.925,600,delta_pp:1,-3.1874,-0.8898,False,True,True
173,selection|ibm-granite/granite-3.3-8b-instruct|a,selection,0.8514,0.9617,600,delta_pp:1,0.8262,0.9105,False,False,False
173,selection|microsoft/Phi-3.5-mini-instruct|a,selection,0.8471,0.9533,600,delta_pp:1,-0.7236,1.8188,True,False,False
173,selection|Qwen/Qwen2.5-7B-Instruct|b,selection,0.8776,0.9767,600,delta_pp:1,-0.4184,-0.5102,False,False,False
173,selection|allenai/OLMo-2-1124-7B-Instruct|b,selection,0.772,0.915,600,delta_pp:1,-1.5046,0.3366,False,True,True
173,selection|ibm-granite/granite-3.3-8b-instruct|b,selection,0.8663,0.955,600,delta_pp:1,1.3746,1.8088,True,True,False
173,selection|microsoft/Phi-3.5-mini-instruct|b,selection,0.8349,0.93,600,delta_pp:1,0.0848,2.3681,True,False,False
173,selection|Qwen/Qwen2.5-7B-Instruct|c,selection,0.8977,0.98,600,delta_pp:1,0.0113,-0.384,False,False,False
173,selection|allenai/OLMo-2-1124-7B-Instruct|c,selection,0.7798,0.93,600,delta_pp:1,-1.9295,1.2233,True,True,True
173,selection|ibm-granite/granite-3.3-8b-instruct|c,selection,0.8724,0.9667,600,delta_pp:1,0.9704,1.1876,True,False,False
173,selection|microsoft/Phi-3.5-mini-instruct|c,selection,0.8585,0.905,600,delta_pp:1,2.8558,3.7391,True,True,False
174,selection|Qwen/Qwen2.5-7B-Instruct|a,selection,0.9046,0.98,600,delta_pp:1,-2.044,-0.401,False,True,False
174,selection|allenai/OLMo-2-1124-7B-Instruct|a,selection,0.7669,0.9117,600,delta_pp:1,0.3115,-0.8898,False,False,True
174,selection|ibm-granite/granite-3.3-8b-instruct|a,selection,0.9128,0.9633,600,delta_pp:1,-0.764,0.9105,False,False,False
174,selection|microsoft/Phi-3.5-mini-instruct|a,selection,0.8309,0.9367,600,delta_pp:1,0.9588,1.8188,True,False,False
174,selection|Qwen/Qwen2.5-7B-Instruct|b,selection,0.9055,0.9817,600,delta_pp:1,-1.717,-0.5102,False,True,False
174,selection|allenai/OLMo-2-1124-7B-Instruct|b,selection,0.7873,0.9183,600,delta_pp:1,2.1657,0.3366,False,True,True
174,selection|ibm-granite/granite-3.3-8b-instruct|b,selection,0.9237,0.9517,600,delta_pp:1,1.4971,1.8088,True,True,False
174,selection|microsoft/Phi-3.5-mini-instruct|b,selection,0.8365,0.915,600,delta_pp:1,1.921,2.3681,True,True,False
174,selection|Qwen/Qwen2.5-7B-Instruct|c,selection,0.8867,0.9783,600,delta_pp:1,-1.6394,-0.384,False,True,False
174,selection|allenai/OLMo-2-1124-7B-Instruct|c,selection,0.7499,0.9117,600,delta_pp:1,1.0432,1.2233,True,True,True
174,selection|ibm-granite/granite-3.3-8b-instruct|c,selection,0.9155,0.9683,600,delta_pp:1,-1.1095,1.1876,True,True,False
174,selection|microsoft/Phi-3.5-mini-instruct|c,selection,0.8548,0.885,600,delta_pp:1,5.1596,3.7391,True,True,False
175,selection|Qwen/Qwen2.5-7B-Instruct|a,selection,0.9077,0.98,600,delta_pp:1,-1.3309,-0.401,False,True,False
175,selection|allenai/OLMo-2-1124-7B-Instruct|a,selection,0.7727,0.91,600,delta_pp:1,-3.2157,-0.8898,False,True,True
175,selection|ibm-granite/granite-3.3-8b-instruct|a,selection,0.9351,0.97,600,delta_pp:1,0.4665,0.9105,False,False,False
175,selection|microsoft/Phi-3.5-mini-instruct|a,selection,0.8902,0.9467,600,delta_pp:1,-2.5533,1.8188,True,True,False
175,selection|Qwen/Qwen2.5-7B-Instruct|b,selection,0.8732,0.9767,600,delta_pp:1,-1.1454,-0.5102,False,True,False
175,selection|allenai/OLMo-2-1124-7B-Instruct|b,selection,0.858,0.9167,600,delta_pp:1,-1.6966,0.3366,False,True,False
175,selection|ibm-granite/granite-3.3-8b-instruct|b,selection,0.9471,0.9617,600,delta_pp:1,2.7144,1.8088,True,True,False
175,selection|microsoft/Phi-3.5-mini-instruct|b,selection,0.9504,0.9367,600,delta_pp:1,1.7222,2.3681,True,True,False
175,selection|Qwen/Qwen2.5-7B-Instruct|c,selection,0.9085,0.9817,600,delta_pp:1,-1.6678,-0.384,False,True,False
175,selection|allenai/OLMo-2-1124-7B-Instruct|c,selection,0.8305,0.9267,600,delta_pp:1,-0.2262,1.2233,True,False,False
175,selection|ibm-granite/granite-3.3-8b-instruct|c,selection,0.905,0.975,600,delta_pp:1,0.9819,1.1876,True,False,False
175,selection|microsoft/Phi-3.5-mini-instruct|c,selection,0.9337,0.905,600,delta_pp:1,3.4794,3.7391,True,True,False
176,selection|Qwen/Qwen2.5-7B-Instruct|a,selection,0.8361,0.9783,600,delta_pp:1,1.5227,-0.401,False,True,False
176,selection|allenai/OLMo-2-1124-7B-Instruct|a,selection,0.8123,0.9333,600,delta_pp:1,-1.3039,-0.8898,False,True,False
176,selection|ibm-granite/granite-3.3-8b-instruct|a,selection,0.8425,0.9617,600,delta_pp:1,2.8624,0.9105,False,True,False
176,selection|microsoft/Phi-3.5-mini-instruct|a,selection,0.815,0.9383,600,delta_pp:1,4.2855,1.8188,True,True,False
176,selection|Qwen/Qwen2.5-7B-Instruct|b,selection,0.8675,0.98,600,delta_pp:1,0.4532,-0.5102,False,False,False
176,selection|allenai/OLMo-2-1124-7B-Instruct|b,selection,0.7989,0.9367,600,delta_pp:1,0.0328,0.3366,False,False,True
176,selection|ibm-granite/granite-3.3-8b-instruct|b,selection,0.8909,0.9667,600,delta_pp:1,3.018,1.8088,True,True,False
176,selection|microsoft/Phi-3.5-mini-instruct|b,selection,0.8349,0.9183,600,delta_pp:1,7.5251,2.3681,True,True,False
176,selection|Qwen/Qwen2.5-7B-Instruct|c,selection,0.8631,0.9717,600,delta_pp:1,2.106,-0.384,False,True,False
176,selection|allenai/OLMo-2-1124-7B-Instruct|c,selection,0.8232,0.925,600,delta_pp:1,0.9365,1.2233,True,False,False
176,selection|ibm-granite/granite-3.3-8b-instruct|c,selection,0.8461,0.9683,600,delta_pp:1,2.1875,1.1876,True,True,False
176,selection|microsoft/Phi-3.5-mini-instruct|c,selection,0.7904,0.8917,600,delta_pp:1,7.6832,3.7391,True,True,True
177,selection|Qwen/Qwen2.5-7B-Instruct|a,selection,0.8696,0.97,600,delta_pp:1,1.5976,-0.401,False,True,False
177,selection|allenai/OLMo-2-1124-7B-Instruct|a,selection,0.8304,0.9317,600,delta_pp:1,-2.6043,-0.8898,False,True,False
177,selection|ibm-granite/granite-3.3-8b-instruct|a,selection,0.9261,0.9683,600,delta_pp:1,0.491,0.9105,False,False,False
177,selection|microsoft/Phi-3.5-mini-instruct|a,selection,0.88,0.9533,600,delta_pp:1,1.569,1.8188,True,True,False
177,selection|Qwen/Qwen2.5-7B-Instruct|b,selection,0.8887,0.97,600,delta_pp:1,1.5759,-0.5102,False,True,False
177,selection|allenai/OLMo-2-1124-7B-Instruct|b,selection,0.8496,0.9317,600,delta_pp:1,-0.021,0.3366,False,False,False
177,selection|ibm-granite/granite-3.3-8b-instruct|b,selection,0.9435,0.965,600,delta_pp:1,-0.8539,1.8088,True,False,False
177,selection|microsoft/Phi-3.5-mini-instruct|b,selection,0.8852,0.9267,600,delta_pp:1,0.2483,2.3681,True,False,False
177,selection|Qwen/Qwen2.5-7B-Instruct|c,selection,0.8496,0.9683,600,delta_pp:1,0.6502,-0.384,False,False,False
177,selection|allenai/OLMo-2-1124-7B-Instruct|c,selection,0.8922,0.94,600,delta_pp:1,-0.4048,1.2233,True,False,False
177,selection|ibm-granite/granite-3.3-8b-instruct|c,selection,0.9096,0.9733,600,delta_pp:1,0.2,1.1876,True,False,False
177,selection|microsoft/Phi-3.5-mini-instruct|c,selection,0.8922,0.9033,600,delta_pp:1,4.2064,3.7391,True,True,False
178,selection|Qwen/Qwen2.5-7B-Instruct|a,selection,0.8866,0.9733,600,delta_pp:1,0.3166,-0.401,False,False,False
178,selection|allenai/OLMo-2-1124-7B-Instruct|a,selection,0.8312,0.9317,600,delta_pp:1,0.4142,-0.8898,False,False,False
178,selection|ibm-granite/granite-3.3-8b-instruct|a,selection,0.9098,0.955,600,delta_pp:1,0.4749,0.9105,False,False,False
178,selection|microsoft/Phi-3.5-mini-instruct|a,selection,0.8696,0.9417,600,delta_pp:1,4.7465,1.8188,True,True,False
178,selection|Qwen/Qwen2.5-7B-Instruct|b,selection,0.8985,0.975,600,delta_pp:1,0.5519,-0.5102,False,False,False
178,selection|allenai/OLMo-2-1124-7B-Instruct|b,selection,0.8523,0.93,600,delta_pp:1,0.5743,0.3366,False,False,False
178,selection|ibm-granite/granite-3.3-8b-instruct|b,selection,0.8943,0.9467,600,delta_pp:1,2.2579,1.8088,True,True,False
178,selection|microsoft/Phi-3.5-mini-instruct|b,selection,0.8772,0.915,600,delta_pp:1,7.3511,2.3681,True,True,False
178,selection|Qwen/Qwen2.5-7B-Instruct|c,selection,0.8994,0.9767,600,delta_pp:1,0.2131,-0.384,False,False,False
178,selection|allenai/OLMo-2-1124-7B-Instruct|c,selection,0.8145,0.9417,600,delta_pp:1,-1.4397,1.2233,True,True,False
178,selection|ibm-granite/granite-3.3-8b-instruct|c,selection,0.8502,0.9467,600,delta_pp:1,1.2722,1.1876,True,True,False
178,selection|microsoft/Phi-3.5-mini-instruct|c,selection,0.8638,0.89,600,delta_pp:1,7.126,3.7391,True,True,False
179,selection|Qwen/Qwen2.5-7B-Instruct|a,selection,0.8836,0.9817,600,delta_pp:1,0.5649,-0.401,False,False,False
179,selection|allenai/OLMo-2-1124-7B-Instruct|a,selection,0.8123,0.9333,600,delta_pp:1,-2.2385,-0.8898,False,True,False
179,selection|ibm-granite/granite-3.3-8b-instruct|a,selection,0.8399,0.9567,600,delta_pp:1,3.6502,0.9105,False,True,False
179,selection|microsoft/Phi-3.5-mini-instruct|a,selection,0.8302,0.9383,600,delta_pp:1,3.9817,1.8188,True,True,False
179,selection|Qwen/Qwen2.5-7B-Instruct|b,selection,0.8997,0.9833,600,delta_pp:1,0.2136,-0.5102,False,False,False
179,selection|allenai/OLMo-2-1124-7B-Instruct|b,selection,0.798,0.935,600,delta_pp:1,2.7523,0.3366,False,True,True
179,selection|ibm-granite/granite-3.3-8b-instruct|b,selection,0.8381,0.9533,600,delta_pp:1,3.673,1.8088,True,True,False
179,selection|microsoft/Phi-3.5-mini-instruct|b,selection,0.825,0.9283,600,delta_pp:1,5.9627,2.3681,True,True,False
179,selection|Qwen/Qwen2.5-7B-Instruct|c,selection,0.8513,0.9783,600,delta_pp:1,-0.0206,-0.384,False,False,False
179,selection|allenai/OLMo-2-1124-7B-Instruct|c,selection,0.8071,0.9233,600,delta_pp:1,1.7323,1.2233,True,True,False
179,selection|ibm-granite/granite-3.3-8b-instruct|c,selection,0.8264,0.96,600,delta_pp:1,2.338,1.1876,True,True,False
179,selection|microsoft/Phi-3.5-mini-instruct|c,selection,0.844,0.9067,600,delta_pp:1,4.974,3.7391,True,True,False
180,selection|Qwen/Qwen2.5-7B-Instruct|a,selection,0.8233,0.97,600,delta_pp:1,-0.9154,-0.401,False,False,False
180,selection|allenai/OLMo-2-1124-7B-Instruct|a,selection,0.7172,0.9217,600,delta_pp:1,0.0456,-0.8898,False,False,True
180,selection|ibm-granite/granite-3.3-8b-instruct|a,selection,0.8287,0.955,600,delta_pp:1,2.6783,0.9105,False,True,False
180,selection|microsoft/Phi-3.5-mini-instruct|a,selection,0.835,0.9417,600,delta_pp:1,1.3494,1.8188,True,True,False
180,selection|Qwen/Qwen2.5-7B-Instruct|b,selection,0.8063,0.9633,600,delta_pp:1,-1.475,-0.5102,False,True,False
180,selection|allenai/OLMo-2-1124-7B-Instruct|b,selection,0.7833,0.92,600,delta_pp:1,1.315,0.3366,False,True,True
180,selection|ibm-granite/granite-3.3-8b-instruct|b,selection,0.8386,0.9483,600,delta_pp:1,2.6549,1.8088,True,True,False
180,selection|microsoft/Phi-3.5-mini-instruct|b,selection,0.8387,0.9233,600,delta_pp:1,3.6462,2.3681,True,True,False
180,selection|Qwen/Qwen2.5-7B-Instruct|c,selection,0.8063,0.9633,600,delta_pp:1,-0.1484,-0.384,False,False,False
180,selection|allenai/OLMo-2-1124-7B-Instruct|c,selection,0.7288,0.9183,600,delta_pp:1,1.3,1.2233,True,True,True
180,selection|ibm-granite/granite-3.3-8b-instruct|c,selection,0.8171,0.9583,600,delta_pp:1,1.4239,1.1876,True,True,False
180,selection|microsoft/Phi-3.5-mini-instruct|c,selection,0.8584,0.91,600,delta_pp:1,4.1863,3.7391,True,True,False
181,selection|Qwen/Qwen2.5-7B-Instruct|a,selection,0.7866,0.955,600,delta_pp:1,-0.6248,-0.401,False,False,True
181,selection|allenai/OLMo-2-1124-7B-Instruct|a,selection,0.6663,0.895,600,delta_pp:1,-2.3452,-0.8898,False,True,True
181,selection|ibm-granite/granite-3.3-8b-instruct|a,selection,0.8715,0.9483,600,delta_pp:1,1.5287,0.9105,False,True,False
181,selection|microsoft/Phi-3.5-mini-instruct|a,selection,0.8103,0.9283,600,delta_pp:1,-0.2838,1.8188,True,False,False
181,selection|Qwen/Qwen2.5-7B-Instruct|b,selection,0.774,0.955,600,delta_pp:1,0.1817,-0.5102,False,False,True
181,selection|allenai/OLMo-2-1124-7B-Instruct|b,selection,0.713,0.9117,600,delta_pp:1,-0.9982,0.3366,False,False,True
181,selection|ibm-granite/granite-3.3-8b-instruct|b,selection,0.8697,0.945,600,delta_pp:1,0.9201,1.8088,True,False,False
181,selection|microsoft/Phi-3.5-mini-instruct|b,selection,0.8167,0.9167,600,delta_pp:1,1.3175,2.3681,True,True,False
181,selection|Qwen/Qwen2.5-7B-Instruct|c,selection,0.801,0.9583,600,delta_pp:1,-0.1294,-0.384,False,False,False
181,selection|allenai/OLMo-2-1124-7B-Instruct|c,selection,0.6473,0.9067,600,delta_pp:1,-1.0603,1.2233,True,True,True
181,selection|ibm-granite/granite-3.3-8b-instruct|c,selection,0.8354,0.9517,600,delta_pp:1,1.3603,1.1876,True,True,False
181,selection|microsoft/Phi-3.5-mini-instruct|c,selection,0.8116,0.8833,600,delta_pp:1,2.7174,3.7391,True,True,False
182,selection|Qwen/Qwen2.5-7B-Instruct|a,selection,0.8826,0.975,600,delta_pp:1,-0.7449,-0.401,False,False,False
182,selection|allenai/OLMo-2-1124-7B-Instruct|a,selection,0.8245,0.9033,600,delta_pp:1,-1.3186,-0.8898,False,True,False
182,selection|ibm-granite/granite-3.3-8b-instruct|a,selection,0.8731,0.9567,600,delta_pp:1,0.9826,0.9105,False,False,False
182,selection|microsoft/Phi-3.5-mini-instruct|a,selection,0.8836,0.9367,600,delta_pp:1,1.5712,1.8188,True,True,False
182,selection|Qwen/Qwen2.5-7B-Instruct|b,selection,0.8592,0.97,600,delta_pp:1,-1.5706,-0.5102,False,True,False
182,selection|allenai/OLMo-2-1124-7B-Instruct|b,selection,0.8784,0.9267,600,delta_pp:1,2.9356,0.3366,False,True,False
182,selection|ibm-granite/granite-3.3-8b-instruct|b,selection,0.847,0.9467,600,delta_pp:1,1.1708,1.8088,True,True,False
182,selection|microsoft/Phi-3.5-mini-instruct|b,selection,0.8932,0.915,600,delta_pp:1,1.171,2.3681,True,True,False
182,selection|Qwen/Qwen2.5-7B-Instruct|c,selection,0.8826,0.975,600,delta_pp:1,-0.0816,-0.384,False,False,False
182,selection|allenai/OLMo-2-1124-7B-Instruct|c,selection,0.8392,0.9317,600,delta_pp:1,1.5592,1.2233,True,True,False
182,selection|ibm-granite/granite-3.3-8b-instruct|c,selection,0.8131,0.9617,600,delta_pp:1,0.42,1.1876,True,False,False
182,selection|microsoft/Phi-3.5-mini-instruct|c,selection,0.8733,0.8767,600,delta_pp:1,3.6375,3.7391,True,True,False
183,selection|Qwen/Qwen2.5-7B-Instruct|a,selection,0.8575,0.9733,600,delta_pp:1,0.1,-0.401,False,False,False
183,selection|allenai/OLMo-2-1124-7B-Instruct|a,selection,0.8271,0.915,600,delta_pp:1,-3.8907,-0.8898,False,True,False
183,selection|ibm-granite/granite-3.3-8b-instruct|a,selection,0.9223,0.9567,600,delta_pp:1,0.2128,0.9105,False,False,False
183,selection|microsoft/Phi-3.5-mini-instruct|a,selection,0.8996,0.9483,600,delta_pp:1,0.7135,1.8188,True,False,False
183,selection|Qwen/Qwen2.5-7B-Instruct|b,selection,0.8567,0.9717,600,delta_pp:1,-0.2236,-0.5102,False,False,False
183,selection|allenai/OLMo-2-1124-7B-Instruct|b,selection,0.855,0.9333,600,delta_pp:1,-0.4986,0.3366,False,False,False
183,selection|ibm-granite/granite-3.3-8b-instruct|b,selection,0.8838,0.9533,600,delta_pp:1,1.1884,1.8088,True,True,False
183,selection|microsoft/Phi-3.5-mini-instruct|b,selection,0.8856,0.9217,600,delta_pp:1,-1.1087,2.3681,True,True,False
183,selection|Qwen/Qwen2.5-7B-Instruct|c,selection,0.8383,0.9717,600,delta_pp:1,-0.0562,-0.384,False,False,False
183,selection|allenai/OLMo-2-1124-7B-Instruct|c,selection,0.7658,0.9383,600,delta_pp:1,-2.0072,1.2233,True,True,True
183,selection|ibm-granite/granite-3.3-8b-instruct|c,selection,0.8497,0.9583,600,delta_pp:1,1.7921,1.1876,True,True,False
183,selection|microsoft/Phi-3.5-mini-instruct|c,selection,0.8874,0.89,600,delta_pp:1,1.1985,3.7391,True,True,False
184,selection|Qwen/Qwen2.5-7B-Instruct|a,selection,0.8939,0.9783,600,delta_pp:1,2.0863,-0.401,False,True,False
184,selection|allenai/OLMo-2-1124-7B-Instruct|a,selection,0.8158,0.92,600,delta_pp:1,2.0995,-0.8898,False,True,False
184,selection|ibm-granite/granite-3.3-8b-instruct|a,selection,0.9237,0.975,600,delta_pp:1,0.6955,0.9105,False,False,False
184,selection|microsoft/Phi-3.5-mini-instruct|a,selection,0.8614,0.9467,600,delta_pp:1,5.889,1.8188,True,True,False
184,selection|Qwen/Qwen2.5-7B-Instruct|b,selection,0.893,0.9767,600,delta_pp:1,2.4215,-0.5102,False,True,False
184,selection|allenai/OLMo-2-1124-7B-Instruct|b,selection,0.807,0.9033,600,delta_pp:1,4.103,0.3366,False,True,False
184,selection|ibm-granite/granite-3.3-8b-instruct|b,selection,0.9193,0.9667,600,delta_pp:1,1.6867,1.8088,True,True,False
184,selection|microsoft/Phi-3.5-mini-instruct|b,selection,0.9167,0.9317,600,delta_pp:1,5.3617,2.3681,True,True,False
184,selection|Qwen/Qwen2.5-7B-Instruct|c,selection,0.8763,0.975,600,delta_pp:1,2.8239,-0.384,False,True,False
184,selection|allenai/OLMo-2-1124-7B-Instruct|c,selection,0.7842,0.92,600,delta_pp:1,5.4871,1.2233,True,True,True
184,selection|ibm-granite/granite-3.3-8b-instruct|c,selection,0.8421,0.97,600,delta_pp:1,1.3107,1.1876,True,True,False
184,selection|microsoft/Phi-3.5-mini-instruct|c,selection,0.9035,0.9067,600,delta_pp:1,8.3776,3.7391,True,True,False
185,selection|Qwen/Qwen2.5-7B-Instruct|a,selection,0.8298,0.9733,600,delta_pp:1,-1.7107,-0.401,False,True,False
185,selection|allenai/OLMo-2-1124-7B-Instruct|a,selection,0.8189,0.9283,600,delta_pp:1,0.0378,-0.8898,False,False,False
185,selection|ibm-granite/granite-3.3-8b-instruct|a,selection,0.8868,0.9583,600,delta_pp:1,0.9731,0.9105,False,False,False
185,selection|microsoft/Phi-3.5-mini-instruct|a,selection,0.8895,0.9633,600,delta_pp:1,1.3086,1.8188,True,True,False
185,selection|Qwen/Qwen2.5-7B-Instruct|b,selection,0.8307,0.975,600,delta_pp:1,-1.3837,-0.5102,False,True,False
185,selection|allenai/OLMo-2-1124-7B-Instruct|b,selection,0.7701,0.91,600,delta_pp:1,-0.0616,0.3366,False,False,True
185,selection|ibm-granite/granite-3.3-8b-instruct|b,selection,0.859,0.955,600,delta_pp:1,-0.845,1.8088,True,False,False
185,selection|microsoft/Phi-3.5-mini-instruct|b,selection,0.8815,0.9483,600,delta_pp:1,3.009,2.3681,True,True,False
185,selection|Qwen/Qwen2.5-7B-Instruct|c,selection,0.8437,0.975,600,delta_pp:1,-1.456,-0.384,False,True,False
185,selection|allenai/OLMo-2-1124-7B-Instruct|c,selection,0.7781,0.925,600,delta_pp:1,-0.4174,1.2233,True,False,True
185,selection|ibm-granite/granite-3.3-8b-instruct|c,selection,0.8635,0.9633,600,delta_pp:1,0.1086,1.1876,True,False,False
185,selection|microsoft/Phi-3.5-mini-instruct|c,selection,0.8889,0.9133,600,delta_pp:1,4.6392,3.7391,True,True,False
186,selection|Qwen/Qwen2.5-7B-Instruct|a,selection,0.8449,0.9733,600,delta_pp:1,1.1452,-0.401,False,True,False
186,selection|allenai/OLMo-2-1124-7B-Instruct|a,selection,0.8019,0.925,600,delta_pp:1,0.675,-0.8898,False,False,False
186,selection|ibm-granite/granite-3.3-8b-instruct|a,selection,0.8749,0.9633,600,delta_pp:1,3.4689,0.9105,False,True,False
186,selection|microsoft/Phi-3.5-mini-instruct|a,selection,0.8618,0.9383,600,delta_pp:1,3.2843,1.8188,True,True,False
186,selection|Qwen/Qwen2.5-7B-Instruct|b,selection,0.8466,0.9767,600,delta_pp:1,1.1256,-0.5102,False,True,False
186,selection|allenai/OLMo-2-1124-7B-Instruct|b,selection,0.7825,0.9217,600,delta_pp:1,1.5059,0.3366,False,True,True
186,selection|ibm-granite/granite-3.3-8b-instruct|b,selection,0.8512,0.9517,600,delta_pp:1,4.7266,1.8088,True,True,False
186,selection|microsoft/Phi-3.5-mini-instruct|b,selection,0.8673,0.915,600,delta_pp:1,2.6103,2.3681,True,True,False
186,selection|Qwen/Qwen2.5-7B-Instruct|c,selection,0.8457,0.975,600,delta_pp:1,1.4671,-0.384,False,True,False
186,selection|allenai/OLMo-2-1124-7B-Instruct|c,selection,0.7904,0.9367,600,delta_pp:1,2.4126,1.2233,True,True,True
186,selection|ibm-granite/granite-3.3-8b-instruct|c,selection,0.8555,0.96,600,delta_pp:1,4.346,1.1876,True,True,False
186,selection|microsoft/Phi-3.5-mini-instruct|c,selection,0.8771,0.9,600,delta_pp:1,4.1626,3.7391,True,True,False
187,selection|Qwen/Qwen2.5-7B-Instruct|a,selection,0.8361,0.9767,600,delta_pp:1,-0.2724,-0.401,False,False,False
187,selection|allenai/OLMo-2-1124-7B-Instruct|a,selection,0.7751,0.9333,600,delta_pp:1,1.6157,-0.8898,False,True,True
187,selection|ibm-granite/granite-3.3-8b-instruct|a,selection,0.8921,0.9633,600,delta_pp:1,1.8674,0.9105,False,True,False
187,selection|microsoft/Phi-3.5-mini-instruct|a,selection,0.8535,0.9383,600,delta_pp:1,2.5602,1.8188,True,True,False
187,selection|Qwen/Qwen2.5-7B-Instruct|b,selection,0.8757,0.98,600,delta_pp:1,0.6601,-0.5102,False,False,False
187,selection|allenai/OLMo-2-1124-7B-Instruct|b,selection,0.7742,0.9317,600,delta_pp:1,1.978,0.3366,False,True,True
187,selection|ibm-granite/granite-3.3-8b-instruct|b,selection,0.8651,0.96,600,delta_pp:1,0.8094,1.8088,True,False,False
187,selection|microsoft/Phi-3.5-mini-instruct|b,selection,0.8717,0.925,600,delta_pp:1,3.7063,2.3681,True,True,False
187,selection|Qwen/Qwen2.5-7B-Instruct|c,selection,0.8478,0.975,600,delta_pp:1,0.6058,-0.384,False,False,False
187,selection|allenai/OLMo-2-1124-7B-Instruct|c,selection,0.7463,0.9267,600,delta_pp:1,2.587,1.2233,True,True,True
187,selection|ibm-granite/granite-3.3-8b-instruct|c,selection,0.8434,0.9667,600,delta_pp:1,-0.3014,1.1876,True,False,False
187,selection|microsoft/Phi-3.5-mini-instruct|c,selection,0.871,0.9,600,delta_pp:1,6.7195,3.7391,True,True,False
188,selection|Qwen/Qwen2.5-7B-Instruct|a,selection,0.8678,0.9833,600,delta_pp:1,1.4609,-0.401,False,True,False
188,selection|allenai/OLMo-2-1124-7B-Instruct|a,selection,0.8072,0.935,600,delta_pp:1,-0.4427,-0.8898,False,False,False
188,selection|ibm-granite/granite-3.3-8b-instruct|a,selection,0.9331,0.9733,600,delta_pp:1,1.8077,0.9105,False,True,False
188,selection|microsoft/Phi-3.5-mini-instruct|a,selection,0.9067,0.9567,600,delta_pp:1,1.3033,1.8188,True,True,False
188,selection|Qwen/Qwen2.5-7B-Instruct|b,selection,0.8845,0.9817,600,delta_pp:1,1.7175,-0.5102,False,True,False
188,selection|allenai/OLMo-2-1124-7B-Instruct|b,selection,0.7886,0.9333,600,delta_pp:1,1.9642,0.3366,False,True,True
188,selection|ibm-granite/granite-3.3-8b-instruct|b,selection,0.8952,0.9683,600,delta_pp:1,1.6788,1.8088,True,True,False
188,selection|microsoft/Phi-3.5-mini-instruct|b,selection,0.8971,0.9383,600,delta_pp:1,2.3554,2.3681,True,True,False
188,selection|Qwen/Qwen2.5-7B-Instruct|c,selection,0.8871,0.9867,600,delta_pp:1,2.0069,-0.384,False,True,False
188,selection|allenai/OLMo-2-1124-7B-Instruct|c,selection,0.7878,0.9317,600,delta_pp:1,2.3278,1.2233,True,True,True
188,selection|ibm-granite/granite-3.3-8b-instruct|c,selection,0.807,0.9683,600,delta_pp:1,1.4968,1.1876,True,True,False
188,selection|microsoft/Phi-3.5-mini-instruct|c,selection,0.9026,0.915,600,delta_pp:1,5.6376,3.7391,True,True,False
189,selection|Qwen/Qwen2.5-7B-Instruct|a,selection,0.8697,0.9767,600,delta_pp:1,-1.4259,-0.401,False,True,False
189,selection|allenai/OLMo-2-1124-7B-Instruct|a,selection,0.7366,0.92,600,delta_pp:1,-0.4315,-0.8898,False,False,True
189,selection|ibm-granite/granite-3.3-8b-instruct|a,selection,0.8565,0.9517,600,delta_pp:1,2.3573,0.9105,False,True,False
189,selection|microsoft/Phi-3.5-mini-instruct|a,selection,0.846,0.9317,600,delta_pp:1,3.8235,1.8188,True,True,False
189,selection|Qwen/Qwen2.5-7B-Instruct|b,selection,0.8706,0.9783,600,delta_pp:1,-1.7692,-0.5102,False,True,False
189,selection|allenai/OLMo-2-1124-7B-Instruct|b,selection,0.7687,0.925,600,delta_pp:1,2.7986,0.3366,False,True,True
189,selection|ibm-granite/granite-3.3-8b-instruct|b,selection,0.8521,0.9433,600,delta_pp:1,4.0737,1.8088,True,True,False
189,selection|microsoft/Phi-3.5-mini-instruct|b,selection,0.8702,0.9217,600,delta_pp:1,4.2129,2.3681,True,True,False
189,selection|Qwen/Qwen2.5-7B-Instruct|c,selection,0.8228,0.9717,600,delta_pp:1,-0.5635,-0.384,False,False,False
189,selection|allenai/OLMo-2-1124-7B-Instruct|c,selection,0.7652,0.9183,600,delta_pp:1,1.5579,1.2233,True,True,True
189,selection|ibm-granite/granite-3.3-8b-instruct|c,selection,0.8748,0.9583,600,delta_pp:1,2.7825,1.1876,True,True,False
189,selection|microsoft/Phi-3.5-mini-instruct|c,selection,0.8752,0.9033,600,delta_pp:1,5.8075,3.7391,True,True,False
190,selection|Qwen/Qwen2.5-7B-Instruct|a,selection,0.8758,0.9817,600,delta_pp:1,0.6172,-0.401,False,False,False
190,selection|allenai/OLMo-2-1124-7B-Instruct|a,selection,0.8305,0.9267,600,delta_pp:1,-3.3111,-0.8898,False,True,False
190,selection|ibm-granite/granite-3.3-8b-instruct|a,selection,0.8402,0.945,600,delta_pp:1,2.867,0.9105,False,True,False
190,selection|microsoft/Phi-3.5-mini-instruct|a,selection,0.8574,0.9467,600,delta_pp:1,5.0623,1.8188,True,True,False
190,selection|Qwen/Qwen2.5-7B-Instruct|b,selection,0.8741,0.9783,600,delta_pp:1,1.2932,-0.5102,False,True,False
190,selection|allenai/OLMo-2-1124-7B-Instruct|b,selection,0.8513,0.935,600,delta_pp:1,-1.1413,0.3366,False,True,False
190,selection|ibm-granite/granite-3.3-8b-instruct|b,selection,0.8592,0.95,600,delta_pp:1,3.723,1.8088,True,True,False
190,selection|microsoft/Phi-3.5-mini-instruct|b,selection,0.8443,0.9217,600,delta_pp:1,6.816,2.3681,True,True,False
190,selection|Qwen/Qwen2.5-7B-Instruct|c,selection,0.8594,0.9817,600,delta_pp:1,0.7371,-0.384,False,False,False
190,selection|allenai/OLMo-2-1124-7B-Instruct|c,selection,0.7788,0.9217,600,delta_pp:1,1.3259,1.2233,True,True,True
190,selection|ibm-granite/granite-3.3-8b-instruct|c,selection,0.8299,0.9567,600,delta_pp:1,1.9474,1.1876,True,True,False
190,selection|microsoft/Phi-3.5-mini-instruct|c,selection,0.844,0.89,600,delta_pp:1,5.8222,3.7391,True,True,False
191,selection|Qwen/Qwen2.5-7B-Instruct|a,selection,0.8728,0.9683,600,delta_pp:1,1.7283,-0.401,False,True,False
191,selection|allenai/OLMo-2-1124-7B-Instruct|a,selection,0.7491,0.9133,600,delta_pp:1,2.583,-0.8898,False,True,True
191,selection|ibm-granite/granite-3.3-8b-instruct|a,selection,0.8675,0.9583,600,delta_pp:1,1.8857,0.9105,False,True,False
191,selection|microsoft/Phi-3.5-mini-instruct|a,selection,0.8351,0.9267,600,delta_pp:1,1.3992,1.8188,True,True,False
191,selection|Qwen/Qwen2.5-7B-Instruct|b,selection,0.8711,0.965,600,delta_pp:1,2.4194,-0.5102,False,True,False
191,selection|allenai/OLMo-2-1124-7B-Instruct|b,selection,0.7684,0.92,600,delta_pp:1,2.9466,0.3366,False,True,True
191,selection|ibm-granite/granite-3.3-8b-instruct|b,selection,0.8474,0.95,600,delta_pp:1,3.7837,1.8088,True,True,False
191,selection|microsoft/Phi-3.5-mini-instruct|b,selection,0.8447,0.915,600,delta_pp:1,2.2475,2.3681,True,True,False
191,selection|Qwen/Qwen2.5-7B-Instruct|c,selection,0.8368,0.96,600,delta_pp:1,1.9544,-0.384,False,True,False
191,selection|allenai/OLMo-2-1124-7B-Instruct|c,selection,0.7904,0.9317,600,delta_pp:1,4.2634,1.2233,True,True,True
191,selection|ibm-granite/granite-3.3-8b-instruct|c,selection,0.8544,0.9633,600,delta_pp:1,3.0091,1.1876,True,True,False
191,selection|microsoft/Phi-3.5-mini-instruct|c,selection,0.8254,0.8783,600,delta_pp:1,3.2169,3.7391,True,True,False
192,selection|Qwen/Qwen2.5-7B-Instruct|a,selection,0.8676,0.9733,600,delta_pp:1,0.4207,-0.401,False,False,False
192,selection|allenai/OLMo-2-1124-7B-Instruct|a,selection,0.7933,0.915,600,delta_pp:1,-0.3048,-0.8898,False,False,True
192,selection|ibm-granite/granite-3.3-8b-instruct|a,selection,0.8801,0.9567,600,delta_pp:1,0.9677,0.9105,False,False,False
192,selection|microsoft/Phi-3.5-mini-instruct|a,selection,0.7834,0.9167,600,delta_pp:1,5.4161,1.8188,True,True,True
192,selection|Qwen/Qwen2.5-7B-Instruct|b,selection,0.8855,0.9667,600,delta_pp:1,0.86,-0.5102,False,False,False
192,selection|allenai/OLMo-2-1124-7B-Instruct|b,selection,0.8219,0.9083,600,delta_pp:1,0.02,0.3366,False,False,False
192,selection|ibm-granite/granite-3.3-8b-instruct|b,selection,0.8998,0.9533,600,delta_pp:1,2.0477,1.8088,True,True,False
192,selection|microsoft/Phi-3.5-mini-instruct|b,selection,0.8371,0.9167,600,delta_pp:1,4.8036,2.3681,True,True,False
192,selection|Qwen/Qwen2.5-7B-Instruct|c,selection,0.8864,0.9683,600,delta_pp:1,0.5171,-0.384,False,False,False
192,selection|allenai/OLMo-2-1124-7B-Instruct|c,selection,0.8066,0.9,600,delta_pp:1,3.8388,1.2233,True,True,False
192,selection|ibm-granite/granite-3.3-8b-instruct|c,selection,0.8944,0.9633,600,delta_pp:1,0.1248,1.1876,True,False,False
192,selection|microsoft/Phi-3.5-mini-instruct|c,selection,0.8495,0.88,600,delta_pp:1,7.321,3.7391,True,True,False
193,selection|Qwen/Qwen2.5-7B-Instruct|a,selection,0.8487,0.9733,600,delta_pp:1,-0.6089,-0.401,False,False,False
193,selection|allenai/OLMo-2-1124-7B-Instruct|a,selection,0.8132,0.935,600,delta_pp:1,0.6908,-0.8898,False,False,False
193,selection|ibm-granite/granite-3.3-8b-instruct|a,selection,0.8774,0.97,600,delta_pp:1,-0.8561,0.9105,False,False,False
193,selection|microsoft/Phi-3.5-mini-instruct|a,selection,0.8865,0.9583,600,delta_pp:1,1.3607,1.8188,True,True,False
193,selection|Qwen/Qwen2.5-7B-Instruct|b,selection,0.8666,0.9783,600,delta_pp:1,0.2057,-0.5102,False,False,False
193,selection|allenai/OLMo-2-1124-7B-Instruct|b,selection,0.8132,0.935,600,delta_pp:1,-0.6358,0.3366,False,False,False
193,selection|ibm-granite/granite-3.3-8b-instruct|b,selection,0.8748,0.965,600,delta_pp:1,0.8248,1.8088,True,False,False
193,selection|microsoft/Phi-3.5-mini-instruct|b,selection,0.9135,0.9517,600,delta_pp:1,1.1551,2.3681,True,True,False
193,selection|Qwen/Qwen2.5-7B-Instruct|c,selection,0.8504,0.9767,600,delta_pp:1,0.0128,-0.384,False,False,False
193,selection|allenai/OLMo-2-1124-7B-Instruct|c,selection,0.7818,0.9333,600,delta_pp:1,1.929,1.2233,True,True,True
193,selection|ibm-granite/granite-3.3-8b-instruct|c,selection,0.8487,0.9733,600,delta_pp:1,1.328,1.1876,True,True,False
193,selection|microsoft/Phi-3.5-mini-instruct|c,selection,0.8959,0.9183,600,delta_pp:1,1.2796,3.7391,True,True,False
194,selection|Qwen/Qwen2.5-7B-Instruct|a,selection,0.8423,0.9717,600,delta_pp:1,0.1648,-0.401,False,False,False
194,selection|allenai/OLMo-2-1124-7B-Instruct|a,selection,0.8086,0.935,600,delta_pp:1,-0.8492,-0.8898,False,False,False
194,selection|ibm-granite/granite-3.3-8b-instruct|a,selection,0.8559,0.9433,600,delta_pp:1,2.4507,0.9105,False,True,False
194,selection|microsoft/Phi-3.5-mini-instruct|a,selection,0.8141,0.9183,600,delta_pp:1,3.0451,1.8188,True,True,False
194,selection|Qwen/Qwen2.5-7B-Instruct|b,selection,0.8423,0.9717,600,delta_pp:1,0.1868,-0.5102,False,False,False
194,selection|allenai/OLMo-2-1124-7B-Instruct|b,selection,0.7811,0.91,600,delta_pp:1,-1.6426,0.3366,False,True,True
194,selection|ibm-granite/granite-3.3-8b-instruct|b,selection,0.8684,0.94,600,delta_pp:1,3.6626,1.8088,True,True,False
194,selection|microsoft/Phi-3.5-mini-instruct|b,selection,0.8846,0.9167,600,delta_pp:1,2.9004,2.3681,True,True,False
194,selection|Qwen/Qwen2.5-7B-Instruct|c,selection,0.812,0.9683,600,delta_pp:1,-0.9162,-0.384,False,False,False
194,selection|allenai/OLMo-2-1124-7B-Instruct|c,selection,0.7935,0.9333,600,delta_pp:1,2.2253,1.2233,True,True,True
194,selection|ibm-granite/granite-3.3-8b-instruct|c,selection,0.8308,0.95,600,delta_pp:1,1.3092,1.1876,True,True,False
194,selection|microsoft/Phi-3.5-mini-instruct|c,selection,0.8759,0.8733,600,delta_pp:1,4.2883,3.7391,True,True,False
195,selection|Qwen/Qwen2.5-7B-Instruct|a,selection,0.8583,0.975,600,delta_pp:1,-1.4276,-0.401,False,True,False
195,selection|allenai/OLMo-2-1124-7B-Instruct|a,selection,0.8176,0.925,600,delta_pp:1,0.8484,-0.8898,False,False,False
195,selection|ibm-granite/granite-3.3-8b-instruct|a,selection,0.9119,0.9683,600,delta_pp:1,-0.3691,0.9105,False,False,False
195,selection|microsoft/Phi-3.5-mini-instruct|a,selection,0.7988,0.9433,600,delta_pp:1,1.236,1.8188,True,True,True
195,selection|Qwen/Qwen2.5-7B-Instruct|b,selection,0.8726,0.975,600,delta_pp:1,-2.158,-0.5102,False,True,False
195,selection|allenai/OLMo-2-1124-7B-Instruct|b,selection,0.8042,0.9267,600,delta_pp:1,-0.0641,0.3366,False,False,False
195,selection|ibm-granite/granite-3.3-8b-instruct|b,selection,0.8941,0.9617,600,delta_pp:1,-0.9237,1.8088,True,False,False
195,selection|microsoft/Phi-3.5-mini-instruct|b,selection,0.8631,0.93,600,delta_pp:1,-0.4253,2.3681,True,False,False
195,selection|Qwen/Qwen2.5-7B-Instruct|c,selection,0.8432,0.9733,600,delta_pp:1,-1.6663,-0.384,False,True,False
195,selection|allenai/OLMo-2-1124-7B-Instruct|c,selection,0.748,0.9283,600,delta_pp:1,-0.0709,1.2233,True,False,True
195,selection|ibm-granite/granite-3.3-8b-instruct|c,selection,0.8834,0.9683,600,delta_pp:1,-1.5203,1.1876,True,True,False
195,selection|microsoft/Phi-3.5-mini-instruct|c,selection,0.8303,0.895,600,delta_pp:1,3.4206,3.7391,True,True,False
196,selection|Qwen/Qwen2.5-7B-Instruct|a,selection,0.8749,0.98,600,delta_pp:1,-0.8844,-0.401,False,False,False
196,selection|allenai/OLMo-2-1124-7B-Instruct|a,selection,0.8513,0.935,600,delta_pp:1,1.5367,-0.8898,False,True,False
196,selection|ibm-granite/granite-3.3-8b-instruct|a,selection,0.9463,0.96,600,delta_pp:1,2.8536,0.9105,False,True,False
196,selection|microsoft/Phi-3.5-mini-instruct|a,selection,0.872,0.9433,600,delta_pp:1,0.4463,1.8188,True,False,False
196,selection|Qwen/Qwen2.5-7B-Instruct|b,selection,0.8723,0.975,600,delta_pp:1,-1.2074,-0.5102,False,True,False
196,selection|allenai/OLMo-2-1124-7B-Instruct|b,selection,0.8487,0.93,600,delta_pp:1,0.5504,0.3366,False,False,False
196,selection|ibm-granite/granite-3.3-8b-instruct|b,selection,0.929,0.9583,600,delta_pp:1,3.2477,1.8088,True,True,False
196,selection|microsoft/Phi-3.5-mini-instruct|b,selection,0.9331,0.935,600,delta_pp:1,2.5868,2.3681,True,True,False
196,selection|Qwen/Qwen2.5-7B-Instruct|c,selection,0.8396,0.975,600,delta_pp:1,-1.1096,-0.384,False,True,False
196,selection|allenai/OLMo-2-1124-7B-Instruct|c,selection,0.8487,0.93,600,delta_pp:1,2.5403,1.2233,True,True,False
196,selection|ibm-granite/granite-3.3-8b-instruct|c,selection,0.9007,0.9667,600,delta_pp:1,2.9993,1.1876,True,True,False
196,selection|microsoft/Phi-3.5-mini-instruct|c,selection,0.9209,0.9117,600,delta_pp:1,2.6273,3.7391,True,True,False
197,selection|Qwen/Qwen2.5-7B-Instruct|a,selection,0.9038,0.98,600,delta_pp:1,-0.928,-0.401,False,False,False
197,selection|allenai/OLMo-2-1124-7B-Instruct|a,selection,0.8684,0.94,600,delta_pp:1,-0.8242,-0.8898,False,False,False
197,selection|ibm-granite/granite-3.3-8b-instruct|a,selection,0.9387,0.965,600,delta_pp:1,0.5991,0.9105,False,False,False
197,selection|microsoft/Phi-3.5-mini-instruct|a,selection,0.8576,0.9467,600,delta_pp:1,2.533,1.8188,True,True,False
197,selection|Qwen/Qwen2.5-7B-Instruct|b,selection,0.9029,0.9783,600,delta_pp:1,-0.5934,-0.5102,False,False,False
197,selection|allenai/OLMo-2-1124-7B-Instruct|b,selection,0.8497,0.9317,600,delta_pp:1,-1.7335,0.3366,False,True,False
197,selection|ibm-granite/granite-3.3-8b-instruct|b,selection,0.9253,0.9667,600,delta_pp:1,2.3069,1.8088,True,True,False
197,selection|microsoft/Phi-3.5-mini-instruct|b,selection,0.88,0.935,600,delta_pp:1,2.1355,2.3681,True,True,False
197,selection|Qwen/Qwen2.5-7B-Instruct|c,selection,0.9029,0.9783,600,delta_pp:1,-0.5934,-0.384,False,False,False
197,selection|allenai/OLMo-2-1124-7B-Instruct|c,selection,0.8559,0.9433,600,delta_pp:1,-0.1143,1.2233,True,False,False
197,selection|ibm-granite/granite-3.3-8b-instruct|c,selection,0.8825,0.9667,600,delta_pp:1,1.119,1.1876,True,True,False
197,selection|microsoft/Phi-3.5-mini-instruct|c,selection,0.8615,0.9,600,delta_pp:1,0.5385,3.7391,True,False,False
198,selection|Qwen/Qwen2.5-7B-Instruct|a,selection,0.8652,0.9817,600,delta_pp:1,0.3989,-0.401,False,False,False
198,selection|allenai/OLMo-2-1124-7B-Instruct|a,selection,0.861,0.9333,600,delta_pp:1,0.7987,-0.8898,False,False,False
198,selection|ibm-granite/granite-3.3-8b-instruct|a,selection,0.88,0.97,600,delta_pp:1,0.7351,0.9105,False,False,False
198,selection|microsoft/Phi-3.5-mini-instruct|a,selection,0.8653,0.9417,600,delta_pp:1,5.7196,1.8188,True,True,False
198,selection|Qwen/Qwen2.5-7B-Instruct|b,selection,0.8652,0.9817,600,delta_pp:1,-0.2644,-0.5102,False,False,False
198,selection|allenai/OLMo-2-1124-7B-Instruct|b,selection,0.8436,0.94,600,delta_pp:1,0.7959,0.3366,False,False,False
198,selection|ibm-granite/granite-3.3-8b-instruct|b,selection,0.8322,0.9583,600,delta_pp:1,3.085,1.8088,True,True,False
198,selection|microsoft/Phi-3.5-mini-instruct|b,selection,0.8584,0.9283,600,delta_pp:1,5.7242,2.3681,True,True,False
198,selection|Qwen/Qwen2.5-7B-Instruct|c,selection,0.8435,0.98,600,delta_pp:1,-1.2084,-0.384,False,True,False
198,selection|allenai/OLMo-2-1124-7B-Instruct|c,selection,0.7923,0.9217,600,delta_pp:1,3.7859,1.2233,True,True,True
198,selection|ibm-granite/granite-3.3-8b-instruct|c,selection,0.8609,0.9733,600,delta_pp:1,1.4222,1.1876,True,True,False
198,selection|microsoft/Phi-3.5-mini-instruct|c,selection,0.8445,0.9017,600,delta_pp:1,8.3866,3.7391,True,True,False
199,selection|Qwen/Qwen2.5-7B-Instruct|a,selection,0.8542,0.9683,600,delta_pp:1,-0.2466,-0.401,False,False,False
199,selection|allenai/OLMo-2-1124-7B-Instruct|a,selection,0.8264,0.9167,600,delta_pp:1,-1.196,-0.8898,False,True,False
199,selection|ibm-granite/granite-3.3-8b-instruct|a,selection,0.8559,0.9517,600,delta_pp:1,3.0486,0.9105,False,True,False
199,selection|microsoft/Phi-3.5-mini-instruct|a,selection,0.8425,0.9267,600,delta_pp:1,4.0524,1.8188,True,True,False
199,selection|Qwen/Qwen2.5-7B-Instruct|b,selection,0.8524,0.965,600,delta_pp:1,0.4178,-0.5102,False,False,False
199,selection|allenai/OLMo-2-1124-7B-Instruct|b,selection,0.838,0.9183,600,delta_pp:1,0.4346,0.3366,False,False,False
199,selection|ibm-granite/granite-3.3-8b-instruct|b,selection,0.8649,0.9483,600,delta_pp:1,0.4241,1.8088,True,False,False
199,selection|microsoft/Phi-3.5-mini-instruct|b,selection,0.855,0.91,600,delta_pp:1,7.3342,2.3681,True,True,False
199,selection|Qwen/Qwen2.5-7B-Instruct|c,selection,0.8551,0.97,600,delta_pp:1,1.3973,-0.384,False,True,False
199,selection|allenai/OLMo-2-1124-7B-Instruct|c,selection,0.8129,0.9117,600,delta_pp:1,3.1033,1.2233,True,True,False
199,selection|ibm-granite/granite-3.3-8b-instruct|c,selection,0.8237,0.9517,600,delta_pp:1,1.7623,1.1876,True,True,False
199,selection|microsoft/Phi-3.5-mini-instruct|c,selection,0.837,0.8767,600,delta_pp:1,4.7066,3.7391,True,True,False
