draw,key,area,balanced_accuracy,accuracy,n_audit,stat,audit_estimate,full_estimate,unsafe_full,flag_audit,flag_ba
0,selection|Qwen/Qwen2.5-7B-Instruct|a,selection,0.8518,0.97,300,delta_pp:1,2.5304,-0.401,False,True,False
0,selection|allenai/OLMo-2-1124-7B-Instruct|a,selection,0.841,0.95,300,delta_pp:1,-0.012,-0.8898,False,False,False
0,selection|ibm-granite/granite-3.3-8b-instruct|a,selection,0.863,0.95,300,delta_pp:1,5.1643,0.9105,False,True,False
0,selection|microsoft/Phi-3.5-mini-instruct|a,selection,0.8743,0.93,300,delta_pp:1,5.1036,1.8188,True,True,False
0,selection|Qwen/Qwen2.5-7B-Instruct|b,selection,0.8994,0.9767,300,delta_pp:1,2.3654,-0.5102,False,True,False
0,selection|allenai/OLMo-2-1124-7B-Instruct|b,selection,0.8541,0.9333,300,delta_pp:1,-0.6847,0.3366,False,False,False
0,selection|ibm-granite/granite-3.3-8b-instruct|b,selection,0.8833,0.9467,300,delta_pp:1,7.0481,1.8088,True,True,False
0,selection|microsoft/Phi-3.5-mini-instruct|b,selection,0.8451,0.9167,300,delta_pp:1,5.2347,2.3681,True,True,False
0,selection|Qwen/Qwen2.5-7B-Instruct|c,selection,0.85,0.9667,300,delta_pp:1,3.1973,-0.384,False,True,False
0,selection|allenai/OLMo-2-1124-7B-Instruct|c,selection,0.7791,0.9167,300,delta_pp:1,4.1138,1.2233,True,True,True
0,selection|ibm-granite/granite-3.3-8b-instruct|c,selection,0.8226,0.9567,300,delta_pp:1,3.9813,1.1876,True,True,False
0,selection|microsoft/Phi-3.5-mini-instruct|c,selection,0.8344,0.8967,300,delta_pp:1,9.2363,3.7391,True,True,False
1,selection|Qwen/Qwen2.5-7B-Instruct|a,selection,0.91,0.9867,300,delta_pp:1,1.96,-0.401,False,True,False
1,selection|allenai/OLMo-2-1124-7B-Instruct|a,selection,0.887,0.9433,300,delta_pp:1,-1.0377,-0.8898,False,True,False
1,selection|ibm-granite/granite-3.3-8b-instruct|a,selection,0.9529,0.9633,300,delta_pp:1,3.7923,0.9105,False,True,False
1,selection|microsoft/Phi-3.5-mini-instruct|a,selection,0.9529,0.9633,300,delta_pp:1,2.4724,1.8188,True,True,False
1,selection|Qwen/Qwen2.5-7B-Instruct|b,selection,0.9688,0.9933,300,delta_pp:1,0.3884,-0.5102,False,False,False
1,selection|allenai/OLMo-2-1124-7B-Instruct|b,selection,0.9147,0.9433,300,delta_pp:1,-2.5476,0.3366,False,True,False
1,selection|ibm-granite/granite-3.3-8b-instruct|b,selection,0.92,0.9533,300,delta_pp:1,5.9967,1.8088,True,True,False
1,selection|microsoft/Phi-3.5-mini-instruct|b,selection,0.9147,0.9433,300,delta_pp:1,2.7318,2.3681,True,True,False
1,selection|Qwen/Qwen2.5-7B-Instruct|c,selection,0.9118,0.99,300,delta_pp:1,1.2884,-0.384,False,True,False
1,selection|allenai/OLMo-2-1124-7B-Instruct|c,selection,0.797,0.93,300,delta_pp:1,0.8227,1.2233,True,False,True
1,selection|ibm-granite/granite-3.3-8b-instruct|c,selection,0.8906,0.95,300,delta_pp:1,5.5384,1.1876,True,True,False
1,selection|microsoft/Phi-3.5-mini-instruct|c,selection,0.9023,0.92,300,delta_pp:1,6.1125,3.7391,True,True,False
2,selection|Qwen/Qwen2.5-7B-Instruct|a,selection,0.9479,0.9767,300,delta_pp:1,-1.4433,-0.401,False,True,False
2,selection|allenai/OLMo-2-1124-7B-Instruct|a,selection,0.6302,0.9033,300,delta_pp:1,-2.9499,-0.8898,False,True,True
2,selection|ibm-granite/granite-3.3-8b-instruct|a,selection,0.8993,0.96,300,delta_pp:1,-1.7274,0.9105,False,True,False
2,selection|microsoft/Phi-3.5-mini-instruct|a,selection,0.8889,0.94,300,delta_pp:1,-0.3256,1.8188,True,False,False
2,selection|Qwen/Qwen2.5-7B-Instruct|b,selection,0.9479,0.9767,300,delta_pp:1,-1.4433,-0.5102,False,True,False
2,selection|allenai/OLMo-2-1124-7B-Instruct|b,selection,0.7552,0.9133,300,delta_pp:1,-0.6136,0.3366,False,False,True
2,selection|ibm-granite/granite-3.3-8b-instruct|b,selection,0.9306,0.9433,300,delta_pp:1,1.3331,1.8088,True,True,False
2,selection|microsoft/Phi-3.5-mini-instruct|b,selection,0.875,0.9133,300,delta_pp:1,-2.8562,2.3681,True,True,False
2,selection|Qwen/Qwen2.5-7B-Instruct|c,selection,0.9462,0.9733,300,delta_pp:1,-2.0896,-0.384,False,True,False
2,selection|allenai/OLMo-2-1124-7B-Instruct|c,selection,0.6389,0.92,300,delta_pp:1,0.2817,1.2233,True,False,True
2,selection|ibm-granite/granite-3.3-8b-instruct|c,selection,0.9427,0.9667,300,delta_pp:1,-3.3822,1.1876,True,True,False
2,selection|microsoft/Phi-3.5-mini-instruct|c,selection,0.8507,0.8667,300,delta_pp:1,-0.0252,3.7391,True,False,False
3,selection|Qwen/Qwen2.5-7B-Instruct|a,selection,0.9175,0.9833,300,delta_pp:1,-0.9888,-0.401,False,False,False
3,selection|allenai/OLMo-2-1124-7B-Instruct|a,selection,0.7891,0.9267,300,delta_pp:1,0.7881,-0.8898,False,False,True
3,selection|ibm-granite/granite-3.3-8b-instruct|a,selection,0.8542,0.9567,300,delta_pp:1,2.1639,0.9105,False,True,False
3,selection|microsoft/Phi-3.5-mini-instruct|a,selection,0.8698,0.94,300,delta_pp:1,1.3571,1.8188,True,True,False
3,selection|Qwen/Qwen2.5-7B-Instruct|b,selection,0.8894,0.9767,300,delta_pp:1,0.5177,-0.5102,False,False,False
3,selection|allenai/OLMo-2-1124-7B-Instruct|b,selection,0.868,0.9367,300,delta_pp:1,0.7135,0.3366,False,False,False
3,selection|ibm-granite/granite-3.3-8b-instruct|b,selection,0.8154,0.93,300,delta_pp:1,3.8428,1.8088,True,True,False
3,selection|microsoft/Phi-3.5-mini-instruct|b,selection,0.8645,0.93,300,delta_pp:1,0.7462,2.3681,True,False,False
3,selection|Qwen/Qwen2.5-7B-Instruct|c,selection,0.8631,0.9733,300,delta_pp:1,1.3478,-0.384,False,True,False
3,selection|allenai/OLMo-2-1124-7B-Instruct|c,selection,0.7998,0.9467,300,delta_pp:1,1.9354,1.2233,True,True,True
3,selection|ibm-granite/granite-3.3-8b-instruct|c,selection,0.856,0.96,300,delta_pp:1,1.4877,1.1876,True,True,False
3,selection|microsoft/Phi-3.5-mini-instruct|c,selection,0.8783,0.91,300,delta_pp:1,3.3298,3.7391,True,True,False
4,selection|Qwen/Qwen2.5-7B-Instruct|a,selection,0.9039,0.9833,300,delta_pp:1,-0.51,-0.401,False,False,False
4,selection|allenai/OLMo-2-1124-7B-Instruct|a,selection,0.9303,0.95,300,delta_pp:1,-3.1226,-0.8898,False,True,False
4,selection|ibm-granite/granite-3.3-8b-instruct|a,selection,0.9372,0.9633,300,delta_pp:1,0.8282,0.9105,False,False,False
4,selection|microsoft/Phi-3.5-mini-instruct|a,selection,0.9303,0.95,300,delta_pp:1,2.0586,1.8188,True,True,False
4,selection|Qwen/Qwen2.5-7B-Instruct|b,selection,0.9056,0.9867,300,delta_pp:1,0.1477,-0.5102,False,False,False
4,selection|allenai/OLMo-2-1124-7B-Instruct|b,selection,0.9269,0.9433,300,delta_pp:1,0.8418,0.3366,False,False,False
4,selection|ibm-granite/granite-3.3-8b-instruct|b,selection,0.9758,0.9533,300,delta_pp:1,4.0408,1.8088,True,True,False
4,selection|microsoft/Phi-3.5-mini-instruct|b,selection,0.9671,0.9367,300,delta_pp:1,2.0723,2.3681,True,True,False
4,selection|Qwen/Qwen2.5-7B-Instruct|c,selection,0.8584,0.98,300,delta_pp:1,0.2463,-0.384,False,False,False
4,selection|allenai/OLMo-2-1124-7B-Instruct|c,selection,0.8814,0.94,300,delta_pp:1,0.1795,1.2233,True,False,False
4,selection|ibm-granite/granite-3.3-8b-instruct|c,selection,0.8849,0.9467,300,delta_pp:1,4.0362,1.1876,True,True,False
4,selection|microsoft/Phi-3.5-mini-instruct|c,selection,0.9429,0.89,300,delta_pp:1,0.7841,3.7391,True,False,False
5,selection|Qwen/Qwen2.5-7B-Instruct|a,selection,0.8519,0.9767,300,delta_pp:1,0.66,-0.401,False,False,False
5,selection|allenai/OLMo-2-1124-7B-Instruct|a,selection,0.783,0.91,300,delta_pp:1,2.0189,-0.8898,False,True,True
5,selection|ibm-granite/granite-3.3-8b-instruct|a,selection,0.9808,0.9633,300,delta_pp:1,0.66,0.9105,False,False,False
5,selection|microsoft/Phi-3.5-mini-instruct|a,selection,0.8309,0.9367,300,delta_pp:1,6.0178,1.8188,True,True,False
5,selection|Qwen/Qwen2.5-7B-Instruct|b,selection,0.8501,0.9733,300,delta_pp:1,1.3199,-0.5102,False,True,False
5,selection|allenai/OLMo-2-1124-7B-Instruct|b,selection,0.8222,0.92,300,delta_pp:1,2.718,0.3366,False,True,False
5,selection|ibm-granite/granite-3.3-8b-instruct|b,selection,0.9076,0.9533,300,delta_pp:1,3.9597,1.8088,True,True,False
5,selection|microsoft/Phi-3.5-mini-instruct|b,selection,0.783,0.91,300,delta_pp:1,5.9787,2.3681,True,True,True
5,selection|Qwen/Qwen2.5-7B-Instruct|c,selection,0.8501,0.9733,300,delta_pp:1,1.3199,-0.384,False,True,False
5,selection|allenai/OLMo-2-1124-7B-Instruct|c,selection,0.7882,0.92,300,delta_pp:1,1.4372,1.2233,True,True,True
5,selection|ibm-granite/granite-3.3-8b-instruct|c,selection,0.8754,0.9567,300,delta_pp:1,3.2607,1.1876,True,True,False
5,selection|microsoft/Phi-3.5-mini-instruct|c,selection,0.8099,0.8967,300,delta_pp:1,6.0178,3.7391,True,True,False
6,selection|Qwen/Qwen2.5-7B-Instruct|a,selection,0.7675,0.9733,300,delta_pp:1,0.2949,-0.401,False,False,True
6,selection|allenai/OLMo-2-1124-7B-Instruct|a,selection,0.8658,0.91,300,delta_pp:1,-6.1466,-0.8898,False,True,False
6,selection|ibm-granite/granite-3.3-8b-instruct|a,selection,0.8901,0.9567,300,delta_pp:1,0.2944,0.9105,False,False,False
6,selection|microsoft/Phi-3.5-mini-instruct|a,selection,0.8342,0.9333,300,delta_pp:1,2.6375,1.8188,True,True,False
6,selection|Qwen/Qwen2.5-7B-Instruct|b,selection,0.7658,0.97,300,delta_pp:1,-1.5395,-0.5102,False,True,True
6,selection|allenai/OLMo-2-1124-7B-Instruct|b,selection,0.8779,0.9333,300,delta_pp:1,1.0337,0.3366,False,True,False
6,selection|ibm-granite/granite-3.3-8b-instruct|b,selection,0.8342,0.9333,300,delta_pp:1,-0.0024,1.8088,True,False,False
6,selection|microsoft/Phi-3.5-mini-instruct|b,selection,0.8676,0.9133,300,delta_pp:1,2.4217,2.3681,True,True,False
6,selection|Qwen/Qwen2.5-7B-Instruct|c,selection,0.8987,0.9733,300,delta_pp:1,0.8977,-0.384,False,False,False
6,selection|allenai/OLMo-2-1124-7B-Instruct|c,selection,0.836,0.9367,300,delta_pp:1,4.4719,1.2233,True,True,False
6,selection|ibm-granite/granite-3.3-8b-instruct|c,selection,0.7992,0.95,300,delta_pp:1,0.7504,1.1876,True,False,True
6,selection|microsoft/Phi-3.5-mini-instruct|c,selection,0.8399,0.86,300,delta_pp:1,2.6032,3.7391,True,True,False
7,selection|Qwen/Qwen2.5-7B-Instruct|a,selection,0.8409,0.9767,300,delta_pp:1,0.4449,-0.401,False,False,False
7,selection|allenai/OLMo-2-1124-7B-Instruct|a,selection,0.7344,0.9133,300,delta_pp:1,-0.3362,-0.8898,False,False,True
7,selection|ibm-granite/granite-3.3-8b-instruct|a,selection,0.9144,0.9767,300,delta_pp:1,-0.7127,0.9105,False,False,False
7,selection|microsoft/Phi-3.5-mini-instruct|a,selection,0.8987,0.9467,300,delta_pp:1,7.7617,1.8188,True,True,False
7,selection|Qwen/Qwen2.5-7B-Instruct|b,selection,0.9161,0.98,300,delta_pp:1,1.185,-0.5102,False,True,False
7,selection|allenai/OLMo-2-1124-7B-Instruct|b,selection,0.8183,0.9333,300,delta_pp:1,-0.1602,0.3366,False,False,False
7,selection|ibm-granite/granite-3.3-8b-instruct|b,selection,0.9091,0.9667,300,delta_pp:1,3.8157,1.8088,True,True,False
7,selection|microsoft/Phi-3.5-mini-instruct|b,selection,0.8935,0.9367,300,delta_pp:1,3.1352,2.3681,True,True,False
7,selection|Qwen/Qwen2.5-7B-Instruct|c,selection,0.8392,0.9733,300,delta_pp:1,1.1026,-0.384,False,True,False
7,selection|allenai/OLMo-2-1124-7B-Instruct|c,selection,0.82,0.9367,300,delta_pp:1,4.4618,1.2233,True,True,False
7,selection|ibm-granite/granite-3.3-8b-instruct|c,selection,0.8759,0.9733,300,delta_pp:1,2.5037,1.1876,True,True,False
7,selection|microsoft/Phi-3.5-mini-instruct|c,selection,0.876,0.9033,300,delta_pp:1,11.0318,3.7391,True,True,False
8,selection|Qwen/Qwen2.5-7B-Instruct|a,selection,0.8836,0.9767,300,delta_pp:1,-1.1393,-0.401,False,True,False
8,selection|allenai/OLMo-2-1124-7B-Instruct|a,selection,0.8481,0.91,300,delta_pp:1,-0.5816,-0.8898,False,False,False
8,selection|ibm-granite/granite-3.3-8b-instruct|a,selection,0.9267,0.96,300,delta_pp:1,-2.4511,0.9105,False,True,False
8,selection|microsoft/Phi-3.5-mini-instruct|a,selection,0.8327,0.93,300,delta_pp:1,0.9666,1.8188,True,False,False
8,selection|Qwen/Qwen2.5-7B-Instruct|b,selection,0.88,0.97,300,delta_pp:1,-2.4033,-0.5102,False,True,False
8,selection|allenai/OLMo-2-1124-7B-Instruct|b,selection,0.8587,0.93,300,delta_pp:1,0.5709,0.3366,False,False,False
8,selection|ibm-granite/granite-3.3-8b-instruct|b,selection,0.8936,0.9467,300,delta_pp:1,0.6957,1.8088,True,False,False
8,selection|microsoft/Phi-3.5-mini-instruct|b,selection,0.8375,0.89,300,delta_pp:1,3.5452,2.3681,True,True,False
8,selection|Qwen/Qwen2.5-7B-Instruct|c,selection,0.8558,0.9733,300,delta_pp:1,-1.3756,-0.384,False,True,False
8,selection|allenai/OLMo-2-1124-7B-Instruct|c,selection,0.8327,0.93,300,delta_pp:1,3.6062,1.2233,True,True,False
8,selection|ibm-granite/granite-3.3-8b-instruct|c,selection,0.9025,0.9633,300,delta_pp:1,1.2162,1.1876,True,True,False
8,selection|microsoft/Phi-3.5-mini-instruct|c,selection,0.8197,0.8567,300,delta_pp:1,3.824,3.7391,True,True,False
9,selection|Qwen/Qwen2.5-7B-Instruct|a,selection,0.9132,0.9867,300,delta_pp:1,0.9374,-0.401,False,False,False
9,selection|allenai/OLMo-2-1124-7B-Instruct|a,selection,0.8073,0.9367,300,delta_pp:1,-0.3568,-0.8898,False,False,False
9,selection|ibm-granite/granite-3.3-8b-instruct|a,selection,0.9878,0.9767,300,delta_pp:1,1.0233,0.9105,False,True,False
9,selection|microsoft/Phi-3.5-mini-instruct|a,selection,0.8924,0.9467,300,delta_pp:1,1.1013,1.8188,True,True,False
9,selection|Qwen/Qwen2.5-7B-Instruct|b,selection,0.8715,0.9833,300,delta_pp:1,1.7844,-0.5102,False,True,False
9,selection|allenai/OLMo-2-1124-7B-Instruct|b,selection,0.8958,0.9533,300,delta_pp:1,2.2597,0.3366,False,True,False
9,selection|ibm-granite/granite-3.3-8b-instruct|b,selection,0.8993,0.96,300,delta_pp:1,4.8722,1.8088,True,True,False
9,selection|microsoft/Phi-3.5-mini-instruct|b,selection,0.9253,0.9333,300,delta_pp:1,0.8484,2.3681,True,False,False
9,selection|Qwen/Qwen2.5-7B-Instruct|c,selection,0.8733,0.9867,300,delta_pp:1,1.1107,-0.384,False,True,False
9,selection|allenai/OLMo-2-1124-7B-Instruct|c,selection,0.7274,0.9367,300,delta_pp:1,0.2583,1.2233,True,False,True
9,selection|ibm-granite/granite-3.3-8b-instruct|c,selection,0.8628,0.9667,300,delta_pp:1,3.8325,1.1876,True,True,False
9,selection|microsoft/Phi-3.5-mini-instruct|c,selection,0.901,0.8867,300,delta_pp:1,6.3193,3.7391,True,True,False
10,selection|Qwen/Qwen2.5-7B-Instruct|a,selection,0.8091,0.9833,300,delta_pp:1,0.5498,-0.401,False,False,False
10,selection|allenai/OLMo-2-1124-7B-Instruct|a,selection,0.7817,0.93,300,delta_pp:1,-0.6265,-0.8898,False,False,True
10,selection|ibm-granite/granite-3.3-8b-instruct|a,selection,0.8579,0.96,300,delta_pp:1,3.6032,0.9105,False,True,False
10,selection|microsoft/Phi-3.5-mini-instruct|a,selection,0.8493,0.9433,300,delta_pp:1,5.6281,1.8188,True,True,False
10,selection|Qwen/Qwen2.5-7B-Instruct|b,selection,0.8074,0.98,300,delta_pp:1,1.2188,-0.5102,False,True,False
10,selection|allenai/OLMo-2-1124-7B-Instruct|b,selection,0.9623,0.9267,300,delta_pp:1,0.4343,0.3366,False,False,False
10,selection|ibm-granite/granite-3.3-8b-instruct|b,selection,0.9187,0.96,300,delta_pp:1,4.6139,1.8088,True,True,False
10,selection|microsoft/Phi-3.5-mini-instruct|b,selection,0.8947,0.9133,300,delta_pp:1,8.6996,2.3681,True,True,False
10,selection|Qwen/Qwen2.5-7B-Instruct|c,selection,0.8039,0.9733,300,delta_pp:1,1.2367,-0.384,False,True,False
10,selection|allenai/OLMo-2-1124-7B-Instruct|c,selection,0.8998,0.9233,300,delta_pp:1,2.7326,1.2233,True,True,False
10,selection|ibm-granite/granite-3.3-8b-instruct|c,selection,0.9221,0.9667,300,delta_pp:1,1.9559,1.1876,True,True,False
10,selection|microsoft/Phi-3.5-mini-instruct|c,selection,0.9452,0.8933,300,delta_pp:1,9.7641,3.7391,True,True,False
11,selection|Qwen/Qwen2.5-7B-Instruct|a,selection,0.7675,0.9767,300,delta_pp:1,-0.2826,-0.401,False,False,True
11,selection|allenai/OLMo-2-1124-7B-Instruct|a,selection,0.7361,0.9167,300,delta_pp:1,3.6337,-0.8898,False,True,True
11,selection|ibm-granite/granite-3.3-8b-instruct|a,selection,0.8357,0.9667,300,delta_pp:1,-0.929,0.9105,False,False,False
11,selection|microsoft/Phi-3.5-mini-instruct|a,selection,0.8287,0.9533,300,delta_pp:1,2.9554,1.8188,True,True,False
11,selection|Qwen/Qwen2.5-7B-Instruct|b,selection,0.7675,0.9767,300,delta_pp:1,-1.518,-0.5102,False,True,True
11,selection|allenai/OLMo-2-1124-7B-Instruct|b,selection,0.7414,0.9267,300,delta_pp:1,1.7315,0.3366,False,True,True
11,selection|ibm-granite/granite-3.3-8b-instruct|b,selection,0.834,0.9633,300,delta_pp:1,-1.6712,1.8088,True,True,False
11,selection|microsoft/Phi-3.5-mini-instruct|b,selection,0.9284,0.9333,300,delta_pp:1,6.7699,2.3681,True,True,False
11,selection|Qwen/Qwen2.5-7B-Instruct|c,selection,0.7273,0.97,300,delta_pp:1,-0.1969,-0.384,False,False,True
11,selection|allenai/OLMo-2-1124-7B-Instruct|c,selection,0.7344,0.9133,300,delta_pp:1,5.7004,1.2233,True,True,True
11,selection|ibm-granite/granite-3.3-8b-instruct|c,selection,0.834,0.9633,300,delta_pp:1,-1.6712,1.1876,True,True,False
11,selection|microsoft/Phi-3.5-mini-instruct|c,selection,0.876,0.9033,300,delta_pp:1,10.0869,3.7391,True,True,False
12,selection|Qwen/Qwen2.5-7B-Instruct|a,selection,0.8427,0.98,300,delta_pp:1,-1.0744,-0.401,False,True,False
12,selection|allenai/OLMo-2-1124-7B-Instruct|a,selection,0.7414,0.9267,300,delta_pp:1,-2.6681,-0.8898,False,True,True
12,selection|ibm-granite/granite-3.3-8b-instruct|a,selection,0.8707,0.9633,300,delta_pp:1,1.9774,0.9105,False,True,False
12,selection|microsoft/Phi-3.5-mini-instruct|a,selection,0.8602,0.9433,300,delta_pp:1,-0.4319,1.8188,True,False,False
12,selection|Qwen/Qwen2.5-7B-Instruct|b,selection,0.8794,0.98,300,delta_pp:1,-0.0824,-0.5102,False,False,False
12,selection|allenai/OLMo-2-1124-7B-Instruct|b,selection,0.8183,0.9333,300,delta_pp:1,1.9238,0.3366,False,True,False
12,selection|ibm-granite/granite-3.3-8b-instruct|b,selection,0.8672,0.9567,300,delta_pp:1,3.3293,1.8088,True,True,False
12,selection|microsoft/Phi-3.5-mini-instruct|b,selection,0.8078,0.9133,300,delta_pp:1,-0.6201,2.3681,True,False,False
12,selection|Qwen/Qwen2.5-7B-Instruct|c,selection,0.8025,0.9733,300,delta_pp:1,-0.7145,-0.384,False,False,False
12,selection|allenai/OLMo-2-1124-7B-Instruct|c,selection,0.785,0.94,300,delta_pp:1,0.8999,1.2233,True,False,True
12,selection|ibm-granite/granite-3.3-8b-instruct|c,selection,0.834,0.9633,300,delta_pp:1,2.3053,1.1876,True,True,False
12,selection|microsoft/Phi-3.5-mini-instruct|c,selection,0.8778,0.9067,300,delta_pp:1,2.7158,3.7391,True,True,False
13,selection|Qwen/Qwen2.5-7B-Instruct|a,selection,0.9527,0.99,300,delta_pp:1,1.1613,-0.401,False,True,False
13,selection|allenai/OLMo-2-1124-7B-Instruct|a,selection,0.8103,0.92,300,delta_pp:1,-0.9783,-0.8898,False,False,False
13,selection|ibm-granite/granite-3.3-8b-instruct|a,selection,0.9402,0.9667,300,delta_pp:1,3.24,0.9105,False,True,False
13,selection|microsoft/Phi-3.5-mini-instruct|a,selection,0.924,0.9367,300,delta_pp:1,4.0851,1.8188,True,True,False
13,selection|Qwen/Qwen2.5-7B-Instruct|b,selection,0.9264,0.98,300,delta_pp:1,3.298,-0.5102,False,True,False
13,selection|allenai/OLMo-2-1124-7B-Instruct|b,selection,0.8277,0.9133,300,delta_pp:1,2.8367,0.3366,False,True,False
13,selection|ibm-granite/granite-3.3-8b-instruct|b,selection,0.9366,0.96,300,delta_pp:1,7.2276,1.8088,True,True,False
13,selection|microsoft/Phi-3.5-mini-instruct|b,selection,0.9024,0.8967,300,delta_pp:1,6.8943,2.3681,True,True,False
13,selection|Qwen/Qwen2.5-7B-Instruct|c,selection,0.9264,0.98,300,delta_pp:1,2.0362,-0.384,False,True,False
13,selection|allenai/OLMo-2-1124-7B-Instruct|c,selection,0.7858,0.9133,300,delta_pp:1,4.5016,1.2233,True,True,True
13,selection|ibm-granite/granite-3.3-8b-instruct|c,selection,0.9192,0.9667,300,delta_pp:1,3.4125,1.1876,True,True,False
13,selection|microsoft/Phi-3.5-mini-instruct|c,selection,0.9388,0.8867,300,delta_pp:1,5.9317,3.7391,True,True,False
14,selection|Qwen/Qwen2.5-7B-Instruct|a,selection,0.8492,0.9533,300,delta_pp:1,-2.612,-0.401,False,True,False
14,selection|allenai/OLMo-2-1124-7B-Instruct|a,selection,0.7368,0.9,300,delta_pp:1,-3.0153,-0.8898,False,True,True
14,selection|ibm-granite/granite-3.3-8b-instruct|a,selection,0.8929,0.9567,300,delta_pp:1,-0.9337,0.9105,False,False,False
14,selection|microsoft/Phi-3.5-mini-instruct|a,selection,0.8211,0.94,300,delta_pp:1,-1.0631,1.8188,True,True,False
14,selection|Qwen/Qwen2.5-7B-Instruct|b,selection,0.851,0.9567,300,delta_pp:1,-3.2861,-0.5102,False,True,False
14,selection|allenai/OLMo-2-1124-7B-Instruct|b,selection,0.8313,0.92,300,delta_pp:1,-1.1509,0.3366,False,True,False
14,selection|ibm-granite/granite-3.3-8b-instruct|b,selection,0.8875,0.9467,300,delta_pp:1,3.67,1.8088,True,True,False
14,selection|microsoft/Phi-3.5-mini-instruct|b,selection,0.8367,0.93,300,delta_pp:1,-1.8532,2.3681,True,True,False
14,selection|Qwen/Qwen2.5-7B-Instruct|c,selection,0.8301,0.9567,300,delta_pp:1,-3.1135,-0.384,False,True,False
14,selection|allenai/OLMo-2-1124-7B-Instruct|c,selection,0.7176,0.9033,300,delta_pp:1,-2.197,1.2233,True,True,True
14,selection|ibm-granite/granite-3.3-8b-instruct|c,selection,0.8247,0.9467,300,delta_pp:1,0.1704,1.1876,True,False,False
14,selection|microsoft/Phi-3.5-mini-instruct|c,selection,0.8342,0.8867,300,delta_pp:1,2.7773,3.7391,True,True,False
15,selection|Qwen/Qwen2.5-7B-Instruct|a,selection,0.7724,0.96,300,delta_pp:1,2.3214,-0.401,False,True,True
15,selection|allenai/OLMo-2-1124-7B-Instruct|a,selection,0.8504,0.94,300,delta_pp:1,1.8378,-0.8898,False,True,False
15,selection|ibm-granite/granite-3.3-8b-instruct|a,selection,0.9287,0.9767,300,delta_pp:1,0.3661,0.9105,False,False,False
15,selection|microsoft/Phi-3.5-mini-instruct|a,selection,0.8156,0.93,300,delta_pp:1,4.0711,1.8188,True,True,False
15,selection|Qwen/Qwen2.5-7B-Instruct|b,selection,0.7777,0.97,300,delta_pp:1,1.6061,-0.5102,False,True,True
15,selection|allenai/OLMo-2-1124-7B-Instruct|b,selection,0.8521,0.9433,300,delta_pp:1,2.3731,0.3366,False,True,False
15,selection|ibm-granite/granite-3.3-8b-instruct|b,selection,0.9269,0.9733,300,delta_pp:1,-0.2753,1.8088,True,False,False
15,selection|microsoft/Phi-3.5-mini-instruct|b,selection,0.8451,0.93,300,delta_pp:1,5.0866,2.3681,True,True,False
15,selection|Qwen/Qwen2.5-7B-Instruct|c,selection,0.8072,0.97,300,delta_pp:1,1.408,-0.384,False,True,False
15,selection|allenai/OLMo-2-1124-7B-Instruct|c,selection,0.7861,0.93,300,delta_pp:1,4.2693,1.2233,True,True,True
15,selection|ibm-granite/granite-3.3-8b-instruct|c,selection,0.8974,0.9733,300,delta_pp:1,0.029,1.1876,True,False,False
15,selection|microsoft/Phi-3.5-mini-instruct|c,selection,0.7892,0.88,300,delta_pp:1,8.8613,3.7391,True,True,True
16,selection|Qwen/Qwen2.5-7B-Instruct|a,selection,0.9029,0.9733,300,delta_pp:1,-1.8776,-0.401,False,True,False
16,selection|allenai/OLMo-2-1124-7B-Instruct|a,selection,0.7864,0.91,300,delta_pp:1,-1.8233,-0.8898,False,True,True
16,selection|ibm-granite/granite-3.3-8b-instruct|a,selection,0.8317,0.9433,300,delta_pp:1,-0.7335,0.9105,False,False,False
16,selection|microsoft/Phi-3.5-mini-instruct|a,selection,0.8576,0.94,300,delta_pp:1,2.3877,1.8188,True,True,False
16,selection|Qwen/Qwen2.5-7B-Instruct|b,selection,0.8423,0.9633,300,delta_pp:1,-0.8787,-0.5102,False,False,False
16,selection|allenai/OLMo-2-1124-7B-Instruct|b,selection,0.7641,0.92,300,delta_pp:1,4.1956,0.3366,False,True,True
16,selection|ibm-granite/granite-3.3-8b-instruct|b,selection,0.83,0.94,300,delta_pp:1,1.1822,1.8088,True,True,False
16,selection|microsoft/Phi-3.5-mini-instruct|b,selection,0.8694,0.91,300,delta_pp:1,8.2413,2.3681,True,True,False
16,selection|Qwen/Qwen2.5-7B-Instruct|c,selection,0.8423,0.9633,300,delta_pp:1,-0.8787,-0.384,False,False,False
16,selection|allenai/OLMo-2-1124-7B-Instruct|c,selection,0.7676,0.9267,300,delta_pp:1,2.8526,1.2233,True,True,True
16,selection|ibm-granite/granite-3.3-8b-instruct|c,selection,0.7818,0.9533,300,delta_pp:1,2.7599,1.1876,True,True,True
16,selection|microsoft/Phi-3.5-mini-instruct|c,selection,0.8117,0.8533,300,delta_pp:1,11.9277,3.7391,True,True,False
17,selection|Qwen/Qwen2.5-7B-Instruct|a,selection,0.9213,0.99,300,delta_pp:1,0.3363,-0.401,False,False,False
17,selection|allenai/OLMo-2-1124-7B-Instruct|a,selection,0.8882,0.9267,300,delta_pp:1,2.4853,-0.8898,False,True,False
17,selection|ibm-granite/granite-3.3-8b-instruct|a,selection,0.9476,0.97,300,delta_pp:1,1.4243,0.9105,False,True,False
17,selection|microsoft/Phi-3.5-mini-instruct|a,selection,0.9389,0.9533,300,delta_pp:1,0.8442,1.8188,True,False,False
17,selection|Qwen/Qwen2.5-7B-Instruct|b,selection,0.9581,0.99,300,delta_pp:1,0.0084,-0.5102,False,False,False
17,selection|allenai/OLMo-2-1124-7B-Instruct|b,selection,0.8987,0.9467,300,delta_pp:1,6.3491,0.3366,False,True,False
17,selection|ibm-granite/granite-3.3-8b-instruct|b,selection,0.9493,0.9733,300,delta_pp:1,3.3882,1.8088,True,True,False
17,selection|microsoft/Phi-3.5-mini-instruct|b,selection,0.925,0.9267,300,delta_pp:1,2.292,2.3681,True,True,False
17,selection|Qwen/Qwen2.5-7B-Instruct|c,selection,0.9581,0.99,300,delta_pp:1,0.0084,-0.384,False,False,False
17,selection|allenai/OLMo-2-1124-7B-Instruct|c,selection,0.8533,0.93,300,delta_pp:1,7.2823,1.2233,True,True,False
17,selection|ibm-granite/granite-3.3-8b-instruct|c,selection,0.8794,0.98,300,delta_pp:1,1.2375,1.1876,True,True,False
17,selection|microsoft/Phi-3.5-mini-instruct|c,selection,0.911,0.9,300,delta_pp:1,3.7398,3.7391,True,True,False
18,selection|Qwen/Qwen2.5-7B-Instruct|a,selection,0.8707,0.9633,300,delta_pp:1,-0.0612,-0.401,False,False,False
18,selection|allenai/OLMo-2-1124-7B-Instruct|a,selection,0.9215,0.92,300,delta_pp:1,-2.184,-0.8898,False,True,False
18,selection|ibm-granite/granite-3.3-8b-instruct|a,selection,0.9441,0.9633,300,delta_pp:1,0.9354,0.9105,False,False,False
18,selection|microsoft/Phi-3.5-mini-instruct|a,selection,0.8952,0.94,300,delta_pp:1,-0.7435,1.8188,True,False,False
18,selection|Qwen/Qwen2.5-7B-Instruct|b,selection,0.9459,0.9667,300,delta_pp:1,0.2686,-0.5102,False,False,False
18,selection|allenai/OLMo-2-1124-7B-Instruct|b,selection,0.918,0.9133,300,delta_pp:1,-0.8504,0.3366,False,False,False
18,selection|ibm-granite/granite-3.3-8b-instruct|b,selection,0.9354,0.9467,300,delta_pp:1,2.9495,1.8088,True,True,False
18,selection|microsoft/Phi-3.5-mini-instruct|b,selection,0.9582,0.92,300,delta_pp:1,2.934,2.3681,True,True,False
18,selection|Qwen/Qwen2.5-7B-Instruct|c,selection,0.9126,0.9733,300,delta_pp:1,-2.2233,-0.384,False,True,False
18,selection|allenai/OLMo-2-1124-7B-Instruct|c,selection,0.8411,0.9067,300,delta_pp:1,-0.6047,1.2233,True,False,False
18,selection|ibm-granite/granite-3.3-8b-instruct|c,selection,0.9459,0.9667,300,delta_pp:1,0.3599,1.1876,True,False,False
18,selection|microsoft/Phi-3.5-mini-instruct|c,selection,0.9286,0.8633,300,delta_pp:1,7.6701,3.7391,True,True,False
19,selection|Qwen/Qwen2.5-7B-Instruct|a,selection,0.8614,0.9767,300,delta_pp:1,2.5551,-0.401,False,True,False
19,selection|allenai/OLMo-2-1124-7B-Instruct|a,selection,0.8035,0.9267,300,delta_pp:1,4.8587,-0.8898,False,True,False
19,selection|ibm-granite/granite-3.3-8b-instruct|a,selection,0.8228,0.9633,300,delta_pp:1,4.0445,0.9105,False,True,False
19,selection|microsoft/Phi-3.5-mini-instruct|a,selection,0.8474,0.95,300,delta_pp:1,6.6484,1.8188,True,True,False
19,selection|Qwen/Qwen2.5-7B-Instruct|b,selection,0.893,0.9767,300,delta_pp:1,3.7331,-0.5102,False,True,False
19,selection|allenai/OLMo-2-1124-7B-Instruct|b,selection,0.8754,0.9433,300,delta_pp:1,5.2005,0.3366,False,True,False
19,selection|ibm-granite/granite-3.3-8b-instruct|b,selection,0.8526,0.96,300,delta_pp:1,4.5694,1.8088,True,True,False
19,selection|microsoft/Phi-3.5-mini-instruct|b,selection,0.8737,0.94,300,delta_pp:1,7.1872,2.3681,True,True,False
19,selection|Qwen/Qwen2.5-7B-Instruct|c,selection,0.893,0.9767,300,delta_pp:1,3.7331,-0.384,False,True,False
19,selection|allenai/OLMo-2-1124-7B-Instruct|c,selection,0.7316,0.91,300,delta_pp:1,7.0784,1.2233,True,True,True
19,selection|ibm-granite/granite-3.3-8b-instruct|c,selection,0.8228,0.9633,300,delta_pp:1,2.7246,1.1876,True,True,False
19,selection|microsoft/Phi-3.5-mini-instruct|c,selection,0.8544,0.9033,300,delta_pp:1,7.923,3.7391,True,True,False
20,selection|Qwen/Qwen2.5-7B-Instruct|a,selection,0.8715,0.9833,300,delta_pp:1,0.5987,-0.401,False,False,False
20,selection|allenai/OLMo-2-1124-7B-Instruct|a,selection,0.6858,0.9333,300,delta_pp:1,-0.0805,-0.8898,False,False,True
20,selection|ibm-granite/granite-3.3-8b-instruct|a,selection,0.9045,0.97,300,delta_pp:1,0.3457,0.9105,False,False,False
20,selection|microsoft/Phi-3.5-mini-instruct|a,selection,0.9392,0.96,300,delta_pp:1,0.7391,1.8188,True,False,False
20,selection|Qwen/Qwen2.5-7B-Instruct|b,selection,0.8698,0.98,300,delta_pp:1,1.2723,-0.5102,False,True,False
20,selection|allenai/OLMo-2-1124-7B-Instruct|b,selection,0.8073,0.9367,300,delta_pp:1,-1.6767,0.3366,False,True,False
20,selection|ibm-granite/granite-3.3-8b-instruct|b,selection,0.901,0.9633,300,delta_pp:1,1.693,1.8088,True,True,False
20,selection|microsoft/Phi-3.5-mini-instruct|b,selection,0.9323,0.9467,300,delta_pp:1,-0.5262,2.3681,True,False,False
20,selection|Qwen/Qwen2.5-7B-Instruct|c,selection,0.8698,0.98,300,delta_pp:1,1.2723,-0.384,False,True,False
20,selection|allenai/OLMo-2-1124-7B-Instruct|c,selection,0.8177,0.9567,300,delta_pp:1,3.5211,1.2233,True,True,False
20,selection|ibm-granite/granite-3.3-8b-instruct|c,selection,0.9097,0.98,300,delta_pp:1,-0.3552,1.1876,True,False,False
20,selection|microsoft/Phi-3.5-mini-instruct|c,selection,0.9028,0.89,300,delta_pp:1,-0.954,3.7391,True,False,False
21,selection|Qwen/Qwen2.5-7B-Instruct|a,selection,0.8107,0.9767,300,delta_pp:1,0.3253,-0.401,False,False,False
21,selection|allenai/OLMo-2-1124-7B-Instruct|a,selection,0.8191,0.9367,300,delta_pp:1,-0.9742,-0.8898,False,False,False
21,selection|ibm-granite/granite-3.3-8b-instruct|a,selection,0.8314,0.96,300,delta_pp:1,3.427,0.9105,False,True,False
21,selection|microsoft/Phi-3.5-mini-instruct|a,selection,0.9164,0.9533,300,delta_pp:1,4.4171,1.8188,True,True,False
21,selection|Qwen/Qwen2.5-7B-Instruct|b,selection,0.7777,0.97,300,delta_pp:1,0.4343,-0.5102,False,False,True
21,selection|allenai/OLMo-2-1124-7B-Instruct|b,selection,0.8209,0.94,300,delta_pp:1,3.4824,0.3366,False,True,False
21,selection|ibm-granite/granite-3.3-8b-instruct|b,selection,0.8279,0.9533,300,delta_pp:1,4.8422,1.8088,True,True,False
21,selection|microsoft/Phi-3.5-mini-instruct|b,selection,0.9023,0.9267,300,delta_pp:1,8.4506,2.3681,True,True,False
21,selection|Qwen/Qwen2.5-7B-Instruct|c,selection,0.7795,0.9733,300,delta_pp:1,1.085,-0.384,False,True,True
21,selection|allenai/OLMo-2-1124-7B-Instruct|c,selection,0.6976,0.93,300,delta_pp:1,6.0823,1.2233,True,True,True
21,selection|ibm-granite/granite-3.3-8b-instruct|c,selection,0.8314,0.96,300,delta_pp:1,3.5039,1.1876,True,True,False
21,selection|microsoft/Phi-3.5-mini-instruct|c,selection,0.9437,0.8933,300,delta_pp:1,9.6818,3.7391,True,True,False
22,selection|Qwen/Qwen2.5-7B-Instruct|a,selection,0.9298,0.9867,300,delta_pp:1,2.9106,-0.401,False,True,False
22,selection|allenai/OLMo-2-1124-7B-Instruct|a,selection,0.8316,0.92,300,delta_pp:1,-0.6273,-0.8898,False,False,False
22,selection|ibm-granite/granite-3.3-8b-instruct|a,selection,0.8842,0.96,300,delta_pp:1,1.7878,0.9105,False,True,False
22,selection|microsoft/Phi-3.5-mini-instruct|a,selection,0.8404,0.9367,300,delta_pp:1,5.1992,1.8188,True,True,False
22,selection|Qwen/Qwen2.5-7B-Instruct|b,selection,0.9298,0.9867,300,delta_pp:1,2.9106,-0.5102,False,True,False
22,selection|allenai/OLMo-2-1124-7B-Instruct|b,selection,0.8719,0.9367,300,delta_pp:1,2.496,0.3366,False,True,False
22,selection|ibm-granite/granite-3.3-8b-instruct|b,selection,0.9404,0.9467,300,delta_pp:1,5.5698,1.8088,True,True,False
22,selection|microsoft/Phi-3.5-mini-instruct|b,selection,0.8912,0.9133,300,delta_pp:1,4.4607,2.3681,True,True,False
22,selection|Qwen/Qwen2.5-7B-Instruct|c,selection,0.9596,0.9833,300,delta_pp:1,0.8743,-0.384,False,False,False
22,selection|allenai/OLMo-2-1124-7B-Instruct|c,selection,0.8684,0.93,300,delta_pp:1,5.1496,1.2233,True,True,False
22,selection|ibm-granite/granite-3.3-8b-instruct|c,selection,0.8877,0.9667,300,delta_pp:1,3.0939,1.1876,True,True,False
22,selection|microsoft/Phi-3.5-mini-instruct|c,selection,0.8789,0.89,300,delta_pp:1,9.1286,3.7391,True,True,False
23,selection|Qwen/Qwen2.5-7B-Instruct|a,selection,0.7982,0.9767,300,delta_pp:1,1.1208,-0.401,False,True,True
23,selection|allenai/OLMo-2-1124-7B-Instruct|a,selection,0.7456,0.9367,300,delta_pp:1,-0.3453,-0.8898,False,False,True
23,selection|ibm-granite/granite-3.3-8b-instruct|a,selection,0.9579,0.98,300,delta_pp:1,3.66,0.9105,False,True,False
23,selection|microsoft/Phi-3.5-mini-instruct|a,selection,0.8491,0.9533,300,delta_pp:1,5.8974,1.8188,True,True,False
23,selection|Qwen/Qwen2.5-7B-Instruct|b,selection,0.7982,0.9767,300,delta_pp:1,1.1208,-0.5102,False,True,True
23,selection|allenai/OLMo-2-1124-7B-Instruct|b,selection,0.8667,0.9267,300,delta_pp:1,-1.9352,0.3366,False,True,False
23,selection|ibm-granite/granite-3.3-8b-instruct|b,selection,0.9175,0.9633,300,delta_pp:1,5.4634,1.8088,True,True,False
23,selection|microsoft/Phi-3.5-mini-instruct|b,selection,0.8737,0.94,300,delta_pp:1,3.4504,2.3681,True,True,False
23,selection|Qwen/Qwen2.5-7B-Instruct|c,selection,0.8333,0.9833,300,delta_pp:1,-0.0434,-0.384,False,False,False
23,selection|allenai/OLMo-2-1124-7B-Instruct|c,selection,0.7754,0.9333,300,delta_pp:1,-2.1117,1.2233,True,True,True
23,selection|ibm-granite/granite-3.3-8b-instruct|c,selection,0.9596,0.9833,300,delta_pp:1,1.687,1.1876,True,True,False
23,selection|microsoft/Phi-3.5-mini-instruct|c,selection,0.8912,0.9133,300,delta_pp:1,0.8188,3.7391,True,False,False
24,selection|Qwen/Qwen2.5-7B-Instruct|a,selection,0.9324,0.9867,300,delta_pp:1,-1.384,-0.401,False,True,False
24,selection|allenai/OLMo-2-1124-7B-Instruct|a,selection,0.7817,0.93,300,delta_pp:1,-3.364,-0.8898,False,True,True
24,selection|ibm-granite/granite-3.3-8b-instruct|a,selection,0.9238,0.97,300,delta_pp:1,-0.596,0.9105,False,False,False
24,selection|microsoft/Phi-3.5-mini-instruct|a,selection,0.8476,0.94,300,delta_pp:1,1.1921,1.8188,True,True,False
24,selection|Qwen/Qwen2.5-7B-Instruct|b,selection,0.9324,0.9867,300,delta_pp:1,-1.384,-0.5102,False,True,False
24,selection|allenai/OLMo-2-1124-7B-Instruct|b,selection,0.8442,0.9333,300,delta_pp:1,0.0,0.3366,False,False,False
24,selection|ibm-granite/granite-3.3-8b-instruct|b,selection,0.9863,0.9733,300,delta_pp:1,1.32,1.8088,True,True,False
24,selection|microsoft/Phi-3.5-mini-instruct|b,selection,0.9675,0.9367,300,delta_pp:1,-0.66,2.3681,True,False,False
24,selection|Qwen/Qwen2.5-7B-Instruct|c,selection,0.9341,0.99,300,delta_pp:1,-0.724,-0.384,False,False,False
24,selection|allenai/OLMo-2-1124-7B-Instruct|c,selection,0.8442,0.9333,300,delta_pp:1,0.0,1.2233,True,False,False
24,selection|ibm-granite/granite-3.3-8b-instruct|c,selection,0.9289,0.98,300,delta_pp:1,-1.256,1.1876,True,True,False
24,selection|microsoft/Phi-3.5-mini-instruct|c,selection,0.9452,0.8933,300,delta_pp:1,0.0,3.7391,True,False,False
25,selection|Qwen/Qwen2.5-7B-Instruct|a,selection,0.9397,0.9767,300,delta_pp:1,-0.1343,-0.401,False,False,False
25,selection|allenai/OLMo-2-1124-7B-Instruct|a,selection,0.819,0.93,300,delta_pp:1,-0.816,-0.8898,False,False,False
25,selection|ibm-granite/granite-3.3-8b-instruct|a,selection,0.9828,0.9667,300,delta_pp:1,1.617,0.9105,False,True,False
25,selection|microsoft/Phi-3.5-mini-instruct|a,selection,0.9224,0.9433,300,delta_pp:1,3.916,1.8188,True,True,False
25,selection|Qwen/Qwen2.5-7B-Instruct|b,selection,0.9397,0.9767,300,delta_pp:1,-0.1343,-0.5102,False,False,False
25,selection|allenai/OLMo-2-1124-7B-Instruct|b,selection,0.8224,0.9367,300,delta_pp:1,-2.154,0.3366,False,True,False
25,selection|ibm-granite/granite-3.3-8b-instruct|b,selection,0.9207,0.94,300,delta_pp:1,4.5851,1.8088,True,True,False
25,selection|microsoft/Phi-3.5-mini-instruct|b,selection,0.8655,0.9267,300,delta_pp:1,3.4224,2.3681,True,True,False
25,selection|Qwen/Qwen2.5-7B-Instruct|c,selection,0.9397,0.9767,300,delta_pp:1,1.1857,-0.384,False,True,False
25,selection|allenai/OLMo-2-1124-7B-Instruct|c,selection,0.819,0.93,300,delta_pp:1,1.824,1.2233,True,True,False
25,selection|ibm-granite/granite-3.3-8b-instruct|c,selection,0.9345,0.9667,300,delta_pp:1,3.1928,1.1876,True,True,False
25,selection|microsoft/Phi-3.5-mini-instruct|c,selection,0.9,0.9,300,delta_pp:1,2.0536,3.7391,True,True,False
26,selection|Qwen/Qwen2.5-7B-Instruct|a,selection,0.8037,0.9633,300,delta_pp:1,0.1251,-0.401,False,False,False
26,selection|allenai/OLMo-2-1124-7B-Instruct|a,selection,0.7826,0.9233,300,delta_pp:1,1.7727,-0.8898,False,True,True
26,selection|ibm-granite/granite-3.3-8b-instruct|a,selection,0.9129,0.9467,300,delta_pp:1,7.6853,0.9105,False,True,False
26,selection|microsoft/Phi-3.5-mini-instruct|a,selection,0.8209,0.94,300,delta_pp:1,7.1029,1.8188,True,True,False
26,selection|Qwen/Qwen2.5-7B-Instruct|b,selection,0.8037,0.9633,300,delta_pp:1,1.4449,-0.5102,False,True,False
26,selection|allenai/OLMo-2-1124-7B-Instruct|b,selection,0.7755,0.91,300,delta_pp:1,3.2726,0.3366,False,True,True
26,selection|ibm-granite/granite-3.3-8b-instruct|b,selection,0.8209,0.94,300,delta_pp:1,7.3154,1.8088,True,True,False
26,selection|microsoft/Phi-3.5-mini-instruct|b,selection,0.8693,0.92,300,delta_pp:1,8.0311,2.3681,True,True,False
26,selection|Qwen/Qwen2.5-7B-Instruct|c,selection,0.8367,0.97,300,delta_pp:1,-1.4298,-0.384,False,True,False
26,selection|allenai/OLMo-2-1124-7B-Instruct|c,selection,0.7702,0.9,300,delta_pp:1,3.8817,1.2233,True,True,True
26,selection|ibm-granite/granite-3.3-8b-instruct|c,selection,0.8869,0.9533,300,delta_pp:1,5.313,1.1876,True,True,False
26,selection|microsoft/Phi-3.5-mini-instruct|c,selection,0.8794,0.8833,300,delta_pp:1,10.0158,3.7391,True,True,False
27,selection|Qwen/Qwen2.5-7B-Instruct|a,selection,0.9056,0.9867,300,delta_pp:1,1.4677,-0.401,False,True,False
27,selection|allenai/OLMo-2-1124-7B-Instruct|a,selection,0.8797,0.9367,300,delta_pp:1,0.9403,-0.8898,False,False,False
27,selection|ibm-granite/granite-3.3-8b-instruct|a,selection,0.939,0.9667,300,delta_pp:1,4.1258,0.9105,False,True,False
27,selection|microsoft/Phi-3.5-mini-instruct|a,selection,0.9234,0.9367,300,delta_pp:1,7.3475,1.8188,True,True,False
27,selection|Qwen/Qwen2.5-7B-Instruct|b,selection,0.9511,0.99,300,delta_pp:1,0.81,-0.5102,False,False,False
27,selection|allenai/OLMo-2-1124-7B-Instruct|b,selection,0.8342,0.9333,300,delta_pp:1,1.598,0.3366,False,True,False
27,selection|ibm-granite/granite-3.3-8b-instruct|b,selection,0.9338,0.9567,300,delta_pp:1,6.1125,1.8088,True,True,False
27,selection|microsoft/Phi-3.5-mini-instruct|b,selection,0.9165,0.9233,300,delta_pp:1,8.6765,2.3681,True,True,False
27,selection|Qwen/Qwen2.5-7B-Instruct|c,selection,0.9056,0.9867,300,delta_pp:1,0.1477,-0.384,False,False,False
27,selection|allenai/OLMo-2-1124-7B-Instruct|c,selection,0.8394,0.9433,300,delta_pp:1,2.2511,1.2233,True,True,False
27,selection|ibm-granite/granite-3.3-8b-instruct|c,selection,0.9862,0.9733,300,delta_pp:1,5.3472,1.1876,True,True,False
27,selection|microsoft/Phi-3.5-mini-instruct|c,selection,0.9009,0.8933,300,delta_pp:1,9.4555,3.7391,True,True,False
28,selection|Qwen/Qwen2.5-7B-Instruct|a,selection,0.8298,0.9767,300,delta_pp:1,0.1357,-0.401,False,False,False
28,selection|allenai/OLMo-2-1124-7B-Instruct|a,selection,0.8421,0.94,300,delta_pp:1,0.7296,-0.8898,False,False,False
28,selection|ibm-granite/granite-3.3-8b-instruct|a,selection,0.9544,0.9733,300,delta_pp:1,1.5549,0.9105,False,True,False
28,selection|microsoft/Phi-3.5-mini-instruct|a,selection,0.8509,0.9567,300,delta_pp:1,1.3551,1.8188,True,True,False
28,selection|Qwen/Qwen2.5-7B-Instruct|b,selection,0.7965,0.9733,300,delta_pp:1,0.8659,-0.5102,False,False,True
28,selection|allenai/OLMo-2-1124-7B-Instruct|b,selection,0.8789,0.95,300,delta_pp:1,-0.0929,0.3366,False,False,False
28,selection|ibm-granite/granite-3.3-8b-instruct|b,selection,0.9526,0.97,300,delta_pp:1,2.2218,1.8088,True,True,False
28,selection|microsoft/Phi-3.5-mini-instruct|b,selection,0.8439,0.9433,300,delta_pp:1,0.0628,2.3681,True,False,False
28,selection|Qwen/Qwen2.5-7B-Instruct|c,selection,0.8649,0.9833,300,delta_pp:1,-0.02,-0.384,False,False,False
28,selection|allenai/OLMo-2-1124-7B-Instruct|c,selection,0.8193,0.9567,300,delta_pp:1,1.4185,1.2233,True,True,False
28,selection|ibm-granite/granite-3.3-8b-instruct|c,selection,0.9579,0.98,300,delta_pp:1,2.861,1.1876,True,True,False
28,selection|microsoft/Phi-3.5-mini-instruct|c,selection,0.8561,0.9067,300,delta_pp:1,1.9766,3.7391,True,True,False
29,selection|Qwen/Qwen2.5-7B-Instruct|a,selection,0.8042,0.9767,300,delta_pp:1,-2.4051,-0.401,False,True,False
29,selection|allenai/OLMo-2-1124-7B-Instruct|a,selection,0.785,0.94,300,delta_pp:1,-4.4009,-0.8898,False,True,True
29,selection|ibm-granite/granite-3.3-8b-instruct|a,selection,0.9441,0.9633,300,delta_pp:1,-1.6131,0.9105,False,True,False
29,selection|microsoft/Phi-3.5-mini-instruct|a,selection,0.8602,0.9433,300,delta_pp:1,-0.0201,1.8188,True,False,False
29,selection|Qwen/Qwen2.5-7B-Instruct|b,selection,0.8042,0.9767,300,delta_pp:1,-2.4051,-0.5102,False,True,False
29,selection|allenai/OLMo-2-1124-7B-Instruct|b,selection,0.8148,0.9267,300,delta_pp:1,-1.8954,0.3366,False,True,False
29,selection|ibm-granite/granite-3.3-8b-instruct|b,selection,0.9039,0.9567,300,delta_pp:1,1.2021,1.8088,True,True,False
29,selection|microsoft/Phi-3.5-mini-instruct|b,selection,0.8533,0.93,300,delta_pp:1,1.3272,2.3681,True,True,False
29,selection|Qwen/Qwen2.5-7B-Instruct|c,selection,0.8025,0.9733,300,delta_pp:1,-1.7383,-0.384,False,True,False
29,selection|allenai/OLMo-2-1124-7B-Instruct|c,selection,0.8235,0.9433,300,delta_pp:1,0.0502,1.2233,True,False,False
29,selection|ibm-granite/granite-3.3-8b-instruct|c,selection,0.9493,0.9733,300,delta_pp:1,-0.9737,1.1876,True,False,False
29,selection|microsoft/Phi-3.5-mini-instruct|c,selection,0.8708,0.8933,300,delta_pp:1,3.2208,3.7391,True,True,False
30,selection|Qwen/Qwen2.5-7B-Instruct|a,selection,0.7605,0.9633,300,delta_pp:1,-4.2424,-0.401,False,True,True
30,selection|allenai/OLMo-2-1124-7B-Instruct|a,selection,0.82,0.9367,300,delta_pp:1,3.2803,-0.8898,False,True,False
30,selection|ibm-granite/granite-3.3-8b-instruct|a,selection,0.9091,0.9667,300,delta_pp:1,0.7094,0.9105,False,False,False
30,selection|microsoft/Phi-3.5-mini-instruct|a,selection,0.8252,0.9467,300,delta_pp:1,0.0528,1.8188,True,False,False
30,selection|Qwen/Qwen2.5-7B-Instruct|b,selection,0.8007,0.97,300,delta_pp:1,-4.4028,-0.5102,False,True,False
30,selection|allenai/OLMo-2-1124-7B-Instruct|b,selection,0.827,0.95,300,delta_pp:1,2.0212,0.3366,False,True,False
30,selection|ibm-granite/granite-3.3-8b-instruct|b,selection,0.827,0.95,300,delta_pp:1,0.5948,1.8088,True,False,False
30,selection|microsoft/Phi-3.5-mini-instruct|b,selection,0.8602,0.9433,300,delta_pp:1,-0.8398,2.3681,True,False,False
30,selection|Qwen/Qwen2.5-7B-Instruct|c,selection,0.7623,0.9667,300,delta_pp:1,-2.2739,-0.384,False,True,True
30,selection|allenai/OLMo-2-1124-7B-Instruct|c,selection,0.8602,0.9433,300,delta_pp:1,-2.1598,1.2233,True,True,False
30,selection|ibm-granite/granite-3.3-8b-instruct|c,selection,0.9144,0.9767,300,delta_pp:1,-1.1981,1.1876,True,True,False
30,selection|microsoft/Phi-3.5-mini-instruct|c,selection,0.8428,0.91,300,delta_pp:1,-0.7257,3.7391,True,False,False
31,selection|Qwen/Qwen2.5-7B-Instruct|a,selection,0.8859,0.9767,300,delta_pp:1,-1.1824,-0.401,False,True,False
31,selection|allenai/OLMo-2-1124-7B-Instruct|a,selection,0.7238,0.9267,300,delta_pp:1,-2.0507,-0.8898,False,True,True
31,selection|ibm-granite/granite-3.3-8b-instruct|a,selection,0.8789,0.9633,300,delta_pp:1,1.2692,0.9105,False,True,False
31,selection|microsoft/Phi-3.5-mini-instruct|a,selection,0.763,0.9367,300,delta_pp:1,1.6835,1.8188,True,True,True
31,selection|Qwen/Qwen2.5-7B-Instruct|b,selection,0.8501,0.9733,300,delta_pp:1,0.0098,-0.5102,False,False,False
31,selection|allenai/OLMo-2-1124-7B-Instruct|b,selection,0.6628,0.94,300,delta_pp:1,2.5102,0.3366,False,True,True
31,selection|ibm-granite/granite-3.3-8b-instruct|b,selection,0.8432,0.96,300,delta_pp:1,0.1198,1.8088,True,False,False
31,selection|microsoft/Phi-3.5-mini-instruct|b,selection,0.8222,0.92,300,delta_pp:1,1.4715,2.3681,True,True,False
31,selection|Qwen/Qwen2.5-7B-Instruct|c,selection,0.8519,0.9767,300,delta_pp:1,-0.6777,-0.384,False,False,False
31,selection|allenai/OLMo-2-1124-7B-Instruct|c,selection,0.6219,0.9267,300,delta_pp:1,3.125,1.2233,True,True,True
31,selection|ibm-granite/granite-3.3-8b-instruct|c,selection,0.8074,0.9567,300,delta_pp:1,2.3337,1.1876,True,True,False
31,selection|microsoft/Phi-3.5-mini-instruct|c,selection,0.7742,0.8933,300,delta_pp:1,0.8763,3.7391,True,False,True
32,selection|Qwen/Qwen2.5-7B-Instruct|a,selection,0.8681,0.9767,300,delta_pp:1,1.8117,-0.401,False,True,False
32,selection|allenai/OLMo-2-1124-7B-Instruct|a,selection,0.875,0.9133,300,delta_pp:1,-0.2163,-0.8898,False,False,False
32,selection|ibm-granite/granite-3.3-8b-instruct|a,selection,0.9288,0.94,300,delta_pp:1,2.0067,0.9105,False,True,False
32,selection|microsoft/Phi-3.5-mini-instruct|a,selection,0.849,0.94,300,delta_pp:1,5.2617,1.8188,True,True,False
32,selection|Qwen/Qwen2.5-7B-Instruct|b,selection,0.9115,0.9833,300,delta_pp:1,1.4768,-0.5102,False,True,False
32,selection|allenai/OLMo-2-1124-7B-Instruct|b,selection,0.7135,0.91,300,delta_pp:1,-2.4066,0.3366,False,True,True
32,selection|ibm-granite/granite-3.3-8b-instruct|b,selection,0.8472,0.9367,300,delta_pp:1,5.8011,1.8088,True,True,False
32,selection|microsoft/Phi-3.5-mini-instruct|b,selection,0.8802,0.9233,300,delta_pp:1,4.3625,2.3681,True,True,False
32,selection|Qwen/Qwen2.5-7B-Instruct|c,selection,0.9115,0.9833,300,delta_pp:1,1.4768,-0.384,False,True,False
32,selection|allenai/OLMo-2-1124-7B-Instruct|c,selection,0.7986,0.92,300,delta_pp:1,1.5571,1.2233,True,True,True
32,selection|ibm-granite/granite-3.3-8b-instruct|c,selection,0.8924,0.9467,300,delta_pp:1,6.1125,1.1876,True,True,False
32,selection|microsoft/Phi-3.5-mini-instruct|c,selection,0.908,0.9,300,delta_pp:1,4.8105,3.7391,True,True,False
33,selection|Qwen/Qwen2.5-7B-Instruct|a,selection,0.8788,0.98,300,delta_pp:1,-0.8051,-0.401,False,False,False
33,selection|allenai/OLMo-2-1124-7B-Instruct|a,selection,0.8782,0.9267,300,delta_pp:1,-2.0713,-0.8898,False,True,False
33,selection|ibm-granite/granite-3.3-8b-instruct|a,selection,0.8959,0.96,300,delta_pp:1,1.8188,0.9105,False,True,False
33,selection|microsoft/Phi-3.5-mini-instruct|a,selection,0.8523,0.93,300,delta_pp:1,1.2788,1.8188,True,True,False
33,selection|Qwen/Qwen2.5-7B-Instruct|b,selection,0.8788,0.98,300,delta_pp:1,-2.0563,-0.5102,False,True,False
33,selection|allenai/OLMo-2-1124-7B-Instruct|b,selection,0.8853,0.94,300,delta_pp:1,-3.419,0.3366,False,True,False
33,selection|ibm-granite/granite-3.3-8b-instruct|b,selection,0.927,0.9667,300,delta_pp:1,2.9985,1.8088,True,True,False
33,selection|microsoft/Phi-3.5-mini-instruct|b,selection,0.8453,0.9167,300,delta_pp:1,4.0151,2.3681,True,True,False
33,selection|Qwen/Qwen2.5-7B-Instruct|c,selection,0.8788,0.98,300,delta_pp:1,-2.0563,-0.384,False,True,False
33,selection|allenai/OLMo-2-1124-7B-Instruct|c,selection,0.8559,0.9367,300,delta_pp:1,3.9046,1.2233,True,True,False
33,selection|ibm-granite/granite-3.3-8b-instruct|c,selection,0.87,0.9633,300,delta_pp:1,1.2094,1.1876,True,True,False
33,selection|microsoft/Phi-3.5-mini-instruct|c,selection,0.8499,0.8733,300,delta_pp:1,7.2788,3.7391,True,True,False
34,selection|Qwen/Qwen2.5-7B-Instruct|a,selection,0.8759,0.9733,300,delta_pp:1,-0.0504,-0.401,False,False,False
34,selection|allenai/OLMo-2-1124-7B-Instruct|a,selection,0.7431,0.93,300,delta_pp:1,1.801,-0.8898,False,True,True
34,selection|ibm-granite/granite-3.3-8b-instruct|a,selection,0.9004,0.95,300,delta_pp:1,0.5282,0.9105,False,False,False
34,selection|microsoft/Phi-3.5-mini-instruct|a,selection,0.8567,0.9367,300,delta_pp:1,2.1053,1.8188,True,True,False
34,selection|Qwen/Qwen2.5-7B-Instruct|b,selection,0.8759,0.9733,300,delta_pp:1,-1.2357,-0.5102,False,True,False
34,selection|allenai/OLMo-2-1124-7B-Instruct|b,selection,0.82,0.9367,300,delta_pp:1,-0.072,0.3366,False,False,False
34,selection|ibm-granite/granite-3.3-8b-instruct|b,selection,0.8602,0.9433,300,delta_pp:1,2.0733,1.8088,True,True,False
34,selection|microsoft/Phi-3.5-mini-instruct|b,selection,0.9197,0.9167,300,delta_pp:1,2.8653,2.3681,True,True,False
34,selection|Qwen/Qwen2.5-7B-Instruct|c,selection,0.8776,0.9767,300,delta_pp:1,-1.9116,-0.384,False,True,False
34,selection|allenai/OLMo-2-1124-7B-Instruct|c,selection,0.8252,0.9467,300,delta_pp:1,4.3651,1.2233,True,True,False
34,selection|ibm-granite/granite-3.3-8b-instruct|c,selection,0.7938,0.9567,300,delta_pp:1,1.3453,1.1876,True,True,True
34,selection|microsoft/Phi-3.5-mini-instruct|c,selection,0.9128,0.9033,300,delta_pp:1,3.0639,3.7391,True,True,False
35,selection|Qwen/Qwen2.5-7B-Instruct|a,selection,0.8976,0.9633,300,delta_pp:1,-0.0688,-0.401,False,False,False
35,selection|allenai/OLMo-2-1124-7B-Instruct|a,selection,0.8747,0.92,300,delta_pp:1,-0.1462,-0.8898,False,False,False
35,selection|ibm-granite/granite-3.3-8b-instruct|a,selection,0.9859,0.9733,300,delta_pp:1,-0.6628,0.9105,False,False,False
35,selection|microsoft/Phi-3.5-mini-instruct|a,selection,0.8817,0.9333,300,delta_pp:1,2.1819,1.8188,True,True,False
35,selection|Qwen/Qwen2.5-7B-Instruct|b,selection,0.8959,0.96,300,delta_pp:1,-2.0184,-0.5102,False,True,False
35,selection|allenai/OLMo-2-1124-7B-Instruct|b,selection,0.8782,0.9267,300,delta_pp:1,2.4333,0.3366,False,True,False
35,selection|ibm-granite/granite-3.3-8b-instruct|b,selection,0.887,0.9433,300,delta_pp:1,2.7515,1.8088,True,True,False
35,selection|microsoft/Phi-3.5-mini-instruct|b,selection,0.937,0.9333,300,delta_pp:1,1.4699,2.3681,True,True,False
35,selection|Qwen/Qwen2.5-7B-Instruct|c,selection,0.8941,0.9567,300,delta_pp:1,-2.6482,-0.384,False,True,False
35,selection|allenai/OLMo-2-1124-7B-Instruct|c,selection,0.8229,0.9267,300,delta_pp:1,2.0167,1.2233,True,True,False
35,selection|ibm-granite/granite-3.3-8b-instruct|c,selection,0.9859,0.9733,300,delta_pp:1,0.657,1.1876,True,False,False
35,selection|microsoft/Phi-3.5-mini-instruct|c,selection,0.9505,0.9067,300,delta_pp:1,6.5384,3.7391,True,True,False
36,selection|Qwen/Qwen2.5-7B-Instruct|a,selection,0.7203,0.9567,300,delta_pp:1,-1.3356,-0.401,False,True,True
36,selection|allenai/OLMo-2-1124-7B-Instruct|a,selection,0.654,0.9,300,delta_pp:1,-2.8773,-0.8898,False,True,True
36,selection|ibm-granite/granite-3.3-8b-instruct|a,selection,0.8252,0.9467,300,delta_pp:1,-3.907,0.9105,False,True,False
36,selection|microsoft/Phi-3.5-mini-instruct|a,selection,0.785,0.94,300,delta_pp:1,1.6396,1.8188,True,True,True
36,selection|Qwen/Qwen2.5-7B-Instruct|b,selection,0.7553,0.9533,300,delta_pp:1,-0.9084,-0.5102,False,False,True
36,selection|allenai/OLMo-2-1124-7B-Instruct|b,selection,0.6557,0.9033,300,delta_pp:1,0.3045,0.3366,False,False,True
36,selection|ibm-granite/granite-3.3-8b-instruct|b,selection,0.785,0.94,300,delta_pp:1,-2.3201,1.8088,True,True,True
36,selection|microsoft/Phi-3.5-mini-instruct|b,selection,0.7746,0.92,300,delta_pp:1,1.6016,2.3681,True,True,True
36,selection|Qwen/Qwen2.5-7B-Instruct|c,selection,0.757,0.9567,300,delta_pp:1,1.0601,-0.384,False,True,True
36,selection|allenai/OLMo-2-1124-7B-Instruct|c,selection,0.5701,0.88,300,delta_pp:1,0.2126,1.2233,True,False,True
36,selection|ibm-granite/granite-3.3-8b-instruct|c,selection,0.7903,0.95,300,delta_pp:1,0.8388,1.1876,True,False,True
36,selection|microsoft/Phi-3.5-mini-instruct|c,selection,0.7519,0.8767,300,delta_pp:1,2.5165,3.7391,True,True,True
37,selection|Qwen/Qwen2.5-7B-Instruct|a,selection,0.8367,0.97,300,delta_pp:1,-0.3301,-0.401,False,False,False
37,selection|allenai/OLMo-2-1124-7B-Instruct|a,selection,0.8816,0.9433,300,delta_pp:1,2.4935,-0.8898,False,True,False
37,selection|ibm-granite/granite-3.3-8b-instruct|a,selection,0.8539,0.9467,300,delta_pp:1,5.712,0.9105,False,True,False
37,selection|microsoft/Phi-3.5-mini-instruct|a,selection,0.8191,0.9367,300,delta_pp:1,3.614,1.8188,True,True,False
37,selection|Qwen/Qwen2.5-7B-Instruct|b,selection,0.8385,0.9733,300,delta_pp:1,0.339,-0.5102,False,False,False
37,selection|allenai/OLMo-2-1124-7B-Instruct|b,selection,0.8486,0.9367,300,delta_pp:1,1.0647,0.3366,False,True,False
37,selection|ibm-granite/granite-3.3-8b-instruct|b,selection,0.8138,0.9267,300,delta_pp:1,5.5661,1.8088,True,True,False
37,selection|microsoft/Phi-3.5-mini-instruct|b,selection,0.864,0.91,300,delta_pp:1,5.041,2.3681,True,True,False
37,selection|Qwen/Qwen2.5-7B-Instruct|c,selection,0.8697,0.9767,300,delta_pp:1,1.0987,-0.384,False,True,False
37,selection|allenai/OLMo-2-1124-7B-Instruct|c,selection,0.8468,0.9333,300,delta_pp:1,4.3552,1.2233,True,True,False
37,selection|ibm-granite/granite-3.3-8b-instruct|c,selection,0.8244,0.9467,300,delta_pp:1,5.5447,1.1876,True,True,False
37,selection|microsoft/Phi-3.5-mini-instruct|c,selection,0.8552,0.8933,300,delta_pp:1,8.3713,3.7391,True,True,False
38,selection|Qwen/Qwen2.5-7B-Instruct|a,selection,0.8976,0.9733,300,delta_pp:1,0.8028,-0.401,False,False,False
38,selection|allenai/OLMo-2-1124-7B-Instruct|a,selection,0.8231,0.9167,300,delta_pp:1,0.5932,-0.8898,False,False,False
38,selection|ibm-granite/granite-3.3-8b-instruct|a,selection,0.8815,0.9433,300,delta_pp:1,6.7888,0.9105,False,True,False
38,selection|microsoft/Phi-3.5-mini-instruct|a,selection,0.8559,0.9367,300,delta_pp:1,3.0076,1.8188,True,True,False
38,selection|Qwen/Qwen2.5-7B-Instruct|b,selection,0.8976,0.9733,300,delta_pp:1,0.8028,-0.5102,False,False,False
38,selection|allenai/OLMo-2-1124-7B-Instruct|b,selection,0.8177,0.9067,300,delta_pp:1,7.8285,0.3366,False,True,False
38,selection|ibm-granite/granite-3.3-8b-instruct|b,selection,0.9035,0.9433,300,delta_pp:1,5.373,1.8088,True,True,False
38,selection|microsoft/Phi-3.5-mini-instruct|b,selection,0.8743,0.93,300,delta_pp:1,2.9351,2.3681,True,True,False
38,selection|Qwen/Qwen2.5-7B-Instruct|c,selection,0.8958,0.97,300,delta_pp:1,0.1546,-0.384,False,False,False
38,selection|allenai/OLMo-2-1124-7B-Instruct|c,selection,0.7719,0.9033,300,delta_pp:1,4.8502,1.2233,True,True,True
38,selection|ibm-granite/granite-3.3-8b-instruct|c,selection,0.8868,0.9533,300,delta_pp:1,6.0937,1.1876,True,True,False
38,selection|microsoft/Phi-3.5-mini-instruct|c,selection,0.904,0.9033,300,delta_pp:1,4.0982,3.7391,True,True,False
39,selection|Qwen/Qwen2.5-7B-Instruct|a,selection,0.8663,0.9733,300,delta_pp:1,1.2749,-0.401,False,True,False
39,selection|allenai/OLMo-2-1124-7B-Instruct|a,selection,0.7205,0.9233,300,delta_pp:1,-1.9799,-0.8898,False,True,True
39,selection|ibm-granite/granite-3.3-8b-instruct|a,selection,0.941,0.9633,300,delta_pp:1,1.9349,0.9105,False,True,False
39,selection|microsoft/Phi-3.5-mini-instruct|a,selection,0.8906,0.9433,300,delta_pp:1,0.66,1.8188,True,False,False
39,selection|Qwen/Qwen2.5-7B-Instruct|b,selection,0.8663,0.9733,300,delta_pp:1,-0.045,-0.5102,False,False,False
39,selection|allenai/OLMo-2-1124-7B-Instruct|b,selection,0.6771,0.9167,300,delta_pp:1,-0.6149,0.3366,False,False,True
39,selection|ibm-granite/granite-3.3-8b-instruct|b,selection,0.8958,0.9533,300,delta_pp:1,2.5498,1.8088,True,True,False
39,selection|microsoft/Phi-3.5-mini-instruct|b,selection,0.9288,0.94,300,delta_pp:1,2.5949,2.3681,True,True,False
39,selection|Qwen/Qwen2.5-7B-Instruct|c,selection,0.9097,0.98,300,delta_pp:1,0.0,-0.384,False,False,False
39,selection|allenai/OLMo-2-1124-7B-Instruct|c,selection,0.7969,0.9167,300,delta_pp:1,1.9799,1.2233,True,True,True
39,selection|ibm-granite/granite-3.3-8b-instruct|c,selection,0.8559,0.9533,300,delta_pp:1,3.8247,1.1876,True,True,False
39,selection|microsoft/Phi-3.5-mini-instruct|c,selection,0.9201,0.9233,300,delta_pp:1,3.2548,3.7391,True,True,False
40,selection|Qwen/Qwen2.5-7B-Instruct|a,selection,0.9429,0.98,300,delta_pp:1,1.4299,-0.401,False,True,False
40,selection|allenai/OLMo-2-1124-7B-Instruct|a,selection,0.7839,0.9,300,delta_pp:1,1.3604,-0.8898,False,True,True
40,selection|ibm-granite/granite-3.3-8b-instruct|a,selection,0.9339,0.9633,300,delta_pp:1,0.7945,0.9105,False,False,False
40,selection|microsoft/Phi-3.5-mini-instruct|a,selection,0.9054,0.9533,300,delta_pp:1,5.9245,1.8188,True,True,False
40,selection|Qwen/Qwen2.5-7B-Instruct|b,selection,0.9214,0.9833,300,delta_pp:1,1.0104,-0.5102,False,True,False
40,selection|allenai/OLMo-2-1124-7B-Instruct|b,selection,0.7446,0.9133,300,delta_pp:1,0.7346,0.3366,False,False,True
40,selection|ibm-granite/granite-3.3-8b-instruct|b,selection,0.9357,0.9667,300,delta_pp:1,0.2412,1.8088,True,False,False
40,selection|microsoft/Phi-3.5-mini-instruct|b,selection,0.8929,0.93,300,delta_pp:1,4.1741,2.3681,True,True,False
40,selection|Qwen/Qwen2.5-7B-Instruct|c,selection,0.8929,0.9733,300,delta_pp:1,2.1811,-0.384,False,True,False
40,selection|allenai/OLMo-2-1124-7B-Instruct|c,selection,0.8464,0.93,300,delta_pp:1,2.3596,1.2233,True,True,False
40,selection|ibm-granite/granite-3.3-8b-instruct|c,selection,0.9393,0.9733,300,delta_pp:1,2.6759,1.1876,True,True,False
40,selection|microsoft/Phi-3.5-mini-instruct|c,selection,0.9179,0.89,300,delta_pp:1,5.2014,3.7391,True,True,False
41,selection|Qwen/Qwen2.5-7B-Instruct|a,selection,0.893,0.9767,300,delta_pp:1,1.3975,-0.401,False,True,False
41,selection|allenai/OLMo-2-1124-7B-Instruct|a,selection,0.8263,0.91,300,delta_pp:1,1.8413,-0.8898,False,True,False
41,selection|ibm-granite/granite-3.3-8b-instruct|a,selection,0.9474,0.96,300,delta_pp:1,0.5444,0.9105,False,False,False
41,selection|microsoft/Phi-3.5-mini-instruct|a,selection,0.8667,0.9267,300,delta_pp:1,0.9985,1.8188,True,False,False
41,selection|Qwen/Qwen2.5-7B-Instruct|b,selection,0.8895,0.97,300,delta_pp:1,1.4205,-0.5102,False,True,False
41,selection|allenai/OLMo-2-1124-7B-Instruct|b,selection,0.7947,0.91,300,delta_pp:1,3.2865,0.3366,False,True,True
41,selection|ibm-granite/granite-3.3-8b-instruct|b,selection,0.8772,0.9467,300,delta_pp:1,-0.3903,1.8088,True,False,False
41,selection|microsoft/Phi-3.5-mini-instruct|b,selection,0.8596,0.9133,300,delta_pp:1,2.3644,2.3681,True,True,False
41,selection|Qwen/Qwen2.5-7B-Instruct|c,selection,0.8912,0.9733,300,delta_pp:1,0.7491,-0.384,False,False,False
41,selection|allenai/OLMo-2-1124-7B-Instruct|c,selection,0.8211,0.9,300,delta_pp:1,6.4954,1.2233,True,True,False
41,selection|ibm-granite/granite-3.3-8b-instruct|c,selection,0.8123,0.9433,300,delta_pp:1,0.6203,1.1876,True,False,False
41,selection|microsoft/Phi-3.5-mini-instruct|c,selection,0.9211,0.91,300,delta_pp:1,0.0569,3.7391,True,False,False
42,selection|Qwen/Qwen2.5-7B-Instruct|a,selection,0.7092,0.9767,300,delta_pp:1,-0.4971,-0.401,False,False,True
42,selection|allenai/OLMo-2-1124-7B-Instruct|a,selection,0.7567,0.9333,300,delta_pp:1,-0.7888,-0.8898,False,False,True
42,selection|ibm-granite/granite-3.3-8b-instruct|a,selection,0.8435,0.9667,300,delta_pp:1,2.0105,0.9105,False,True,False
42,selection|microsoft/Phi-3.5-mini-instruct|a,selection,0.6887,0.9367,300,delta_pp:1,7.3424,1.8188,True,True,True
42,selection|Qwen/Qwen2.5-7B-Instruct|b,selection,0.7109,0.98,300,delta_pp:1,0.1696,-0.5102,False,False,True
42,selection|allenai/OLMo-2-1124-7B-Instruct|b,selection,0.6121,0.9233,300,delta_pp:1,1.9434,0.3366,False,True,True
42,selection|ibm-granite/granite-3.3-8b-instruct|b,selection,0.7652,0.95,300,delta_pp:1,3.6831,1.8088,True,True,True
42,selection|microsoft/Phi-3.5-mini-instruct|b,selection,0.7516,0.9233,300,delta_pp:1,8.9094,2.3681,True,True,True
42,selection|Qwen/Qwen2.5-7B-Instruct|c,selection,0.7092,0.9767,300,delta_pp:1,-0.4971,-0.384,False,False,True
42,selection|allenai/OLMo-2-1124-7B-Instruct|c,selection,0.6207,0.94,300,delta_pp:1,2.6369,1.2233,True,True,True
42,selection|ibm-granite/granite-3.3-8b-instruct|c,selection,0.7058,0.97,300,delta_pp:1,2.1295,1.1876,True,True,True
42,selection|microsoft/Phi-3.5-mini-instruct|c,selection,0.7974,0.8767,300,delta_pp:1,9.0893,3.7391,True,True,True
43,selection|Qwen/Qwen2.5-7B-Instruct|a,selection,0.8829,0.9867,300,delta_pp:1,0.885,-0.401,False,False,False
43,selection|allenai/OLMo-2-1124-7B-Instruct|a,selection,0.7274,0.9,300,delta_pp:1,3.1275,-0.8898,False,True,True
43,selection|ibm-granite/granite-3.3-8b-instruct|a,selection,0.9424,0.96,300,delta_pp:1,5.8744,0.9105,False,True,False
43,selection|microsoft/Phi-3.5-mini-instruct|a,selection,0.7292,0.9033,300,delta_pp:1,6.4159,1.8188,True,True,True
43,selection|Qwen/Qwen2.5-7B-Instruct|b,selection,0.8811,0.9833,300,delta_pp:1,1.5564,-0.5102,False,True,False
43,selection|allenai/OLMo-2-1124-7B-Instruct|b,selection,0.8428,0.91,300,delta_pp:1,3.2341,0.3366,False,True,False
43,selection|ibm-granite/granite-3.3-8b-instruct|b,selection,0.9004,0.95,300,delta_pp:1,6.7062,1.8088,True,True,False
43,selection|microsoft/Phi-3.5-mini-instruct|b,selection,0.8043,0.9067,300,delta_pp:1,8.0027,2.3681,True,True,False
43,selection|Qwen/Qwen2.5-7B-Instruct|c,selection,0.8811,0.9833,300,delta_pp:1,0.3431,-0.384,False,False,False
43,selection|allenai/OLMo-2-1124-7B-Instruct|c,selection,0.8165,0.93,300,delta_pp:1,0.6633,1.2233,True,False,False
43,selection|ibm-granite/granite-3.3-8b-instruct|c,selection,0.9354,0.9467,300,delta_pp:1,5.9201,1.1876,True,True,False
43,selection|microsoft/Phi-3.5-mini-instruct|c,selection,0.8236,0.8733,300,delta_pp:1,9.1927,3.7391,True,True,False
44,selection|Qwen/Qwen2.5-7B-Instruct|a,selection,0.7614,0.9667,300,delta_pp:1,0.3075,-0.401,False,False,True
44,selection|allenai/OLMo-2-1124-7B-Instruct|a,selection,0.7316,0.91,300,delta_pp:1,-4.0281,-0.8898,False,True,True
44,selection|ibm-granite/granite-3.3-8b-instruct|a,selection,0.7544,0.9533,300,delta_pp:1,0.3535,0.9105,False,False,True
44,selection|microsoft/Phi-3.5-mini-instruct|a,selection,0.714,0.9367,300,delta_pp:1,2.6932,1.8188,True,True,True
44,selection|Qwen/Qwen2.5-7B-Instruct|b,selection,0.7614,0.9667,300,delta_pp:1,0.3075,-0.5102,False,False,True
44,selection|allenai/OLMo-2-1124-7B-Instruct|b,selection,0.7088,0.9267,300,delta_pp:1,0.5708,0.3366,False,False,True
44,selection|ibm-granite/granite-3.3-8b-instruct|b,selection,0.7193,0.9467,300,delta_pp:1,-1.9609,1.8088,True,True,True
44,selection|microsoft/Phi-3.5-mini-instruct|b,selection,0.7684,0.92,300,delta_pp:1,4.3028,2.3681,True,True,True
44,selection|Qwen/Qwen2.5-7B-Instruct|c,selection,0.6947,0.96,300,delta_pp:1,0.6697,-0.384,False,False,True
44,selection|allenai/OLMo-2-1124-7B-Instruct|c,selection,0.7421,0.93,300,delta_pp:1,1.094,1.2233,True,True,True
44,selection|ibm-granite/granite-3.3-8b-instruct|c,selection,0.7561,0.9567,300,delta_pp:1,1.002,1.1876,True,True,True
44,selection|microsoft/Phi-3.5-mini-instruct|c,selection,0.7912,0.9033,300,delta_pp:1,7.4462,3.7391,True,True,True
45,selection|Qwen/Qwen2.5-7B-Instruct|a,selection,0.8403,0.9767,300,delta_pp:1,-1.1533,-0.401,False,True,False
45,selection|allenai/OLMo-2-1124-7B-Instruct|a,selection,0.6856,0.9167,300,delta_pp:1,0.4763,-0.8898,False,False,True
45,selection|ibm-granite/granite-3.3-8b-instruct|a,selection,0.8051,0.9567,300,delta_pp:1,3.4799,0.9105,False,True,False
45,selection|microsoft/Phi-3.5-mini-instruct|a,selection,0.8417,0.9333,300,delta_pp:1,7.2231,1.8188,True,True,False
45,selection|Qwen/Qwen2.5-7B-Instruct|b,selection,0.8385,0.9733,300,delta_pp:1,-1.7782,-0.5102,False,True,False
45,selection|allenai/OLMo-2-1124-7B-Instruct|b,selection,0.7258,0.9,300,delta_pp:1,-0.9367,0.3366,False,False,True
45,selection|ibm-granite/granite-3.3-8b-instruct|b,selection,0.8279,0.9533,300,delta_pp:1,2.391,1.8088,True,True,False
45,selection|microsoft/Phi-3.5-mini-instruct|b,selection,0.8556,0.9133,300,delta_pp:1,7.162,2.3681,True,True,False
45,selection|Qwen/Qwen2.5-7B-Instruct|c,selection,0.8684,0.9833,300,delta_pp:1,-0.3674,-0.384,False,False,False
45,selection|allenai/OLMo-2-1124-7B-Instruct|c,selection,0.6575,0.91,300,delta_pp:1,4.9696,1.2233,True,True,True
45,selection|ibm-granite/granite-3.3-8b-instruct|c,selection,0.7788,0.9533,300,delta_pp:1,3.3189,1.1876,True,True,True
45,selection|microsoft/Phi-3.5-mini-instruct|c,selection,0.852,0.9067,300,delta_pp:1,5.9122,3.7391,True,True,False
46,selection|Qwen/Qwen2.5-7B-Instruct|a,selection,0.9307,0.9833,300,delta_pp:1,0.9883,-0.401,False,False,False
46,selection|allenai/OLMo-2-1124-7B-Instruct|a,selection,0.8998,0.9233,300,delta_pp:1,3.7091,-0.8898,False,True,False
46,selection|ibm-granite/granite-3.3-8b-instruct|a,selection,0.9187,0.96,300,delta_pp:1,2.9998,0.9105,False,True,False
46,selection|microsoft/Phi-3.5-mini-instruct|a,selection,0.8476,0.94,300,delta_pp:1,-0.75,1.8188,True,False,False
46,selection|Qwen/Qwen2.5-7B-Instruct|b,selection,0.9289,0.98,300,delta_pp:1,0.3328,-0.5102,False,False,False
46,selection|allenai/OLMo-2-1124-7B-Instruct|b,selection,0.8373,0.92,300,delta_pp:1,0.4574,0.3366,False,False,False
46,selection|ibm-granite/granite-3.3-8b-instruct|b,selection,0.851,0.9467,300,delta_pp:1,5.7015,1.8088,True,True,False
46,selection|microsoft/Phi-3.5-mini-instruct|b,selection,0.8408,0.9267,300,delta_pp:1,1.7684,2.3681,True,True,False
46,selection|Qwen/Qwen2.5-7B-Instruct|c,selection,0.9289,0.98,300,delta_pp:1,0.3328,-0.384,False,False,False
46,selection|allenai/OLMo-2-1124-7B-Instruct|c,selection,0.8476,0.94,300,delta_pp:1,-2.2095,1.2233,True,True,False
46,selection|ibm-granite/granite-3.3-8b-instruct|c,selection,0.7937,0.9533,300,delta_pp:1,4.5558,1.1876,True,True,True
46,selection|microsoft/Phi-3.5-mini-instruct|c,selection,0.8861,0.8967,300,delta_pp:1,3.7451,3.7391,True,True,False
47,selection|Qwen/Qwen2.5-7B-Instruct|a,selection,0.8632,0.98,300,delta_pp:1,-0.38,-0.401,False,False,False
47,selection|allenai/OLMo-2-1124-7B-Instruct|a,selection,0.8316,0.92,300,delta_pp:1,-4.0442,-0.8898,False,True,False
47,selection|ibm-granite/granite-3.3-8b-instruct|a,selection,0.8842,0.96,300,delta_pp:1,-0.4363,0.9105,False,False,False
47,selection|microsoft/Phi-3.5-mini-instruct|a,selection,0.9088,0.9467,300,delta_pp:1,-4.4753,1.8188,True,True,False
47,selection|Qwen/Qwen2.5-7B-Instruct|b,selection,0.8965,0.9833,300,delta_pp:1,0.0546,-0.5102,False,False,False
47,selection|allenai/OLMo-2-1124-7B-Instruct|b,selection,0.8386,0.9333,300,delta_pp:1,-1.4504,0.3366,False,True,False
47,selection|ibm-granite/granite-3.3-8b-instruct|b,selection,0.8825,0.9567,300,delta_pp:1,0.2351,1.8088,True,False,False
47,selection|microsoft/Phi-3.5-mini-instruct|b,selection,0.8333,0.9233,300,delta_pp:1,0.4754,2.3681,True,False,False
47,selection|Qwen/Qwen2.5-7B-Instruct|c,selection,0.8965,0.9833,300,delta_pp:1,0.0546,-0.384,False,False,False
47,selection|allenai/OLMo-2-1124-7B-Instruct|c,selection,0.8,0.92,300,delta_pp:1,0.0408,1.2233,True,False,False
47,selection|ibm-granite/granite-3.3-8b-instruct|c,selection,0.8491,0.9533,300,delta_pp:1,-1.5194,1.1876,True,True,False
47,selection|microsoft/Phi-3.5-mini-instruct|c,selection,0.893,0.9167,300,delta_pp:1,-1.0721,3.7391,True,True,False
48,selection|Qwen/Qwen2.5-7B-Instruct|a,selection,0.8494,0.9767,300,delta_pp:1,-2.1691,-0.401,False,True,False
48,selection|allenai/OLMo-2-1124-7B-Instruct|a,selection,0.8506,0.9267,300,delta_pp:1,1.1142,-0.8898,False,True,False
48,selection|ibm-granite/granite-3.3-8b-instruct|a,selection,0.92,0.9533,300,delta_pp:1,1.9615,0.9105,False,True,False
48,selection|microsoft/Phi-3.5-mini-instruct|a,selection,0.8853,0.94,300,delta_pp:1,2.1978,1.8188,True,True,False
48,selection|Qwen/Qwen2.5-7B-Instruct|b,selection,0.8735,0.97,300,delta_pp:1,-1.0161,-0.5102,False,True,False
48,selection|allenai/OLMo-2-1124-7B-Instruct|b,selection,0.8229,0.9267,300,delta_pp:1,-0.0157,0.3366,False,False,False
48,selection|ibm-granite/granite-3.3-8b-instruct|b,selection,0.8594,0.9433,300,delta_pp:1,1.7162,1.8088,True,True,False
48,selection|microsoft/Phi-3.5-mini-instruct|b,selection,0.8676,0.9067,300,delta_pp:1,3.6334,2.3681,True,True,False
48,selection|Qwen/Qwen2.5-7B-Instruct|c,selection,0.8476,0.9733,300,delta_pp:1,-1.4976,-0.384,False,True,False
48,selection|allenai/OLMo-2-1124-7B-Instruct|c,selection,0.7694,0.93,300,delta_pp:1,2.2568,1.2233,True,True,True
48,selection|ibm-granite/granite-3.3-8b-instruct|c,selection,0.9029,0.9733,300,delta_pp:1,2.082,1.1876,True,True,False
48,selection|microsoft/Phi-3.5-mini-instruct|c,selection,0.8676,0.9067,300,delta_pp:1,4.9532,3.7391,True,True,False
49,selection|Qwen/Qwen2.5-7B-Instruct|a,selection,0.9096,0.9767,300,delta_pp:1,1.695,-0.401,False,True,False
49,selection|allenai/OLMo-2-1124-7B-Instruct|a,selection,0.8936,0.9467,300,delta_pp:1,2.6097,-0.8898,False,True,False
49,selection|ibm-granite/granite-3.3-8b-instruct|a,selection,0.9563,0.9667,300,delta_pp:1,2.0424,0.9105,False,True,False
49,selection|microsoft/Phi-3.5-mini-instruct|a,selection,0.9474,0.95,300,delta_pp:1,4.0276,1.8188,True,True,False
49,selection|Qwen/Qwen2.5-7B-Instruct|b,selection,0.906,0.97,300,delta_pp:1,3.0521,-0.5102,False,True,False
49,selection|allenai/OLMo-2-1124-7B-Instruct|b,selection,0.9161,0.94,300,delta_pp:1,1.1429,0.3366,False,True,False
49,selection|ibm-granite/granite-3.3-8b-instruct|b,selection,0.9823,0.9667,300,delta_pp:1,1.7708,1.8088,True,True,False
49,selection|microsoft/Phi-3.5-mini-instruct|b,selection,0.9681,0.94,300,delta_pp:1,3.2393,2.3681,True,True,False
49,selection|Qwen/Qwen2.5-7B-Instruct|c,selection,0.9078,0.9733,300,delta_pp:1,1.0537,-0.384,False,True,False
49,selection|allenai/OLMo-2-1124-7B-Instruct|c,selection,0.8936,0.9467,300,delta_pp:1,5.2494,1.2233,True,True,False
49,selection|ibm-granite/granite-3.3-8b-instruct|c,selection,0.9025,0.9633,300,delta_pp:1,0.537,1.1876,True,False,False
49,selection|microsoft/Phi-3.5-mini-instruct|c,selection,0.9539,0.9133,300,delta_pp:1,6.0277,3.7391,True,True,False
50,selection|Qwen/Qwen2.5-7B-Instruct|a,selection,0.8505,0.97,300,delta_pp:1,1.0367,-0.401,False,True,False
50,selection|allenai/OLMo-2-1124-7B-Instruct|a,selection,0.7926,0.9333,300,delta_pp:1,-3.0229,-0.8898,False,True,True
50,selection|ibm-granite/granite-3.3-8b-instruct|a,selection,0.8587,0.95,300,delta_pp:1,1.0039,0.9105,False,True,False
50,selection|microsoft/Phi-3.5-mini-instruct|a,selection,0.8687,0.9333,300,delta_pp:1,-1.1416,1.8188,True,True,False
50,selection|Qwen/Qwen2.5-7B-Instruct|b,selection,0.8904,0.9733,300,delta_pp:1,0.0073,-0.5102,False,False,False
50,selection|allenai/OLMo-2-1124-7B-Instruct|b,selection,0.8342,0.94,300,delta_pp:1,-3.4114,0.3366,False,True,False
50,selection|ibm-granite/granite-3.3-8b-instruct|b,selection,0.8687,0.9333,300,delta_pp:1,4.1944,1.8088,True,True,False
50,selection|microsoft/Phi-3.5-mini-instruct|b,selection,0.8995,0.92,300,delta_pp:1,1.2233,2.3681,True,True,False
50,selection|Qwen/Qwen2.5-7B-Instruct|c,selection,0.8732,0.9767,300,delta_pp:1,-0.4677,-0.384,False,False,False
50,selection|allenai/OLMo-2-1124-7B-Instruct|c,selection,0.8832,0.96,300,delta_pp:1,-1.2935,1.2233,True,True,False
50,selection|ibm-granite/granite-3.3-8b-instruct|c,selection,0.8415,0.9533,300,delta_pp:1,0.4718,1.1876,True,False,False
50,selection|microsoft/Phi-3.5-mini-instruct|c,selection,0.8931,0.8733,300,delta_pp:1,2.6051,3.7391,True,True,False
51,selection|Qwen/Qwen2.5-7B-Instruct|a,selection,0.8794,0.98,300,delta_pp:1,-0.0824,-0.401,False,False,False
51,selection|allenai/OLMo-2-1124-7B-Instruct|a,selection,0.7081,0.9333,300,delta_pp:1,0.1331,-0.8898,False,False,True
51,selection|ibm-granite/granite-3.3-8b-instruct|a,selection,0.7903,0.95,300,delta_pp:1,4.0171,0.9105,False,True,True
51,selection|microsoft/Phi-3.5-mini-instruct|a,selection,0.8567,0.9367,300,delta_pp:1,2.2399,1.8188,True,True,False
51,selection|Qwen/Qwen2.5-7B-Instruct|b,selection,0.8392,0.9733,300,delta_pp:1,0.2775,-0.5102,False,False,False
51,selection|allenai/OLMo-2-1124-7B-Instruct|b,selection,0.7781,0.9267,300,delta_pp:1,0.9638,0.3366,False,False,True
51,selection|ibm-granite/granite-3.3-8b-instruct|b,selection,0.9039,0.9567,300,delta_pp:1,1.8161,1.8088,True,True,False
51,selection|microsoft/Phi-3.5-mini-instruct|b,selection,0.8498,0.9233,300,delta_pp:1,0.9839,2.3681,True,False,False
51,selection|Qwen/Qwen2.5-7B-Instruct|c,selection,0.8409,0.9767,300,delta_pp:1,-0.3985,-0.384,False,False,False
51,selection|allenai/OLMo-2-1124-7B-Instruct|c,selection,0.7012,0.92,300,delta_pp:1,1.5169,1.2233,True,True,True
51,selection|ibm-granite/granite-3.3-8b-instruct|c,selection,0.8305,0.9567,300,delta_pp:1,3.6572,1.1876,True,True,False
51,selection|microsoft/Phi-3.5-mini-instruct|c,selection,0.8324,0.89,300,delta_pp:1,5.1035,3.7391,True,True,False
52,selection|Qwen/Qwen2.5-7B-Instruct|a,selection,0.8836,0.9767,300,delta_pp:1,-1.249,-0.401,False,True,False
52,selection|allenai/OLMo-2-1124-7B-Instruct|a,selection,0.8777,0.9167,300,delta_pp:1,1.4084,-0.8898,False,True,False
52,selection|ibm-granite/granite-3.3-8b-instruct|a,selection,0.9249,0.9567,300,delta_pp:1,-0.1726,0.9105,False,False,False
52,selection|microsoft/Phi-3.5-mini-instruct|a,selection,0.8257,0.9167,300,delta_pp:1,4.28,1.8188,True,True,False
52,selection|Qwen/Qwen2.5-7B-Instruct|b,selection,0.9078,0.9733,300,delta_pp:1,-1.982,-0.5102,False,True,False
52,selection|allenai/OLMo-2-1124-7B-Instruct|b,selection,0.857,0.9267,300,delta_pp:1,3.4426,0.3366,False,True,False
52,selection|ibm-granite/granite-3.3-8b-instruct|b,selection,0.9178,0.9433,300,delta_pp:1,2.437,1.8088,True,True,False
52,selection|microsoft/Phi-3.5-mini-instruct|b,selection,0.8061,0.88,300,delta_pp:1,7.6818,2.3681,True,True,False
52,selection|Qwen/Qwen2.5-7B-Instruct|c,selection,0.9338,0.9733,300,delta_pp:1,-2.1316,-0.384,False,True,False
52,selection|allenai/OLMo-2-1124-7B-Instruct|c,selection,0.8203,0.9067,300,delta_pp:1,3.6479,1.2233,True,True,False
52,selection|ibm-granite/granite-3.3-8b-instruct|c,selection,0.9025,0.9633,300,delta_pp:1,2.5308,1.1876,True,True,False
52,selection|microsoft/Phi-3.5-mini-instruct|c,selection,0.7866,0.8433,300,delta_pp:1,8.444,3.7391,True,True,True
53,selection|Qwen/Qwen2.5-7B-Instruct|a,selection,0.8529,0.9833,300,delta_pp:1,0.3055,-0.401,False,False,False
53,selection|allenai/OLMo-2-1124-7B-Instruct|a,selection,0.8576,0.94,300,delta_pp:1,-0.4087,-0.8898,False,False,False
53,selection|ibm-granite/granite-3.3-8b-instruct|a,selection,0.8771,0.9767,300,delta_pp:1,1.4281,0.9105,False,True,False
53,selection|microsoft/Phi-3.5-mini-instruct|a,selection,0.8076,0.95,300,delta_pp:1,4.9053,1.8188,True,True,False
53,selection|Qwen/Qwen2.5-7B-Instruct|b,selection,0.8824,0.9867,300,delta_pp:1,0.5545,-0.5102,False,False,False
53,selection|allenai/OLMo-2-1124-7B-Instruct|b,selection,0.8665,0.9567,300,delta_pp:1,0.2611,0.3366,False,False,False
53,selection|ibm-granite/granite-3.3-8b-instruct|b,selection,0.8494,0.9767,300,delta_pp:1,0.3565,1.8088,True,False,False
53,selection|microsoft/Phi-3.5-mini-instruct|b,selection,0.8576,0.94,300,delta_pp:1,8.9674,2.3681,True,True,False
53,selection|Qwen/Qwen2.5-7B-Instruct|c,selection,0.8824,0.9867,300,delta_pp:1,0.5545,-0.384,False,False,False
53,selection|allenai/OLMo-2-1124-7B-Instruct|c,selection,0.8112,0.9567,300,delta_pp:1,0.8948,1.2233,True,False,False
53,selection|ibm-granite/granite-3.3-8b-instruct|c,selection,0.8235,0.98,300,delta_pp:1,1.2391,1.1876,True,True,False
53,selection|microsoft/Phi-3.5-mini-instruct|c,selection,0.8729,0.9167,300,delta_pp:1,12.0598,3.7391,True,True,False
54,selection|Qwen/Qwen2.5-7B-Instruct|a,selection,0.8631,0.9733,300,delta_pp:1,0.9752,-0.401,False,False,False
54,selection|allenai/OLMo-2-1124-7B-Instruct|a,selection,0.8471,0.9433,300,delta_pp:1,1.74,-0.8898,False,True,False
54,selection|ibm-granite/granite-3.3-8b-instruct|a,selection,0.9403,0.98,300,delta_pp:1,3.1457,0.9105,False,True,False
54,selection|microsoft/Phi-3.5-mini-instruct|a,selection,0.8577,0.9633,300,delta_pp:1,2.9237,1.8188,True,True,False
54,selection|Qwen/Qwen2.5-7B-Instruct|b,selection,0.8894,0.9767,300,delta_pp:1,0.1991,-0.5102,False,False,False
54,selection|allenai/OLMo-2-1124-7B-Instruct|b,selection,0.8435,0.9367,300,delta_pp:1,-0.8763,0.3366,False,False,False
54,selection|ibm-granite/granite-3.3-8b-instruct|b,selection,0.9367,0.9733,300,delta_pp:1,4.4888,1.8088,True,True,False
54,selection|microsoft/Phi-3.5-mini-instruct|b,selection,0.8787,0.9567,300,delta_pp:1,4.1624,2.3681,True,True,False
54,selection|Qwen/Qwen2.5-7B-Instruct|c,selection,0.9122,0.9733,300,delta_pp:1,2.0198,-0.384,False,True,False
54,selection|allenai/OLMo-2-1124-7B-Instruct|c,selection,0.84,0.93,300,delta_pp:1,-0.853,1.2233,True,False,False
54,selection|ibm-granite/granite-3.3-8b-instruct|c,selection,0.942,0.9833,300,delta_pp:1,2.4741,1.1876,True,True,False
54,selection|microsoft/Phi-3.5-mini-instruct|c,selection,0.889,0.93,300,delta_pp:1,2.8313,3.7391,True,True,False
55,selection|Qwen/Qwen2.5-7B-Instruct|a,selection,0.7912,0.9633,300,delta_pp:1,-1.6356,-0.401,False,True,True
55,selection|allenai/OLMo-2-1124-7B-Instruct|a,selection,0.8474,0.95,300,delta_pp:1,-0.3753,-0.8898,False,False,False
55,selection|ibm-granite/granite-3.3-8b-instruct|a,selection,0.8193,0.9567,300,delta_pp:1,0.9375,0.9105,False,False,False
55,selection|microsoft/Phi-3.5-mini-instruct|a,selection,0.8105,0.94,300,delta_pp:1,1.6089,1.8188,True,True,False
55,selection|Qwen/Qwen2.5-7B-Instruct|b,selection,0.793,0.9667,300,delta_pp:1,-0.978,-0.5102,False,False,True
55,selection|allenai/OLMo-2-1124-7B-Instruct|b,selection,0.8035,0.9267,300,delta_pp:1,0.3721,0.3366,False,False,False
55,selection|ibm-granite/granite-3.3-8b-instruct|b,selection,0.8421,0.94,300,delta_pp:1,5.4973,1.8088,True,True,False
55,selection|microsoft/Phi-3.5-mini-instruct|b,selection,0.8702,0.9333,300,delta_pp:1,2.8647,2.3681,True,True,False
55,selection|Qwen/Qwen2.5-7B-Instruct|c,selection,0.7947,0.97,300,delta_pp:1,-1.6402,-0.384,False,True,True
55,selection|allenai/OLMo-2-1124-7B-Instruct|c,selection,0.7105,0.93,300,delta_pp:1,-1.4701,1.2233,True,True,True
55,selection|ibm-granite/granite-3.3-8b-instruct|c,selection,0.8175,0.9533,300,delta_pp:1,2.9196,1.1876,True,True,False
55,selection|microsoft/Phi-3.5-mini-instruct|c,selection,0.9316,0.93,300,delta_pp:1,4.7043,3.7391,True,True,False
56,selection|Qwen/Qwen2.5-7B-Instruct|a,selection,0.7931,0.9733,300,delta_pp:1,-0.1523,-0.401,False,False,True
56,selection|allenai/OLMo-2-1124-7B-Instruct|a,selection,0.8207,0.9333,300,delta_pp:1,-4.1249,-0.8898,False,True,False
56,selection|ibm-granite/granite-3.3-8b-instruct|a,selection,0.9328,0.9633,300,delta_pp:1,2.5418,0.9105,False,True,False
56,selection|microsoft/Phi-3.5-mini-instruct|a,selection,0.8672,0.93,300,delta_pp:1,4.0734,1.8188,True,True,False
56,selection|Qwen/Qwen2.5-7B-Instruct|b,selection,0.8397,0.97,300,delta_pp:1,-1.0591,-0.5102,False,True,False
56,selection|allenai/OLMo-2-1124-7B-Instruct|b,selection,0.8638,0.9233,300,delta_pp:1,-3.6937,0.3366,False,True,False
56,selection|ibm-granite/granite-3.3-8b-instruct|b,selection,0.9328,0.9633,300,delta_pp:1,3.8618,1.8088,True,True,False
56,selection|microsoft/Phi-3.5-mini-instruct|b,selection,0.9586,0.92,300,delta_pp:1,3.0635,2.3681,True,True,False
56,selection|Qwen/Qwen2.5-7B-Instruct|c,selection,0.8414,0.9733,300,delta_pp:1,-1.5935,-0.384,False,True,False
56,selection|allenai/OLMo-2-1124-7B-Instruct|c,selection,0.819,0.93,300,delta_pp:1,0.504,1.2233,True,False,False
56,selection|ibm-granite/granite-3.3-8b-instruct|c,selection,0.9379,0.9733,300,delta_pp:1,4.4947,1.1876,True,True,False
56,selection|microsoft/Phi-3.5-mini-instruct|c,selection,0.8879,0.8767,300,delta_pp:1,5.2821,3.7391,True,True,False
57,selection|Qwen/Qwen2.5-7B-Instruct|a,selection,0.9339,0.9833,300,delta_pp:1,-1.06,-0.401,False,True,False
57,selection|allenai/OLMo-2-1124-7B-Instruct|a,selection,0.8406,0.9167,300,delta_pp:1,1.1368,-0.8898,False,True,False
57,selection|ibm-granite/granite-3.3-8b-instruct|a,selection,0.9665,0.9733,300,delta_pp:1,0.569,0.9105,False,False,False
57,selection|microsoft/Phi-3.5-mini-instruct|a,selection,0.8587,0.95,300,delta_pp:1,2.3237,1.8188,True,True,False
57,selection|Qwen/Qwen2.5-7B-Instruct|b,selection,0.9321,0.98,300,delta_pp:1,-1.7009,-0.5102,False,True,False
57,selection|allenai/OLMo-2-1124-7B-Instruct|b,selection,0.8197,0.9133,300,delta_pp:1,2.0194,0.3366,False,True,False
57,selection|ibm-granite/granite-3.3-8b-instruct|b,selection,0.9592,0.96,300,delta_pp:1,0.6449,1.8088,True,False,False
57,selection|microsoft/Phi-3.5-mini-instruct|b,selection,0.8931,0.9433,300,delta_pp:1,0.6343,2.3681,True,False,False
57,selection|Qwen/Qwen2.5-7B-Instruct|c,selection,0.8922,0.9767,300,delta_pp:1,0.6482,-0.384,False,False,False
57,selection|allenai/OLMo-2-1124-7B-Instruct|c,selection,0.8705,0.9367,300,delta_pp:1,3.5156,1.2233,True,True,False
57,selection|ibm-granite/granite-3.3-8b-instruct|c,selection,0.9475,0.9733,300,delta_pp:1,-0.547,1.1876,True,False,False
57,selection|microsoft/Phi-3.5-mini-instruct|c,selection,0.8904,0.9033,300,delta_pp:1,4.6746,3.7391,True,True,False
58,selection|Qwen/Qwen2.5-7B-Instruct|a,selection,0.8579,0.97,300,delta_pp:1,-2.6566,-0.401,False,True,False
58,selection|allenai/OLMo-2-1124-7B-Instruct|a,selection,0.8018,0.9233,300,delta_pp:1,-3.462,-0.8898,False,True,False
58,selection|ibm-granite/granite-3.3-8b-instruct|a,selection,0.814,0.9467,300,delta_pp:1,-0.3071,0.9105,False,False,False
58,selection|microsoft/Phi-3.5-mini-instruct|a,selection,0.7404,0.9267,300,delta_pp:1,-0.9174,1.8188,True,False,True
58,selection|Qwen/Qwen2.5-7B-Instruct|b,selection,0.7895,0.96,300,delta_pp:1,-2.5331,-0.5102,False,True,True
58,selection|allenai/OLMo-2-1124-7B-Instruct|b,selection,0.7842,0.89,300,delta_pp:1,-3.1191,0.3366,False,True,True
58,selection|ibm-granite/granite-3.3-8b-instruct|b,selection,0.8719,0.9367,300,delta_pp:1,1.0135,1.8088,True,True,False
58,selection|microsoft/Phi-3.5-mini-instruct|b,selection,0.7298,0.9067,300,delta_pp:1,-0.7932,2.3681,True,False,True
58,selection|Qwen/Qwen2.5-7B-Instruct|c,selection,0.7877,0.9567,300,delta_pp:1,-3.1724,-0.384,False,True,True
58,selection|allenai/OLMo-2-1124-7B-Instruct|c,selection,0.8368,0.93,300,delta_pp:1,-2.4083,1.2233,True,True,False
58,selection|ibm-granite/granite-3.3-8b-instruct|c,selection,0.8825,0.9567,300,delta_pp:1,-0.4306,1.1876,True,False,False
58,selection|microsoft/Phi-3.5-mini-instruct|c,selection,0.8509,0.8967,300,delta_pp:1,-2.562,3.7391,True,True,False
59,selection|Qwen/Qwen2.5-7B-Instruct|a,selection,0.7448,0.9733,300,delta_pp:1,1.267,-0.401,False,True,True
59,selection|allenai/OLMo-2-1124-7B-Instruct|a,selection,0.7862,0.96,300,delta_pp:1,0.0,-0.8898,False,False,True
59,selection|ibm-granite/granite-3.3-8b-instruct|a,selection,0.8879,0.97,300,delta_pp:1,0.5541,0.9105,False,False,False
59,selection|microsoft/Phi-3.5-mini-instruct|a,selection,0.8345,0.96,300,delta_pp:1,-1.267,1.8188,True,True,False
59,selection|Qwen/Qwen2.5-7B-Instruct|b,selection,0.7431,0.97,300,delta_pp:1,0.6071,-0.5102,False,False,True
59,selection|allenai/OLMo-2-1124-7B-Instruct|b,selection,0.8328,0.9567,300,delta_pp:1,2.0329,0.3366,False,True,False
59,selection|ibm-granite/granite-3.3-8b-instruct|b,selection,0.7793,0.9467,300,delta_pp:1,3.8541,1.8088,True,True,True
59,selection|microsoft/Phi-3.5-mini-instruct|b,selection,0.8707,0.9367,300,delta_pp:1,3.2999,2.3681,True,True,False
59,selection|Qwen/Qwen2.5-7B-Instruct|c,selection,0.7448,0.9733,300,delta_pp:1,1.1612,-0.384,False,True,True
59,selection|allenai/OLMo-2-1124-7B-Instruct|c,selection,0.7362,0.9567,300,delta_pp:1,3.247,1.2233,True,True,True
59,selection|ibm-granite/granite-3.3-8b-instruct|c,selection,0.6414,0.96,300,delta_pp:1,0.0529,1.1876,True,False,True
59,selection|microsoft/Phi-3.5-mini-instruct|c,selection,0.8552,0.9067,300,delta_pp:1,0.0,3.7391,True,False,False
60,selection|Qwen/Qwen2.5-7B-Instruct|a,selection,0.7576,0.96,300,delta_pp:1,-2.8927,-0.401,False,True,True
60,selection|allenai/OLMo-2-1124-7B-Instruct|a,selection,0.8264,0.9333,300,delta_pp:1,-0.887,-0.8898,False,False,False
60,selection|ibm-granite/granite-3.3-8b-instruct|a,selection,0.8994,0.9667,300,delta_pp:1,-0.1508,0.9105,False,False,False
60,selection|microsoft/Phi-3.5-mini-instruct|a,selection,0.8282,0.9367,300,delta_pp:1,1.0766,1.8188,True,True,False
60,selection|Qwen/Qwen2.5-7B-Instruct|b,selection,0.7835,0.9567,300,delta_pp:1,-2.4711,-0.5102,False,True,True
60,selection|allenai/OLMo-2-1124-7B-Instruct|b,selection,0.8041,0.9433,300,delta_pp:1,1.2987,0.3366,False,True,False
60,selection|ibm-granite/granite-3.3-8b-instruct|b,selection,0.8406,0.96,300,delta_pp:1,0.3907,1.8088,True,False,False
60,selection|microsoft/Phi-3.5-mini-instruct|b,selection,0.8694,0.91,300,delta_pp:1,3.3368,2.3681,True,True,False
60,selection|Qwen/Qwen2.5-7B-Instruct|c,selection,0.7888,0.9667,300,delta_pp:1,-1.8598,-0.384,False,True,True
60,selection|allenai/OLMo-2-1124-7B-Instruct|c,selection,0.7106,0.9233,300,delta_pp:1,-1.7999,1.2233,True,True,True
60,selection|ibm-granite/granite-3.3-8b-instruct|c,selection,0.8788,0.98,300,delta_pp:1,-1.2809,1.1876,True,True,False
60,selection|microsoft/Phi-3.5-mini-instruct|c,selection,0.857,0.8867,300,delta_pp:1,5.43,3.7391,True,True,False
61,selection|Qwen/Qwen2.5-7B-Instruct|a,selection,0.7965,0.9733,300,delta_pp:1,-0.9826,-0.401,False,False,True
61,selection|allenai/OLMo-2-1124-7B-Instruct|a,selection,0.8158,0.95,300,delta_pp:1,-4.2636,-0.8898,False,True,False
61,selection|ibm-granite/granite-3.3-8b-instruct|a,selection,0.9175,0.9633,300,delta_pp:1,-1.8469,0.9105,False,True,False
61,selection|microsoft/Phi-3.5-mini-instruct|a,selection,0.9123,0.9533,300,delta_pp:1,2.7796,1.8188,True,True,False
61,selection|Qwen/Qwen2.5-7B-Instruct|b,selection,0.7965,0.9733,300,delta_pp:1,-0.9826,-0.5102,False,False,True
61,selection|allenai/OLMo-2-1124-7B-Instruct|b,selection,0.7825,0.9467,300,delta_pp:1,-6.1699,0.3366,False,True,True
61,selection|ibm-granite/granite-3.3-8b-instruct|b,selection,0.9088,0.9467,300,delta_pp:1,1.4643,1.8088,True,True,False
61,selection|microsoft/Phi-3.5-mini-instruct|b,selection,0.9018,0.9333,300,delta_pp:1,2.7934,2.3681,True,True,False
61,selection|Qwen/Qwen2.5-7B-Instruct|c,selection,0.8,0.98,300,delta_pp:1,-0.9872,-0.384,False,False,False
61,selection|allenai/OLMo-2-1124-7B-Instruct|c,selection,0.7877,0.9567,300,delta_pp:1,-2.9509,1.2233,True,True,True
61,selection|ibm-granite/granite-3.3-8b-instruct|c,selection,0.9175,0.9633,300,delta_pp:1,0.7929,1.1876,True,False,False
61,selection|microsoft/Phi-3.5-mini-instruct|c,selection,0.8842,0.9,300,delta_pp:1,0.1766,3.7391,True,False,False
62,selection|Qwen/Qwen2.5-7B-Instruct|a,selection,0.8441,0.9667,300,delta_pp:1,-1.1367,-0.401,False,True,False
62,selection|allenai/OLMo-2-1124-7B-Instruct|a,selection,0.8158,0.9133,300,delta_pp:1,-0.8773,-0.8898,False,False,False
62,selection|ibm-granite/granite-3.3-8b-instruct|a,selection,0.9288,0.97,300,delta_pp:1,2.7904,0.9105,False,True,False
62,selection|microsoft/Phi-3.5-mini-instruct|a,selection,0.7935,0.9233,300,delta_pp:1,2.6282,1.8188,True,True,True
62,selection|Qwen/Qwen2.5-7B-Instruct|b,selection,0.8735,0.97,300,delta_pp:1,-0.7475,-0.5102,False,False,False
62,selection|allenai/OLMo-2-1124-7B-Instruct|b,selection,0.8506,0.9267,300,delta_pp:1,1.443,0.3366,False,True,False
62,selection|ibm-granite/granite-3.3-8b-instruct|b,selection,0.8959,0.96,300,delta_pp:1,3.7536,1.8088,True,True,False
62,selection|microsoft/Phi-3.5-mini-instruct|b,selection,0.8488,0.9233,300,delta_pp:1,3.439,2.3681,True,True,False
62,selection|Qwen/Qwen2.5-7B-Instruct|c,selection,0.9047,0.9767,300,delta_pp:1,0.2853,-0.384,False,False,False
62,selection|allenai/OLMo-2-1124-7B-Instruct|c,selection,0.7641,0.92,300,delta_pp:1,2.2391,1.2233,True,True,True
62,selection|ibm-granite/granite-3.3-8b-instruct|c,selection,0.87,0.9633,300,delta_pp:1,3.2444,1.1876,True,True,False
62,selection|microsoft/Phi-3.5-mini-instruct|c,selection,0.8346,0.8967,300,delta_pp:1,3.5686,3.7391,True,True,False
63,selection|Qwen/Qwen2.5-7B-Instruct|a,selection,0.9598,0.9933,300,delta_pp:1,1.1907,-0.401,False,True,False
63,selection|allenai/OLMo-2-1124-7B-Instruct|a,selection,0.8165,0.93,300,delta_pp:1,2.9683,-0.8898,False,True,False
63,selection|ibm-granite/granite-3.3-8b-instruct|a,selection,0.9126,0.9733,300,delta_pp:1,1.1804,0.9105,False,True,False
63,selection|microsoft/Phi-3.5-mini-instruct|a,selection,0.8252,0.9467,300,delta_pp:1,4.9596,1.8188,True,True,False
63,selection|Qwen/Qwen2.5-7B-Instruct|b,selection,0.9213,0.99,300,delta_pp:1,1.7672,-0.5102,False,True,False
63,selection|allenai/OLMo-2-1124-7B-Instruct|b,selection,0.8096,0.9167,300,delta_pp:1,1.7237,0.3366,False,True,False
63,selection|ibm-granite/granite-3.3-8b-instruct|b,selection,0.9861,0.9733,300,delta_pp:1,2.5781,1.8088,True,True,False
63,selection|microsoft/Phi-3.5-mini-instruct|b,selection,0.8952,0.94,300,delta_pp:1,3.7974,2.3681,True,True,False
63,selection|Qwen/Qwen2.5-7B-Instruct|c,selection,0.9213,0.99,300,delta_pp:1,1.7672,-0.384,False,True,False
63,selection|allenai/OLMo-2-1124-7B-Instruct|c,selection,0.8148,0.9267,300,delta_pp:1,3.7105,1.2233,True,True,False
63,selection|ibm-granite/granite-3.3-8b-instruct|c,selection,0.9126,0.9733,300,delta_pp:1,3.7357,1.1876,True,True,False
63,selection|microsoft/Phi-3.5-mini-instruct|c,selection,0.8865,0.9233,300,delta_pp:1,5.7659,3.7391,True,True,False
64,selection|Qwen/Qwen2.5-7B-Instruct|a,selection,0.8025,0.9733,300,delta_pp:1,0.6054,-0.401,False,False,False
64,selection|allenai/OLMo-2-1124-7B-Instruct|a,selection,0.8987,0.9467,300,delta_pp:1,3.8439,-0.8898,False,True,False
64,selection|ibm-granite/granite-3.3-8b-instruct|a,selection,0.9476,0.97,300,delta_pp:1,2.7442,0.9105,False,True,False
64,selection|microsoft/Phi-3.5-mini-instruct|a,selection,0.785,0.94,300,delta_pp:1,3.4051,1.8188,True,True,True
64,selection|Qwen/Qwen2.5-7B-Instruct|b,selection,0.8374,0.97,300,delta_pp:1,2.2733,-0.5102,False,True,False
64,selection|allenai/OLMo-2-1124-7B-Instruct|b,selection,0.9039,0.9567,300,delta_pp:1,1.8161,0.3366,False,True,False
64,selection|ibm-granite/granite-3.3-8b-instruct|b,selection,0.9074,0.9633,300,delta_pp:1,1.7841,1.8088,True,True,False
64,selection|microsoft/Phi-3.5-mini-instruct|b,selection,0.8148,0.9267,300,delta_pp:1,0.6359,2.3681,True,False,False
64,selection|Qwen/Qwen2.5-7B-Instruct|c,selection,0.8374,0.97,300,delta_pp:1,2.2733,-0.384,False,True,False
64,selection|allenai/OLMo-2-1124-7B-Instruct|c,selection,0.8567,0.9367,300,delta_pp:1,3.5598,1.2233,True,True,False
64,selection|ibm-granite/granite-3.3-8b-instruct|c,selection,0.9528,0.98,300,delta_pp:1,2.0363,1.1876,True,True,False
64,selection|microsoft/Phi-3.5-mini-instruct|c,selection,0.8078,0.9133,300,delta_pp:1,5.9795,3.7391,True,True,False
65,selection|Qwen/Qwen2.5-7B-Instruct|a,selection,0.7482,0.97,300,delta_pp:1,-4.4127,-0.401,False,True,True
65,selection|allenai/OLMo-2-1124-7B-Instruct|a,selection,0.8138,0.9267,300,delta_pp:1,-6.4959,-0.8898,False,True,False
65,selection|ibm-granite/granite-3.3-8b-instruct|a,selection,0.8922,0.9633,300,delta_pp:1,-3.1963,0.9105,False,True,False
65,selection|microsoft/Phi-3.5-mini-instruct|a,selection,0.8261,0.95,300,delta_pp:1,-3.1963,1.8188,True,True,False
65,selection|Qwen/Qwen2.5-7B-Instruct|b,selection,0.7447,0.9633,300,delta_pp:1,-4.4127,-0.5102,False,True,True
65,selection|allenai/OLMo-2-1124-7B-Instruct|b,selection,0.8209,0.94,300,delta_pp:1,-5.245,0.3366,False,True,False
65,selection|ibm-granite/granite-3.3-8b-instruct|b,selection,0.8609,0.96,300,delta_pp:1,-2.5708,1.8088,True,True,False
65,selection|microsoft/Phi-3.5-mini-instruct|b,selection,0.8121,0.9233,300,delta_pp:1,-7.0869,2.3681,True,True,False
65,selection|Qwen/Qwen2.5-7B-Instruct|c,selection,0.7152,0.9633,300,delta_pp:1,-3.1273,-0.384,False,True,True
65,selection|allenai/OLMo-2-1124-7B-Instruct|c,selection,0.7324,0.94,300,delta_pp:1,0.0,1.2233,True,False,True
65,selection|ibm-granite/granite-3.3-8b-instruct|c,selection,0.8385,0.9733,300,delta_pp:1,0.0345,1.1876,True,False,False
65,selection|microsoft/Phi-3.5-mini-instruct|c,selection,0.8204,0.8833,300,delta_pp:1,-0.522,3.7391,True,False,False
66,selection|Qwen/Qwen2.5-7B-Instruct|a,selection,0.9131,0.9833,300,delta_pp:1,-0.3631,-0.401,False,False,False
66,selection|allenai/OLMo-2-1124-7B-Instruct|a,selection,0.8085,0.9333,300,delta_pp:1,1.9553,-0.8898,False,True,False
66,selection|ibm-granite/granite-3.3-8b-instruct|a,selection,0.9338,0.9733,300,delta_pp:1,1.5409,0.9105,False,True,False
66,selection|microsoft/Phi-3.5-mini-instruct|a,selection,0.9267,0.96,300,delta_pp:1,1.5595,1.8188,True,True,False
66,selection|Qwen/Qwen2.5-7B-Instruct|b,selection,0.9409,0.9867,300,delta_pp:1,0.2025,-0.5102,False,False,False
66,selection|allenai/OLMo-2-1124-7B-Instruct|b,selection,0.8345,0.9333,300,delta_pp:1,4.4424,0.3366,False,True,False
66,selection|ibm-granite/granite-3.3-8b-instruct|b,selection,0.9285,0.9633,300,delta_pp:1,4.8544,1.8088,True,True,False
66,selection|microsoft/Phi-3.5-mini-instruct|b,selection,0.9214,0.95,300,delta_pp:1,3.5532,2.3681,True,True,False
66,selection|Qwen/Qwen2.5-7B-Instruct|c,selection,0.8853,0.98,300,delta_pp:1,-0.9287,-0.384,False,False,False
66,selection|allenai/OLMo-2-1124-7B-Instruct|c,selection,0.8936,0.9467,300,delta_pp:1,5.6273,1.2233,True,True,False
66,selection|ibm-granite/granite-3.3-8b-instruct|c,selection,0.9096,0.9767,300,delta_pp:1,2.2229,1.1876,True,True,False
66,selection|microsoft/Phi-3.5-mini-instruct|c,selection,0.9019,0.9133,300,delta_pp:1,5.5841,3.7391,True,True,False
67,selection|Qwen/Qwen2.5-7B-Instruct|a,selection,0.9132,0.9867,300,delta_pp:1,-0.1532,-0.401,False,False,False
67,selection|allenai/OLMo-2-1124-7B-Instruct|a,selection,0.7569,0.9167,300,delta_pp:1,-1.2082,-0.8898,False,True,True
67,selection|ibm-granite/granite-3.3-8b-instruct|a,selection,0.901,0.9633,300,delta_pp:1,2.2807,0.9105,False,True,False
67,selection|microsoft/Phi-3.5-mini-instruct|a,selection,0.901,0.9633,300,delta_pp:1,3.6006,1.8188,True,True,False
67,selection|Qwen/Qwen2.5-7B-Instruct|b,selection,0.9149,0.99,300,delta_pp:1,-0.5412,-0.5102,False,False,False
67,selection|allenai/OLMo-2-1124-7B-Instruct|b,selection,0.7639,0.93,300,delta_pp:1,1.0459,0.3366,False,True,True
67,selection|ibm-granite/granite-3.3-8b-instruct|b,selection,0.9444,0.97,300,delta_pp:1,1.7444,1.8088,True,True,False
67,selection|microsoft/Phi-3.5-mini-instruct|b,selection,0.8941,0.95,300,delta_pp:1,2.077,2.3681,True,True,False
67,selection|Qwen/Qwen2.5-7B-Instruct|c,selection,0.8299,0.98,300,delta_pp:1,-0.4461,-0.384,False,False,False
67,selection|allenai/OLMo-2-1124-7B-Instruct|c,selection,0.8056,0.9333,300,delta_pp:1,2.807,1.2233,True,True,False
67,selection|ibm-granite/granite-3.3-8b-instruct|c,selection,0.9531,0.9867,300,delta_pp:1,-0.3492,1.1876,True,False,False
67,selection|microsoft/Phi-3.5-mini-instruct|c,selection,0.9167,0.9167,300,delta_pp:1,2.1085,3.7391,True,True,False
68,selection|Qwen/Qwen2.5-7B-Instruct|a,selection,0.9566,0.9933,300,delta_pp:1,1.0887,-0.401,False,True,False
68,selection|allenai/OLMo-2-1124-7B-Instruct|a,selection,0.8559,0.9533,300,delta_pp:1,-1.7718,-0.8898,False,True,False
68,selection|ibm-granite/granite-3.3-8b-instruct|a,selection,0.9861,0.9733,300,delta_pp:1,2.5114,0.9105,False,True,False
68,selection|microsoft/Phi-3.5-mini-instruct|a,selection,0.9392,0.96,300,delta_pp:1,-1.5967,1.8188,True,True,False
68,selection|Qwen/Qwen2.5-7B-Instruct|b,selection,0.9149,0.99,300,delta_pp:1,1.614,-0.5102,False,True,False
68,selection|allenai/OLMo-2-1124-7B-Instruct|b,selection,0.9028,0.9667,300,delta_pp:1,-2.9435,0.3366,False,True,False
68,selection|ibm-granite/granite-3.3-8b-instruct|b,selection,0.9809,0.9633,300,delta_pp:1,1.8377,1.8088,True,True,False
68,selection|microsoft/Phi-3.5-mini-instruct|b,selection,0.9253,0.9333,300,delta_pp:1,-0.3132,2.3681,True,False,False
68,selection|Qwen/Qwen2.5-7B-Instruct|c,selection,0.9149,0.99,300,delta_pp:1,1.614,-0.384,False,True,False
68,selection|allenai/OLMo-2-1124-7B-Instruct|c,selection,0.8576,0.9567,300,delta_pp:1,-2.3331,1.2233,True,True,False
68,selection|ibm-granite/granite-3.3-8b-instruct|c,selection,0.9497,0.98,300,delta_pp:1,3.7103,1.1876,True,True,False
68,selection|microsoft/Phi-3.5-mini-instruct|c,selection,0.9115,0.9067,300,delta_pp:1,2.2902,3.7391,True,True,False
69,selection|Qwen/Qwen2.5-7B-Instruct|a,selection,0.8165,0.9667,300,delta_pp:1,0.1772,-0.401,False,False,False
69,selection|allenai/OLMo-2-1124-7B-Instruct|a,selection,0.8282,0.9367,300,delta_pp:1,2.1798,-0.8898,False,True,False
69,selection|ibm-granite/granite-3.3-8b-instruct|a,selection,0.8423,0.9633,300,delta_pp:1,-1.7328,0.9105,False,True,False
69,selection|microsoft/Phi-3.5-mini-instruct|a,selection,0.8923,0.9533,300,delta_pp:1,-1.1273,1.8188,True,True,False
69,selection|Qwen/Qwen2.5-7B-Instruct|b,selection,0.8218,0.9767,300,delta_pp:1,-0.4242,-0.5102,False,False,False
69,selection|allenai/OLMo-2-1124-7B-Instruct|b,selection,0.8317,0.9433,300,delta_pp:1,2.1752,0.3366,False,True,False
69,selection|ibm-granite/granite-3.3-8b-instruct|b,selection,0.8406,0.96,300,delta_pp:1,-1.0705,1.8088,True,True,False
69,selection|microsoft/Phi-3.5-mini-instruct|b,selection,0.88,0.93,300,delta_pp:1,6.1481,2.3681,True,True,False
69,selection|Qwen/Qwen2.5-7B-Instruct|c,selection,0.82,0.9733,300,delta_pp:1,1.4924,-0.384,False,True,False
69,selection|allenai/OLMo-2-1124-7B-Instruct|c,selection,0.8282,0.9367,300,delta_pp:1,0.86,1.2233,True,False,False
69,selection|ibm-granite/granite-3.3-8b-instruct|c,selection,0.8182,0.97,300,delta_pp:1,0.9003,1.1876,True,False,False
69,selection|microsoft/Phi-3.5-mini-instruct|c,selection,0.8588,0.89,300,delta_pp:1,6.1759,3.7391,True,True,False
70,selection|Qwen/Qwen2.5-7B-Instruct|a,selection,0.8464,0.9733,300,delta_pp:1,2.09,-0.401,False,True,False
70,selection|allenai/OLMo-2-1124-7B-Instruct|a,selection,0.8393,0.9167,300,delta_pp:1,1.5736,-0.8898,False,True,False
70,selection|ibm-granite/granite-3.3-8b-instruct|a,selection,0.9107,0.9633,300,delta_pp:1,1.1725,0.9105,False,True,False
70,selection|microsoft/Phi-3.5-mini-instruct|a,selection,0.7786,0.9333,300,delta_pp:1,5.1121,1.8188,True,True,True
70,selection|Qwen/Qwen2.5-7B-Instruct|b,selection,0.8714,0.9767,300,delta_pp:1,2.6055,-0.5102,False,True,False
70,selection|allenai/OLMo-2-1124-7B-Instruct|b,selection,0.8482,0.9333,300,delta_pp:1,-0.4529,0.3366,False,False,False
70,selection|ibm-granite/granite-3.3-8b-instruct|b,selection,0.9357,0.9667,300,delta_pp:1,4.3276,1.8088,True,True,False
70,selection|microsoft/Phi-3.5-mini-instruct|b,selection,0.8464,0.93,300,delta_pp:1,4.1758,2.3681,True,True,False
70,selection|Qwen/Qwen2.5-7B-Instruct|c,selection,0.8196,0.9667,300,delta_pp:1,2.2438,-0.384,False,True,False
70,selection|allenai/OLMo-2-1124-7B-Instruct|c,selection,0.8482,0.9333,300,delta_pp:1,6.0864,1.2233,True,True,False
70,selection|ibm-granite/granite-3.3-8b-instruct|c,selection,0.8893,0.9667,300,delta_pp:1,1.9581,1.1876,True,True,False
70,selection|microsoft/Phi-3.5-mini-instruct|c,selection,0.8554,0.9033,300,delta_pp:1,5.4952,3.7391,True,True,False
71,selection|Qwen/Qwen2.5-7B-Instruct|a,selection,0.8144,0.97,300,delta_pp:1,0.0917,-0.401,False,False,False
71,selection|allenai/OLMo-2-1124-7B-Instruct|a,selection,0.6793,0.9067,300,delta_pp:1,2.1362,-0.8898,False,True,True
71,selection|ibm-granite/granite-3.3-8b-instruct|a,selection,0.8736,0.9533,300,delta_pp:1,4.2473,0.9105,False,True,False
71,selection|microsoft/Phi-3.5-mini-instruct|a,selection,0.7255,0.93,300,delta_pp:1,4.9622,1.8188,True,True,True
71,selection|Qwen/Qwen2.5-7B-Instruct|b,selection,0.8197,0.98,300,delta_pp:1,-0.6233,-0.5102,False,False,False
71,selection|allenai/OLMo-2-1124-7B-Instruct|b,selection,0.749,0.91,300,delta_pp:1,3.4069,0.3366,False,True,True
71,selection|ibm-granite/granite-3.3-8b-instruct|b,selection,0.7612,0.9333,300,delta_pp:1,5.2584,1.8088,True,True,True
71,selection|microsoft/Phi-3.5-mini-instruct|b,selection,0.7847,0.9133,300,delta_pp:1,6.3428,2.3681,True,True,True
71,selection|Qwen/Qwen2.5-7B-Instruct|c,selection,0.8162,0.9733,300,delta_pp:1,0.7333,-0.384,False,False,False
71,selection|allenai/OLMo-2-1124-7B-Instruct|c,selection,0.715,0.91,300,delta_pp:1,7.5768,1.2233,True,True,True
71,selection|ibm-granite/granite-3.3-8b-instruct|c,selection,0.736,0.95,300,delta_pp:1,2.2124,1.1876,True,True,True
71,selection|microsoft/Phi-3.5-mini-instruct|c,selection,0.776,0.8967,300,delta_pp:1,9.7342,3.7391,True,True,True
72,selection|Qwen/Qwen2.5-7B-Instruct|a,selection,0.8715,0.9833,300,delta_pp:1,0.784,-0.401,False,False,False
72,selection|allenai/OLMo-2-1124-7B-Instruct|a,selection,0.8924,0.9467,300,delta_pp:1,1.2456,-0.8898,False,True,False
72,selection|ibm-granite/granite-3.3-8b-instruct|a,selection,0.9028,0.9667,300,delta_pp:1,2.4563,0.9105,False,True,False
72,selection|microsoft/Phi-3.5-mini-instruct|a,selection,0.9323,0.9467,300,delta_pp:1,4.8068,1.8188,True,True,False
72,selection|Qwen/Qwen2.5-7B-Instruct|b,selection,0.9097,0.98,300,delta_pp:1,1.0636,-0.5102,False,True,False
72,selection|allenai/OLMo-2-1124-7B-Instruct|b,selection,0.8038,0.93,300,delta_pp:1,3.9285,0.3366,False,True,False
72,selection|ibm-granite/granite-3.3-8b-instruct|b,selection,0.8993,0.96,300,delta_pp:1,3.8127,1.8088,True,True,False
72,selection|microsoft/Phi-3.5-mini-instruct|b,selection,0.9236,0.93,300,delta_pp:1,7.063,2.3681,True,True,False
72,selection|Qwen/Qwen2.5-7B-Instruct|c,selection,0.908,0.9767,300,delta_pp:1,0.4218,-0.384,False,False,False
72,selection|allenai/OLMo-2-1124-7B-Instruct|c,selection,0.8542,0.95,300,delta_pp:1,3.4206,1.2233,True,True,False
72,selection|ibm-granite/granite-3.3-8b-instruct|c,selection,0.908,0.9767,300,delta_pp:1,3.0617,1.1876,True,True,False
72,selection|microsoft/Phi-3.5-mini-instruct|c,selection,0.941,0.8867,300,delta_pp:1,8.881,3.7391,True,True,False
73,selection|Qwen/Qwen2.5-7B-Instruct|a,selection,0.8679,0.97,300,delta_pp:1,1.4239,-0.401,False,True,False
73,selection|allenai/OLMo-2-1124-7B-Instruct|a,selection,0.9018,0.9467,300,delta_pp:1,0.6191,-0.8898,False,False,False
73,selection|ibm-granite/granite-3.3-8b-instruct|a,selection,0.9125,0.9667,300,delta_pp:1,4.4626,0.9105,False,True,False
73,selection|microsoft/Phi-3.5-mini-instruct|a,selection,0.8125,0.91,300,delta_pp:1,7.0066,1.8188,True,True,False
73,selection|Qwen/Qwen2.5-7B-Instruct|b,selection,0.8929,0.9733,300,delta_pp:1,0.6196,-0.5102,False,False,False
73,selection|allenai/OLMo-2-1124-7B-Instruct|b,selection,0.8875,0.92,300,delta_pp:1,4.6534,0.3366,False,True,False
73,selection|ibm-granite/granite-3.3-8b-instruct|b,selection,0.8554,0.9467,300,delta_pp:1,3.5288,1.8088,True,True,False
73,selection|microsoft/Phi-3.5-mini-instruct|b,selection,0.8429,0.88,300,delta_pp:1,8.8005,2.3681,True,True,False
73,selection|Qwen/Qwen2.5-7B-Instruct|c,selection,0.8679,0.97,300,delta_pp:1,1.3642,-0.384,False,True,False
73,selection|allenai/OLMo-2-1124-7B-Instruct|c,selection,0.8196,0.9233,300,delta_pp:1,1.69,1.2233,True,True,False
73,selection|ibm-granite/granite-3.3-8b-instruct|c,selection,0.9161,0.9733,300,delta_pp:1,1.864,1.1876,True,True,False
73,selection|microsoft/Phi-3.5-mini-instruct|c,selection,0.7946,0.8333,300,delta_pp:1,10.3864,3.7391,True,True,True
74,selection|Qwen/Qwen2.5-7B-Instruct|a,selection,0.8446,0.97,300,delta_pp:1,1.0745,-0.401,False,True,False
74,selection|allenai/OLMo-2-1124-7B-Instruct|a,selection,0.825,0.9333,300,delta_pp:1,3.3344,-0.8898,False,True,False
74,selection|ibm-granite/granite-3.3-8b-instruct|a,selection,0.8696,0.9733,300,delta_pp:1,2.7906,0.9105,False,True,False
74,selection|microsoft/Phi-3.5-mini-instruct|a,selection,0.8286,0.94,300,delta_pp:1,7.1078,1.8188,True,True,False
74,selection|Qwen/Qwen2.5-7B-Instruct|b,selection,0.8679,0.97,300,delta_pp:1,2.1494,-0.5102,False,True,False
74,selection|allenai/OLMo-2-1124-7B-Instruct|b,selection,0.8143,0.9133,300,delta_pp:1,3.4467,0.3366,False,True,False
74,selection|ibm-granite/granite-3.3-8b-instruct|b,selection,0.8625,0.96,300,delta_pp:1,2.9397,1.8088,True,True,False
74,selection|microsoft/Phi-3.5-mini-instruct|b,selection,0.8179,0.92,300,delta_pp:1,7.2201,2.3681,True,True,False
74,selection|Qwen/Qwen2.5-7B-Instruct|c,selection,0.8696,0.9733,300,delta_pp:1,2.7163,-0.384,False,True,False
74,selection|allenai/OLMo-2-1124-7B-Instruct|c,selection,0.8232,0.93,300,delta_pp:1,4.0873,1.2233,True,True,False
74,selection|ibm-granite/granite-3.3-8b-instruct|c,selection,0.8196,0.9667,300,delta_pp:1,3.2435,1.1876,True,True,False
74,selection|microsoft/Phi-3.5-mini-instruct|c,selection,0.8125,0.91,300,delta_pp:1,6.6163,3.7391,True,True,False
75,selection|Qwen/Qwen2.5-7B-Instruct|a,selection,0.7394,0.95,300,delta_pp:1,0.6241,-0.401,False,False,True
75,selection|allenai/OLMo-2-1124-7B-Instruct|a,selection,0.7665,0.9033,300,delta_pp:1,0.5896,-0.8898,False,False,True
75,selection|ibm-granite/granite-3.3-8b-instruct|a,selection,0.8174,0.95,300,delta_pp:1,0.3099,0.9105,False,False,False
75,selection|microsoft/Phi-3.5-mini-instruct|a,selection,0.7512,0.9233,300,delta_pp:1,5.8283,1.8188,True,True,True
75,selection|Qwen/Qwen2.5-7B-Instruct|b,selection,0.7411,0.9533,300,delta_pp:1,1.2748,-0.5102,False,True,True
75,selection|allenai/OLMo-2-1124-7B-Instruct|b,selection,0.7494,0.92,300,delta_pp:1,1.4198,0.3366,False,True,True
75,selection|ibm-granite/granite-3.3-8b-instruct|b,selection,0.8209,0.9567,300,delta_pp:1,1.6111,1.8088,True,True,False
75,selection|microsoft/Phi-3.5-mini-instruct|b,selection,0.7754,0.92,300,delta_pp:1,3.8427,2.3681,True,True,True
75,selection|Qwen/Qwen2.5-7B-Instruct|c,selection,0.7447,0.96,300,delta_pp:1,1.2562,-0.384,False,True,True
75,selection|allenai/OLMo-2-1124-7B-Instruct|c,selection,0.6714,0.92,300,delta_pp:1,2.9195,1.2233,True,True,True
75,selection|ibm-granite/granite-3.3-8b-instruct|c,selection,0.7689,0.9567,300,delta_pp:1,0.5232,1.1876,True,False,True
75,selection|microsoft/Phi-3.5-mini-instruct|c,selection,0.7559,0.8833,300,delta_pp:1,-0.6745,3.7391,True,False,True
76,selection|Qwen/Qwen2.5-7B-Instruct|a,selection,0.8911,0.9867,300,delta_pp:1,-0.329,-0.401,False,False,False
76,selection|allenai/OLMo-2-1124-7B-Instruct|a,selection,0.7115,0.9033,300,delta_pp:1,1.6361,-0.8898,False,True,True
76,selection|ibm-granite/granite-3.3-8b-instruct|a,selection,0.9128,0.9633,300,delta_pp:1,0.2664,0.9105,False,False,False
76,selection|microsoft/Phi-3.5-mini-instruct|a,selection,0.7952,0.9333,300,delta_pp:1,0.4248,1.8188,True,False,True
76,selection|Qwen/Qwen2.5-7B-Instruct|b,selection,0.8519,0.9767,300,delta_pp:1,0.5329,-0.5102,False,False,False
76,selection|allenai/OLMo-2-1124-7B-Instruct|b,selection,0.8239,0.9233,300,delta_pp:1,0.9652,0.3366,False,False,False
76,selection|ibm-granite/granite-3.3-8b-instruct|b,selection,0.8754,0.9567,300,delta_pp:1,1.7746,1.8088,True,True,False
76,selection|microsoft/Phi-3.5-mini-instruct|b,selection,0.8596,0.9267,300,delta_pp:1,3.8782,2.3681,True,True,False
76,selection|Qwen/Qwen2.5-7B-Instruct|c,selection,0.784,0.9767,300,delta_pp:1,1.0667,-0.384,False,True,True
76,selection|allenai/OLMo-2-1124-7B-Instruct|c,selection,0.7168,0.9133,300,delta_pp:1,1.0411,1.2233,True,True,True
76,selection|ibm-granite/granite-3.3-8b-instruct|c,selection,0.8467,0.9667,300,delta_pp:1,2.554,1.1876,True,True,False
76,selection|microsoft/Phi-3.5-mini-instruct|c,selection,0.8814,0.9033,300,delta_pp:1,5.6873,3.7391,True,True,False
77,selection|Qwen/Qwen2.5-7B-Instruct|a,selection,0.8263,0.97,300,delta_pp:1,-2.1115,-0.401,False,True,False
77,selection|allenai/OLMo-2-1124-7B-Instruct|a,selection,0.7579,0.9,300,delta_pp:1,-2.3161,-0.8898,False,True,True
77,selection|ibm-granite/granite-3.3-8b-instruct|a,selection,0.907,0.9433,300,delta_pp:1,1.4757,0.9105,False,True,False
77,selection|microsoft/Phi-3.5-mini-instruct|a,selection,0.9088,0.9467,300,delta_pp:1,-0.6042,1.8188,True,False,False
77,selection|Qwen/Qwen2.5-7B-Instruct|b,selection,0.8579,0.97,300,delta_pp:1,-1.0054,-0.5102,False,True,False
77,selection|allenai/OLMo-2-1124-7B-Instruct|b,selection,0.7263,0.9,300,delta_pp:1,1.8574,0.3366,False,True,True
77,selection|ibm-granite/granite-3.3-8b-instruct|b,selection,0.9105,0.95,300,delta_pp:1,2.7726,1.8088,True,True,False
77,selection|microsoft/Phi-3.5-mini-instruct|b,selection,0.8947,0.92,300,delta_pp:1,3.4475,2.3681,True,True,False
77,selection|Qwen/Qwen2.5-7B-Instruct|c,selection,0.8596,0.9733,300,delta_pp:1,-0.357,-0.384,False,False,False
77,selection|allenai/OLMo-2-1124-7B-Instruct|c,selection,0.7877,0.8967,300,delta_pp:1,2.1896,1.2233,True,True,True
77,selection|ibm-granite/granite-3.3-8b-instruct|c,selection,0.8474,0.95,300,delta_pp:1,4.4316,1.1876,True,True,False
77,selection|microsoft/Phi-3.5-mini-instruct|c,selection,0.8509,0.8967,300,delta_pp:1,1.6734,3.7391,True,True,False
78,selection|Qwen/Qwen2.5-7B-Instruct|a,selection,0.8836,0.9767,300,delta_pp:1,0.0036,-0.401,False,False,False
78,selection|allenai/OLMo-2-1124-7B-Instruct|a,selection,0.805,0.9267,300,delta_pp:1,-4.1773,-0.8898,False,True,False
78,selection|ibm-granite/granite-3.3-8b-instruct|a,selection,0.9096,0.9767,300,delta_pp:1,-1.3986,0.9105,False,True,False
78,selection|microsoft/Phi-3.5-mini-instruct|a,selection,0.7754,0.92,300,delta_pp:1,2.5901,1.8188,True,True,True
78,selection|Qwen/Qwen2.5-7B-Instruct|b,selection,0.9096,0.9767,300,delta_pp:1,-0.0788,-0.5102,False,False,False
78,selection|allenai/OLMo-2-1124-7B-Instruct|b,selection,0.8103,0.9367,300,delta_pp:1,-0.8384,0.3366,False,False,False
78,selection|ibm-granite/granite-3.3-8b-instruct|b,selection,0.8434,0.95,300,delta_pp:1,2.8,1.8088,True,True,False
78,selection|microsoft/Phi-3.5-mini-instruct|b,selection,0.7665,0.9033,300,delta_pp:1,3.2965,2.3681,True,True,True
78,selection|Qwen/Qwen2.5-7B-Instruct|c,selection,0.8522,0.9667,300,delta_pp:1,0.7737,-0.384,False,False,False
78,selection|allenai/OLMo-2-1124-7B-Instruct|c,selection,0.8156,0.9467,300,delta_pp:1,-5.4857,1.2233,True,True,False
78,selection|ibm-granite/granite-3.3-8b-instruct|c,selection,0.8245,0.9633,300,delta_pp:1,-0.9799,1.1876,True,False,False
78,selection|microsoft/Phi-3.5-mini-instruct|c,selection,0.7801,0.88,300,delta_pp:1,2.552,3.7391,True,True,True
79,selection|Qwen/Qwen2.5-7B-Instruct|a,selection,0.8122,0.97,300,delta_pp:1,0.6683,-0.401,False,False,False
79,selection|allenai/OLMo-2-1124-7B-Instruct|a,selection,0.8645,0.93,300,delta_pp:1,0.4285,-0.8898,False,False,False
79,selection|ibm-granite/granite-3.3-8b-instruct|a,selection,0.9278,0.9567,300,delta_pp:1,5.2732,0.9105,False,True,False
79,selection|microsoft/Phi-3.5-mini-instruct|a,selection,0.8435,0.9367,300,delta_pp:1,5.789,1.8188,True,True,False
79,selection|Qwen/Qwen2.5-7B-Instruct|b,selection,0.8087,0.9633,300,delta_pp:1,2.0114,-0.5102,False,True,False
79,selection|allenai/OLMo-2-1124-7B-Instruct|b,selection,0.84,0.93,300,delta_pp:1,0.533,0.3366,False,False,False
79,selection|ibm-granite/granite-3.3-8b-instruct|b,selection,0.9086,0.9667,300,delta_pp:1,3.4291,1.8088,True,True,False
79,selection|microsoft/Phi-3.5-mini-instruct|b,selection,0.8609,0.9233,300,delta_pp:1,8.3046,2.3681,True,True,False
79,selection|Qwen/Qwen2.5-7B-Instruct|c,selection,0.8314,0.96,300,delta_pp:1,-0.0612,-0.384,False,False,False
79,selection|allenai/OLMo-2-1124-7B-Instruct|c,selection,0.819,0.9367,300,delta_pp:1,0.6804,1.2233,True,False,False
79,selection|ibm-granite/granite-3.3-8b-instruct|c,selection,0.8595,0.9667,300,delta_pp:1,2.3845,1.1876,True,True,False
79,selection|microsoft/Phi-3.5-mini-instruct|c,selection,0.8766,0.9067,300,delta_pp:1,7.5323,3.7391,True,True,False
80,selection|Qwen/Qwen2.5-7B-Instruct|a,selection,0.9949,0.99,300,delta_pp:1,-1.6827,-0.401,False,True,False
80,selection|allenai/OLMo-2-1124-7B-Instruct|a,selection,0.8695,0.9367,300,delta_pp:1,1.6829,-0.8898,False,True,False
80,selection|ibm-granite/granite-3.3-8b-instruct|a,selection,0.9881,0.9767,300,delta_pp:1,-0.3182,0.9105,False,False,False
80,selection|microsoft/Phi-3.5-mini-instruct|a,selection,0.8831,0.9633,300,delta_pp:1,2.9141,1.8188,True,True,False
80,selection|Qwen/Qwen2.5-7B-Instruct|b,selection,0.9932,0.9867,300,delta_pp:1,-2.3316,-0.5102,False,True,False
80,selection|allenai/OLMo-2-1124-7B-Instruct|b,selection,0.878,0.9533,300,delta_pp:1,0.9673,0.3366,False,False,False
80,selection|ibm-granite/granite-3.3-8b-instruct|b,selection,0.9814,0.9633,300,delta_pp:1,1.0463,1.8088,True,True,False
80,selection|microsoft/Phi-3.5-mini-instruct|b,selection,0.9729,0.9467,300,delta_pp:1,4.402,2.3681,True,True,False
80,selection|Qwen/Qwen2.5-7B-Instruct|c,selection,0.9915,0.9833,300,delta_pp:1,-1.6604,-0.384,False,True,False
80,selection|allenai/OLMo-2-1124-7B-Instruct|c,selection,0.878,0.9533,300,delta_pp:1,0.9673,1.2233,True,False,False
80,selection|ibm-granite/granite-3.3-8b-instruct|c,selection,0.9915,0.9833,300,delta_pp:1,-0.3404,1.1876,True,False,False
80,selection|microsoft/Phi-3.5-mini-instruct|c,selection,0.8576,0.9133,300,delta_pp:1,6.3808,3.7391,True,True,False
81,selection|Qwen/Qwen2.5-7B-Instruct|a,selection,0.8987,0.9733,300,delta_pp:1,-2.5817,-0.401,False,True,False
81,selection|allenai/OLMo-2-1124-7B-Instruct|a,selection,0.8308,0.9267,300,delta_pp:1,-5.0958,-0.8898,False,True,False
81,selection|ibm-granite/granite-3.3-8b-instruct|a,selection,0.8883,0.9533,300,delta_pp:1,-3.7894,0.9105,False,True,False
81,selection|microsoft/Phi-3.5-mini-instruct|a,selection,0.8797,0.9367,300,delta_pp:1,-7.078,1.8188,True,True,False
81,selection|Qwen/Qwen2.5-7B-Instruct|b,selection,0.9424,0.9733,300,delta_pp:1,-3.8971,-0.5102,False,True,False
81,selection|allenai/OLMo-2-1124-7B-Instruct|b,selection,0.8676,0.9133,300,delta_pp:1,-3.7622,0.3366,False,True,False
81,selection|ibm-granite/granite-3.3-8b-instruct|b,selection,0.8849,0.9467,300,delta_pp:1,-3.7849,1.8088,True,True,False
81,selection|microsoft/Phi-3.5-mini-instruct|b,selection,0.8693,0.9167,300,delta_pp:1,-3.1045,2.3681,True,True,False
81,selection|Qwen/Qwen2.5-7B-Instruct|c,selection,0.8987,0.9733,300,delta_pp:1,-2.5817,-0.384,False,True,False
81,selection|allenai/OLMo-2-1124-7B-Instruct|c,selection,0.8308,0.9267,300,delta_pp:1,-3.6773,1.2233,True,True,False
81,selection|ibm-granite/granite-3.3-8b-instruct|c,selection,0.8481,0.96,300,delta_pp:1,-2.38,1.1876,True,True,False
81,selection|microsoft/Phi-3.5-mini-instruct|c,selection,0.8555,0.89,300,delta_pp:1,-7.0462,3.7391,True,True,False
82,selection|Qwen/Qwen2.5-7B-Instruct|a,selection,0.7947,0.97,300,delta_pp:1,2.7742,-0.401,False,True,True
82,selection|allenai/OLMo-2-1124-7B-Instruct|a,selection,0.8789,0.95,300,delta_pp:1,-0.0144,-0.8898,False,False,False
82,selection|ibm-granite/granite-3.3-8b-instruct|a,selection,0.9175,0.9633,300,delta_pp:1,5.0172,0.9105,False,True,False
82,selection|microsoft/Phi-3.5-mini-instruct|a,selection,0.8754,0.9433,300,delta_pp:1,2.6391,1.8188,True,True,False
82,selection|Qwen/Qwen2.5-7B-Instruct|b,selection,0.8281,0.9733,300,delta_pp:1,3.2854,-0.5102,False,True,False
82,selection|allenai/OLMo-2-1124-7B-Instruct|b,selection,0.8702,0.9333,300,delta_pp:1,1.9999,0.3366,False,True,False
82,selection|ibm-granite/granite-3.3-8b-instruct|b,selection,0.9158,0.96,300,delta_pp:1,5.6056,1.8088,True,True,False
82,selection|microsoft/Phi-3.5-mini-instruct|b,selection,0.8421,0.94,300,delta_pp:1,3.4479,2.3681,True,True,False
82,selection|Qwen/Qwen2.5-7B-Instruct|c,selection,0.7947,0.97,300,delta_pp:1,2.7742,-0.384,False,True,True
82,selection|allenai/OLMo-2-1124-7B-Instruct|c,selection,0.8456,0.9467,300,delta_pp:1,3.2771,1.2233,True,True,False
82,selection|ibm-granite/granite-3.3-8b-instruct|c,selection,0.9281,0.9833,300,delta_pp:1,2.336,1.1876,True,True,False
82,selection|microsoft/Phi-3.5-mini-instruct|c,selection,0.8333,0.9233,300,delta_pp:1,6.7821,3.7391,True,True,False
83,selection|Qwen/Qwen2.5-7B-Instruct|a,selection,0.8505,0.9633,300,delta_pp:1,-0.6493,-0.401,False,False,False
83,selection|allenai/OLMo-2-1124-7B-Instruct|a,selection,0.8085,0.9333,300,delta_pp:1,-2.2933,-0.8898,False,True,False
83,selection|ibm-granite/granite-3.3-8b-instruct|a,selection,0.9043,0.9667,300,delta_pp:1,0.9709,0.9105,False,False,False
83,selection|microsoft/Phi-3.5-mini-instruct|a,selection,0.8623,0.9367,300,delta_pp:1,5.7761,1.8188,True,True,False
83,selection|Qwen/Qwen2.5-7B-Instruct|b,selection,0.8487,0.96,300,delta_pp:1,0.0246,-0.5102,False,False,False
83,selection|allenai/OLMo-2-1124-7B-Instruct|b,selection,0.8327,0.93,300,delta_pp:1,-1.8297,0.3366,False,True,False
83,selection|ibm-granite/granite-3.3-8b-instruct|b,selection,0.932,0.97,300,delta_pp:1,1.4066,1.8088,True,True,False
83,selection|microsoft/Phi-3.5-mini-instruct|b,selection,0.9054,0.92,300,delta_pp:1,4.9153,2.3681,True,True,False
83,selection|Qwen/Qwen2.5-7B-Instruct|c,selection,0.8505,0.9633,300,delta_pp:1,-1.8941,-0.384,False,True,False
83,selection|allenai/OLMo-2-1124-7B-Instruct|c,selection,0.7305,0.9333,300,delta_pp:1,0.9022,1.2233,True,False,True
83,selection|ibm-granite/granite-3.3-8b-instruct|c,selection,0.8765,0.9633,300,delta_pp:1,1.7801,1.1876,True,True,False
83,selection|microsoft/Phi-3.5-mini-instruct|c,selection,0.9001,0.91,300,delta_pp:1,8.2568,3.7391,True,True,False
84,selection|Qwen/Qwen2.5-7B-Instruct|a,selection,0.8811,0.9833,300,delta_pp:1,-1.5982,-0.401,False,True,False
84,selection|allenai/OLMo-2-1124-7B-Instruct|a,selection,0.8148,0.9267,300,delta_pp:1,1.1437,-0.8898,False,True,False
84,selection|ibm-granite/granite-3.3-8b-instruct|a,selection,0.8637,0.95,300,delta_pp:1,2.567,0.9105,False,True,False
84,selection|microsoft/Phi-3.5-mini-instruct|a,selection,0.9039,0.9567,300,delta_pp:1,0.7933,1.8188,True,False,False
84,selection|Qwen/Qwen2.5-7B-Instruct|b,selection,0.8811,0.9833,300,delta_pp:1,-0.2783,-0.5102,False,False,False
84,selection|allenai/OLMo-2-1124-7B-Instruct|b,selection,0.8428,0.91,300,delta_pp:1,1.4937,0.3366,False,True,False
84,selection|ibm-granite/granite-3.3-8b-instruct|b,selection,0.8637,0.95,300,delta_pp:1,3.8869,1.8088,True,True,False
84,selection|microsoft/Phi-3.5-mini-instruct|b,selection,0.8533,0.93,300,delta_pp:1,1.3704,2.3681,True,True,False
84,selection|Qwen/Qwen2.5-7B-Instruct|c,selection,0.8427,0.98,300,delta_pp:1,-0.505,-0.384,False,False,False
84,selection|allenai/OLMo-2-1124-7B-Instruct|c,selection,0.7816,0.9333,300,delta_pp:1,5.4751,1.2233,True,True,True
84,selection|ibm-granite/granite-3.3-8b-instruct|c,selection,0.8707,0.9633,300,delta_pp:1,2.4848,1.1876,True,True,False
84,selection|microsoft/Phi-3.5-mini-instruct|c,selection,0.8411,0.9067,300,delta_pp:1,4.8141,3.7391,True,True,False
85,selection|Qwen/Qwen2.5-7B-Instruct|a,selection,0.8316,0.98,300,delta_pp:1,1.5074,-0.401,False,True,False
85,selection|allenai/OLMo-2-1124-7B-Instruct|a,selection,0.7632,0.91,300,delta_pp:1,2.2131,-0.8898,False,True,True
85,selection|ibm-granite/granite-3.3-8b-instruct|a,selection,0.8175,0.9533,300,delta_pp:1,2.8457,0.9105,False,True,False
85,selection|microsoft/Phi-3.5-mini-instruct|a,selection,0.8421,0.94,300,delta_pp:1,4.1035,1.8188,True,True,False
85,selection|Qwen/Qwen2.5-7B-Instruct|b,selection,0.7947,0.97,300,delta_pp:1,3.4916,-0.5102,False,True,True
85,selection|allenai/OLMo-2-1124-7B-Instruct|b,selection,0.8439,0.9433,300,delta_pp:1,6.0072,0.3366,False,True,False
85,selection|ibm-granite/granite-3.3-8b-instruct|b,selection,0.7807,0.9433,300,delta_pp:1,3.51,1.8088,True,True,True
85,selection|microsoft/Phi-3.5-mini-instruct|b,selection,0.8404,0.9367,300,delta_pp:1,6.0118,2.3681,True,True,False
85,selection|Qwen/Qwen2.5-7B-Instruct|c,selection,0.793,0.9667,300,delta_pp:1,4.1538,-0.384,False,True,True
85,selection|allenai/OLMo-2-1124-7B-Instruct|c,selection,0.7316,0.91,300,delta_pp:1,2.2844,1.2233,True,True,True
85,selection|ibm-granite/granite-3.3-8b-instruct|c,selection,0.7614,0.9667,300,delta_pp:1,2.8314,1.1876,True,True,True
85,selection|microsoft/Phi-3.5-mini-instruct|c,selection,0.8544,0.9033,300,delta_pp:1,6.0374,3.7391,True,True,False
86,selection|Qwen/Qwen2.5-7B-Instruct|a,selection,0.8697,0.9767,300,delta_pp:1,-0.8978,-0.401,False,False,False
86,selection|allenai/OLMo-2-1124-7B-Instruct|a,selection,0.7826,0.9233,300,delta_pp:1,-2.933,-0.8898,False,True,True
86,selection|ibm-granite/granite-3.3-8b-instruct|a,selection,0.9252,0.97,300,delta_pp:1,-1.2531,0.9105,False,True,False
86,selection|microsoft/Phi-3.5-mini-instruct|a,selection,0.9494,0.96,300,delta_pp:1,0.5329,1.8188,True,False,False
86,selection|Qwen/Qwen2.5-7B-Instruct|b,selection,0.8697,0.9767,300,delta_pp:1,0.4221,-0.5102,False,False,False
86,selection|allenai/OLMo-2-1124-7B-Instruct|b,selection,0.9335,0.93,300,delta_pp:1,-1.2345,0.3366,False,True,False
86,selection|ibm-granite/granite-3.3-8b-instruct|b,selection,0.9894,0.98,300,delta_pp:1,0.3022,1.8088,True,False,False
86,selection|microsoft/Phi-3.5-mini-instruct|b,selection,0.9701,0.9433,300,delta_pp:1,1.1145,2.3681,True,True,False
86,selection|Qwen/Qwen2.5-7B-Instruct|c,selection,0.8992,0.9767,300,delta_pp:1,0.1867,-0.384,False,False,False
86,selection|allenai/OLMo-2-1124-7B-Instruct|c,selection,0.9076,0.9367,300,delta_pp:1,0.2053,1.2233,True,False,False
86,selection|ibm-granite/granite-3.3-8b-instruct|c,selection,0.9617,0.9833,300,delta_pp:1,-1.456,1.1876,True,True,False
86,selection|microsoft/Phi-3.5-mini-instruct|c,selection,0.9525,0.91,300,delta_pp:1,2.5728,3.7391,True,True,False
87,selection|Qwen/Qwen2.5-7B-Instruct|a,selection,0.8911,0.9867,300,delta_pp:1,0.3594,-0.401,False,False,False
87,selection|allenai/OLMo-2-1124-7B-Instruct|a,selection,0.7935,0.93,300,delta_pp:1,-0.077,-0.8898,False,False,True
87,selection|ibm-granite/granite-3.3-8b-instruct|a,selection,0.8789,0.9633,300,delta_pp:1,4.9302,0.9105,False,True,False
87,selection|microsoft/Phi-3.5-mini-instruct|a,selection,0.9006,0.94,300,delta_pp:1,4.2699,1.8188,True,True,False
87,selection|Qwen/Qwen2.5-7B-Instruct|b,selection,0.8876,0.98,300,delta_pp:1,1.6884,-0.5102,False,True,False
87,selection|allenai/OLMo-2-1124-7B-Instruct|b,selection,0.79,0.9233,300,delta_pp:1,6.5317,0.3366,False,True,True
87,selection|ibm-granite/granite-3.3-8b-instruct|b,selection,0.8754,0.9567,300,delta_pp:1,3.7813,1.8088,True,True,False
87,selection|microsoft/Phi-3.5-mini-instruct|b,selection,0.8901,0.92,300,delta_pp:1,5.6173,2.3681,True,True,False
87,selection|Qwen/Qwen2.5-7B-Instruct|c,selection,0.8894,0.9833,300,delta_pp:1,1.0239,-0.384,False,True,False
87,selection|allenai/OLMo-2-1124-7B-Instruct|c,selection,0.7665,0.9433,300,delta_pp:1,5.2167,1.2233,True,True,True
87,selection|ibm-granite/granite-3.3-8b-instruct|c,selection,0.8109,0.9633,300,delta_pp:1,2.517,1.1876,True,True,False
87,selection|microsoft/Phi-3.5-mini-instruct|c,selection,0.8674,0.8767,300,delta_pp:1,11.6165,3.7391,True,True,False
88,selection|Qwen/Qwen2.5-7B-Instruct|a,selection,0.8429,0.9667,300,delta_pp:1,1.333,-0.401,False,True,False
88,selection|allenai/OLMo-2-1124-7B-Instruct|a,selection,0.6821,0.9267,300,delta_pp:1,-3.9592,-0.8898,False,True,True
88,selection|ibm-granite/granite-3.3-8b-instruct|a,selection,0.8554,0.9467,300,delta_pp:1,1.2929,0.9105,False,True,False
88,selection|microsoft/Phi-3.5-mini-instruct|a,selection,0.8107,0.95,300,delta_pp:1,-0.3214,1.8188,True,False,False
88,selection|Qwen/Qwen2.5-7B-Instruct|b,selection,0.8196,0.9667,300,delta_pp:1,-1.0515,-0.5102,False,True,False
88,selection|allenai/OLMo-2-1124-7B-Instruct|b,selection,0.8036,0.9367,300,delta_pp:1,1.0546,0.3366,False,True,False
88,selection|ibm-granite/granite-3.3-8b-instruct|b,selection,0.8839,0.9567,300,delta_pp:1,3.0408,1.8088,True,True,False
88,selection|microsoft/Phi-3.5-mini-instruct|b,selection,0.8607,0.9133,300,delta_pp:1,2.5634,2.3681,True,True,False
88,selection|Qwen/Qwen2.5-7B-Instruct|c,selection,0.8196,0.9667,300,delta_pp:1,-1.0515,-0.384,False,True,False
88,selection|allenai/OLMo-2-1124-7B-Instruct|c,selection,0.7482,0.92,300,delta_pp:1,-1.8607,1.2233,True,True,True
88,selection|ibm-granite/granite-3.3-8b-instruct|c,selection,0.8179,0.9633,300,delta_pp:1,-1.6974,1.1876,True,True,False
88,selection|microsoft/Phi-3.5-mini-instruct|c,selection,0.8286,0.8967,300,delta_pp:1,-0.4762,3.7391,True,False,False
89,selection|Qwen/Qwen2.5-7B-Instruct|a,selection,0.8709,0.9633,300,delta_pp:1,-3.431,-0.401,False,True,False
89,selection|allenai/OLMo-2-1124-7B-Instruct|a,selection,0.8218,0.9067,300,delta_pp:1,1.946,-0.8898,False,True,False
89,selection|ibm-granite/granite-3.3-8b-instruct|a,selection,0.8964,0.9433,300,delta_pp:1,1.4215,0.9105,False,True,False
89,selection|microsoft/Phi-3.5-mini-instruct|a,selection,0.8364,0.9333,300,delta_pp:1,0.3785,1.8188,True,False,False
89,selection|Qwen/Qwen2.5-7B-Instruct|b,selection,0.8691,0.96,300,delta_pp:1,-2.8147,-0.5102,False,True,False
89,selection|allenai/OLMo-2-1124-7B-Instruct|b,selection,0.8273,0.9167,300,delta_pp:1,-0.1265,0.3366,False,False,False
89,selection|ibm-granite/granite-3.3-8b-instruct|b,selection,0.9145,0.9433,300,delta_pp:1,1.1155,1.8088,True,True,False
89,selection|microsoft/Phi-3.5-mini-instruct|b,selection,0.8964,0.91,300,delta_pp:1,0.031,2.3681,True,False,False
89,selection|Qwen/Qwen2.5-7B-Instruct|c,selection,0.8491,0.9567,300,delta_pp:1,-3.1375,-0.384,False,True,False
89,selection|allenai/OLMo-2-1124-7B-Instruct|c,selection,0.8236,0.91,300,delta_pp:1,-1.3843,1.2233,True,True,False
89,selection|ibm-granite/granite-3.3-8b-instruct|c,selection,0.88,0.9467,300,delta_pp:1,2.282,1.1876,True,True,False
89,selection|microsoft/Phi-3.5-mini-instruct|c,selection,0.8982,0.88,300,delta_pp:1,1.9832,3.7391,True,True,False
90,selection|Qwen/Qwen2.5-7B-Instruct|a,selection,0.8007,0.97,300,delta_pp:1,0.5572,-0.401,False,False,False
90,selection|allenai/OLMo-2-1124-7B-Instruct|a,selection,0.7816,0.9333,300,delta_pp:1,1.5559,-0.8898,False,True,True
90,selection|ibm-granite/granite-3.3-8b-instruct|a,selection,0.757,0.9567,300,delta_pp:1,3.3802,0.9105,False,True,True
90,selection|microsoft/Phi-3.5-mini-instruct|a,selection,0.8235,0.9433,300,delta_pp:1,1.8309,1.8188,True,True,False
90,selection|Qwen/Qwen2.5-7B-Instruct|b,selection,0.8776,0.9767,300,delta_pp:1,0.2593,-0.5102,False,False,False
90,selection|allenai/OLMo-2-1124-7B-Instruct|b,selection,0.7431,0.93,300,delta_pp:1,0.9383,0.3366,False,False,True
90,selection|ibm-granite/granite-3.3-8b-instruct|b,selection,0.7868,0.9433,300,delta_pp:1,4.6083,1.8088,True,True,True
90,selection|microsoft/Phi-3.5-mini-instruct|b,selection,0.855,0.9333,300,delta_pp:1,3.7075,2.3681,True,True,False
90,selection|Qwen/Qwen2.5-7B-Instruct|c,selection,0.799,0.9667,300,delta_pp:1,1.3351,-0.384,False,True,True
90,selection|allenai/OLMo-2-1124-7B-Instruct|c,selection,0.7046,0.9267,300,delta_pp:1,1.8538,1.2233,True,True,True
90,selection|ibm-granite/granite-3.3-8b-instruct|c,selection,0.7536,0.95,300,delta_pp:1,2.1897,1.1876,True,True,True
90,selection|microsoft/Phi-3.5-mini-instruct|c,selection,0.8882,0.9267,300,delta_pp:1,2.2729,3.7391,True,True,False
91,selection|Qwen/Qwen2.5-7B-Instruct|a,selection,0.8818,0.9733,300,delta_pp:1,-0.7143,-0.401,False,False,False
91,selection|allenai/OLMo-2-1124-7B-Instruct|a,selection,0.9108,0.93,300,delta_pp:1,-4.0578,-0.8898,False,True,False
91,selection|ibm-granite/granite-3.3-8b-instruct|a,selection,0.9545,0.9633,300,delta_pp:1,-0.2735,0.9105,False,False,False
91,selection|microsoft/Phi-3.5-mini-instruct|a,selection,0.8883,0.9367,300,delta_pp:1,2.538,1.8188,True,True,False
91,selection|Qwen/Qwen2.5-7B-Instruct|b,selection,0.9043,0.9667,300,delta_pp:1,-2.0979,-0.5102,False,True,False
91,selection|allenai/OLMo-2-1124-7B-Instruct|b,selection,0.9143,0.9367,300,delta_pp:1,-4.0763,0.3366,False,True,False
91,selection|ibm-granite/granite-3.3-8b-instruct|b,selection,0.9249,0.9567,300,delta_pp:1,1.1472,1.8088,True,True,False
91,selection|microsoft/Phi-3.5-mini-instruct|b,selection,0.9314,0.92,300,delta_pp:1,0.44,2.3681,True,False,False
91,selection|Qwen/Qwen2.5-7B-Instruct|c,selection,0.8505,0.9633,300,delta_pp:1,0.0559,-0.384,False,False,False
91,selection|allenai/OLMo-2-1124-7B-Instruct|c,selection,0.9108,0.93,300,delta_pp:1,2.5414,1.2233,True,True,False
91,selection|ibm-granite/granite-3.3-8b-instruct|c,selection,0.9374,0.98,300,delta_pp:1,0.4223,1.1876,True,False,False
91,selection|microsoft/Phi-3.5-mini-instruct|c,selection,0.8806,0.8733,300,delta_pp:1,0.6525,3.7391,True,False,False
92,selection|Qwen/Qwen2.5-7B-Instruct|a,selection,0.9669,0.9867,300,delta_pp:1,-0.8531,-0.401,False,False,False
92,selection|allenai/OLMo-2-1124-7B-Instruct|a,selection,0.779,0.9267,300,delta_pp:1,-6.0146,-0.8898,False,True,True
92,selection|ibm-granite/granite-3.3-8b-instruct|a,selection,0.9474,0.95,300,delta_pp:1,1.28,0.9105,False,True,False
92,selection|microsoft/Phi-3.5-mini-instruct|a,selection,0.883,0.9267,300,delta_pp:1,1.0632,1.8188,True,True,False
92,selection|Qwen/Qwen2.5-7B-Instruct|b,selection,0.9634,0.98,300,delta_pp:1,-0.8252,-0.5102,False,False,False
92,selection|allenai/OLMo-2-1124-7B-Instruct|b,selection,0.7736,0.9167,300,delta_pp:1,-6.6327,0.3366,False,True,True
92,selection|ibm-granite/granite-3.3-8b-instruct|b,selection,0.977,0.9567,300,delta_pp:1,3.6815,1.8088,True,True,False
92,selection|microsoft/Phi-3.5-mini-instruct|b,selection,0.9019,0.9133,300,delta_pp:1,-0.4111,2.3681,True,False,False
92,selection|Qwen/Qwen2.5-7B-Instruct|c,selection,0.8818,0.9733,300,delta_pp:1,-1.4863,-0.384,False,True,False
92,selection|allenai/OLMo-2-1124-7B-Instruct|c,selection,0.7405,0.9033,300,delta_pp:1,0.2325,1.2233,True,False,True
92,selection|ibm-granite/granite-3.3-8b-instruct|c,selection,0.8452,0.9533,300,delta_pp:1,2.6921,1.1876,True,True,False
92,selection|microsoft/Phi-3.5-mini-instruct|c,selection,0.8895,0.89,300,delta_pp:1,-3.5381,3.7391,True,True,False
93,selection|Qwen/Qwen2.5-7B-Instruct|a,selection,0.8473,0.9533,300,delta_pp:1,0.6209,-0.401,False,False,False
93,selection|allenai/OLMo-2-1124-7B-Instruct|a,selection,0.7509,0.91,300,delta_pp:1,-1.53,-0.8898,False,True,True
93,selection|ibm-granite/granite-3.3-8b-instruct|a,selection,0.8855,0.9567,300,delta_pp:1,0.8812,0.9105,False,False,False
93,selection|microsoft/Phi-3.5-mini-instruct|a,selection,0.7873,0.91,300,delta_pp:1,-0.5883,1.8188,True,False,True
93,selection|Qwen/Qwen2.5-7B-Instruct|b,selection,0.8709,0.9633,300,delta_pp:1,-0.264,-0.5102,False,False,False
93,selection|allenai/OLMo-2-1124-7B-Instruct|b,selection,0.8145,0.9267,300,delta_pp:1,-1.5161,0.3366,False,True,False
93,selection|ibm-granite/granite-3.3-8b-instruct|b,selection,0.9182,0.95,300,delta_pp:1,3.1854,1.8088,True,True,False
93,selection|microsoft/Phi-3.5-mini-instruct|b,selection,0.8164,0.8967,300,delta_pp:1,0.3823,2.3681,True,False,False
93,selection|Qwen/Qwen2.5-7B-Instruct|c,selection,0.8309,0.9567,300,delta_pp:1,0.157,-0.384,False,False,False
93,selection|allenai/OLMo-2-1124-7B-Instruct|c,selection,0.8127,0.9233,300,delta_pp:1,0.4849,1.2233,True,False,False
93,selection|ibm-granite/granite-3.3-8b-instruct|c,selection,0.8655,0.9533,300,delta_pp:1,0.4602,1.1876,True,False,False
93,selection|microsoft/Phi-3.5-mini-instruct|c,selection,0.8509,0.8933,300,delta_pp:1,3.2681,3.7391,True,True,False
94,selection|Qwen/Qwen2.5-7B-Instruct|a,selection,0.9488,0.9867,300,delta_pp:1,0.7204,-0.401,False,False,False
94,selection|allenai/OLMo-2-1124-7B-Instruct|a,selection,0.7624,0.9267,300,delta_pp:1,1.5986,-0.8898,False,True,True
94,selection|ibm-granite/granite-3.3-8b-instruct|a,selection,0.9452,0.98,300,delta_pp:1,2.1566,0.9105,False,True,False
94,selection|microsoft/Phi-3.5-mini-instruct|a,selection,0.9142,0.9633,300,delta_pp:1,1.862,1.8188,True,True,False
94,selection|Qwen/Qwen2.5-7B-Instruct|b,selection,0.9506,0.99,300,delta_pp:1,1.3591,-0.5102,False,True,False
94,selection|allenai/OLMo-2-1124-7B-Instruct|b,selection,0.7642,0.93,300,delta_pp:1,0.9917,0.3366,False,False,True
94,selection|ibm-granite/granite-3.3-8b-instruct|b,selection,0.9601,0.9667,300,delta_pp:1,4.621,1.8088,True,True,False
94,selection|microsoft/Phi-3.5-mini-instruct|b,selection,0.9291,0.95,300,delta_pp:1,5.6462,2.3681,True,True,False
94,selection|Qwen/Qwen2.5-7B-Instruct|c,selection,0.9268,0.9867,300,delta_pp:1,0.98,-0.384,False,False,False
94,selection|allenai/OLMo-2-1124-7B-Instruct|c,selection,0.8303,0.93,300,delta_pp:1,1.5326,1.2233,True,True,False
94,selection|ibm-granite/granite-3.3-8b-instruct|c,selection,0.9214,0.9767,300,delta_pp:1,1.7775,1.1876,True,True,False
94,selection|microsoft/Phi-3.5-mini-instruct|c,selection,0.9094,0.9133,300,delta_pp:1,6.5386,3.7391,True,True,False
95,selection|Qwen/Qwen2.5-7B-Instruct|a,selection,0.9047,0.9767,300,delta_pp:1,3.3451,-0.401,False,True,False
95,selection|allenai/OLMo-2-1124-7B-Instruct|a,selection,0.8229,0.9267,300,delta_pp:1,5.5519,-0.8898,False,True,False
95,selection|ibm-granite/granite-3.3-8b-instruct|a,selection,0.9253,0.9633,300,delta_pp:1,3.4218,0.9105,False,True,False
95,selection|microsoft/Phi-3.5-mini-instruct|a,selection,0.9406,0.94,300,delta_pp:1,4.0345,1.8188,True,True,False
95,selection|Qwen/Qwen2.5-7B-Instruct|b,selection,0.8771,0.9767,300,delta_pp:1,0.8342,-0.5102,False,False,False
95,selection|allenai/OLMo-2-1124-7B-Instruct|b,selection,0.8576,0.94,300,delta_pp:1,4.2248,0.3366,False,True,False
95,selection|ibm-granite/granite-3.3-8b-instruct|b,selection,0.8976,0.9633,300,delta_pp:1,3.4198,1.8088,True,True,False
95,selection|microsoft/Phi-3.5-mini-instruct|b,selection,0.9058,0.9267,300,delta_pp:1,2.7874,2.3681,True,True,False
95,selection|Qwen/Qwen2.5-7B-Instruct|c,selection,0.8494,0.9767,300,delta_pp:1,0.8322,-0.384,False,False,False
95,selection|allenai/OLMo-2-1124-7B-Instruct|c,selection,0.8576,0.94,300,delta_pp:1,6.7991,1.2233,True,True,False
95,selection|ibm-granite/granite-3.3-8b-instruct|c,selection,0.8718,0.9667,300,delta_pp:1,5.3952,1.1876,True,True,False
95,selection|microsoft/Phi-3.5-mini-instruct|c,selection,0.8694,0.91,300,delta_pp:1,6.0966,3.7391,True,True,False
96,selection|Qwen/Qwen2.5-7B-Instruct|a,selection,0.9045,0.9867,300,delta_pp:1,0.8051,-0.401,False,False,False
96,selection|allenai/OLMo-2-1124-7B-Instruct|a,selection,0.8226,0.9433,300,delta_pp:1,-0.436,-0.8898,False,False,False
96,selection|ibm-granite/granite-3.3-8b-instruct|a,selection,0.9252,0.97,300,delta_pp:1,2.7066,0.9105,False,True,False
96,selection|microsoft/Phi-3.5-mini-instruct|a,selection,0.8834,0.9467,300,delta_pp:1,-1.4928,1.8188,True,True,False
96,selection|Qwen/Qwen2.5-7B-Instruct|b,selection,0.9357,0.99,300,delta_pp:1,-0.0163,-0.5102,False,False,False
96,selection|allenai/OLMo-2-1124-7B-Instruct|b,selection,0.8173,0.9333,300,delta_pp:1,0.1776,0.3366,False,False,False
96,selection|ibm-granite/granite-3.3-8b-instruct|b,selection,0.8904,0.96,300,delta_pp:1,3.5556,1.8088,True,True,False
96,selection|microsoft/Phi-3.5-mini-instruct|b,selection,0.9111,0.9433,300,delta_pp:1,-1.0544,2.3681,True,True,False
96,selection|Qwen/Qwen2.5-7B-Instruct|c,selection,0.8732,0.9833,300,delta_pp:1,-0.8376,-0.384,False,False,False
96,selection|allenai/OLMo-2-1124-7B-Instruct|c,selection,0.8504,0.94,300,delta_pp:1,3.8741,1.2233,True,True,False
96,selection|ibm-granite/granite-3.3-8b-instruct|c,selection,0.8939,0.9667,300,delta_pp:1,0.976,1.1876,True,False,False
96,selection|microsoft/Phi-3.5-mini-instruct|c,selection,0.9318,0.9267,300,delta_pp:1,-0.5607,3.7391,True,False,False
97,selection|Qwen/Qwen2.5-7B-Instruct|a,selection,0.8245,0.9633,300,delta_pp:1,1.9756,-0.401,False,True,False
97,selection|allenai/OLMo-2-1124-7B-Instruct|a,selection,0.7736,0.9167,300,delta_pp:1,-0.1836,-0.8898,False,False,True
97,selection|ibm-granite/granite-3.3-8b-instruct|a,selection,0.8398,0.9433,300,delta_pp:1,4.4887,0.9105,False,True,False
97,selection|microsoft/Phi-3.5-mini-instruct|a,selection,0.8363,0.9367,300,delta_pp:1,3.2717,1.8188,True,True,False
97,selection|Qwen/Qwen2.5-7B-Instruct|b,selection,0.8783,0.9667,300,delta_pp:1,2.2761,-0.5102,False,True,False
97,selection|allenai/OLMo-2-1124-7B-Instruct|b,selection,0.7719,0.9133,300,delta_pp:1,1.8101,0.3366,False,True,True
97,selection|ibm-granite/granite-3.3-8b-instruct|b,selection,0.7736,0.9167,300,delta_pp:1,5.0208,1.8088,True,True,True
97,selection|microsoft/Phi-3.5-mini-instruct|b,selection,0.8688,0.9,300,delta_pp:1,1.0998,2.3681,True,True,False
97,selection|Qwen/Qwen2.5-7B-Instruct|c,selection,0.8505,0.9633,300,delta_pp:1,1.8404,-0.384,False,True,False
97,selection|allenai/OLMo-2-1124-7B-Instruct|c,selection,0.6885,0.9033,300,delta_pp:1,3.1427,1.2233,True,True,True
97,selection|ibm-granite/granite-3.3-8b-instruct|c,selection,0.6749,0.9267,300,delta_pp:1,2.4455,1.1876,True,True,True
97,selection|microsoft/Phi-3.5-mini-instruct|c,selection,0.8582,0.88,300,delta_pp:1,3.8231,3.7391,True,True,False
98,selection|Qwen/Qwen2.5-7B-Instruct|a,selection,0.8162,0.9733,300,delta_pp:1,-0.1438,-0.401,False,False,False
98,selection|allenai/OLMo-2-1124-7B-Instruct|a,selection,0.6489,0.9133,300,delta_pp:1,0.4601,-0.8898,False,False,True
98,selection|ibm-granite/granite-3.3-8b-instruct|a,selection,0.8397,0.9533,300,delta_pp:1,3.3408,0.9105,False,True,False
98,selection|microsoft/Phi-3.5-mini-instruct|a,selection,0.8397,0.9533,300,delta_pp:1,3.7165,1.8188,True,True,False
98,selection|Qwen/Qwen2.5-7B-Instruct|b,selection,0.8162,0.9733,300,delta_pp:1,-0.1438,-0.5102,False,False,False
98,selection|allenai/OLMo-2-1124-7B-Instruct|b,selection,0.7612,0.9333,300,delta_pp:1,-0.7639,0.3366,False,False,True
98,selection|ibm-granite/granite-3.3-8b-instruct|b,selection,0.8736,0.9533,300,delta_pp:1,4.4238,1.8088,True,True,False
98,selection|microsoft/Phi-3.5-mini-instruct|b,selection,0.8649,0.9367,300,delta_pp:1,2.7463,2.3681,True,True,False
98,selection|Qwen/Qwen2.5-7B-Instruct|c,selection,0.8179,0.9767,300,delta_pp:1,0.4933,-0.384,False,False,False
98,selection|allenai/OLMo-2-1124-7B-Instruct|c,selection,0.5774,0.9067,300,delta_pp:1,-2.6043,1.2233,True,True,True
98,selection|ibm-granite/granite-3.3-8b-instruct|c,selection,0.8432,0.96,300,delta_pp:1,3.4828,1.1876,True,True,False
98,selection|microsoft/Phi-3.5-mini-instruct|c,selection,0.8117,0.9,300,delta_pp:1,2.7632,3.7391,True,True,False
99,selection|Qwen/Qwen2.5-7B-Instruct|a,selection,0.8806,0.9833,300,delta_pp:1,-0.1522,-0.401,False,False,False
99,selection|allenai/OLMo-2-1124-7B-Instruct|a,selection,0.8747,0.92,300,delta_pp:1,-1.9887,-0.8898,False,True,False
99,selection|ibm-granite/granite-3.3-8b-instruct|a,selection,0.9217,0.9567,300,delta_pp:1,1.1083,0.9105,False,True,False
99,selection|microsoft/Phi-3.5-mini-instruct|a,selection,0.8853,0.94,300,delta_pp:1,0.6093,1.8188,True,False,False
99,selection|Qwen/Qwen2.5-7B-Instruct|b,selection,0.8788,0.98,300,delta_pp:1,-0.7364,-0.5102,False,False,False
99,selection|allenai/OLMo-2-1124-7B-Instruct|b,selection,0.8088,0.9,300,delta_pp:1,2.2649,0.3366,False,True,False
99,selection|ibm-granite/granite-3.3-8b-instruct|b,selection,0.8835,0.9367,300,delta_pp:1,2.5273,1.8088,True,True,False
99,selection|microsoft/Phi-3.5-mini-instruct|b,selection,0.9023,0.92,300,delta_pp:1,3.1645,2.3681,True,True,False
99,selection|Qwen/Qwen2.5-7B-Instruct|c,selection,0.8806,0.9833,300,delta_pp:1,-1.4033,-0.384,False,True,False
99,selection|allenai/OLMo-2-1124-7B-Instruct|c,selection,0.8559,0.9367,300,delta_pp:1,5.2932,1.2233,True,True,False
99,selection|ibm-granite/granite-3.3-8b-instruct|c,selection,0.8059,0.9467,300,delta_pp:1,-0.4146,1.1876,True,False,False
99,selection|microsoft/Phi-3.5-mini-instruct|c,selection,0.9105,0.8833,300,delta_pp:1,7.7342,3.7391,True,True,False
100,selection|Qwen/Qwen2.5-7B-Instruct|a,selection,0.8476,0.9733,300,delta_pp:1,1.5582,-0.401,False,True,False
100,selection|allenai/OLMo-2-1124-7B-Instruct|a,selection,0.7347,0.9167,300,delta_pp:1,3.1698,-0.8898,False,True,True
100,selection|ibm-granite/granite-3.3-8b-instruct|a,selection,0.9565,0.97,300,delta_pp:1,5.1756,0.9105,False,True,False
100,selection|microsoft/Phi-3.5-mini-instruct|a,selection,0.8612,0.9467,300,delta_pp:1,1.4333,1.8188,True,True,False
100,selection|Qwen/Qwen2.5-7B-Instruct|b,selection,0.8147,0.9633,300,delta_pp:1,1.2015,-0.5102,False,True,False
100,selection|allenai/OLMo-2-1124-7B-Instruct|b,selection,0.7694,0.93,300,delta_pp:1,3.0255,0.3366,False,True,True
100,selection|ibm-granite/granite-3.3-8b-instruct|b,selection,0.9217,0.9567,300,delta_pp:1,6.8148,1.8088,True,True,False
100,selection|microsoft/Phi-3.5-mini-instruct|b,selection,0.8764,0.9233,300,delta_pp:1,3.2719,2.3681,True,True,False
100,selection|Qwen/Qwen2.5-7B-Instruct|c,selection,0.8182,0.97,300,delta_pp:1,1.169,-0.384,False,True,False
100,selection|allenai/OLMo-2-1124-7B-Instruct|c,selection,0.7935,0.9233,300,delta_pp:1,0.1637,1.2233,True,False,True
100,selection|ibm-granite/granite-3.3-8b-instruct|c,selection,0.8976,0.9633,300,delta_pp:1,4.3973,1.1876,True,True,False
100,selection|microsoft/Phi-3.5-mini-instruct|c,selection,0.8694,0.91,300,delta_pp:1,2.0169,3.7391,True,True,False
101,selection|Qwen/Qwen2.5-7B-Instruct|a,selection,0.8871,0.9833,300,delta_pp:1,0.1248,-0.401,False,False,False
101,selection|allenai/OLMo-2-1124-7B-Instruct|a,selection,0.8481,0.91,300,delta_pp:1,3.2398,-0.8898,False,True,False
101,selection|ibm-granite/granite-3.3-8b-instruct|a,selection,0.9598,0.9733,300,delta_pp:1,1.0012,0.9105,False,True,False
101,selection|microsoft/Phi-3.5-mini-instruct|a,selection,0.8327,0.93,300,delta_pp:1,3.4682,1.8188,True,True,False
101,selection|Qwen/Qwen2.5-7B-Instruct|b,selection,0.8593,0.98,300,delta_pp:1,-1.4314,-0.5102,False,True,False
101,selection|allenai/OLMo-2-1124-7B-Instruct|b,selection,0.8257,0.9167,300,delta_pp:1,3.5797,0.3366,False,True,False
101,selection|ibm-granite/granite-3.3-8b-instruct|b,selection,0.958,0.97,300,delta_pp:1,1.689,1.8088,True,True,False
101,selection|microsoft/Phi-3.5-mini-instruct|b,selection,0.9108,0.93,300,delta_pp:1,-2.8601,2.3681,True,True,False
101,selection|Qwen/Qwen2.5-7B-Instruct|c,selection,0.8593,0.98,300,delta_pp:1,-1.4314,-0.384,False,True,False
101,selection|allenai/OLMo-2-1124-7B-Instruct|c,selection,0.805,0.9267,300,delta_pp:1,1.912,1.2233,True,True,False
101,selection|ibm-granite/granite-3.3-8b-instruct|c,selection,0.9409,0.9867,300,delta_pp:1,1.2853,1.1876,True,True,False
101,selection|microsoft/Phi-3.5-mini-instruct|c,selection,0.8877,0.8867,300,delta_pp:1,0.802,3.7391,True,False,False
102,selection|Qwen/Qwen2.5-7B-Instruct|a,selection,0.9531,0.9867,300,delta_pp:1,-1.0795,-0.401,False,True,False
102,selection|allenai/OLMo-2-1124-7B-Instruct|a,selection,0.8438,0.93,300,delta_pp:1,-0.0821,-0.8898,False,False,False
102,selection|ibm-granite/granite-3.3-8b-instruct|a,selection,0.8993,0.96,300,delta_pp:1,1.7268,0.9105,False,True,False
102,selection|microsoft/Phi-3.5-mini-instruct|a,selection,0.9792,0.96,300,delta_pp:1,4.1065,1.8188,True,True,False
102,selection|Qwen/Qwen2.5-7B-Instruct|b,selection,0.9514,0.9833,300,delta_pp:1,-0.415,-0.5102,False,False,False
102,selection|allenai/OLMo-2-1124-7B-Instruct|b,selection,0.8837,0.93,300,delta_pp:1,3.7477,0.3366,False,True,False
102,selection|ibm-granite/granite-3.3-8b-instruct|b,selection,0.9375,0.9567,300,delta_pp:1,3.5812,1.8088,True,True,False
102,selection|microsoft/Phi-3.5-mini-instruct|b,selection,0.9688,0.94,300,delta_pp:1,4.1338,2.3681,True,True,False
102,selection|Qwen/Qwen2.5-7B-Instruct|c,selection,0.9514,0.9833,300,delta_pp:1,-0.415,-0.384,False,False,False
102,selection|allenai/OLMo-2-1124-7B-Instruct|c,selection,0.8003,0.9233,300,delta_pp:1,5.3369,1.2233,True,True,False
102,selection|ibm-granite/granite-3.3-8b-instruct|c,selection,0.9479,0.9767,300,delta_pp:1,2.2339,1.1876,True,True,False
102,selection|microsoft/Phi-3.5-mini-instruct|c,selection,0.9115,0.9067,300,delta_pp:1,2.9895,3.7391,True,True,False
103,selection|Qwen/Qwen2.5-7B-Instruct|a,selection,0.8759,0.9733,300,delta_pp:1,2.7099,-0.401,False,True,False
103,selection|allenai/OLMo-2-1124-7B-Instruct|a,selection,0.7816,0.9333,300,delta_pp:1,1.3288,-0.8898,False,True,True
103,selection|ibm-granite/granite-3.3-8b-instruct|a,selection,0.834,0.9633,300,delta_pp:1,2.7109,0.9105,False,True,False
103,selection|microsoft/Phi-3.5-mini-instruct|a,selection,0.8218,0.94,300,delta_pp:1,5.968,1.8188,True,True,False
103,selection|Qwen/Qwen2.5-7B-Instruct|b,selection,0.9161,0.98,300,delta_pp:1,2.4427,-0.5102,False,True,False
103,selection|allenai/OLMo-2-1124-7B-Instruct|b,selection,0.8148,0.9267,300,delta_pp:1,0.9572,0.3366,False,False,False
103,selection|ibm-granite/granite-3.3-8b-instruct|b,selection,0.8672,0.9567,300,delta_pp:1,7.4324,1.8088,True,True,False
103,selection|microsoft/Phi-3.5-mini-instruct|b,selection,0.8096,0.9167,300,delta_pp:1,5.4519,2.3681,True,True,False
103,selection|Qwen/Qwen2.5-7B-Instruct|c,selection,0.9161,0.98,300,delta_pp:1,2.4427,-0.384,False,True,False
103,selection|allenai/OLMo-2-1124-7B-Instruct|c,selection,0.6994,0.9167,300,delta_pp:1,2.7304,1.2233,True,True,True
103,selection|ibm-granite/granite-3.3-8b-instruct|c,selection,0.8724,0.9667,300,delta_pp:1,5.3908,1.1876,True,True,False
103,selection|microsoft/Phi-3.5-mini-instruct|c,selection,0.7921,0.8833,300,delta_pp:1,4.3375,3.7391,True,True,True
104,selection|Qwen/Qwen2.5-7B-Instruct|a,selection,0.8357,0.9667,300,delta_pp:1,0.1373,-0.401,False,False,False
104,selection|allenai/OLMo-2-1124-7B-Instruct|a,selection,0.8113,0.92,300,delta_pp:1,-1.0661,-0.8898,False,True,False
104,selection|ibm-granite/granite-3.3-8b-instruct|a,selection,0.8252,0.9467,300,delta_pp:1,1.5555,0.9105,False,True,False
104,selection|microsoft/Phi-3.5-mini-instruct|a,selection,0.7728,0.9167,300,delta_pp:1,4.788,1.8188,True,True,True
104,selection|Qwen/Qwen2.5-7B-Instruct|b,selection,0.7972,0.9633,300,delta_pp:1,0.7962,-0.5102,False,False,True
104,selection|allenai/OLMo-2-1124-7B-Instruct|b,selection,0.7344,0.9133,300,delta_pp:1,-1.0682,0.3366,False,True,True
104,selection|ibm-granite/granite-3.3-8b-instruct|b,selection,0.7396,0.9233,300,delta_pp:1,4.8645,1.8088,True,True,True
104,selection|microsoft/Phi-3.5-mini-instruct|b,selection,0.8428,0.91,300,delta_pp:1,2.1594,2.3681,True,True,False
104,selection|Qwen/Qwen2.5-7B-Instruct|c,selection,0.757,0.9567,300,delta_pp:1,-0.438,-0.384,False,False,True
104,selection|allenai/OLMo-2-1124-7B-Instruct|c,selection,0.8096,0.9167,300,delta_pp:1,2.1515,1.2233,True,True,False
104,selection|ibm-granite/granite-3.3-8b-instruct|c,selection,0.792,0.9533,300,delta_pp:1,0.2276,1.1876,True,False,True
104,selection|microsoft/Phi-3.5-mini-instruct|c,selection,0.8638,0.88,300,delta_pp:1,5.4831,3.7391,True,True,False
105,selection|Qwen/Qwen2.5-7B-Instruct|a,selection,0.8613,0.97,300,delta_pp:1,3.6254,-0.401,False,True,False
105,selection|allenai/OLMo-2-1124-7B-Instruct|a,selection,0.7695,0.89,300,delta_pp:1,6.11,-0.8898,False,True,True
105,selection|ibm-granite/granite-3.3-8b-instruct|a,selection,0.8488,0.9467,300,delta_pp:1,3.1998,0.9105,False,True,False
105,selection|microsoft/Phi-3.5-mini-instruct|a,selection,0.8752,0.95,300,delta_pp:1,2.4071,1.8188,True,True,False
105,selection|Qwen/Qwen2.5-7B-Instruct|b,selection,0.8631,0.9733,300,delta_pp:1,3.0319,-0.5102,False,True,False
105,selection|allenai/OLMo-2-1124-7B-Instruct|b,selection,0.8364,0.9233,300,delta_pp:1,4.0941,0.3366,False,True,False
105,selection|ibm-granite/granite-3.3-8b-instruct|b,selection,0.8364,0.9233,300,delta_pp:1,5.3265,1.8088,True,True,False
105,selection|microsoft/Phi-3.5-mini-instruct|b,selection,0.8591,0.92,300,delta_pp:1,5.8955,2.3681,True,True,False
105,selection|Qwen/Qwen2.5-7B-Instruct|c,selection,0.835,0.9667,300,delta_pp:1,0.7211,-0.384,False,False,False
105,selection|allenai/OLMo-2-1124-7B-Instruct|c,selection,0.8346,0.92,300,delta_pp:1,7.4146,1.2233,True,True,False
105,selection|ibm-granite/granite-3.3-8b-instruct|c,selection,0.8524,0.9533,300,delta_pp:1,3.1579,1.1876,True,True,False
105,selection|microsoft/Phi-3.5-mini-instruct|c,selection,0.8449,0.8933,300,delta_pp:1,6.0634,3.7391,True,True,False
106,selection|Qwen/Qwen2.5-7B-Instruct|a,selection,0.8072,0.97,300,delta_pp:1,-4.7052,-0.401,False,True,False
106,selection|allenai/OLMo-2-1124-7B-Instruct|a,selection,0.7636,0.9433,300,delta_pp:1,-0.5813,-0.8898,False,False,True
106,selection|ibm-granite/granite-3.3-8b-instruct|a,selection,0.8332,0.9633,300,delta_pp:1,0.4254,0.9105,False,False,False
106,selection|microsoft/Phi-3.5-mini-instruct|a,selection,0.8521,0.9433,300,delta_pp:1,-2.4031,1.8188,True,True,False
106,selection|Qwen/Qwen2.5-7B-Instruct|b,selection,0.8037,0.9633,300,delta_pp:1,-3.4437,-0.5102,False,True,False
106,selection|allenai/OLMo-2-1124-7B-Instruct|b,selection,0.7359,0.9467,300,delta_pp:1,-1.0832,0.3366,False,True,True
106,selection|ibm-granite/granite-3.3-8b-instruct|b,selection,0.8002,0.9567,300,delta_pp:1,-0.7087,1.8088,True,False,False
106,selection|microsoft/Phi-3.5-mini-instruct|b,selection,0.8398,0.92,300,delta_pp:1,-1.6785,2.3681,True,True,False
106,selection|Qwen/Qwen2.5-7B-Instruct|c,selection,0.8072,0.97,300,delta_pp:1,-3.4622,-0.384,False,True,False
106,selection|allenai/OLMo-2-1124-7B-Instruct|c,selection,0.7672,0.95,300,delta_pp:1,3.3599,1.2233,True,True,True
106,selection|ibm-granite/granite-3.3-8b-instruct|c,selection,0.7742,0.9633,300,delta_pp:1,-0.6367,1.1876,True,False,True
106,selection|microsoft/Phi-3.5-mini-instruct|c,selection,0.864,0.91,300,delta_pp:1,-1.0814,3.7391,True,True,False
107,selection|Qwen/Qwen2.5-7B-Instruct|a,selection,0.9157,0.98,300,delta_pp:1,0.1067,-0.401,False,False,False
107,selection|allenai/OLMo-2-1124-7B-Instruct|a,selection,0.7927,0.9333,300,delta_pp:1,3.1678,-0.8898,False,True,True
107,selection|ibm-granite/granite-3.3-8b-instruct|a,selection,0.9296,0.96,300,delta_pp:1,1.3421,0.9105,False,True,False
107,selection|microsoft/Phi-3.5-mini-instruct|a,selection,0.9452,0.9433,300,delta_pp:1,2.9973,1.8188,True,True,False
107,selection|Qwen/Qwen2.5-7B-Instruct|b,selection,0.8631,0.9733,300,delta_pp:1,-1.7905,-0.5102,False,True,False
107,selection|allenai/OLMo-2-1124-7B-Instruct|b,selection,0.8471,0.9433,300,delta_pp:1,3.0597,0.3366,False,True,False
107,selection|ibm-granite/granite-3.3-8b-instruct|b,selection,0.9033,0.9567,300,delta_pp:1,2.3732,1.8088,True,True,False
107,selection|microsoft/Phi-3.5-mini-instruct|b,selection,0.9047,0.9133,300,delta_pp:1,1.594,2.3681,True,True,False
107,selection|Qwen/Qwen2.5-7B-Instruct|c,selection,0.9438,0.9867,300,delta_pp:1,1.0297,-0.384,False,True,False
107,selection|allenai/OLMo-2-1124-7B-Instruct|c,selection,0.7646,0.9267,300,delta_pp:1,3.5647,1.2233,True,True,True
107,selection|ibm-granite/granite-3.3-8b-instruct|c,selection,0.9104,0.97,300,delta_pp:1,0.9508,1.1876,True,False,False
107,selection|microsoft/Phi-3.5-mini-instruct|c,selection,0.9537,0.9133,300,delta_pp:1,3.6497,3.7391,True,True,False
108,selection|Qwen/Qwen2.5-7B-Instruct|a,selection,0.8618,0.9767,300,delta_pp:1,-1.2875,-0.401,False,True,False
108,selection|allenai/OLMo-2-1124-7B-Instruct|a,selection,0.851,0.9567,300,delta_pp:1,1.4935,-0.8898,False,True,False
108,selection|ibm-granite/granite-3.3-8b-instruct|a,selection,0.8947,0.96,300,delta_pp:1,2.9035,0.9105,False,True,False
108,selection|microsoft/Phi-3.5-mini-instruct|a,selection,0.8702,0.9533,300,delta_pp:1,3.1495,1.8188,True,True,False
108,selection|Qwen/Qwen2.5-7B-Instruct|b,selection,0.9073,0.9833,300,delta_pp:1,-0.5608,-0.5102,False,False,False
108,selection|allenai/OLMo-2-1124-7B-Instruct|b,selection,0.8193,0.9367,300,delta_pp:1,4.5474,0.3366,False,True,False
108,selection|ibm-granite/granite-3.3-8b-instruct|b,selection,0.8947,0.96,300,delta_pp:1,2.9035,1.8088,True,True,False
108,selection|microsoft/Phi-3.5-mini-instruct|b,selection,0.9258,0.94,300,delta_pp:1,3.8187,2.3681,True,True,False
108,selection|Qwen/Qwen2.5-7B-Instruct|c,selection,0.86,0.9733,300,delta_pp:1,-0.604,-0.384,False,False,False
108,selection|allenai/OLMo-2-1124-7B-Instruct|c,selection,0.8139,0.9267,300,delta_pp:1,6.5236,1.2233,True,True,False
108,selection|ibm-granite/granite-3.3-8b-instruct|c,selection,0.8756,0.9633,300,delta_pp:1,1.1733,1.1876,True,True,False
108,selection|microsoft/Phi-3.5-mini-instruct|c,selection,0.8994,0.93,300,delta_pp:1,2.1827,3.7391,True,True,False
109,selection|Qwen/Qwen2.5-7B-Instruct|a,selection,0.8406,0.96,300,delta_pp:1,-0.1314,-0.401,False,False,False
109,selection|allenai/OLMo-2-1124-7B-Instruct|a,selection,0.7241,0.8967,300,delta_pp:1,-4.1124,-0.8898,False,True,True
109,selection|ibm-granite/granite-3.3-8b-instruct|a,selection,0.8629,0.95,300,delta_pp:1,-0.9466,0.9105,False,False,False
109,selection|microsoft/Phi-3.5-mini-instruct|a,selection,0.797,0.93,300,delta_pp:1,3.3109,1.8188,True,True,True
109,selection|Qwen/Qwen2.5-7B-Instruct|b,selection,0.8718,0.9667,300,delta_pp:1,-0.3446,-0.5102,False,False,False
109,selection|allenai/OLMo-2-1124-7B-Instruct|b,selection,0.707,0.9167,300,delta_pp:1,-0.0324,0.3366,False,False,True
109,selection|ibm-granite/granite-3.3-8b-instruct|b,selection,0.8665,0.9567,300,delta_pp:1,-0.9698,1.8088,True,False,False
109,selection|microsoft/Phi-3.5-mini-instruct|b,selection,0.9058,0.9267,300,delta_pp:1,0.7342,2.3681,True,False,False
109,selection|Qwen/Qwen2.5-7B-Instruct|c,selection,0.8735,0.97,300,delta_pp:1,0.3038,-0.384,False,False,False
109,selection|allenai/OLMo-2-1124-7B-Instruct|c,selection,0.6741,0.9067,300,delta_pp:1,0.8523,1.2233,True,False,True
109,selection|ibm-granite/granite-3.3-8b-instruct|c,selection,0.8353,0.95,300,delta_pp:1,0.4875,1.1876,True,False,False
109,selection|microsoft/Phi-3.5-mini-instruct|c,selection,0.8276,0.8833,300,delta_pp:1,3.093,3.7391,True,True,False
110,selection|Qwen/Qwen2.5-7B-Instruct|a,selection,0.8296,0.9567,300,delta_pp:1,-1.1082,-0.401,False,True,False
110,selection|allenai/OLMo-2-1124-7B-Instruct|a,selection,0.8908,0.9333,300,delta_pp:1,0.158,-0.8898,False,False,False
110,selection|ibm-granite/granite-3.3-8b-instruct|a,selection,0.926,0.9533,300,delta_pp:1,-0.2548,0.9105,False,False,False
110,selection|microsoft/Phi-3.5-mini-instruct|a,selection,0.8417,0.9333,300,delta_pp:1,0.7316,1.8188,True,False,False
110,selection|Qwen/Qwen2.5-7B-Instruct|b,selection,0.8577,0.9633,300,delta_pp:1,-0.1172,-0.5102,False,False,False
110,selection|allenai/OLMo-2-1124-7B-Instruct|b,selection,0.8819,0.9167,300,delta_pp:1,0.9228,0.3366,False,False,False
110,selection|ibm-granite/granite-3.3-8b-instruct|b,selection,0.8734,0.9467,300,delta_pp:1,-0.959,1.8088,True,False,False
110,selection|microsoft/Phi-3.5-mini-instruct|b,selection,0.9118,0.9267,300,delta_pp:1,1.3204,2.3681,True,True,False
110,selection|Qwen/Qwen2.5-7B-Instruct|c,selection,0.856,0.96,300,delta_pp:1,0.5637,-0.384,False,False,False
110,selection|allenai/OLMo-2-1124-7B-Instruct|c,selection,0.8346,0.92,300,delta_pp:1,2.0479,1.2233,True,True,False
110,selection|ibm-granite/granite-3.3-8b-instruct|c,selection,0.9033,0.9567,300,delta_pp:1,-0.6488,1.1876,True,False,False
110,selection|microsoft/Phi-3.5-mini-instruct|c,selection,0.8922,0.89,300,delta_pp:1,2.2112,3.7391,True,True,False
111,selection|Qwen/Qwen2.5-7B-Instruct|a,selection,0.8448,0.98,300,delta_pp:1,-0.8432,-0.401,False,False,False
111,selection|allenai/OLMo-2-1124-7B-Instruct|a,selection,0.7638,0.9167,300,delta_pp:1,-0.0574,-0.8898,False,False,True
111,selection|ibm-granite/granite-3.3-8b-instruct|a,selection,0.8828,0.96,300,delta_pp:1,-0.9684,0.9105,False,False,False
111,selection|microsoft/Phi-3.5-mini-instruct|a,selection,0.7741,0.9367,300,delta_pp:1,1.3479,1.8188,True,True,True
111,selection|Qwen/Qwen2.5-7B-Instruct|b,selection,0.7966,0.98,300,delta_pp:1,-0.6908,-0.5102,False,False,True
111,selection|allenai/OLMo-2-1124-7B-Instruct|b,selection,0.7207,0.9267,300,delta_pp:1,0.7414,0.3366,False,False,True
111,selection|ibm-granite/granite-3.3-8b-instruct|b,selection,0.669,0.92,300,delta_pp:1,0.7903,1.8088,True,False,True
111,selection|microsoft/Phi-3.5-mini-instruct|b,selection,0.8172,0.9267,300,delta_pp:1,-0.7708,2.3681,True,False,False
111,selection|Qwen/Qwen2.5-7B-Instruct|c,selection,0.7448,0.9733,300,delta_pp:1,-1.8494,-0.384,False,True,True
111,selection|allenai/OLMo-2-1124-7B-Instruct|c,selection,0.8224,0.9367,300,delta_pp:1,-2.6519,1.2233,True,True,False
111,selection|ibm-granite/granite-3.3-8b-instruct|c,selection,0.7345,0.9533,300,delta_pp:1,3.2327,1.1876,True,True,True
111,selection|microsoft/Phi-3.5-mini-instruct|c,selection,0.8672,0.93,300,delta_pp:1,5.0122,3.7391,True,True,False
112,selection|Qwen/Qwen2.5-7B-Instruct|a,selection,0.8024,0.96,300,delta_pp:1,-2.5496,-0.401,False,True,False
112,selection|allenai/OLMo-2-1124-7B-Instruct|a,selection,0.7826,0.9233,300,delta_pp:1,-0.382,-0.8898,False,False,True
112,selection|ibm-granite/granite-3.3-8b-instruct|a,selection,0.8136,0.94,300,delta_pp:1,1.3843,0.9105,False,True,False
112,selection|microsoft/Phi-3.5-mini-instruct|a,selection,0.8469,0.92,300,delta_pp:1,-0.1157,1.8188,True,False,False
112,selection|Qwen/Qwen2.5-7B-Instruct|b,selection,0.7803,0.96,300,delta_pp:1,-1.1338,-0.5102,False,True,True
112,selection|allenai/OLMo-2-1124-7B-Instruct|b,selection,0.7975,0.91,300,delta_pp:1,2.1498,0.3366,False,True,True
112,selection|ibm-granite/granite-3.3-8b-instruct|b,selection,0.7791,0.9167,300,delta_pp:1,0.9613,1.8088,True,False,True
112,selection|microsoft/Phi-3.5-mini-instruct|b,selection,0.8469,0.92,300,delta_pp:1,1.1453,2.3681,True,True,False
112,selection|Qwen/Qwen2.5-7B-Instruct|c,selection,0.8024,0.96,300,delta_pp:1,-1.2298,-0.384,False,True,False
112,selection|allenai/OLMo-2-1124-7B-Instruct|c,selection,0.7737,0.9067,300,delta_pp:1,1.6564,1.2233,True,True,True
112,selection|ibm-granite/granite-3.3-8b-instruct|c,selection,0.7952,0.9467,300,delta_pp:1,-1.1241,1.1876,True,True,True
112,selection|microsoft/Phi-3.5-mini-instruct|c,selection,0.8748,0.89,300,delta_pp:1,4.2998,3.7391,True,True,False
113,selection|Qwen/Qwen2.5-7B-Instruct|a,selection,0.7914,0.97,300,delta_pp:1,0.382,-0.401,False,False,True
113,selection|allenai/OLMo-2-1124-7B-Instruct|a,selection,0.7793,0.9467,300,delta_pp:1,-5.2252,-0.8898,False,True,True
113,selection|ibm-granite/granite-3.3-8b-instruct|a,selection,0.8431,0.9767,300,delta_pp:1,-0.9425,0.9105,False,False,False
113,selection|microsoft/Phi-3.5-mini-instruct|a,selection,0.7172,0.92,300,delta_pp:1,4.2081,1.8188,True,True,True
113,selection|Qwen/Qwen2.5-7B-Instruct|b,selection,0.6397,0.9567,300,delta_pp:1,-0.2689,-0.5102,False,False,True
113,selection|allenai/OLMo-2-1124-7B-Instruct|b,selection,0.8328,0.9567,300,delta_pp:1,-0.8883,0.3366,False,False,False
113,selection|ibm-granite/granite-3.3-8b-instruct|b,selection,0.7845,0.9567,300,delta_pp:1,1.8728,1.8088,True,True,True
113,selection|microsoft/Phi-3.5-mini-instruct|b,selection,0.7621,0.9133,300,delta_pp:1,7.9302,2.3681,True,True,True
113,selection|Qwen/Qwen2.5-7B-Instruct|c,selection,0.7414,0.9667,300,delta_pp:1,-1.1984,-0.384,False,True,True
113,selection|allenai/OLMo-2-1124-7B-Instruct|c,selection,0.731,0.9467,300,delta_pp:1,-2.3294,1.2233,True,True,True
113,selection|ibm-granite/granite-3.3-8b-instruct|c,selection,0.7879,0.9633,300,delta_pp:1,-0.6505,1.1876,True,False,True
113,selection|microsoft/Phi-3.5-mini-instruct|c,selection,0.8552,0.9067,300,delta_pp:1,6.2513,3.7391,True,True,False
114,selection|Qwen/Qwen2.5-7B-Instruct|a,selection,0.7777,0.97,300,delta_pp:1,1.0682,-0.401,False,True,True
114,selection|allenai/OLMo-2-1124-7B-Instruct|a,selection,0.7513,0.92,300,delta_pp:1,-0.6161,-0.8898,False,False,True
114,selection|ibm-granite/granite-3.3-8b-instruct|a,selection,0.7672,0.95,300,delta_pp:1,1.1513,0.9105,False,True,True
114,selection|microsoft/Phi-3.5-mini-instruct|a,selection,0.7914,0.94,300,delta_pp:1,3.1129,1.8188,True,True,True
114,selection|Qwen/Qwen2.5-7B-Instruct|b,selection,0.8367,0.97,300,delta_pp:1,2.0051,-0.5102,False,True,False
114,selection|allenai/OLMo-2-1124-7B-Instruct|b,selection,0.8156,0.93,300,delta_pp:1,3.579,0.3366,False,True,False
114,selection|ibm-granite/granite-3.3-8b-instruct|b,selection,0.8332,0.9633,300,delta_pp:1,2.0328,1.8088,True,True,False
114,selection|microsoft/Phi-3.5-mini-instruct|b,selection,0.7496,0.9167,300,delta_pp:1,1.4655,2.3681,True,True,True
114,selection|Qwen/Qwen2.5-7B-Instruct|c,selection,0.8367,0.97,300,delta_pp:1,0.6852,-0.384,False,False,False
114,selection|allenai/OLMo-2-1124-7B-Instruct|c,selection,0.7271,0.93,300,delta_pp:1,0.2378,1.2233,True,False,True
114,selection|ibm-granite/granite-3.3-8b-instruct|c,selection,0.8019,0.96,300,delta_pp:1,1.5342,1.1876,True,True,False
114,selection|microsoft/Phi-3.5-mini-instruct|c,selection,0.7667,0.8933,300,delta_pp:1,4.7145,3.7391,True,True,True
115,selection|Qwen/Qwen2.5-7B-Instruct|a,selection,0.7448,0.9733,300,delta_pp:1,-0.6057,-0.401,False,False,True
115,selection|allenai/OLMo-2-1124-7B-Instruct|a,selection,0.8259,0.9433,300,delta_pp:1,-0.5479,-0.8898,False,False,False
115,selection|ibm-granite/granite-3.3-8b-instruct|a,selection,0.8845,0.9633,300,delta_pp:1,2.9685,0.9105,False,True,False
115,selection|microsoft/Phi-3.5-mini-instruct|a,selection,0.7724,0.9333,300,delta_pp:1,0.3321,1.8188,True,False,True
115,selection|Qwen/Qwen2.5-7B-Instruct|b,selection,0.7431,0.97,300,delta_pp:1,0.0678,-0.5102,False,False,True
115,selection|allenai/OLMo-2-1124-7B-Instruct|b,selection,0.7293,0.9433,300,delta_pp:1,1.4963,0.3366,False,True,True
115,selection|ibm-granite/granite-3.3-8b-instruct|b,selection,0.8345,0.96,300,delta_pp:1,5.3241,1.8088,True,True,False
115,selection|microsoft/Phi-3.5-mini-instruct|b,selection,0.9638,0.93,300,delta_pp:1,2.5626,2.3681,True,True,False
115,selection|Qwen/Qwen2.5-7B-Instruct|c,selection,0.7948,0.9767,300,delta_pp:1,0.9985,-0.384,False,False,True
115,selection|allenai/OLMo-2-1124-7B-Instruct|c,selection,0.769,0.9267,300,delta_pp:1,2.0447,1.2233,True,True,True
115,selection|ibm-granite/granite-3.3-8b-instruct|c,selection,0.8345,0.96,300,delta_pp:1,4.0041,1.1876,True,True,False
115,selection|microsoft/Phi-3.5-mini-instruct|c,selection,0.8879,0.8767,300,delta_pp:1,3.1417,3.7391,True,True,False
116,selection|Qwen/Qwen2.5-7B-Instruct|a,selection,0.8715,0.98,300,delta_pp:1,-0.3608,-0.401,False,False,False
116,selection|allenai/OLMo-2-1124-7B-Instruct|a,selection,0.9076,0.9367,300,delta_pp:1,0.3687,-0.8898,False,False,False
116,selection|ibm-granite/granite-3.3-8b-instruct|a,selection,0.8957,0.97,300,delta_pp:1,4.2743,0.9105,False,True,False
116,selection|microsoft/Phi-3.5-mini-instruct|a,selection,0.8816,0.9433,300,delta_pp:1,6.8771,1.8188,True,True,False
116,selection|Qwen/Qwen2.5-7B-Instruct|b,selection,0.8992,0.9767,300,delta_pp:1,1.6437,-0.5102,False,True,False
116,selection|allenai/OLMo-2-1124-7B-Instruct|b,selection,0.8433,0.9267,300,delta_pp:1,-0.4346,0.3366,False,False,False
116,selection|ibm-granite/granite-3.3-8b-instruct|b,selection,0.8539,0.9467,300,delta_pp:1,4.8017,1.8088,True,True,False
116,selection|microsoft/Phi-3.5-mini-instruct|b,selection,0.8763,0.9333,300,delta_pp:1,6.2033,2.3681,True,True,False
116,selection|Qwen/Qwen2.5-7B-Instruct|c,selection,0.868,0.9733,300,delta_pp:1,2.1989,-0.384,False,True,False
116,selection|allenai/OLMo-2-1124-7B-Instruct|c,selection,0.7914,0.94,300,delta_pp:1,3.343,1.2233,True,True,True
116,selection|ibm-granite/granite-3.3-8b-instruct|c,selection,0.8002,0.9567,300,delta_pp:1,2.777,1.1876,True,True,False
116,selection|microsoft/Phi-3.5-mini-instruct|c,selection,0.8864,0.8967,300,delta_pp:1,6.9127,3.7391,True,True,False
117,selection|Qwen/Qwen2.5-7B-Instruct|a,selection,0.9214,0.9833,300,delta_pp:1,1.1761,-0.401,False,True,False
117,selection|allenai/OLMo-2-1124-7B-Instruct|a,selection,0.8429,0.9233,300,delta_pp:1,0.2948,-0.8898,False,False,False
117,selection|ibm-granite/granite-3.3-8b-instruct|a,selection,0.8964,0.98,300,delta_pp:1,-0.5995,0.9105,False,False,False
117,selection|microsoft/Phi-3.5-mini-instruct|a,selection,0.9304,0.9567,300,delta_pp:1,3.7555,1.8188,True,True,False
117,selection|Qwen/Qwen2.5-7B-Instruct|b,selection,0.9196,0.98,300,delta_pp:1,0.5255,-0.5102,False,False,False
117,selection|allenai/OLMo-2-1124-7B-Instruct|b,selection,0.8714,0.9333,300,delta_pp:1,3.4312,0.3366,False,True,False
117,selection|ibm-granite/granite-3.3-8b-instruct|b,selection,0.8804,0.95,300,delta_pp:1,5.3641,1.8088,True,True,False
117,selection|microsoft/Phi-3.5-mini-instruct|b,selection,0.8964,0.9367,300,delta_pp:1,5.2665,2.3681,True,True,False
117,selection|Qwen/Qwen2.5-7B-Instruct|c,selection,0.9179,0.9767,300,delta_pp:1,1.1948,-0.384,False,True,False
117,selection|allenai/OLMo-2-1124-7B-Instruct|c,selection,0.8286,0.94,300,delta_pp:1,0.9833,1.2233,True,False,False
117,selection|ibm-granite/granite-3.3-8b-instruct|c,selection,0.9161,0.9733,300,delta_pp:1,0.604,1.1876,True,False,False
117,selection|microsoft/Phi-3.5-mini-instruct|c,selection,0.8518,0.8967,300,delta_pp:1,4.1344,3.7391,True,True,False
118,selection|Qwen/Qwen2.5-7B-Instruct|a,selection,0.8165,0.9833,300,delta_pp:1,-1.1586,-0.401,False,True,False
118,selection|allenai/OLMo-2-1124-7B-Instruct|a,selection,0.8342,0.9333,300,delta_pp:1,-1.904,-0.8898,False,True,False
118,selection|ibm-granite/granite-3.3-8b-instruct|a,selection,0.8429,0.95,300,delta_pp:1,0.0419,0.9105,False,False,False
118,selection|microsoft/Phi-3.5-mini-instruct|a,selection,0.8429,0.95,300,delta_pp:1,2.6818,1.8188,True,True,False
118,selection|Qwen/Qwen2.5-7B-Instruct|b,selection,0.8165,0.9833,300,delta_pp:1,-1.1586,-0.5102,False,True,False
118,selection|allenai/OLMo-2-1124-7B-Instruct|b,selection,0.8762,0.93,300,delta_pp:1,-0.1048,0.3366,False,False,False
118,selection|ibm-granite/granite-3.3-8b-instruct|b,selection,0.7974,0.9467,300,delta_pp:1,2.1069,1.8088,True,True,True
118,selection|microsoft/Phi-3.5-mini-instruct|b,selection,0.8256,0.9167,300,delta_pp:1,4.0698,2.3681,True,True,False
118,selection|Qwen/Qwen2.5-7B-Instruct|c,selection,0.8165,0.9833,300,delta_pp:1,-1.1586,-0.384,False,True,False
118,selection|allenai/OLMo-2-1124-7B-Instruct|c,selection,0.8762,0.93,300,delta_pp:1,1.2151,1.2233,True,True,False
118,selection|ibm-granite/granite-3.3-8b-instruct|c,selection,0.8061,0.9633,300,delta_pp:1,0.2022,1.1876,True,False,False
118,selection|microsoft/Phi-3.5-mini-instruct|c,selection,0.8468,0.8733,300,delta_pp:1,5.9506,3.7391,True,True,False
119,selection|Qwen/Qwen2.5-7B-Instruct|a,selection,0.9214,0.9767,300,delta_pp:1,0.6916,-0.401,False,False,False
119,selection|allenai/OLMo-2-1124-7B-Instruct|a,selection,0.8797,0.94,300,delta_pp:1,1.9483,-0.8898,False,True,False
119,selection|ibm-granite/granite-3.3-8b-instruct|a,selection,0.9124,0.96,300,delta_pp:1,2.8004,0.9105,False,True,False
119,selection|microsoft/Phi-3.5-mini-instruct|a,selection,0.885,0.95,300,delta_pp:1,-0.1089,1.8188,True,False,False
119,selection|Qwen/Qwen2.5-7B-Instruct|b,selection,0.8976,0.9733,300,delta_pp:1,0.3702,-0.5102,False,False,False
119,selection|allenai/OLMo-2-1124-7B-Instruct|b,selection,0.8725,0.9267,300,delta_pp:1,4.6912,0.3366,False,True,False
119,selection|ibm-granite/granite-3.3-8b-instruct|b,selection,0.8666,0.9567,300,delta_pp:1,2.7039,1.8088,True,True,False
119,selection|microsoft/Phi-3.5-mini-instruct|b,selection,0.8761,0.9333,300,delta_pp:1,0.6802,2.3681,True,False,False
119,selection|Qwen/Qwen2.5-7B-Instruct|c,selection,0.8756,0.9733,300,delta_pp:1,0.6829,-0.384,False,False,False
119,selection|allenai/OLMo-2-1124-7B-Instruct|c,selection,0.8267,0.9233,300,delta_pp:1,6.0022,1.2233,True,True,False
119,selection|ibm-granite/granite-3.3-8b-instruct|c,selection,0.8922,0.9633,300,delta_pp:1,1.1076,1.1876,True,True,False
119,selection|microsoft/Phi-3.5-mini-instruct|c,selection,0.8618,0.9067,300,delta_pp:1,3.5264,3.7391,True,True,False
120,selection|Qwen/Qwen2.5-7B-Instruct|a,selection,0.8602,0.9833,300,delta_pp:1,-0.416,-0.401,False,False,False
120,selection|allenai/OLMo-2-1124-7B-Instruct|a,selection,0.794,0.94,300,delta_pp:1,0.3675,-0.8898,False,False,True
120,selection|ibm-granite/granite-3.3-8b-instruct|a,selection,0.9827,0.9667,300,delta_pp:1,2.7118,0.9105,False,True,False
120,selection|microsoft/Phi-3.5-mini-instruct|a,selection,0.8515,0.9667,300,delta_pp:1,0.2553,1.8188,True,False,False
120,selection|Qwen/Qwen2.5-7B-Instruct|b,selection,0.9039,0.9833,300,delta_pp:1,-0.4114,-0.5102,False,False,False
120,selection|allenai/OLMo-2-1124-7B-Instruct|b,selection,0.8831,0.9433,300,delta_pp:1,-1.8027,0.3366,False,True,False
120,selection|ibm-granite/granite-3.3-8b-instruct|b,selection,0.9355,0.96,300,delta_pp:1,6.6716,1.8088,True,True,False
120,selection|microsoft/Phi-3.5-mini-instruct|b,selection,0.9234,0.9367,300,delta_pp:1,-0.4736,2.3681,True,False,False
120,selection|Qwen/Qwen2.5-7B-Instruct|c,selection,0.7693,0.9767,300,delta_pp:1,-0.322,-0.384,False,False,True
120,selection|allenai/OLMo-2-1124-7B-Instruct|c,selection,0.7502,0.94,300,delta_pp:1,4.3228,1.2233,True,True,True
120,selection|ibm-granite/granite-3.3-8b-instruct|c,selection,0.8987,0.9733,300,delta_pp:1,1.5753,1.1876,True,True,False
120,selection|microsoft/Phi-3.5-mini-instruct|c,selection,0.8641,0.9067,300,delta_pp:1,5.5806,3.7391,True,True,False
121,selection|Qwen/Qwen2.5-7B-Instruct|a,selection,0.8632,0.98,300,delta_pp:1,1.4039,-0.401,False,True,False
121,selection|allenai/OLMo-2-1124-7B-Instruct|a,selection,0.7298,0.9067,300,delta_pp:1,-2.8732,-0.8898,False,True,True
121,selection|ibm-granite/granite-3.3-8b-instruct|a,selection,0.9193,0.9667,300,delta_pp:1,-0.4253,0.9105,False,False,False
121,selection|microsoft/Phi-3.5-mini-instruct|a,selection,0.9053,0.94,300,delta_pp:1,-1.6164,1.8188,True,True,False
121,selection|Qwen/Qwen2.5-7B-Instruct|b,selection,0.8632,0.98,300,delta_pp:1,1.4039,-0.5102,False,True,False
121,selection|allenai/OLMo-2-1124-7B-Instruct|b,selection,0.7351,0.9167,300,delta_pp:1,-0.9417,0.3366,False,False,True
121,selection|ibm-granite/granite-3.3-8b-instruct|b,selection,0.8825,0.9567,300,delta_pp:1,-0.7501,1.8088,True,False,False
121,selection|microsoft/Phi-3.5-mini-instruct|b,selection,0.9018,0.9333,300,delta_pp:1,2.3754,2.3681,True,True,False
121,selection|Qwen/Qwen2.5-7B-Instruct|c,selection,0.8965,0.9833,300,delta_pp:1,1.7609,-0.384,False,True,False
121,selection|allenai/OLMo-2-1124-7B-Instruct|c,selection,0.7246,0.8967,300,delta_pp:1,-0.8451,1.2233,True,False,True
121,selection|ibm-granite/granite-3.3-8b-instruct|c,selection,0.8561,0.9667,300,delta_pp:1,1.4683,1.1876,True,True,False
121,selection|microsoft/Phi-3.5-mini-instruct|c,selection,0.9193,0.9067,300,delta_pp:1,4.8571,3.7391,True,True,False
122,selection|Qwen/Qwen2.5-7B-Instruct|a,selection,0.8788,0.98,300,delta_pp:1,0.5147,-0.401,False,False,False
122,selection|allenai/OLMo-2-1124-7B-Instruct|a,selection,0.6447,0.9033,300,delta_pp:1,-1.8793,-0.8898,False,True,True
122,selection|ibm-granite/granite-3.3-8b-instruct|a,selection,0.8976,0.9633,300,delta_pp:1,3.7916,0.9105,False,True,False
122,selection|microsoft/Phi-3.5-mini-instruct|a,selection,0.8923,0.9533,300,delta_pp:1,1.7639,1.8188,True,True,False
122,selection|Qwen/Qwen2.5-7B-Instruct|b,selection,0.8771,0.9767,300,delta_pp:1,1.1816,-0.5102,False,True,False
122,selection|allenai/OLMo-2-1124-7B-Instruct|b,selection,0.8041,0.9433,300,delta_pp:1,-2.3874,0.3366,False,True,False
122,selection|ibm-granite/granite-3.3-8b-instruct|b,selection,0.8682,0.96,300,delta_pp:1,3.3335,1.8088,True,True,False
122,selection|microsoft/Phi-3.5-mini-instruct|b,selection,0.8247,0.93,300,delta_pp:1,4.0447,2.3681,True,True,False
122,selection|Qwen/Qwen2.5-7B-Instruct|c,selection,0.8494,0.9767,300,delta_pp:1,-0.0121,-0.384,False,False,False
122,selection|allenai/OLMo-2-1124-7B-Instruct|c,selection,0.7417,0.93,300,delta_pp:1,1.7149,1.2233,True,True,True
122,selection|ibm-granite/granite-3.3-8b-instruct|c,selection,0.7853,0.96,300,delta_pp:1,2.1861,1.1876,True,True,True
122,selection|microsoft/Phi-3.5-mini-instruct|c,selection,0.8482,0.87,300,delta_pp:1,9.1968,3.7391,True,True,False
123,selection|Qwen/Qwen2.5-7B-Instruct|a,selection,0.9282,0.9833,300,delta_pp:1,1.3622,-0.401,False,True,False
123,selection|allenai/OLMo-2-1124-7B-Instruct|a,selection,0.8659,0.9067,300,delta_pp:1,7.741,-0.8898,False,True,False
123,selection|ibm-granite/granite-3.3-8b-instruct|a,selection,0.8965,0.9633,300,delta_pp:1,4.2012,0.9105,False,True,False
123,selection|microsoft/Phi-3.5-mini-instruct|a,selection,0.8175,0.9333,300,delta_pp:1,1.4887,1.8188,True,True,False
123,selection|Qwen/Qwen2.5-7B-Instruct|b,selection,0.9037,0.9767,300,delta_pp:1,4.0866,-0.5102,False,True,False
123,selection|allenai/OLMo-2-1124-7B-Instruct|b,selection,0.8994,0.93,300,delta_pp:1,4.17,0.3366,False,True,False
123,selection|ibm-granite/granite-3.3-8b-instruct|b,selection,0.872,0.9567,300,delta_pp:1,1.7625,1.8088,True,True,False
123,selection|microsoft/Phi-3.5-mini-instruct|b,selection,0.8713,0.9167,300,delta_pp:1,3.0794,2.3681,True,True,False
123,selection|Qwen/Qwen2.5-7B-Instruct|c,selection,0.9282,0.9833,300,delta_pp:1,2.624,-0.384,False,True,False
123,selection|allenai/OLMo-2-1124-7B-Instruct|c,selection,0.9294,0.9467,300,delta_pp:1,6.0223,1.2233,True,True,False
123,selection|ibm-granite/granite-3.3-8b-instruct|c,selection,0.9055,0.98,300,delta_pp:1,2.1508,1.1876,True,True,False
123,selection|microsoft/Phi-3.5-mini-instruct|c,selection,0.8198,0.86,300,delta_pp:1,5.414,3.7391,True,True,False
124,selection|Qwen/Qwen2.5-7B-Instruct|a,selection,0.8476,0.9733,300,delta_pp:1,-0.2535,-0.401,False,False,False
124,selection|allenai/OLMo-2-1124-7B-Instruct|a,selection,0.8417,0.91,300,delta_pp:1,-3.3717,-0.8898,False,True,False
124,selection|ibm-granite/granite-3.3-8b-instruct|a,selection,0.8976,0.9633,300,delta_pp:1,2.7009,0.9105,False,True,False
124,selection|microsoft/Phi-3.5-mini-instruct|a,selection,0.83,0.94,300,delta_pp:1,1.2579,1.8188,True,True,False
124,selection|Qwen/Qwen2.5-7B-Instruct|b,selection,0.8182,0.97,300,delta_pp:1,-0.7118,-0.5102,False,False,False
124,selection|allenai/OLMo-2-1124-7B-Instruct|b,selection,0.8141,0.91,300,delta_pp:1,-1.9376,0.3366,False,True,False
124,selection|ibm-granite/granite-3.3-8b-instruct|b,selection,0.8406,0.96,300,delta_pp:1,4.9965,1.8088,True,True,False
124,selection|microsoft/Phi-3.5-mini-instruct|b,selection,0.8523,0.93,300,delta_pp:1,4.4023,2.3681,True,True,False
124,selection|Qwen/Qwen2.5-7B-Instruct|c,selection,0.8494,0.9767,300,delta_pp:1,-0.925,-0.384,False,False,False
124,selection|allenai/OLMo-2-1124-7B-Instruct|c,selection,0.7935,0.9233,300,delta_pp:1,3.4855,1.2233,True,True,True
124,selection|ibm-granite/granite-3.3-8b-instruct|c,selection,0.87,0.9633,300,delta_pp:1,2.8152,1.1876,True,True,False
124,selection|microsoft/Phi-3.5-mini-instruct|c,selection,0.8535,0.88,300,delta_pp:1,5.0459,3.7391,True,True,False
125,selection|Qwen/Qwen2.5-7B-Instruct|a,selection,0.8593,0.98,300,delta_pp:1,0.7064,-0.401,False,False,False
125,selection|allenai/OLMo-2-1124-7B-Instruct|a,selection,0.8587,0.93,300,delta_pp:1,1.3814,-0.8898,False,True,False
125,selection|ibm-granite/granite-3.3-8b-instruct|a,selection,0.9285,0.9633,300,delta_pp:1,3.1218,0.9105,False,True,False
125,selection|microsoft/Phi-3.5-mini-instruct|a,selection,0.8587,0.93,300,delta_pp:1,9.3004,1.8188,True,True,False
125,selection|Qwen/Qwen2.5-7B-Instruct|b,selection,0.8853,0.98,300,delta_pp:1,-0.84,-0.5102,False,False,False
125,selection|allenai/OLMo-2-1124-7B-Instruct|b,selection,0.8239,0.9133,300,delta_pp:1,-0.1487,0.3366,False,False,False
125,selection|ibm-granite/granite-3.3-8b-instruct|b,selection,0.9025,0.9633,300,delta_pp:1,2.2423,1.8088,True,True,False
125,selection|microsoft/Phi-3.5-mini-instruct|b,selection,0.8706,0.9033,300,delta_pp:1,10.4727,2.3681,True,True,False
125,selection|Qwen/Qwen2.5-7B-Instruct|c,selection,0.8576,0.9767,300,delta_pp:1,0.1766,-0.384,False,False,False
125,selection|allenai/OLMo-2-1124-7B-Instruct|c,selection,0.8085,0.9333,300,delta_pp:1,-1.1677,1.2233,True,True,False
125,selection|ibm-granite/granite-3.3-8b-instruct|c,selection,0.9285,0.9633,300,delta_pp:1,3.2287,1.1876,True,True,False
125,selection|microsoft/Phi-3.5-mini-instruct|c,selection,0.8564,0.8767,300,delta_pp:1,13.2982,3.7391,True,True,False
126,selection|Qwen/Qwen2.5-7B-Instruct|a,selection,0.8429,0.9667,300,delta_pp:1,-0.4114,-0.401,False,False,False
126,selection|allenai/OLMo-2-1124-7B-Instruct|a,selection,0.8536,0.9433,300,delta_pp:1,-1.0811,-0.8898,False,True,False
126,selection|ibm-granite/granite-3.3-8b-instruct|a,selection,0.8643,0.9633,300,delta_pp:1,1.4426,0.9105,False,True,False
126,selection|microsoft/Phi-3.5-mini-instruct|a,selection,0.9036,0.95,300,delta_pp:1,0.0096,1.8188,True,False,False
126,selection|Qwen/Qwen2.5-7B-Instruct|b,selection,0.8446,0.97,300,delta_pp:1,-1.0807,-0.5102,False,True,False
126,selection|allenai/OLMo-2-1124-7B-Instruct|b,selection,0.8482,0.9333,300,delta_pp:1,-3.0925,0.3366,False,True,False
126,selection|ibm-granite/granite-3.3-8b-instruct|b,selection,0.8857,0.96,300,delta_pp:1,3.2966,1.8088,True,True,False
126,selection|microsoft/Phi-3.5-mini-instruct|b,selection,0.9196,0.9367,300,delta_pp:1,1.2318,2.3681,True,True,False
126,selection|Qwen/Qwen2.5-7B-Instruct|c,selection,0.8179,0.9633,300,delta_pp:1,-0.9269,-0.384,False,False,False
126,selection|allenai/OLMo-2-1124-7B-Instruct|c,selection,0.8,0.93,300,delta_pp:1,-0.8333,1.2233,True,False,False
126,selection|ibm-granite/granite-3.3-8b-instruct|c,selection,0.8929,0.9733,300,delta_pp:1,1.9394,1.1876,True,True,False
126,selection|microsoft/Phi-3.5-mini-instruct|c,selection,0.8786,0.9033,300,delta_pp:1,4.1,3.7391,True,True,False
127,selection|Qwen/Qwen2.5-7B-Instruct|a,selection,0.8245,0.9633,300,delta_pp:1,0.4071,-0.401,False,False,False
127,selection|allenai/OLMo-2-1124-7B-Instruct|a,selection,0.7825,0.9333,300,delta_pp:1,1.2331,-0.8898,False,True,True
127,selection|ibm-granite/granite-3.3-8b-instruct|a,selection,0.8505,0.9633,300,delta_pp:1,0.2575,0.9105,False,False,False
127,selection|microsoft/Phi-3.5-mini-instruct|a,selection,0.8103,0.9367,300,delta_pp:1,1.7341,1.8188,True,True,False
127,selection|Qwen/Qwen2.5-7B-Instruct|b,selection,0.8227,0.96,300,delta_pp:1,2.329,-0.5102,False,True,False
127,selection|allenai/OLMo-2-1124-7B-Instruct|b,selection,0.7583,0.9367,300,delta_pp:1,-1.859,0.3366,False,True,True
127,selection|ibm-granite/granite-3.3-8b-instruct|b,selection,0.8103,0.9367,300,delta_pp:1,1.7341,1.8088,True,True,False
127,selection|microsoft/Phi-3.5-mini-instruct|b,selection,0.8067,0.93,300,delta_pp:1,3.0725,2.3681,True,True,False
127,selection|Qwen/Qwen2.5-7B-Instruct|c,selection,0.8245,0.9633,300,delta_pp:1,1.6597,-0.384,False,True,False
127,selection|allenai/OLMo-2-1124-7B-Instruct|c,selection,0.7287,0.93,300,delta_pp:1,0.8816,1.2233,True,False,True
127,selection|ibm-granite/granite-3.3-8b-instruct|c,selection,0.8505,0.9633,300,delta_pp:1,0.2575,1.1876,True,False,False
127,selection|microsoft/Phi-3.5-mini-instruct|c,selection,0.7855,0.89,300,delta_pp:1,1.8642,3.7391,True,True,True
128,selection|Qwen/Qwen2.5-7B-Instruct|a,selection,0.8536,0.98,300,delta_pp:1,-0.8381,-0.401,False,False,False
128,selection|allenai/OLMo-2-1124-7B-Instruct|a,selection,0.8684,0.9433,300,delta_pp:1,1.0789,-0.8898,False,True,False
128,selection|ibm-granite/granite-3.3-8b-instruct|a,selection,0.8789,0.9633,300,delta_pp:1,-0.2685,0.9105,False,False,False
128,selection|microsoft/Phi-3.5-mini-instruct|a,selection,0.8754,0.9567,300,delta_pp:1,-0.2593,1.8188,True,False,False
128,selection|Qwen/Qwen2.5-7B-Instruct|b,selection,0.8536,0.98,300,delta_pp:1,-0.8381,-0.5102,False,False,False
128,selection|allenai/OLMo-2-1124-7B-Instruct|b,selection,0.8362,0.9467,300,delta_pp:1,-0.7922,0.3366,False,False,False
128,selection|ibm-granite/granite-3.3-8b-instruct|b,selection,0.8449,0.9633,300,delta_pp:1,-0.1552,1.8088,True,False,False
128,selection|microsoft/Phi-3.5-mini-instruct|b,selection,0.8544,0.9167,300,delta_pp:1,3.7554,2.3681,True,True,False
128,selection|Qwen/Qwen2.5-7B-Instruct|c,selection,0.7805,0.97,300,delta_pp:1,-2.5776,-0.384,False,True,True
128,selection|allenai/OLMo-2-1124-7B-Instruct|c,selection,0.797,0.9367,300,delta_pp:1,-0.0052,1.2233,True,False,True
128,selection|ibm-granite/granite-3.3-8b-instruct|c,selection,0.7787,0.9667,300,delta_pp:1,-0.5931,1.1876,True,False,True
128,selection|microsoft/Phi-3.5-mini-instruct|c,selection,0.8387,0.8867,300,delta_pp:1,3.1367,3.7391,True,True,False
129,selection|Qwen/Qwen2.5-7B-Instruct|a,selection,0.8403,0.9767,300,delta_pp:1,0.0857,-0.401,False,False,False
129,selection|allenai/OLMo-2-1124-7B-Instruct|a,selection,0.7802,0.91,300,delta_pp:1,-3.0797,-0.8898,False,True,True
129,selection|ibm-granite/granite-3.3-8b-instruct|a,selection,0.905,0.96,300,delta_pp:1,2.6297,0.9105,False,True,False
129,selection|microsoft/Phi-3.5-mini-instruct|a,selection,0.7137,0.9233,300,delta_pp:1,2.8011,1.8188,True,True,True
129,selection|Qwen/Qwen2.5-7B-Instruct|b,selection,0.8122,0.97,300,delta_pp:1,0.4145,-0.5102,False,False,False
129,selection|allenai/OLMo-2-1124-7B-Instruct|b,selection,0.7557,0.91,300,delta_pp:1,-4.1127,0.3366,False,True,True
129,selection|ibm-granite/granite-3.3-8b-instruct|b,selection,0.7909,0.93,300,delta_pp:1,1.8987,1.8088,True,True,True
129,selection|microsoft/Phi-3.5-mini-instruct|b,selection,0.7749,0.9,300,delta_pp:1,4.0673,2.3681,True,True,True
129,selection|Qwen/Qwen2.5-7B-Instruct|c,selection,0.7596,0.9633,300,delta_pp:1,-1.6095,-0.384,False,True,True
129,selection|allenai/OLMo-2-1124-7B-Instruct|c,selection,0.7521,0.9033,300,delta_pp:1,1.1211,1.2233,True,True,True
129,selection|ibm-granite/granite-3.3-8b-instruct|c,selection,0.7752,0.9467,300,delta_pp:1,0.1009,1.1876,True,False,True
129,selection|microsoft/Phi-3.5-mini-instruct|c,selection,0.7834,0.87,300,delta_pp:1,2.0771,3.7391,True,True,True
130,selection|Qwen/Qwen2.5-7B-Instruct|a,selection,0.9251,0.9867,300,delta_pp:1,-0.7414,-0.401,False,False,False
130,selection|allenai/OLMo-2-1124-7B-Instruct|a,selection,0.8544,0.9167,300,delta_pp:1,-1.0195,-0.8898,False,True,False
130,selection|ibm-granite/granite-3.3-8b-instruct|a,selection,0.9451,0.96,300,delta_pp:1,0.4624,0.9105,False,False,False
130,selection|microsoft/Phi-3.5-mini-instruct|a,selection,0.8736,0.9533,300,delta_pp:1,-3.1002,1.8188,True,True,False
130,selection|Qwen/Qwen2.5-7B-Instruct|b,selection,0.9233,0.9833,300,delta_pp:1,-1.3922,-0.5102,False,True,False
130,selection|allenai/OLMo-2-1124-7B-Instruct|b,selection,0.8814,0.9033,300,delta_pp:1,4.1074,0.3366,False,True,False
130,selection|ibm-granite/granite-3.3-8b-instruct|b,selection,0.8379,0.95,300,delta_pp:1,0.3086,1.8088,True,False,False
130,selection|microsoft/Phi-3.5-mini-instruct|b,selection,0.9006,0.94,300,delta_pp:1,-0.6131,2.3681,True,False,False
130,selection|Qwen/Qwen2.5-7B-Instruct|c,selection,0.959,0.9867,300,delta_pp:1,-0.9309,-0.384,False,False,False
130,selection|allenai/OLMo-2-1124-7B-Instruct|c,selection,0.8614,0.93,300,delta_pp:1,5.5434,1.2233,True,True,False
130,selection|ibm-granite/granite-3.3-8b-instruct|c,selection,0.9163,0.97,300,delta_pp:1,-1.3556,1.1876,True,True,False
130,selection|microsoft/Phi-3.5-mini-instruct|c,selection,0.8831,0.9067,300,delta_pp:1,-0.5215,3.7391,True,False,False
131,selection|Qwen/Qwen2.5-7B-Instruct|a,selection,0.8411,0.9633,300,delta_pp:1,1.0899,-0.401,False,True,False
131,selection|allenai/OLMo-2-1124-7B-Instruct|a,selection,0.8161,0.9167,300,delta_pp:1,3.8516,-0.8898,False,True,False
131,selection|ibm-granite/granite-3.3-8b-instruct|a,selection,0.8393,0.96,300,delta_pp:1,-0.8286,0.9105,False,False,False
131,selection|microsoft/Phi-3.5-mini-instruct|a,selection,0.8518,0.94,300,delta_pp:1,3.0779,1.8188,True,True,False
131,selection|Qwen/Qwen2.5-7B-Instruct|b,selection,0.7929,0.96,300,delta_pp:1,1.8035,-0.5102,False,True,True
131,selection|allenai/OLMo-2-1124-7B-Instruct|b,selection,0.7875,0.9067,300,delta_pp:1,3.1737,0.3366,False,True,True
131,selection|ibm-granite/granite-3.3-8b-instruct|b,selection,0.8125,0.9533,300,delta_pp:1,0.5816,1.8088,True,False,False
131,selection|microsoft/Phi-3.5-mini-instruct|b,selection,0.7661,0.91,300,delta_pp:1,3.9099,2.3681,True,True,True
131,selection|Qwen/Qwen2.5-7B-Instruct|c,selection,0.8196,0.9667,300,delta_pp:1,-0.8134,-0.384,False,False,False
131,selection|allenai/OLMo-2-1124-7B-Instruct|c,selection,0.7482,0.92,300,delta_pp:1,3.3735,1.2233,True,True,True
131,selection|ibm-granite/granite-3.3-8b-instruct|c,selection,0.8446,0.97,300,delta_pp:1,-0.1827,1.1876,True,False,False
131,selection|microsoft/Phi-3.5-mini-instruct|c,selection,0.7696,0.8733,300,delta_pp:1,5.9166,3.7391,True,True,True
132,selection|Qwen/Qwen2.5-7B-Instruct|a,selection,0.8602,0.9833,300,delta_pp:1,-1.3461,-0.401,False,True,False
132,selection|allenai/OLMo-2-1124-7B-Instruct|a,selection,0.829,0.9233,300,delta_pp:1,-2.4343,-0.8898,False,True,False
132,selection|ibm-granite/granite-3.3-8b-instruct|a,selection,0.836,0.9367,300,delta_pp:1,2.8183,0.9105,False,True,False
132,selection|microsoft/Phi-3.5-mini-instruct|a,selection,0.836,0.9367,300,delta_pp:1,4.1382,1.8188,True,True,False
132,selection|Qwen/Qwen2.5-7B-Instruct|b,selection,0.8113,0.9733,300,delta_pp:1,-0.4782,-0.5102,False,False,False
132,selection|allenai/OLMo-2-1124-7B-Instruct|b,selection,0.8342,0.9333,300,delta_pp:1,-0.4748,0.3366,False,False,False
132,selection|ibm-granite/granite-3.3-8b-instruct|b,selection,0.8377,0.94,300,delta_pp:1,2.1515,1.8088,True,True,False
132,selection|microsoft/Phi-3.5-mini-instruct|b,selection,0.8797,0.9367,300,delta_pp:1,5.2707,2.3681,True,True,False
132,selection|Qwen/Qwen2.5-7B-Instruct|c,selection,0.8113,0.9733,300,delta_pp:1,0.8418,-0.384,False,False,False
132,selection|allenai/OLMo-2-1124-7B-Instruct|c,selection,0.8308,0.9267,300,delta_pp:1,0.8588,1.2233,True,False,False
132,selection|ibm-granite/granite-3.3-8b-instruct|c,selection,0.8463,0.9567,300,delta_pp:1,0.1375,1.1876,True,False,False
132,selection|microsoft/Phi-3.5-mini-instruct|c,selection,0.894,0.88,300,delta_pp:1,7.1787,3.7391,True,True,False
133,selection|Qwen/Qwen2.5-7B-Instruct|a,selection,0.7614,0.9667,300,delta_pp:1,0.1541,-0.401,False,False,True
133,selection|allenai/OLMo-2-1124-7B-Instruct|a,selection,0.8105,0.94,300,delta_pp:1,1.0541,-0.8898,False,True,False
133,selection|ibm-granite/granite-3.3-8b-instruct|a,selection,0.9228,0.9733,300,delta_pp:1,2.5409,0.9105,False,True,False
133,selection|microsoft/Phi-3.5-mini-instruct|a,selection,0.8719,0.9367,300,delta_pp:1,-0.1705,1.8188,True,False,False
133,selection|Qwen/Qwen2.5-7B-Instruct|b,selection,0.8298,0.9767,300,delta_pp:1,0.1666,-0.5102,False,False,False
133,selection|allenai/OLMo-2-1124-7B-Instruct|b,selection,0.8351,0.9267,300,delta_pp:1,4.8718,0.3366,False,True,False
133,selection|ibm-granite/granite-3.3-8b-instruct|b,selection,0.8193,0.9567,300,delta_pp:1,4.2504,1.8088,True,True,False
133,selection|microsoft/Phi-3.5-mini-instruct|b,selection,0.8965,0.9233,300,delta_pp:1,0.8715,2.3681,True,False,False
133,selection|Qwen/Qwen2.5-7B-Instruct|c,selection,0.8263,0.97,300,delta_pp:1,-1.1119,-0.384,False,True,False
133,selection|allenai/OLMo-2-1124-7B-Instruct|c,selection,0.7737,0.93,300,delta_pp:1,4.7766,1.2233,True,True,True
133,selection|ibm-granite/granite-3.3-8b-instruct|c,selection,0.8281,0.9733,300,delta_pp:1,0.8472,1.1876,True,False,False
133,selection|microsoft/Phi-3.5-mini-instruct|c,selection,0.8877,0.9067,300,delta_pp:1,1.6349,3.7391,True,True,False
134,selection|Qwen/Qwen2.5-7B-Instruct|a,selection,0.7448,0.9733,300,delta_pp:1,1.5375,-0.401,False,True,True
134,selection|allenai/OLMo-2-1124-7B-Instruct|a,selection,0.8155,0.9233,300,delta_pp:1,1.5281,-0.8898,False,True,False
134,selection|ibm-granite/granite-3.3-8b-instruct|a,selection,0.8448,0.98,300,delta_pp:1,1.8807,0.9105,False,True,False
134,selection|microsoft/Phi-3.5-mini-instruct|a,selection,0.7828,0.9533,300,delta_pp:1,2.4957,1.8188,True,True,True
134,selection|Qwen/Qwen2.5-7B-Instruct|b,selection,0.7966,0.98,300,delta_pp:1,1.031,-0.5102,False,True,True
134,selection|allenai/OLMo-2-1124-7B-Instruct|b,selection,0.7569,0.9033,300,delta_pp:1,2.1069,0.3366,False,True,True
134,selection|ibm-granite/granite-3.3-8b-instruct|b,selection,0.7397,0.9633,300,delta_pp:1,0.9318,1.8088,True,False,True
134,selection|microsoft/Phi-3.5-mini-instruct|b,selection,0.8224,0.9367,300,delta_pp:1,8.0556,2.3681,True,True,False
134,selection|Qwen/Qwen2.5-7B-Instruct|c,selection,0.7983,0.9833,300,delta_pp:1,0.353,-0.384,False,False,True
134,selection|allenai/OLMo-2-1124-7B-Instruct|c,selection,0.8276,0.9467,300,delta_pp:1,2.0615,1.2233,True,True,False
134,selection|ibm-granite/granite-3.3-8b-instruct|c,selection,0.7897,0.9667,300,delta_pp:1,4.7728,1.1876,True,True,True
134,selection|microsoft/Phi-3.5-mini-instruct|c,selection,0.8638,0.9233,300,delta_pp:1,7.6576,3.7391,True,True,False
135,selection|Qwen/Qwen2.5-7B-Instruct|a,selection,0.8392,0.9733,300,delta_pp:1,0.2173,-0.401,False,False,False
135,selection|allenai/OLMo-2-1124-7B-Instruct|a,selection,0.7798,0.93,300,delta_pp:1,0.9881,-0.8898,False,False,True
135,selection|ibm-granite/granite-3.3-8b-instruct|a,selection,0.834,0.9633,300,delta_pp:1,2.204,0.9105,False,True,False
135,selection|microsoft/Phi-3.5-mini-instruct|a,selection,0.9039,0.9567,300,delta_pp:1,0.8109,1.8188,True,False,False
135,selection|Qwen/Qwen2.5-7B-Instruct|b,selection,0.8357,0.9667,300,delta_pp:1,0.2219,-0.5102,False,False,False
135,selection|allenai/OLMo-2-1124-7B-Instruct|b,selection,0.7903,0.95,300,delta_pp:1,3.6143,0.3366,False,True,True
135,selection|ibm-granite/granite-3.3-8b-instruct|b,selection,0.8287,0.9533,300,delta_pp:1,4.1908,1.8088,True,True,False
135,selection|microsoft/Phi-3.5-mini-instruct|b,selection,0.8602,0.9433,300,delta_pp:1,0.8167,2.3681,True,False,False
135,selection|Qwen/Qwen2.5-7B-Instruct|c,selection,0.8007,0.97,300,delta_pp:1,-0.3592,-0.384,False,False,False
135,selection|allenai/OLMo-2-1124-7B-Instruct|c,selection,0.7518,0.9467,300,delta_pp:1,5.5931,1.2233,True,True,True
135,selection|ibm-granite/granite-3.3-8b-instruct|c,selection,0.8025,0.9733,300,delta_pp:1,-1.0214,1.1876,True,True,False
135,selection|microsoft/Phi-3.5-mini-instruct|c,selection,0.8882,0.9267,300,delta_pp:1,1.4914,3.7391,True,True,False
136,selection|Qwen/Qwen2.5-7B-Instruct|a,selection,0.7847,0.95,300,delta_pp:1,-0.2165,-0.401,False,False,True
136,selection|allenai/OLMo-2-1124-7B-Instruct|a,selection,0.7858,0.9133,300,delta_pp:1,0.4844,-0.8898,False,False,True
136,selection|ibm-granite/granite-3.3-8b-instruct|a,selection,0.8702,0.9533,300,delta_pp:1,2.4365,0.9105,False,True,False
136,selection|microsoft/Phi-3.5-mini-instruct|a,selection,0.723,0.9133,300,delta_pp:1,1.0021,1.8188,True,True,True
136,selection|Qwen/Qwen2.5-7B-Instruct|b,selection,0.8319,0.96,300,delta_pp:1,0.0559,-0.5102,False,False,False
136,selection|allenai/OLMo-2-1124-7B-Instruct|b,selection,0.7631,0.91,300,delta_pp:1,0.0112,0.3366,False,False,True
136,selection|ibm-granite/granite-3.3-8b-instruct|b,selection,0.7984,0.9367,300,delta_pp:1,4.8886,1.8088,True,True,True
136,selection|microsoft/Phi-3.5-mini-instruct|b,selection,0.7768,0.8967,300,delta_pp:1,3.8545,2.3681,True,True,True
136,selection|Qwen/Qwen2.5-7B-Instruct|c,selection,0.7637,0.95,300,delta_pp:1,-1.3637,-0.384,False,True,True
136,selection|allenai/OLMo-2-1124-7B-Instruct|c,selection,0.6967,0.9033,300,delta_pp:1,0.4992,1.2233,True,False,True
136,selection|ibm-granite/granite-3.3-8b-instruct|c,selection,0.7757,0.9333,300,delta_pp:1,4.4155,1.1876,True,True,True
136,selection|microsoft/Phi-3.5-mini-instruct|c,selection,0.787,0.8767,300,delta_pp:1,9.0458,3.7391,True,True,True
137,selection|Qwen/Qwen2.5-7B-Instruct|a,selection,0.9391,0.9833,300,delta_pp:1,-0.8702,-0.401,False,False,False
137,selection|allenai/OLMo-2-1124-7B-Instruct|a,selection,0.8014,0.92,300,delta_pp:1,0.0314,-0.8898,False,False,False
137,selection|ibm-granite/granite-3.3-8b-instruct|a,selection,0.8918,0.9433,300,delta_pp:1,2.3817,0.9105,False,True,False
137,selection|microsoft/Phi-3.5-mini-instruct|a,selection,0.8587,0.93,300,delta_pp:1,1.4883,1.8188,True,True,False
137,selection|Qwen/Qwen2.5-7B-Instruct|b,selection,0.9096,0.9767,300,delta_pp:1,2.0425,-0.5102,False,True,False
137,selection|allenai/OLMo-2-1124-7B-Instruct|b,selection,0.8534,0.92,300,delta_pp:1,4.6438,0.3366,False,True,False
137,selection|ibm-granite/granite-3.3-8b-instruct|b,selection,0.8883,0.9367,300,delta_pp:1,4.8541,1.8088,True,True,False
137,selection|microsoft/Phi-3.5-mini-instruct|b,selection,0.8706,0.9033,300,delta_pp:1,5.3002,2.3681,True,True,False
137,selection|Qwen/Qwen2.5-7B-Instruct|c,selection,0.9374,0.98,300,delta_pp:1,1.1328,-0.384,False,True,False
137,selection|allenai/OLMo-2-1124-7B-Instruct|c,selection,0.8032,0.9233,300,delta_pp:1,4.6275,1.2233,True,True,False
137,selection|ibm-granite/granite-3.3-8b-instruct|c,selection,0.8452,0.9533,300,delta_pp:1,3.6388,1.1876,True,True,False
137,selection|microsoft/Phi-3.5-mini-instruct|c,selection,0.8564,0.8767,300,delta_pp:1,5.4861,3.7391,True,True,False
138,selection|Qwen/Qwen2.5-7B-Instruct|a,selection,0.8409,0.9767,300,delta_pp:1,-0.0183,-0.401,False,False,False
138,selection|allenai/OLMo-2-1124-7B-Instruct|a,selection,0.6942,0.9067,300,delta_pp:1,0.042,-0.8898,False,False,True
138,selection|ibm-granite/granite-3.3-8b-instruct|a,selection,0.7868,0.9433,300,delta_pp:1,0.2119,0.9105,False,False,True
138,selection|microsoft/Phi-3.5-mini-instruct|a,selection,0.7816,0.9333,300,delta_pp:1,0.8924,1.8188,True,False,True
138,selection|Qwen/Qwen2.5-7B-Instruct|b,selection,0.8025,0.9733,300,delta_pp:1,0.7189,-0.5102,False,False,False
138,selection|allenai/OLMo-2-1124-7B-Instruct|b,selection,0.7711,0.9133,300,delta_pp:1,2.3448,0.3366,False,True,True
138,selection|ibm-granite/granite-3.3-8b-instruct|b,selection,0.8252,0.9467,300,delta_pp:1,2.0233,1.8088,True,True,False
138,selection|microsoft/Phi-3.5-mini-instruct|b,selection,0.8411,0.9067,300,delta_pp:1,2.0351,2.3681,True,True,False
138,selection|Qwen/Qwen2.5-7B-Instruct|c,selection,0.764,0.97,300,delta_pp:1,-1.0011,-0.384,False,True,True
138,selection|allenai/OLMo-2-1124-7B-Instruct|c,selection,0.6575,0.9067,300,delta_pp:1,2.7522,1.2233,True,True,True
138,selection|ibm-granite/granite-3.3-8b-instruct|c,selection,0.7553,0.9533,300,delta_pp:1,2.3329,1.1876,True,True,True
138,selection|microsoft/Phi-3.5-mini-instruct|c,selection,0.8393,0.9033,300,delta_pp:1,5.3418,3.7391,True,True,False
139,selection|Qwen/Qwen2.5-7B-Instruct|a,selection,0.8402,0.9767,300,delta_pp:1,0.6575,-0.401,False,False,False
139,selection|allenai/OLMo-2-1124-7B-Instruct|a,selection,0.7931,0.9433,300,delta_pp:1,-4.1602,-0.8898,False,True,True
139,selection|ibm-granite/granite-3.3-8b-instruct|a,selection,0.8609,0.96,300,delta_pp:1,1.1513,0.9105,False,True,False
139,selection|microsoft/Phi-3.5-mini-instruct|a,selection,0.8574,0.9533,300,delta_pp:1,1.2668,1.8188,True,True,False
139,selection|Qwen/Qwen2.5-7B-Instruct|b,selection,0.868,0.9733,300,delta_pp:1,1.0959,-0.5102,False,True,False
139,selection|allenai/OLMo-2-1124-7B-Instruct|b,selection,0.8209,0.94,300,delta_pp:1,-2.3141,0.3366,False,True,False
139,selection|ibm-granite/granite-3.3-8b-instruct|b,selection,0.8592,0.9567,300,delta_pp:1,3.1449,1.8088,True,True,False
139,selection|microsoft/Phi-3.5-mini-instruct|b,selection,0.8728,0.9267,300,delta_pp:1,3.7819,2.3681,True,True,False
139,selection|Qwen/Qwen2.5-7B-Instruct|c,selection,0.8367,0.97,300,delta_pp:1,0.6852,-0.384,False,False,False
139,selection|allenai/OLMo-2-1124-7B-Instruct|c,selection,0.7914,0.94,300,delta_pp:1,1.7931,1.2233,True,True,True
139,selection|ibm-granite/granite-3.3-8b-instruct|c,selection,0.8385,0.9733,300,delta_pp:1,1.3313,1.1876,True,True,False
139,selection|microsoft/Phi-3.5-mini-instruct|c,selection,0.8605,0.9033,300,delta_pp:1,3.2189,3.7391,True,True,False
140,selection|Qwen/Qwen2.5-7B-Instruct|a,selection,0.8501,0.9733,300,delta_pp:1,1.2066,-0.401,False,True,False
140,selection|allenai/OLMo-2-1124-7B-Instruct|a,selection,0.8701,0.9467,300,delta_pp:1,-1.3778,-0.8898,False,True,False
140,selection|ibm-granite/granite-3.3-8b-instruct|a,selection,0.9128,0.9633,300,delta_pp:1,-1.0535,0.9105,False,True,False
140,selection|microsoft/Phi-3.5-mini-instruct|a,selection,0.9076,0.9533,300,delta_pp:1,-0.3523,1.8188,True,False,False
140,selection|Qwen/Qwen2.5-7B-Instruct|b,selection,0.8484,0.97,300,delta_pp:1,1.8803,-0.5102,False,True,False
140,selection|allenai/OLMo-2-1124-7B-Instruct|b,selection,0.8327,0.94,300,delta_pp:1,-1.0834,0.3366,False,True,False
140,selection|ibm-granite/granite-3.3-8b-instruct|b,selection,0.8362,0.9467,300,delta_pp:1,2.7427,1.8088,True,True,False
140,selection|microsoft/Phi-3.5-mini-instruct|b,selection,0.8457,0.9,300,delta_pp:1,6.628,2.3681,True,True,False
140,selection|Qwen/Qwen2.5-7B-Instruct|c,selection,0.8501,0.9733,300,delta_pp:1,1.2066,-0.384,False,True,False
140,selection|allenai/OLMo-2-1124-7B-Instruct|c,selection,0.8397,0.9533,300,delta_pp:1,0.1816,1.2233,True,False,False
140,selection|ibm-granite/granite-3.3-8b-instruct|c,selection,0.8789,0.9633,300,delta_pp:1,0.5333,1.1876,True,False,False
140,selection|microsoft/Phi-3.5-mini-instruct|c,selection,0.9136,0.9,300,delta_pp:1,7.5202,3.7391,True,True,False
141,selection|Qwen/Qwen2.5-7B-Instruct|a,selection,0.7805,0.97,300,delta_pp:1,0.9881,-0.401,False,False,True
141,selection|allenai/OLMo-2-1124-7B-Instruct|a,selection,0.7238,0.9267,300,delta_pp:1,2.1998,-0.8898,False,True,True
141,selection|ibm-granite/granite-3.3-8b-instruct|a,selection,0.8039,0.95,300,delta_pp:1,2.1235,0.9105,False,True,False
141,selection|microsoft/Phi-3.5-mini-instruct|a,selection,0.763,0.9367,300,delta_pp:1,3.7654,1.8188,True,True,True
141,selection|Qwen/Qwen2.5-7B-Instruct|b,selection,0.7805,0.97,300,delta_pp:1,0.9881,-0.5102,False,False,True
141,selection|allenai/OLMo-2-1124-7B-Instruct|b,selection,0.7987,0.94,300,delta_pp:1,2.9309,0.3366,False,True,True
141,selection|ibm-granite/granite-3.3-8b-instruct|b,selection,0.7987,0.94,300,delta_pp:1,2.8247,1.8088,True,True,True
141,selection|microsoft/Phi-3.5-mini-instruct|b,selection,0.8631,0.9333,300,delta_pp:1,2.4246,2.3681,True,True,False
141,selection|Qwen/Qwen2.5-7B-Instruct|c,selection,0.8144,0.97,300,delta_pp:1,0.7212,-0.384,False,False,False
141,selection|allenai/OLMo-2-1124-7B-Instruct|c,selection,0.6541,0.9233,300,delta_pp:1,5.941,1.2233,True,True,True
141,selection|ibm-granite/granite-3.3-8b-instruct|c,selection,0.6628,0.94,300,delta_pp:1,3.7862,1.1876,True,True,True
141,selection|microsoft/Phi-3.5-mini-instruct|c,selection,0.8474,0.9033,300,delta_pp:1,3.2083,3.7391,True,True,False
142,selection|Qwen/Qwen2.5-7B-Instruct|a,selection,0.7865,0.9733,300,delta_pp:1,-0.298,-0.401,False,False,True
142,selection|allenai/OLMo-2-1124-7B-Instruct|a,selection,0.6858,0.9333,300,delta_pp:1,-2.2855,-0.8898,False,True,True
142,selection|ibm-granite/granite-3.3-8b-instruct|a,selection,0.9028,0.9667,300,delta_pp:1,4.4538,0.9105,False,True,False
142,selection|microsoft/Phi-3.5-mini-instruct|a,selection,0.8455,0.9333,300,delta_pp:1,2.2304,1.8188,True,True,False
142,selection|Qwen/Qwen2.5-7B-Instruct|b,selection,0.7448,0.97,300,delta_pp:1,0.5889,-0.5102,False,False,True
142,selection|allenai/OLMo-2-1124-7B-Instruct|b,selection,0.6788,0.92,300,delta_pp:1,-2.2491,0.3366,False,True,True
142,selection|ibm-granite/granite-3.3-8b-instruct|b,selection,0.8628,0.9667,300,delta_pp:1,4.6717,1.8088,True,True,False
142,selection|microsoft/Phi-3.5-mini-instruct|b,selection,0.9271,0.9367,300,delta_pp:1,1.1256,2.3681,True,True,False
142,selection|Qwen/Qwen2.5-7B-Instruct|c,selection,0.8264,0.9733,300,delta_pp:1,0.9115,-0.384,False,False,False
142,selection|allenai/OLMo-2-1124-7B-Instruct|c,selection,0.7274,0.9367,300,delta_pp:1,0.7874,1.2233,True,False,True
142,selection|ibm-granite/granite-3.3-8b-instruct|c,selection,0.8646,0.97,300,delta_pp:1,4.0026,1.1876,True,True,False
142,selection|microsoft/Phi-3.5-mini-instruct|c,selection,0.9479,0.9,300,delta_pp:1,0.4554,3.7391,True,False,False
143,selection|Qwen/Qwen2.5-7B-Instruct|a,selection,0.9097,0.98,300,delta_pp:1,0.5651,-0.401,False,False,False
143,selection|allenai/OLMo-2-1124-7B-Instruct|a,selection,0.9236,0.93,300,delta_pp:1,-5.3484,-0.8898,False,True,False
143,selection|ibm-granite/granite-3.3-8b-instruct|a,selection,0.9497,0.98,300,delta_pp:1,1.6672,0.9105,False,True,False
143,selection|microsoft/Phi-3.5-mini-instruct|a,selection,0.8958,0.9533,300,delta_pp:1,0.638,1.8188,True,False,False
143,selection|Qwen/Qwen2.5-7B-Instruct|b,selection,0.9132,0.9867,300,delta_pp:1,-0.773,-0.5102,False,False,False
143,selection|allenai/OLMo-2-1124-7B-Instruct|b,selection,0.9236,0.93,300,delta_pp:1,-4.0284,0.3366,False,True,False
143,selection|ibm-granite/granite-3.3-8b-instruct|b,selection,0.908,0.9767,300,delta_pp:1,1.2342,1.8088,True,True,False
143,selection|microsoft/Phi-3.5-mini-instruct|b,selection,0.8802,0.9233,300,delta_pp:1,-2.58,2.3681,True,True,False
143,selection|Qwen/Qwen2.5-7B-Instruct|c,selection,0.8698,0.98,300,delta_pp:1,0.783,-0.384,False,False,False
143,selection|allenai/OLMo-2-1124-7B-Instruct|c,selection,0.9236,0.93,300,delta_pp:1,-5.3484,1.2233,True,True,False
143,selection|ibm-granite/granite-3.3-8b-instruct|c,selection,0.908,0.9767,300,delta_pp:1,1.2342,1.1876,True,True,False
143,selection|microsoft/Phi-3.5-mini-instruct|c,selection,0.8802,0.9233,300,delta_pp:1,-2.58,3.7391,True,True,False
144,selection|Qwen/Qwen2.5-7B-Instruct|a,selection,0.8974,0.9733,300,delta_pp:1,-1.2908,-0.401,False,True,False
144,selection|allenai/OLMo-2-1124-7B-Instruct|a,selection,0.8085,0.9167,300,delta_pp:1,2.8251,-0.8898,False,True,False
144,selection|ibm-granite/granite-3.3-8b-instruct|a,selection,0.9181,0.9567,300,delta_pp:1,-0.843,0.9105,False,False,False
144,selection|microsoft/Phi-3.5-mini-instruct|a,selection,0.8798,0.94,300,delta_pp:1,-1.1062,1.8188,True,True,False
144,selection|Qwen/Qwen2.5-7B-Instruct|b,selection,0.8992,0.9767,300,delta_pp:1,-0.6494,-0.5102,False,False,False
144,selection|allenai/OLMo-2-1124-7B-Instruct|b,selection,0.8468,0.9333,300,delta_pp:1,1.6623,0.3366,False,True,False
144,selection|ibm-granite/granite-3.3-8b-instruct|b,selection,0.8816,0.9433,300,delta_pp:1,2.0687,1.8088,True,True,False
144,selection|microsoft/Phi-3.5-mini-instruct|b,selection,0.8763,0.9333,300,delta_pp:1,-5.0289,2.3681,True,True,False
144,selection|Qwen/Qwen2.5-7B-Instruct|c,selection,0.8992,0.9767,300,delta_pp:1,-0.6494,-0.384,False,False,False
144,selection|allenai/OLMo-2-1124-7B-Instruct|c,selection,0.8121,0.9233,300,delta_pp:1,1.3621,1.2233,True,True,False
144,selection|ibm-granite/granite-3.3-8b-instruct|c,selection,0.8922,0.9633,300,delta_pp:1,0.6381,1.1876,True,False,False
144,selection|microsoft/Phi-3.5-mini-instruct|c,selection,0.8622,0.9067,300,delta_pp:1,-3.5614,3.7391,True,True,False
145,selection|Qwen/Qwen2.5-7B-Instruct|a,selection,0.868,0.9733,300,delta_pp:1,3.0098,-0.401,False,True,False
145,selection|allenai/OLMo-2-1124-7B-Instruct|a,selection,0.8226,0.9433,300,delta_pp:1,1.1717,-0.8898,False,True,False
145,selection|ibm-granite/granite-3.3-8b-instruct|a,selection,0.8886,0.9567,300,delta_pp:1,2.2727,0.9105,False,True,False
145,selection|microsoft/Phi-3.5-mini-instruct|a,selection,0.9146,0.95,300,delta_pp:1,3.5016,1.8188,True,True,False
145,selection|Qwen/Qwen2.5-7B-Instruct|b,selection,0.868,0.9733,300,delta_pp:1,1.6899,-0.5102,False,True,False
145,selection|allenai/OLMo-2-1124-7B-Instruct|b,selection,0.8556,0.95,300,delta_pp:1,1.0623,0.3366,False,True,False
145,selection|ibm-granite/granite-3.3-8b-instruct|b,selection,0.8851,0.95,300,delta_pp:1,3.6018,1.8088,True,True,False
145,selection|microsoft/Phi-3.5-mini-instruct|b,selection,0.838,0.9167,300,delta_pp:1,2.4283,2.3681,True,True,False
145,selection|Qwen/Qwen2.5-7B-Instruct|c,selection,0.868,0.9733,300,delta_pp:1,1.6899,-0.384,False,True,False
145,selection|allenai/OLMo-2-1124-7B-Instruct|c,selection,0.7861,0.93,300,delta_pp:1,3.8593,1.2233,True,True,True
145,selection|ibm-granite/granite-3.3-8b-instruct|c,selection,0.8609,0.96,300,delta_pp:1,1.7084,1.1876,True,True,False
145,selection|microsoft/Phi-3.5-mini-instruct|c,selection,0.89,0.9033,300,delta_pp:1,7.5258,3.7391,True,True,False
146,selection|Qwen/Qwen2.5-7B-Instruct|a,selection,0.8619,0.9867,300,delta_pp:1,-0.6929,-0.401,False,False,False
146,selection|allenai/OLMo-2-1124-7B-Instruct|a,selection,0.7399,0.92,300,delta_pp:1,-4.1417,-0.8898,False,True,True
146,selection|ibm-granite/granite-3.3-8b-instruct|a,selection,0.9355,0.96,300,delta_pp:1,3.0556,0.9105,False,True,False
146,selection|microsoft/Phi-3.5-mini-instruct|a,selection,0.9303,0.95,300,delta_pp:1,4.9466,1.8188,True,True,False
146,selection|Qwen/Qwen2.5-7B-Instruct|b,selection,0.9056,0.9867,300,delta_pp:1,0.4395,-0.5102,False,False,False
146,selection|allenai/OLMo-2-1124-7B-Instruct|b,selection,0.7905,0.9333,300,delta_pp:1,2.2434,0.3366,False,True,True
146,selection|ibm-granite/granite-3.3-8b-instruct|b,selection,0.8935,0.9633,300,delta_pp:1,3.787,1.8088,True,True,False
146,selection|microsoft/Phi-3.5-mini-instruct|b,selection,0.9723,0.9467,300,delta_pp:1,2.8953,2.3681,True,True,False
146,selection|Qwen/Qwen2.5-7B-Instruct|c,selection,0.8602,0.9833,300,delta_pp:1,-0.0262,-0.384,False,False,False
146,selection|allenai/OLMo-2-1124-7B-Instruct|c,selection,0.7468,0.9333,300,delta_pp:1,1.1109,1.2233,True,True,True
146,selection|ibm-granite/granite-3.3-8b-instruct|c,selection,0.8481,0.96,300,delta_pp:1,3.3214,1.1876,True,True,False
146,selection|microsoft/Phi-3.5-mini-instruct|c,selection,0.9113,0.9133,300,delta_pp:1,4.3615,3.7391,True,True,False
147,selection|Qwen/Qwen2.5-7B-Instruct|a,selection,0.8987,0.9733,300,delta_pp:1,1.6774,-0.401,False,True,False
147,selection|allenai/OLMo-2-1124-7B-Instruct|a,selection,0.8238,0.9133,300,delta_pp:1,2.0967,-0.8898,False,True,False
147,selection|ibm-granite/granite-3.3-8b-instruct|a,selection,0.8866,0.95,300,delta_pp:1,-0.1456,0.9105,False,False,False
147,selection|microsoft/Phi-3.5-mini-instruct|a,selection,0.8342,0.9333,300,delta_pp:1,7.2264,1.8188,True,True,False
147,selection|Qwen/Qwen2.5-7B-Instruct|b,selection,0.8987,0.9733,300,delta_pp:1,1.6774,-0.5102,False,True,False
147,selection|allenai/OLMo-2-1124-7B-Instruct|b,selection,0.8658,0.91,300,delta_pp:1,-1.3839,0.3366,False,True,False
147,selection|ibm-granite/granite-3.3-8b-instruct|b,selection,0.9758,0.9533,300,delta_pp:1,1.5617,1.8088,True,True,False
147,selection|microsoft/Phi-3.5-mini-instruct|b,selection,0.8762,0.93,300,delta_pp:1,5.175,2.3681,True,True,False
147,selection|Qwen/Qwen2.5-7B-Instruct|c,selection,0.8935,0.9633,300,delta_pp:1,2.3578,-0.384,False,True,False
147,selection|allenai/OLMo-2-1124-7B-Instruct|c,selection,0.7836,0.92,300,delta_pp:1,4.8012,1.2233,True,True,True
147,selection|ibm-granite/granite-3.3-8b-instruct|c,selection,0.8866,0.95,300,delta_pp:1,1.1743,1.1876,True,True,False
147,selection|microsoft/Phi-3.5-mini-instruct|c,selection,0.8572,0.8933,300,delta_pp:1,4.5899,3.7391,True,True,False
148,selection|Qwen/Qwen2.5-7B-Instruct|a,selection,0.8806,0.9667,300,delta_pp:1,-0.5866,-0.401,False,False,False
148,selection|allenai/OLMo-2-1124-7B-Instruct|a,selection,0.8257,0.9267,300,delta_pp:1,2.4422,-0.8898,False,True,False
148,selection|ibm-granite/granite-3.3-8b-instruct|a,selection,0.9538,0.9767,300,delta_pp:1,1.0765,0.9105,False,True,False
148,selection|microsoft/Phi-3.5-mini-instruct|a,selection,0.8684,0.9433,300,delta_pp:1,1.547,1.8188,True,True,False
148,selection|Qwen/Qwen2.5-7B-Instruct|b,selection,0.9538,0.9767,300,delta_pp:1,-1.5633,-0.5102,False,True,False
148,selection|allenai/OLMo-2-1124-7B-Instruct|b,selection,0.8954,0.93,300,delta_pp:1,1.3942,0.3366,False,True,False
148,selection|ibm-granite/granite-3.3-8b-instruct|b,selection,0.8789,0.9633,300,delta_pp:1,0.1721,1.8088,True,False,False
148,selection|microsoft/Phi-3.5-mini-instruct|b,selection,0.8901,0.92,300,delta_pp:1,3.4016,2.3681,True,True,False
148,selection|Qwen/Qwen2.5-7B-Instruct|c,selection,0.8092,0.96,300,delta_pp:1,-1.5094,-0.384,False,True,False
148,selection|allenai/OLMo-2-1124-7B-Instruct|c,selection,0.7882,0.92,300,delta_pp:1,3.9698,1.2233,True,True,True
148,selection|ibm-granite/granite-3.3-8b-instruct|c,selection,0.8824,0.97,300,delta_pp:1,-1.1662,1.1876,True,True,False
148,selection|microsoft/Phi-3.5-mini-instruct|c,selection,0.8761,0.8933,300,delta_pp:1,3.4749,3.7391,True,True,False
149,selection|Qwen/Qwen2.5-7B-Instruct|a,selection,0.8859,0.9767,300,delta_pp:1,0.3722,-0.401,False,False,False
149,selection|allenai/OLMo-2-1124-7B-Instruct|a,selection,0.8579,0.9233,300,delta_pp:1,0.6983,-0.8898,False,False,False
149,selection|ibm-granite/granite-3.3-8b-instruct|a,selection,0.9825,0.9667,300,delta_pp:1,1.6987,0.9105,False,True,False
149,selection|microsoft/Phi-3.5-mini-instruct|a,selection,0.8649,0.9367,300,delta_pp:1,3.2831,1.8188,True,True,False
149,selection|Qwen/Qwen2.5-7B-Instruct|b,selection,0.9216,0.98,300,delta_pp:1,0.7515,-0.5102,False,False,False
149,selection|allenai/OLMo-2-1124-7B-Instruct|b,selection,0.8509,0.91,300,delta_pp:1,0.6472,0.3366,False,False,False
149,selection|ibm-granite/granite-3.3-8b-instruct|b,selection,0.9381,0.9467,300,delta_pp:1,-0.5917,1.8088,True,False,False
149,selection|microsoft/Phi-3.5-mini-instruct|b,selection,0.9276,0.9267,300,delta_pp:1,4.7704,2.3681,True,True,False
149,selection|Qwen/Qwen2.5-7B-Instruct|c,selection,0.9216,0.98,300,delta_pp:1,0.7515,-0.384,False,False,False
149,selection|allenai/OLMo-2-1124-7B-Instruct|c,selection,0.8579,0.9233,300,delta_pp:1,5.8718,1.2233,True,True,False
149,selection|ibm-granite/granite-3.3-8b-instruct|c,selection,0.8057,0.9533,300,delta_pp:1,2.8759,1.1876,True,True,False
149,selection|microsoft/Phi-3.5-mini-instruct|c,selection,0.9136,0.9,300,delta_pp:1,3.5605,3.7391,True,True,False
150,selection|Qwen/Qwen2.5-7B-Instruct|a,selection,0.8476,0.9733,300,delta_pp:1,-0.6549,-0.401,False,False,False
150,selection|allenai/OLMo-2-1124-7B-Instruct|a,selection,0.7053,0.9133,300,delta_pp:1,0.7227,-0.8898,False,False,True
150,selection|ibm-granite/granite-3.3-8b-instruct|a,selection,0.9235,0.96,300,delta_pp:1,1.8894,0.9105,False,True,False
150,selection|microsoft/Phi-3.5-mini-instruct|a,selection,0.8023,0.94,300,delta_pp:1,1.5303,1.8188,True,True,False
150,selection|Qwen/Qwen2.5-7B-Instruct|b,selection,0.8165,0.9667,300,delta_pp:1,-0.0674,-0.5102,False,False,False
150,selection|allenai/OLMo-2-1124-7B-Instruct|b,selection,0.7605,0.9133,300,delta_pp:1,1.0064,0.3366,False,True,True
150,selection|ibm-granite/granite-3.3-8b-instruct|b,selection,0.8282,0.9367,300,delta_pp:1,5.6664,1.8088,True,True,False
150,selection|microsoft/Phi-3.5-mini-instruct|b,selection,0.8453,0.9167,300,delta_pp:1,4.0369,2.3681,True,True,False
150,selection|Qwen/Qwen2.5-7B-Instruct|c,selection,0.7906,0.97,300,delta_pp:1,-0.244,-0.384,False,False,True
150,selection|allenai/OLMo-2-1124-7B-Instruct|c,selection,0.8247,0.93,300,delta_pp:1,0.4565,1.2233,True,False,False
150,selection|ibm-granite/granite-3.3-8b-instruct|c,selection,0.8129,0.96,300,delta_pp:1,2.6417,1.1876,True,True,False
150,selection|microsoft/Phi-3.5-mini-instruct|c,selection,0.8017,0.8867,300,delta_pp:1,4.2076,3.7391,True,True,False
151,selection|Qwen/Qwen2.5-7B-Instruct|a,selection,0.8374,0.97,300,delta_pp:1,2.0041,-0.401,False,True,False
151,selection|allenai/OLMo-2-1124-7B-Instruct|a,selection,0.7798,0.93,300,delta_pp:1,0.1532,-0.8898,False,False,True
151,selection|ibm-granite/granite-3.3-8b-instruct|a,selection,0.9074,0.9633,300,delta_pp:1,-2.3102,0.9105,False,True,False
151,selection|microsoft/Phi-3.5-mini-instruct|a,selection,0.8882,0.9267,300,delta_pp:1,6.3104,1.8188,True,True,False
151,selection|Qwen/Qwen2.5-7B-Instruct|b,selection,0.8759,0.9733,300,delta_pp:1,1.1349,-0.5102,False,True,False
151,selection|allenai/OLMo-2-1124-7B-Instruct|b,selection,0.7728,0.9167,300,delta_pp:1,1.4024,0.3366,False,True,True
151,selection|ibm-granite/granite-3.3-8b-instruct|b,selection,0.8655,0.9533,300,delta_pp:1,2.5507,1.8088,True,True,False
151,selection|microsoft/Phi-3.5-mini-instruct|b,selection,0.9197,0.9167,300,delta_pp:1,4.1852,2.3681,True,True,False
151,selection|Qwen/Qwen2.5-7B-Instruct|c,selection,0.799,0.9667,300,delta_pp:1,1.688,-0.384,False,True,True
151,selection|allenai/OLMo-2-1124-7B-Instruct|c,selection,0.7798,0.93,300,delta_pp:1,3.9783,1.2233,True,True,True
151,selection|ibm-granite/granite-3.3-8b-instruct|c,selection,0.9126,0.9733,300,delta_pp:1,0.807,1.1876,True,False,False
151,selection|microsoft/Phi-3.5-mini-instruct|c,selection,0.9443,0.8933,300,delta_pp:1,7.4036,3.7391,True,True,False
152,selection|Qwen/Qwen2.5-7B-Instruct|a,selection,0.8332,0.9633,300,delta_pp:1,-0.9611,-0.401,False,False,False
152,selection|allenai/OLMo-2-1124-7B-Instruct|a,selection,0.7566,0.93,300,delta_pp:1,-1.3024,-0.8898,False,True,True
152,selection|ibm-granite/granite-3.3-8b-instruct|a,selection,0.8869,0.9533,300,delta_pp:1,0.3401,0.9105,False,False,False
152,selection|microsoft/Phi-3.5-mini-instruct|a,selection,0.8763,0.9333,300,delta_pp:1,-2.0246,1.8188,True,True,False
152,selection|Qwen/Qwen2.5-7B-Instruct|b,selection,0.8349,0.9667,300,delta_pp:1,-1.6441,-0.5102,False,True,False
152,selection|allenai/OLMo-2-1124-7B-Instruct|b,selection,0.779,0.9167,300,delta_pp:1,-0.2642,0.3366,False,False,True
152,selection|ibm-granite/granite-3.3-8b-instruct|b,selection,0.8798,0.94,300,delta_pp:1,3.0721,1.8088,True,True,False
152,selection|microsoft/Phi-3.5-mini-instruct|b,selection,0.864,0.91,300,delta_pp:1,2.7564,2.3681,True,True,False
152,selection|Qwen/Qwen2.5-7B-Instruct|c,selection,0.8349,0.9667,300,delta_pp:1,-0.3243,-0.384,False,False,False
152,selection|allenai/OLMo-2-1124-7B-Instruct|c,selection,0.7861,0.93,300,delta_pp:1,2.1467,1.2233,True,True,True
152,selection|ibm-granite/granite-3.3-8b-instruct|c,selection,0.8556,0.95,300,delta_pp:1,0.0771,1.1876,True,False,False
152,selection|microsoft/Phi-3.5-mini-instruct|c,selection,0.8552,0.8933,300,delta_pp:1,6.1714,3.7391,True,True,False
153,selection|Qwen/Qwen2.5-7B-Instruct|a,selection,0.9438,0.9867,300,delta_pp:1,0.9427,-0.401,False,False,False
153,selection|allenai/OLMo-2-1124-7B-Instruct|a,selection,0.8243,0.9467,300,delta_pp:1,2.2543,-0.8898,False,True,False
153,selection|ibm-granite/granite-3.3-8b-instruct|a,selection,0.9858,0.9733,300,delta_pp:1,5.7322,0.9105,False,True,False
153,selection|microsoft/Phi-3.5-mini-instruct|a,selection,0.8524,0.9533,300,delta_pp:1,5.885,1.8188,True,True,False
153,selection|Qwen/Qwen2.5-7B-Instruct|b,selection,0.9666,0.9833,300,delta_pp:1,1.3367,-0.5102,False,True,False
153,selection|allenai/OLMo-2-1124-7B-Instruct|b,selection,0.7646,0.9267,300,delta_pp:1,3.0413,0.3366,False,True,True
153,selection|ibm-granite/granite-3.3-8b-instruct|b,selection,0.9278,0.9567,300,delta_pp:1,7.0707,1.8088,True,True,False
153,selection|microsoft/Phi-3.5-mini-instruct|b,selection,0.9171,0.9367,300,delta_pp:1,7.1966,2.3681,True,True,False
153,selection|Qwen/Qwen2.5-7B-Instruct|c,selection,0.9157,0.98,300,delta_pp:1,1.2714,-0.384,False,True,False
153,selection|allenai/OLMo-2-1124-7B-Instruct|c,selection,0.8154,0.93,300,delta_pp:1,6.8911,1.2233,True,True,False
153,selection|ibm-granite/granite-3.3-8b-instruct|c,selection,0.9122,0.9733,300,delta_pp:1,2.6332,1.1876,True,True,False
153,selection|microsoft/Phi-3.5-mini-instruct|c,selection,0.952,0.91,300,delta_pp:1,6.7909,3.7391,True,True,False
154,selection|Qwen/Qwen2.5-7B-Instruct|a,selection,0.7777,0.97,300,delta_pp:1,1.1935,-0.401,False,True,True
154,selection|allenai/OLMo-2-1124-7B-Instruct|a,selection,0.7808,0.92,300,delta_pp:1,-3.2445,-0.8898,False,True,True
154,selection|ibm-granite/granite-3.3-8b-instruct|a,selection,0.8191,0.9367,300,delta_pp:1,3.8207,0.9105,False,True,False
154,selection|microsoft/Phi-3.5-mini-instruct|a,selection,0.7826,0.9233,300,delta_pp:1,3.8685,1.8188,True,True,True
154,selection|Qwen/Qwen2.5-7B-Instruct|b,selection,0.7777,0.97,300,delta_pp:1,1.1935,-0.5102,False,True,True
154,selection|allenai/OLMo-2-1124-7B-Instruct|b,selection,0.7738,0.9067,300,delta_pp:1,-4.5459,0.3366,False,True,True
154,selection|ibm-granite/granite-3.3-8b-instruct|b,selection,0.7808,0.92,300,delta_pp:1,4.533,1.8088,True,True,True
154,selection|microsoft/Phi-3.5-mini-instruct|b,selection,0.8015,0.9033,300,delta_pp:1,2.5469,2.3681,True,True,False
154,selection|Qwen/Qwen2.5-7B-Instruct|c,selection,0.8072,0.97,300,delta_pp:1,1.0933,-0.384,False,True,False
154,selection|allenai/OLMo-2-1124-7B-Instruct|c,selection,0.7201,0.9167,300,delta_pp:1,-1.0597,1.2233,True,True,True
154,selection|ibm-granite/granite-3.3-8b-instruct|c,selection,0.7967,0.95,300,delta_pp:1,5.2223,1.1876,True,True,True
154,selection|microsoft/Phi-3.5-mini-instruct|c,selection,0.8222,0.8867,300,delta_pp:1,1.8099,3.7391,True,True,False
155,selection|Qwen/Qwen2.5-7B-Instruct|a,selection,0.9514,0.9833,300,delta_pp:1,0.1721,-0.401,False,False,False
155,selection|allenai/OLMo-2-1124-7B-Instruct|a,selection,0.849,0.94,300,delta_pp:1,3.1859,-0.8898,False,True,False
155,selection|ibm-granite/granite-3.3-8b-instruct|a,selection,0.9392,0.96,300,delta_pp:1,2.2794,0.9105,False,True,False
155,selection|microsoft/Phi-3.5-mini-instruct|a,selection,0.8924,0.9467,300,delta_pp:1,4.0708,1.8188,True,True,False
155,selection|Qwen/Qwen2.5-7B-Instruct|b,selection,0.9566,0.9933,300,delta_pp:1,0.7774,-0.5102,False,False,False
155,selection|allenai/OLMo-2-1124-7B-Instruct|b,selection,0.8906,0.9433,300,delta_pp:1,4.749,0.3366,False,True,False
155,selection|ibm-granite/granite-3.3-8b-instruct|b,selection,0.8958,0.9533,300,delta_pp:1,4.0344,1.8088,True,True,False
155,selection|microsoft/Phi-3.5-mini-instruct|b,selection,0.9653,0.9333,300,delta_pp:1,3.3464,2.3681,True,True,False
155,selection|Qwen/Qwen2.5-7B-Instruct|c,selection,0.9566,0.9933,300,delta_pp:1,0.7774,-0.384,False,False,False
155,selection|allenai/OLMo-2-1124-7B-Instruct|c,selection,0.8108,0.9433,300,delta_pp:1,5.3609,1.2233,True,True,False
155,selection|ibm-granite/granite-3.3-8b-instruct|c,selection,0.9028,0.9667,300,delta_pp:1,2.6416,1.1876,True,True,False
155,selection|microsoft/Phi-3.5-mini-instruct|c,selection,0.9444,0.8933,300,delta_pp:1,3.5648,3.7391,True,True,False
156,selection|Qwen/Qwen2.5-7B-Instruct|a,selection,0.9949,0.99,300,delta_pp:1,2.116,-0.401,False,True,False
156,selection|allenai/OLMo-2-1124-7B-Instruct|a,selection,0.6635,0.9367,300,delta_pp:1,2.8254,-0.8898,False,True,True
156,selection|ibm-granite/granite-3.3-8b-instruct|a,selection,0.9204,0.9633,300,delta_pp:1,-0.3047,0.9105,False,False,False
156,selection|microsoft/Phi-3.5-mini-instruct|a,selection,0.9812,0.9633,300,delta_pp:1,2.1519,1.8188,True,True,False
156,selection|Qwen/Qwen2.5-7B-Instruct|b,selection,0.9914,0.9833,300,delta_pp:1,2.125,-0.5102,False,True,False
156,selection|allenai/OLMo-2-1124-7B-Instruct|b,selection,0.9829,0.9667,300,delta_pp:1,1.4874,0.3366,False,True,False
156,selection|ibm-granite/granite-3.3-8b-instruct|b,selection,0.9863,0.9733,300,delta_pp:1,0.1584,1.8088,True,False,False
156,selection|microsoft/Phi-3.5-mini-instruct|b,selection,0.976,0.9533,300,delta_pp:1,4.1454,2.3681,True,True,False
156,selection|Qwen/Qwen2.5-7B-Instruct|c,selection,0.9966,0.9933,300,delta_pp:1,1.4515,-0.384,False,True,False
156,selection|allenai/OLMo-2-1124-7B-Instruct|c,selection,0.9152,0.9533,300,delta_pp:1,1.6887,1.2233,True,True,False
156,selection|ibm-granite/granite-3.3-8b-instruct|c,selection,0.9949,0.99,300,delta_pp:1,2.116,1.1876,True,True,False
156,selection|microsoft/Phi-3.5-mini-instruct|c,selection,0.9503,0.9033,300,delta_pp:1,6.1927,3.7391,True,True,False
157,selection|Qwen/Qwen2.5-7B-Instruct|a,selection,0.8697,0.9767,300,delta_pp:1,1.2124,-0.401,False,True,False
157,selection|allenai/OLMo-2-1124-7B-Instruct|a,selection,0.7843,0.9267,300,delta_pp:1,1.6464,-0.8898,False,True,True
157,selection|ibm-granite/granite-3.3-8b-instruct|a,selection,0.9287,0.9767,300,delta_pp:1,0.4646,0.9105,False,False,False
157,selection|microsoft/Phi-3.5-mini-instruct|a,selection,0.8763,0.9333,300,delta_pp:1,3.1183,1.8188,True,True,False
157,selection|Qwen/Qwen2.5-7B-Instruct|b,selection,0.8732,0.9833,300,delta_pp:1,-0.1536,-0.5102,False,False,False
157,selection|allenai/OLMo-2-1124-7B-Instruct|b,selection,0.8539,0.9467,300,delta_pp:1,0.8967,0.3366,False,False,False
157,selection|ibm-granite/granite-3.3-8b-instruct|b,selection,0.9529,0.9667,300,delta_pp:1,2.2763,1.8088,True,True,False
157,selection|microsoft/Phi-3.5-mini-instruct|b,selection,0.9058,0.9333,300,delta_pp:1,0.1046,2.3681,True,False,False
157,selection|Qwen/Qwen2.5-7B-Instruct|c,selection,0.8697,0.9767,300,delta_pp:1,1.2124,-0.384,False,True,False
157,selection|allenai/OLMo-2-1124-7B-Instruct|c,selection,0.8433,0.9267,300,delta_pp:1,4.9947,1.2233,True,True,False
157,selection|ibm-granite/granite-3.3-8b-instruct|c,selection,0.8732,0.9833,300,delta_pp:1,1.0297,1.1876,True,True,False
157,selection|microsoft/Phi-3.5-mini-instruct|c,selection,0.864,0.91,300,delta_pp:1,5.2596,3.7391,True,True,False
158,selection|Qwen/Qwen2.5-7B-Instruct|a,selection,0.8051,0.9567,300,delta_pp:1,-1.4877,-0.401,False,True,False
158,selection|allenai/OLMo-2-1124-7B-Instruct|a,selection,0.8805,0.96,300,delta_pp:1,-2.7003,-0.8898,False,True,False
158,selection|ibm-granite/granite-3.3-8b-instruct|a,selection,0.8243,0.9467,300,delta_pp:1,-3.5724,0.9105,False,True,False
158,selection|microsoft/Phi-3.5-mini-instruct|a,selection,0.8208,0.94,300,delta_pp:1,1.665,1.8188,True,True,False
158,selection|Qwen/Qwen2.5-7B-Instruct|b,selection,0.8069,0.96,300,delta_pp:1,-0.8441,-0.5102,False,False,False
158,selection|allenai/OLMo-2-1124-7B-Instruct|b,selection,0.8261,0.95,300,delta_pp:1,-2.9288,0.3366,False,True,False
158,selection|ibm-granite/granite-3.3-8b-instruct|b,selection,0.798,0.9433,300,delta_pp:1,-0.1025,1.8088,True,False,True
158,selection|microsoft/Phi-3.5-mini-instruct|b,selection,0.8645,0.93,300,delta_pp:1,4.5565,2.3681,True,True,False
158,selection|Qwen/Qwen2.5-7B-Instruct|c,selection,0.8087,0.9633,300,delta_pp:1,-0.2005,-0.384,False,False,False
158,selection|allenai/OLMo-2-1124-7B-Instruct|c,selection,0.7436,0.9333,300,delta_pp:1,1.0633,1.2233,True,True,True
158,selection|ibm-granite/granite-3.3-8b-instruct|c,selection,0.7788,0.9533,300,delta_pp:1,-1.9027,1.1876,True,True,True
158,selection|microsoft/Phi-3.5-mini-instruct|c,selection,0.8538,0.91,300,delta_pp:1,6.0488,3.7391,True,True,False
159,selection|Qwen/Qwen2.5-7B-Instruct|a,selection,0.9122,0.9733,300,delta_pp:1,-0.0939,-0.401,False,False,False
159,selection|allenai/OLMo-2-1124-7B-Instruct|a,selection,0.8453,0.94,300,delta_pp:1,0.6896,-0.8898,False,False,False
159,selection|ibm-granite/granite-3.3-8b-instruct|a,selection,0.9033,0.9567,300,delta_pp:1,4.6304,0.9105,False,True,False
159,selection|microsoft/Phi-3.5-mini-instruct|a,selection,0.8926,0.9367,300,delta_pp:1,-0.4354,1.8188,True,False,False
159,selection|Qwen/Qwen2.5-7B-Instruct|b,selection,0.942,0.9833,300,delta_pp:1,0.2163,-0.5102,False,False,False
159,selection|allenai/OLMo-2-1124-7B-Instruct|b,selection,0.8663,0.9333,300,delta_pp:1,-0.7875,0.3366,False,False,False
159,selection|ibm-granite/granite-3.3-8b-instruct|b,selection,0.8979,0.9467,300,delta_pp:1,6.6731,1.8088,True,True,False
159,selection|microsoft/Phi-3.5-mini-instruct|b,selection,0.8926,0.9367,300,delta_pp:1,-0.4354,2.3681,True,False,False
159,selection|Qwen/Qwen2.5-7B-Instruct|c,selection,0.9139,0.9767,300,delta_pp:1,-0.7748,-0.384,False,False,False
159,selection|allenai/OLMo-2-1124-7B-Instruct|c,selection,0.8417,0.9333,300,delta_pp:1,3.4587,1.2233,True,True,False
159,selection|ibm-granite/granite-3.3-8b-instruct|c,selection,0.8805,0.96,300,delta_pp:1,2.9165,1.1876,True,True,False
159,selection|microsoft/Phi-3.5-mini-instruct|c,selection,0.8837,0.92,300,delta_pp:1,2.969,3.7391,True,True,False
160,selection|Qwen/Qwen2.5-7B-Instruct|a,selection,0.8448,0.98,300,delta_pp:1,-0.4263,-0.401,False,False,False
160,selection|allenai/OLMo-2-1124-7B-Instruct|a,selection,0.7862,0.96,300,delta_pp:1,-1.4361,-0.8898,False,True,True
160,selection|ibm-granite/granite-3.3-8b-instruct|a,selection,0.8862,0.9667,300,delta_pp:1,1.994,0.9105,False,True,False
160,selection|microsoft/Phi-3.5-mini-instruct|a,selection,0.8759,0.9467,300,delta_pp:1,3.3682,1.8188,True,True,False
160,selection|Qwen/Qwen2.5-7B-Instruct|b,selection,0.8948,0.9833,300,delta_pp:1,-0.0312,-0.5102,False,False,False
160,selection|allenai/OLMo-2-1124-7B-Instruct|b,selection,0.6793,0.94,300,delta_pp:1,2.955,0.3366,False,True,True
160,selection|ibm-granite/granite-3.3-8b-instruct|b,selection,0.8879,0.97,300,delta_pp:1,1.3249,1.8088,True,True,False
160,selection|microsoft/Phi-3.5-mini-instruct|b,selection,0.919,0.9367,300,delta_pp:1,3.7994,2.3681,True,True,False
160,selection|Qwen/Qwen2.5-7B-Instruct|c,selection,0.7948,0.9767,300,delta_pp:1,-0.8214,-0.384,False,False,True
160,selection|allenai/OLMo-2-1124-7B-Instruct|c,selection,0.6845,0.95,300,delta_pp:1,2.2679,1.2233,True,True,True
160,selection|ibm-granite/granite-3.3-8b-instruct|c,selection,0.8966,0.9867,300,delta_pp:1,1.9397,1.1876,True,True,False
160,selection|microsoft/Phi-3.5-mini-instruct|c,selection,0.9603,0.9233,300,delta_pp:1,1.0745,3.7391,True,True,False
161,selection|Qwen/Qwen2.5-7B-Instruct|a,selection,0.8806,0.9667,300,delta_pp:1,-0.5866,-0.401,False,False,False
161,selection|allenai/OLMo-2-1124-7B-Instruct|a,selection,0.7777,0.9,300,delta_pp:1,6.4855,-0.8898,False,True,True
161,selection|ibm-granite/granite-3.3-8b-instruct|a,selection,0.9738,0.95,300,delta_pp:1,-0.3595,0.9105,False,False,False
161,selection|microsoft/Phi-3.5-mini-instruct|a,selection,0.9381,0.9467,300,delta_pp:1,1.8189,1.8188,True,True,False
161,selection|Qwen/Qwen2.5-7B-Instruct|b,selection,0.8467,0.9667,300,delta_pp:1,-1.7171,-0.5102,False,True,False
161,selection|allenai/OLMo-2-1124-7B-Instruct|b,selection,0.8561,0.92,300,delta_pp:1,6.0516,0.3366,False,True,False
161,selection|ibm-granite/granite-3.3-8b-instruct|b,selection,0.9755,0.9533,300,delta_pp:1,-1.0286,1.8088,True,True,False
161,selection|microsoft/Phi-3.5-mini-instruct|b,selection,0.958,0.92,300,delta_pp:1,5.6625,2.3681,True,True,False
161,selection|Qwen/Qwen2.5-7B-Instruct|c,selection,0.8841,0.9733,300,delta_pp:1,-1.9249,-0.384,False,True,False
161,selection|allenai/OLMo-2-1124-7B-Instruct|c,selection,0.7812,0.9067,300,delta_pp:1,3.7377,1.2233,True,True,True
161,selection|ibm-granite/granite-3.3-8b-instruct|c,selection,0.8684,0.9433,300,delta_pp:1,2.6877,1.1876,True,True,False
161,selection|microsoft/Phi-3.5-mini-instruct|c,selection,0.9353,0.8767,300,delta_pp:1,10.4014,3.7391,True,True,False
162,selection|Qwen/Qwen2.5-7B-Instruct|a,selection,0.8792,0.98,300,delta_pp:1,-1.2987,-0.401,False,True,False
162,selection|allenai/OLMo-2-1124-7B-Instruct|a,selection,0.7737,0.9067,300,delta_pp:1,-3.0855,-0.8898,False,True,True
162,selection|ibm-granite/granite-3.3-8b-instruct|a,selection,0.885,0.95,300,delta_pp:1,1.9417,0.9105,False,True,False
162,selection|microsoft/Phi-3.5-mini-instruct|a,selection,0.8666,0.9567,300,delta_pp:1,0.7312,1.8188,True,False,False
162,selection|Qwen/Qwen2.5-7B-Instruct|b,selection,0.8792,0.98,300,delta_pp:1,-1.2987,-0.5102,False,True,False
162,selection|allenai/OLMo-2-1124-7B-Instruct|b,selection,0.7624,0.9267,300,delta_pp:1,2.2371,0.3366,False,True,True
162,selection|ibm-granite/granite-3.3-8b-instruct|b,selection,0.9124,0.96,300,delta_pp:1,3.6002,1.8088,True,True,False
162,selection|microsoft/Phi-3.5-mini-instruct|b,selection,0.9035,0.9433,300,delta_pp:1,-2.1917,2.3681,True,True,False
162,selection|Qwen/Qwen2.5-7B-Instruct|c,selection,0.8554,0.9767,300,delta_pp:1,-0.4803,-0.384,False,False,False
162,selection|allenai/OLMo-2-1124-7B-Instruct|c,selection,0.7422,0.93,300,delta_pp:1,0.448,1.2233,True,False,True
162,selection|ibm-granite/granite-3.3-8b-instruct|c,selection,0.872,0.9667,300,delta_pp:1,2.5966,1.1876,True,True,False
162,selection|microsoft/Phi-3.5-mini-instruct|c,selection,0.8874,0.9133,300,delta_pp:1,1.2557,3.7391,True,True,False
163,selection|Qwen/Qwen2.5-7B-Instruct|a,selection,0.7413,0.9633,300,delta_pp:1,-0.0198,-0.401,False,False,True
163,selection|allenai/OLMo-2-1124-7B-Instruct|a,selection,0.7135,0.91,300,delta_pp:1,0.1472,-0.8898,False,False,True
163,selection|ibm-granite/granite-3.3-8b-instruct|a,selection,0.776,0.9533,300,delta_pp:1,0.5238,0.9105,False,False,True
163,selection|microsoft/Phi-3.5-mini-instruct|a,selection,0.7552,0.9133,300,delta_pp:1,0.7667,1.8188,True,False,True
163,selection|Qwen/Qwen2.5-7B-Instruct|b,selection,0.7413,0.9633,300,delta_pp:1,-0.0198,-0.5102,False,False,True
163,selection|allenai/OLMo-2-1124-7B-Instruct|b,selection,0.7622,0.9267,300,delta_pp:1,4.6141,0.3366,False,True,True
163,selection|ibm-granite/granite-3.3-8b-instruct|b,selection,0.7708,0.9433,300,delta_pp:1,3.8373,1.8088,True,True,True
163,selection|microsoft/Phi-3.5-mini-instruct|b,selection,0.6562,0.8767,300,delta_pp:1,2.9627,2.3681,True,True,True
163,selection|Qwen/Qwen2.5-7B-Instruct|c,selection,0.7413,0.9633,300,delta_pp:1,-0.0198,-0.384,False,False,True
163,selection|allenai/OLMo-2-1124-7B-Instruct|c,selection,0.7222,0.9267,300,delta_pp:1,2.1043,1.2233,True,True,True
163,selection|ibm-granite/granite-3.3-8b-instruct|c,selection,0.7812,0.9633,300,delta_pp:1,-1.4698,1.1876,True,True,True
163,selection|microsoft/Phi-3.5-mini-instruct|c,selection,0.6962,0.8767,300,delta_pp:1,6.7924,3.7391,True,True,True
164,selection|Qwen/Qwen2.5-7B-Instruct|a,selection,0.8113,0.9733,300,delta_pp:1,0.4726,-0.401,False,False,False
164,selection|allenai/OLMo-2-1124-7B-Instruct|a,selection,0.6996,0.9267,300,delta_pp:1,1.4588,-0.8898,False,True,True
164,selection|ibm-granite/granite-3.3-8b-instruct|a,selection,0.9476,0.9833,300,delta_pp:1,1.259,0.9105,False,True,False
164,selection|microsoft/Phi-3.5-mini-instruct|a,selection,0.7589,0.9567,300,delta_pp:1,1.5939,1.8188,True,True,True
164,selection|Qwen/Qwen2.5-7B-Instruct|b,selection,0.8113,0.9733,300,delta_pp:1,0.4726,-0.5102,False,False,False
164,selection|allenai/OLMo-2-1124-7B-Instruct|b,selection,0.7031,0.9333,300,delta_pp:1,0.1071,0.3366,False,False,True
164,selection|ibm-granite/granite-3.3-8b-instruct|b,selection,0.8498,0.9633,300,delta_pp:1,-0.5217,1.8088,True,False,False
164,selection|microsoft/Phi-3.5-mini-instruct|b,selection,0.7554,0.95,300,delta_pp:1,1.6256,2.3681,True,True,True
164,selection|Qwen/Qwen2.5-7B-Instruct|c,selection,0.813,0.9767,300,delta_pp:1,-0.2033,-0.384,False,False,False
164,selection|allenai/OLMo-2-1124-7B-Instruct|c,selection,0.7554,0.95,300,delta_pp:1,-1.0142,1.2233,True,True,True
164,selection|ibm-granite/granite-3.3-8b-instruct|c,selection,0.8533,0.97,300,delta_pp:1,1.9024,1.1876,True,True,False
164,selection|microsoft/Phi-3.5-mini-instruct|c,selection,0.7329,0.9067,300,delta_pp:1,3.812,3.7391,True,True,True
165,selection|Qwen/Qwen2.5-7B-Instruct|a,selection,0.813,0.9767,300,delta_pp:1,0.5255,-0.401,False,False,False
165,selection|allenai/OLMo-2-1124-7B-Instruct|a,selection,0.8831,0.9433,300,delta_pp:1,-0.9802,-0.8898,False,False,False
165,selection|ibm-granite/granite-3.3-8b-instruct|a,selection,0.8481,0.96,300,delta_pp:1,1.0926,0.9105,False,True,False
165,selection|microsoft/Phi-3.5-mini-instruct|a,selection,0.8429,0.95,300,delta_pp:1,3.1066,1.8188,True,True,False
165,selection|Qwen/Qwen2.5-7B-Instruct|b,selection,0.8567,0.9767,300,delta_pp:1,0.3759,-0.5102,False,False,False
165,selection|allenai/OLMo-2-1124-7B-Instruct|b,selection,0.8394,0.9433,300,delta_pp:1,4.4492,0.3366,False,True,False
165,selection|ibm-granite/granite-3.3-8b-instruct|b,selection,0.8429,0.95,300,delta_pp:1,4.4265,1.8088,True,True,False
165,selection|microsoft/Phi-3.5-mini-instruct|b,selection,0.8377,0.94,300,delta_pp:1,2.4806,2.3681,True,True,False
165,selection|Qwen/Qwen2.5-7B-Instruct|c,selection,0.855,0.9733,300,delta_pp:1,-0.2727,-0.384,False,False,False
165,selection|allenai/OLMo-2-1124-7B-Instruct|c,selection,0.8325,0.93,300,delta_pp:1,4.4945,1.2233,True,True,False
165,selection|ibm-granite/granite-3.3-8b-instruct|c,selection,0.8533,0.97,300,delta_pp:1,1.7186,1.1876,True,True,False
165,selection|microsoft/Phi-3.5-mini-instruct|c,selection,0.8152,0.8967,300,delta_pp:1,4.6079,3.7391,True,True,False
166,selection|Qwen/Qwen2.5-7B-Instruct|a,selection,0.8392,0.9733,300,delta_pp:1,0.6485,-0.401,False,False,False
166,selection|allenai/OLMo-2-1124-7B-Instruct|a,selection,0.848,0.92,300,delta_pp:1,-0.5408,-0.8898,False,False,False
166,selection|ibm-granite/granite-3.3-8b-instruct|a,selection,0.8637,0.95,300,delta_pp:1,2.606,0.9105,False,True,False
166,selection|microsoft/Phi-3.5-mini-instruct|a,selection,0.8585,0.94,300,delta_pp:1,-0.6732,1.8188,True,False,False
166,selection|Qwen/Qwen2.5-7B-Instruct|b,selection,0.8374,0.97,300,delta_pp:1,-0.0046,-0.5102,False,False,False
166,selection|allenai/OLMo-2-1124-7B-Instruct|b,selection,0.8009,0.9,300,delta_pp:1,4.8504,0.3366,False,True,False
166,selection|ibm-granite/granite-3.3-8b-instruct|b,selection,0.9406,0.9567,300,delta_pp:1,3.6802,1.8088,True,True,False
166,selection|microsoft/Phi-3.5-mini-instruct|b,selection,0.8813,0.9133,300,delta_pp:1,3.1797,2.3681,True,True,False
166,selection|Qwen/Qwen2.5-7B-Instruct|c,selection,0.8776,0.9767,300,delta_pp:1,-0.0886,-0.384,False,False,False
166,selection|allenai/OLMo-2-1124-7B-Instruct|c,selection,0.7833,0.9367,300,delta_pp:1,0.2256,1.2233,True,False,True
166,selection|ibm-granite/granite-3.3-8b-instruct|c,selection,0.827,0.95,300,delta_pp:1,2.7677,1.1876,True,True,False
166,selection|microsoft/Phi-3.5-mini-instruct|c,selection,0.9023,0.8833,300,delta_pp:1,5.0595,3.7391,True,True,False
167,selection|Qwen/Qwen2.5-7B-Instruct|a,selection,0.8855,0.9867,300,delta_pp:1,-0.8154,-0.401,False,False,False
167,selection|allenai/OLMo-2-1124-7B-Instruct|a,selection,0.6495,0.9467,300,delta_pp:1,-1.2995,-0.8898,False,True,True
167,selection|ibm-granite/granite-3.3-8b-instruct|a,selection,0.9307,0.97,300,delta_pp:1,-0.2082,0.9105,False,False,False
167,selection|microsoft/Phi-3.5-mini-instruct|a,selection,0.8666,0.95,300,delta_pp:1,2.5589,1.8188,True,True,False
167,selection|Qwen/Qwen2.5-7B-Instruct|b,selection,0.882,0.98,300,delta_pp:1,-0.8019,-0.5102,False,False,False
167,selection|allenai/OLMo-2-1124-7B-Instruct|b,selection,0.8734,0.9633,300,delta_pp:1,1.2118,0.3366,False,True,False
167,selection|ibm-granite/granite-3.3-8b-instruct|b,selection,0.8734,0.9633,300,delta_pp:1,1.2118,1.8088,True,True,False
167,selection|microsoft/Phi-3.5-mini-instruct|b,selection,0.9708,0.9433,300,delta_pp:1,2.263,2.3681,True,True,False
167,selection|Qwen/Qwen2.5-7B-Instruct|c,selection,0.8837,0.9833,300,delta_pp:1,-0.1487,-0.384,False,False,False
167,selection|allenai/OLMo-2-1124-7B-Instruct|c,selection,0.7033,0.9467,300,delta_pp:1,-1.386,1.2233,True,True,True
167,selection|ibm-granite/granite-3.3-8b-instruct|c,selection,0.8769,0.97,300,delta_pp:1,-1.3054,1.1876,True,True,False
167,selection|microsoft/Phi-3.5-mini-instruct|c,selection,0.9502,0.9033,300,delta_pp:1,2.3441,3.7391,True,True,False
168,selection|Qwen/Qwen2.5-7B-Instruct|a,selection,0.8467,0.9667,300,delta_pp:1,1.3403,-0.401,False,True,False
168,selection|allenai/OLMo-2-1124-7B-Instruct|a,selection,0.7577,0.9267,300,delta_pp:1,0.613,-0.8898,False,False,True
168,selection|ibm-granite/granite-3.3-8b-instruct|a,selection,0.8379,0.95,300,delta_pp:1,0.7491,0.9105,False,False,False
168,selection|microsoft/Phi-3.5-mini-instruct|a,selection,0.79,0.9233,300,delta_pp:1,1.126,1.8188,True,True,True
168,selection|Qwen/Qwen2.5-7B-Instruct|b,selection,0.7735,0.9567,300,delta_pp:1,-0.0645,-0.5102,False,False,True
168,selection|allenai/OLMo-2-1124-7B-Instruct|b,selection,0.8222,0.92,300,delta_pp:1,0.2129,0.3366,False,False,False
168,selection|ibm-granite/granite-3.3-8b-instruct|b,selection,0.7952,0.9333,300,delta_pp:1,0.4248,1.8088,True,False,True
168,selection|microsoft/Phi-3.5-mini-instruct|b,selection,0.7882,0.92,300,delta_pp:1,-0.8401,2.3681,True,False,True
168,selection|Qwen/Qwen2.5-7B-Instruct|c,selection,0.777,0.9633,300,delta_pp:1,-0.092,-0.384,False,False,True
168,selection|allenai/OLMo-2-1124-7B-Instruct|c,selection,0.7917,0.9267,300,delta_pp:1,4.3058,1.2233,True,True,True
168,selection|ibm-granite/granite-3.3-8b-instruct|c,selection,0.8039,0.95,300,delta_pp:1,1.016,1.1876,True,True,False
168,selection|microsoft/Phi-3.5-mini-instruct|c,selection,0.735,0.8833,300,delta_pp:1,1.5579,3.7391,True,True,True
169,selection|Qwen/Qwen2.5-7B-Instruct|a,selection,0.8019,0.96,300,delta_pp:1,0.2144,-0.401,False,False,False
169,selection|allenai/OLMo-2-1124-7B-Instruct|a,selection,0.7165,0.91,300,delta_pp:1,1.5528,-0.8898,False,True,True
169,selection|ibm-granite/granite-3.3-8b-instruct|a,selection,0.8261,0.95,300,delta_pp:1,0.7683,0.9105,False,False,False
169,selection|microsoft/Phi-3.5-mini-instruct|a,selection,0.7861,0.93,300,delta_pp:1,3.6386,1.8188,True,True,True
169,selection|Qwen/Qwen2.5-7B-Instruct|b,selection,0.8037,0.9633,300,delta_pp:1,-0.4594,-0.5102,False,False,False
169,selection|allenai/OLMo-2-1124-7B-Instruct|b,selection,0.7738,0.9067,300,delta_pp:1,4.4834,0.3366,False,True,True
169,selection|ibm-granite/granite-3.3-8b-instruct|b,selection,0.8209,0.94,300,delta_pp:1,2.7896,1.8088,True,True,False
169,selection|microsoft/Phi-3.5-mini-instruct|b,selection,0.8068,0.9133,300,delta_pp:1,2.9004,2.3681,True,True,False
169,selection|Qwen/Qwen2.5-7B-Instruct|c,selection,0.8037,0.9633,300,delta_pp:1,-0.4594,-0.384,False,False,False
169,selection|allenai/OLMo-2-1124-7B-Instruct|c,selection,0.6923,0.92,300,delta_pp:1,0.9989,1.2233,True,False,True
169,selection|ibm-granite/granite-3.3-8b-instruct|c,selection,0.7672,0.95,300,delta_pp:1,1.1513,1.1876,True,True,True
169,selection|microsoft/Phi-3.5-mini-instruct|c,selection,0.7597,0.88,300,delta_pp:1,7.146,3.7391,True,True,True
170,selection|Qwen/Qwen2.5-7B-Instruct|a,selection,0.9022,0.98,300,delta_pp:1,-1.459,-0.401,False,True,False
170,selection|allenai/OLMo-2-1124-7B-Instruct|a,selection,0.7031,0.9333,300,delta_pp:1,0.1071,-0.8898,False,False,True
170,selection|ibm-granite/granite-3.3-8b-instruct|a,selection,0.8866,0.95,300,delta_pp:1,3.3037,0.9105,False,True,False
170,selection|microsoft/Phi-3.5-mini-instruct|a,selection,0.829,0.9233,300,delta_pp:1,6.2685,1.8188,True,True,False
170,selection|Qwen/Qwen2.5-7B-Instruct|b,selection,0.8567,0.9767,300,delta_pp:1,-0.4012,-0.5102,False,False,False
170,selection|allenai/OLMo-2-1124-7B-Instruct|b,selection,0.7433,0.9267,300,delta_pp:1,1.0768,0.3366,False,True,True
170,selection|ibm-granite/granite-3.3-8b-instruct|b,selection,0.9321,0.9533,300,delta_pp:1,2.2459,1.8088,True,True,False
170,selection|microsoft/Phi-3.5-mini-instruct|b,selection,0.8624,0.9033,300,delta_pp:1,8.6217,2.3681,True,True,False
170,selection|Qwen/Qwen2.5-7B-Instruct|c,selection,0.7675,0.9733,300,delta_pp:1,-1.7853,-0.384,False,True,True
170,selection|allenai/OLMo-2-1124-7B-Instruct|c,selection,0.7364,0.9133,300,delta_pp:1,3.7802,1.2233,True,True,True
170,selection|ibm-granite/granite-3.3-8b-instruct|c,selection,0.8481,0.96,300,delta_pp:1,1.6581,1.1876,True,True,False
170,selection|microsoft/Phi-3.5-mini-instruct|c,selection,0.8555,0.89,300,delta_pp:1,6.0453,3.7391,True,True,False
171,selection|Qwen/Qwen2.5-7B-Instruct|a,selection,0.9149,0.99,300,delta_pp:1,0.5343,-0.401,False,False,False
171,selection|allenai/OLMo-2-1124-7B-Instruct|a,selection,0.7535,0.91,300,delta_pp:1,-1.7927,-0.8898,False,True,True
171,selection|ibm-granite/granite-3.3-8b-instruct|a,selection,0.901,0.9633,300,delta_pp:1,1.9999,0.9105,False,True,False
171,selection|microsoft/Phi-3.5-mini-instruct|a,selection,0.8524,0.9467,300,delta_pp:1,3.1495,1.8188,True,True,False
171,selection|Qwen/Qwen2.5-7B-Instruct|b,selection,0.875,0.99,300,delta_pp:1,-0.387,-0.5102,False,False,False
171,selection|allenai/OLMo-2-1124-7B-Instruct|b,selection,0.7604,0.9233,300,delta_pp:1,-0.7309,0.3366,False,False,True
171,selection|ibm-granite/granite-3.3-8b-instruct|b,selection,0.8542,0.95,300,delta_pp:1,0.9661,1.8088,True,False,False
171,selection|microsoft/Phi-3.5-mini-instruct|b,selection,0.9323,0.9467,300,delta_pp:1,1.0323,2.3681,True,True,False
171,selection|Qwen/Qwen2.5-7B-Instruct|c,selection,0.8733,0.9867,300,delta_pp:1,0.2912,-0.384,False,False,False
171,selection|allenai/OLMo-2-1124-7B-Instruct|c,selection,0.8403,0.9233,300,delta_pp:1,1.1117,1.2233,True,True,False
171,selection|ibm-granite/granite-3.3-8b-instruct|c,selection,0.8212,0.9633,300,delta_pp:1,1.2919,1.1876,True,True,False
171,selection|microsoft/Phi-3.5-mini-instruct|c,selection,0.8559,0.8767,300,delta_pp:1,1.1533,3.7391,True,True,False
172,selection|Qwen/Qwen2.5-7B-Instruct|a,selection,0.9456,0.99,300,delta_pp:1,1.4941,-0.401,False,True,False
172,selection|allenai/OLMo-2-1124-7B-Instruct|a,selection,0.7628,0.9233,300,delta_pp:1,0.9077,-0.8898,False,False,True
172,selection|ibm-granite/granite-3.3-8b-instruct|a,selection,0.9666,0.9833,300,delta_pp:1,0.0169,0.9105,False,False,False
172,selection|microsoft/Phi-3.5-mini-instruct|a,selection,0.8752,0.95,300,delta_pp:1,-0.2326,1.8188,True,False,False
172,selection|Qwen/Qwen2.5-7B-Instruct|b,selection,0.9474,0.9933,300,delta_pp:1,0.8132,-0.5102,False,False,False
172,selection|allenai/OLMo-2-1124-7B-Instruct|b,selection,0.868,0.9367,300,delta_pp:1,2.4035,0.3366,False,True,False
172,selection|ibm-granite/granite-3.3-8b-instruct|b,selection,0.9612,0.9733,300,delta_pp:1,0.7398,1.8088,True,False,False
172,selection|microsoft/Phi-3.5-mini-instruct|b,selection,0.889,0.93,300,delta_pp:1,-0.3935,2.3681,True,False,False
172,selection|Qwen/Qwen2.5-7B-Instruct|c,selection,0.9211,0.99,300,delta_pp:1,0.4611,-0.384,False,False,False
172,selection|allenai/OLMo-2-1124-7B-Instruct|c,selection,0.8488,0.9467,300,delta_pp:1,-0.5847,1.2233,True,False,False
172,selection|ibm-granite/granite-3.3-8b-instruct|c,selection,0.8912,0.98,300,delta_pp:1,-1.0814,1.1876,True,True,False
172,selection|microsoft/Phi-3.5-mini-instruct|c,selection,0.9082,0.92,300,delta_pp:1,4.002,3.7391,True,True,False
173,selection|Qwen/Qwen2.5-7B-Instruct|a,selection,0.9082,0.9833,300,delta_pp:1,-0.4227,-0.401,False,False,False
173,selection|allenai/OLMo-2-1124-7B-Instruct|a,selection,0.7623,0.9167,300,delta_pp:1,2.2551,-0.8898,False,True,True
173,selection|ibm-granite/granite-3.3-8b-instruct|a,selection,0.9029,0.9733,300,delta_pp:1,-1.0757,0.9105,False,True,False
173,selection|microsoft/Phi-3.5-mini-instruct|a,selection,0.8682,0.96,300,delta_pp:1,2.8911,1.8188,True,True,False
173,selection|Qwen/Qwen2.5-7B-Instruct|b,selection,0.9082,0.9833,300,delta_pp:1,-0.4227,-0.5102,False,False,False
173,selection|allenai/OLMo-2-1124-7B-Instruct|b,selection,0.7917,0.92,300,delta_pp:1,0.2751,0.3366,False,False,True
173,selection|ibm-granite/granite-3.3-8b-instruct|b,selection,0.8959,0.96,300,delta_pp:1,1.5078,1.8088,True,True,False
173,selection|microsoft/Phi-3.5-mini-instruct|b,selection,0.8629,0.95,300,delta_pp:1,3.5579,2.3681,True,True,False
173,selection|Qwen/Qwen2.5-7B-Instruct|c,selection,0.8788,0.98,300,delta_pp:1,0.2375,-0.384,False,False,False
173,selection|allenai/OLMo-2-1124-7B-Instruct|c,selection,0.8335,0.9467,300,delta_pp:1,1.5784,1.2233,True,True,False
173,selection|ibm-granite/granite-3.3-8b-instruct|c,selection,0.9065,0.98,300,delta_pp:1,0.174,1.1876,True,False,False
173,selection|microsoft/Phi-3.5-mini-instruct|c,selection,0.8676,0.9067,300,delta_pp:1,2.9301,3.7391,True,True,False
174,selection|Qwen/Qwen2.5-7B-Instruct|a,selection,0.8501,0.9733,300,delta_pp:1,-1.2208,-0.401,False,True,False
174,selection|allenai/OLMo-2-1124-7B-Instruct|a,selection,0.9076,0.9533,300,delta_pp:1,-0.3523,-0.8898,False,False,False
174,selection|ibm-granite/granite-3.3-8b-instruct|a,selection,0.9468,0.9633,300,delta_pp:1,2.6393,0.9105,False,True,False
174,selection|microsoft/Phi-3.5-mini-instruct|a,selection,0.8274,0.93,300,delta_pp:1,-0.3822,1.8188,True,False,False
174,selection|Qwen/Qwen2.5-7B-Instruct|b,selection,0.8841,0.9733,300,delta_pp:1,-0.1679,-0.5102,False,False,False
174,selection|allenai/OLMo-2-1124-7B-Instruct|b,selection,0.8666,0.94,300,delta_pp:1,2.6094,0.3366,False,True,False
174,selection|ibm-granite/granite-3.3-8b-instruct|b,selection,0.9433,0.9567,300,delta_pp:1,3.9867,1.8088,True,True,False
174,selection|microsoft/Phi-3.5-mini-instruct|b,selection,0.8614,0.93,300,delta_pp:1,0.6708,2.3681,True,False,False
174,selection|Qwen/Qwen2.5-7B-Instruct|c,selection,0.8519,0.9767,300,delta_pp:1,-1.8945,-0.384,False,True,False
174,selection|allenai/OLMo-2-1124-7B-Instruct|c,selection,0.8327,0.94,300,delta_pp:1,1.5565,1.2233,True,True,False
174,selection|ibm-granite/granite-3.3-8b-instruct|c,selection,0.8771,0.96,300,delta_pp:1,-0.1129,1.1876,True,False,False
174,selection|microsoft/Phi-3.5-mini-instruct|c,selection,0.8726,0.8867,300,delta_pp:1,1.2426,3.7391,True,True,False
175,selection|Qwen/Qwen2.5-7B-Instruct|a,selection,0.9671,0.99,300,delta_pp:1,2.02,-0.401,False,True,False
175,selection|allenai/OLMo-2-1124-7B-Instruct|a,selection,0.8317,0.9433,300,delta_pp:1,-1.6534,-0.8898,False,True,False
175,selection|ibm-granite/granite-3.3-8b-instruct|a,selection,0.9653,0.9867,300,delta_pp:1,-2.5317,0.9105,False,True,False
175,selection|microsoft/Phi-3.5-mini-instruct|a,selection,0.9512,0.96,300,delta_pp:1,0.0611,1.8188,True,False,False
175,selection|Qwen/Qwen2.5-7B-Instruct|b,selection,0.9376,0.9867,300,delta_pp:1,1.4258,-0.5102,False,True,False
175,selection|allenai/OLMo-2-1124-7B-Instruct|b,selection,0.8682,0.96,300,delta_pp:1,1.5057,0.3366,False,True,False
175,selection|ibm-granite/granite-3.3-8b-instruct|b,selection,0.9341,0.98,300,delta_pp:1,4.0047,1.8088,True,True,False
175,selection|microsoft/Phi-3.5-mini-instruct|b,selection,0.9182,0.95,300,delta_pp:1,2.1112,2.3681,True,True,False
175,selection|Qwen/Qwen2.5-7B-Instruct|c,selection,0.9394,0.99,300,delta_pp:1,0.7636,-0.384,False,False,False
175,selection|allenai/OLMo-2-1124-7B-Instruct|c,selection,0.8906,0.95,300,delta_pp:1,2.2401,1.2233,True,True,False
175,selection|ibm-granite/granite-3.3-8b-instruct|c,selection,0.9394,0.99,300,delta_pp:1,0.7636,1.1876,True,False,False
175,selection|microsoft/Phi-3.5-mini-instruct|c,selection,0.9594,0.9233,300,delta_pp:1,0.7485,3.7391,True,False,False
176,selection|Qwen/Qwen2.5-7B-Instruct|a,selection,0.809,0.9733,300,delta_pp:1,1.2509,-0.401,False,True,False
176,selection|allenai/OLMo-2-1124-7B-Instruct|a,selection,0.7601,0.9367,300,delta_pp:1,0.6944,-0.8898,False,False,True
176,selection|ibm-granite/granite-3.3-8b-instruct|a,selection,0.9234,0.9667,300,delta_pp:1,2.5708,0.9105,False,True,False
176,selection|microsoft/Phi-3.5-mini-instruct|a,selection,0.7619,0.94,300,delta_pp:1,0.0345,1.8188,True,False,True
176,selection|Qwen/Qwen2.5-7B-Instruct|b,selection,0.8402,0.9767,300,delta_pp:1,1.8764,-0.5102,False,True,False
176,selection|allenai/OLMo-2-1124-7B-Instruct|b,selection,0.8798,0.94,300,delta_pp:1,-1.2854,0.3366,False,True,False
176,selection|ibm-granite/granite-3.3-8b-instruct|b,selection,0.9181,0.9567,300,delta_pp:1,4.5506,1.8088,True,True,False
176,selection|microsoft/Phi-3.5-mini-instruct|b,selection,0.7861,0.93,300,delta_pp:1,-0.6599,2.3681,True,False,True
176,selection|Qwen/Qwen2.5-7B-Instruct|c,selection,0.8107,0.9767,300,delta_pp:1,0.591,-0.384,False,False,False
176,selection|allenai/OLMo-2-1124-7B-Instruct|c,selection,0.7548,0.9267,300,delta_pp:1,-2.5363,1.2233,True,True,True
176,selection|ibm-granite/granite-3.3-8b-instruct|c,selection,0.8367,0.97,300,delta_pp:1,0.5565,1.1876,True,False,False
176,selection|microsoft/Phi-3.5-mini-instruct|c,selection,0.7909,0.8833,300,delta_pp:1,-0.6255,3.7391,True,False,True
177,selection|Qwen/Qwen2.5-7B-Instruct|a,selection,0.7709,0.9733,300,delta_pp:1,1.5315,-0.401,False,True,True
177,selection|allenai/OLMo-2-1124-7B-Instruct|a,selection,0.9049,0.92,300,delta_pp:1,2.1985,-0.8898,False,True,False
177,selection|ibm-granite/granite-3.3-8b-instruct|a,selection,0.87,0.9567,300,delta_pp:1,0.433,0.9105,False,False,False
177,selection|microsoft/Phi-3.5-mini-instruct|a,selection,0.8648,0.9467,300,delta_pp:1,3.7667,1.8188,True,True,False
177,selection|Qwen/Qwen2.5-7B-Instruct|b,selection,0.7709,0.9733,300,delta_pp:1,1.5315,-0.5102,False,True,True
177,selection|allenai/OLMo-2-1124-7B-Instruct|b,selection,0.9084,0.9267,300,delta_pp:1,6.136,0.3366,False,True,False
177,selection|ibm-granite/granite-3.3-8b-instruct|b,selection,0.8127,0.95,300,delta_pp:1,2.1138,1.8088,True,True,False
177,selection|microsoft/Phi-3.5-mini-instruct|b,selection,0.9101,0.93,300,delta_pp:1,5.4647,2.3681,True,True,False
177,selection|Qwen/Qwen2.5-7B-Instruct|c,selection,0.7709,0.9733,300,delta_pp:1,0.3933,-0.384,False,False,True
177,selection|allenai/OLMo-2-1124-7B-Instruct|c,selection,0.7468,0.9267,300,delta_pp:1,5.8309,1.2233,True,True,True
177,selection|ibm-granite/granite-3.3-8b-instruct|c,selection,0.7102,0.96,300,delta_pp:1,3.2348,1.1876,True,True,True
177,selection|microsoft/Phi-3.5-mini-instruct|c,selection,0.8963,0.9033,300,delta_pp:1,5.5548,3.7391,True,True,False
178,selection|Qwen/Qwen2.5-7B-Instruct|a,selection,0.9599,0.98,300,delta_pp:1,-2.3465,-0.401,False,True,False
178,selection|allenai/OLMo-2-1124-7B-Instruct|a,selection,0.8156,0.93,300,delta_pp:1,1.6071,-0.8898,False,True,False
178,selection|ibm-granite/granite-3.3-8b-instruct|a,selection,0.9494,0.96,300,delta_pp:1,1.6685,0.9105,False,True,False
178,selection|microsoft/Phi-3.5-mini-instruct|a,selection,0.8504,0.94,300,delta_pp:1,0.7522,1.8188,True,False,False
178,selection|Qwen/Qwen2.5-7B-Instruct|b,selection,0.9287,0.9767,300,delta_pp:1,-2.8299,-0.5102,False,True,False
178,selection|allenai/OLMo-2-1124-7B-Instruct|b,selection,0.8451,0.93,300,delta_pp:1,1.4398,0.3366,False,True,False
178,selection|ibm-granite/granite-3.3-8b-instruct|b,selection,0.9181,0.9567,300,delta_pp:1,2.4281,1.8088,True,True,False
178,selection|microsoft/Phi-3.5-mini-instruct|b,selection,0.904,0.93,300,delta_pp:1,-0.1378,2.3681,True,False,False
178,selection|Qwen/Qwen2.5-7B-Instruct|c,selection,0.8974,0.9733,300,delta_pp:1,-0.7504,-0.384,False,False,False
178,selection|allenai/OLMo-2-1124-7B-Instruct|c,selection,0.871,0.9233,300,delta_pp:1,1.3678,1.2233,True,True,False
178,selection|ibm-granite/granite-3.3-8b-instruct|c,selection,0.9617,0.9833,300,delta_pp:1,2.2638,1.1876,True,True,False
178,selection|microsoft/Phi-3.5-mini-instruct|c,selection,0.8917,0.9067,300,delta_pp:1,0.5867,3.7391,True,False,False
179,selection|Qwen/Qwen2.5-7B-Instruct|a,selection,0.8162,0.9733,300,delta_pp:1,-3.0912,-0.401,False,True,False
179,selection|allenai/OLMo-2-1124-7B-Instruct|a,selection,0.7647,0.94,300,delta_pp:1,-1.2426,-0.8898,False,True,True
179,selection|ibm-granite/granite-3.3-8b-instruct|a,selection,0.8824,0.97,300,delta_pp:1,-0.464,0.9105,False,False,False
179,selection|microsoft/Phi-3.5-mini-instruct|a,selection,0.9128,0.9633,300,delta_pp:1,-0.7728,1.8188,True,False,False
179,selection|Qwen/Qwen2.5-7B-Instruct|b,selection,0.784,0.9767,300,delta_pp:1,-2.1042,-0.5102,False,True,True
179,selection|allenai/OLMo-2-1124-7B-Instruct|b,selection,0.7647,0.94,300,delta_pp:1,0.0773,0.3366,False,False,True
179,selection|ibm-granite/granite-3.3-8b-instruct|b,selection,0.8771,0.96,300,delta_pp:1,-1.069,1.8088,True,True,False
179,selection|microsoft/Phi-3.5-mini-instruct|b,selection,0.8989,0.9367,300,delta_pp:1,-0.6261,2.3681,True,False,False
179,selection|Qwen/Qwen2.5-7B-Instruct|c,selection,0.784,0.9767,300,delta_pp:1,-0.7843,-0.384,False,False,True
179,selection|allenai/OLMo-2-1124-7B-Instruct|c,selection,0.7682,0.9467,300,delta_pp:1,1.3606,1.2233,True,True,True
179,selection|ibm-granite/granite-3.3-8b-instruct|c,selection,0.8144,0.97,300,delta_pp:1,-1.093,1.1876,True,True,False
179,selection|microsoft/Phi-3.5-mini-instruct|c,selection,0.8761,0.8933,300,delta_pp:1,1.592,3.7391,True,True,False
180,selection|Qwen/Qwen2.5-7B-Instruct|a,selection,0.8315,0.9733,300,delta_pp:1,0.7015,-0.401,False,False,False
180,selection|allenai/OLMo-2-1124-7B-Instruct|a,selection,0.7957,0.9067,300,delta_pp:1,2.1622,-0.8898,False,True,True
180,selection|ibm-granite/granite-3.3-8b-instruct|a,selection,0.8904,0.96,300,delta_pp:1,-0.7341,0.9105,False,False,False
180,selection|microsoft/Phi-3.5-mini-instruct|a,selection,0.8541,0.9333,300,delta_pp:1,0.745,1.8188,True,False,False
180,selection|Qwen/Qwen2.5-7B-Instruct|b,selection,0.8244,0.96,300,delta_pp:1,-0.5352,-0.5102,False,False,False
180,selection|allenai/OLMo-2-1124-7B-Instruct|b,selection,0.7791,0.9167,300,delta_pp:1,1.584,0.3366,False,True,True
180,selection|ibm-granite/granite-3.3-8b-instruct|b,selection,0.8392,0.9467,300,delta_pp:1,0.7099,1.8088,True,False,False
180,selection|microsoft/Phi-3.5-mini-instruct|b,selection,0.8433,0.9133,300,delta_pp:1,4.6368,2.3681,True,True,False
180,selection|Qwen/Qwen2.5-7B-Instruct|c,selection,0.8262,0.9633,300,delta_pp:1,-1.2022,-0.384,False,True,False
180,selection|allenai/OLMo-2-1124-7B-Instruct|c,selection,0.7993,0.9133,300,delta_pp:1,4.8426,1.2233,True,True,True
180,selection|ibm-granite/granite-3.3-8b-instruct|c,selection,0.7988,0.9533,300,delta_pp:1,0.8467,1.1876,True,False,True
180,selection|microsoft/Phi-3.5-mini-instruct|c,selection,0.8385,0.8633,300,delta_pp:1,5.3543,3.7391,True,True,False
181,selection|Qwen/Qwen2.5-7B-Instruct|a,selection,0.9131,0.9833,300,delta_pp:1,-1.683,-0.401,False,True,False
181,selection|allenai/OLMo-2-1124-7B-Instruct|a,selection,0.8883,0.9367,300,delta_pp:1,-0.361,-0.8898,False,False,False
181,selection|ibm-granite/granite-3.3-8b-instruct|a,selection,0.9078,0.9733,300,delta_pp:1,2.8875,0.9105,False,True,False
181,selection|microsoft/Phi-3.5-mini-instruct|a,selection,0.8641,0.94,300,delta_pp:1,4.3435,1.8188,True,True,False
181,selection|Qwen/Qwen2.5-7B-Instruct|b,selection,0.9096,0.9767,300,delta_pp:1,-0.3538,-0.5102,False,False,False
181,selection|allenai/OLMo-2-1124-7B-Instruct|b,selection,0.8865,0.9333,300,delta_pp:1,-1.0163,0.3366,False,True,False
181,selection|ibm-granite/granite-3.3-8b-instruct|b,selection,0.9096,0.9767,300,delta_pp:1,3.5427,1.8088,True,True,False
181,selection|microsoft/Phi-3.5-mini-instruct|b,selection,0.8481,0.91,300,delta_pp:1,3.7254,2.3681,True,True,False
181,selection|Qwen/Qwen2.5-7B-Instruct|c,selection,0.9374,0.98,300,delta_pp:1,0.2118,-0.384,False,False,False
181,selection|allenai/OLMo-2-1124-7B-Instruct|c,selection,0.8398,0.9433,300,delta_pp:1,-1.5108,1.2233,True,True,False
181,selection|ibm-granite/granite-3.3-8b-instruct|c,selection,0.8836,0.9767,300,delta_pp:1,2.3126,1.1876,True,True,False
181,selection|microsoft/Phi-3.5-mini-instruct|c,selection,0.8966,0.9033,300,delta_pp:1,7.5778,3.7391,True,True,False
182,selection|Qwen/Qwen2.5-7B-Instruct|a,selection,0.8385,0.9733,300,delta_pp:1,0.6504,-0.401,False,False,False
182,selection|allenai/OLMo-2-1124-7B-Instruct|a,selection,0.7646,0.9267,300,delta_pp:1,-0.3446,-0.8898,False,False,True
182,selection|ibm-granite/granite-3.3-8b-instruct|a,selection,0.8961,0.9433,300,delta_pp:1,3.7336,0.9105,False,True,False
182,selection|microsoft/Phi-3.5-mini-instruct|a,selection,0.7646,0.9267,300,delta_pp:1,6.1934,1.8188,True,True,True
182,selection|Qwen/Qwen2.5-7B-Instruct|b,selection,0.8403,0.9767,300,delta_pp:1,-0.0166,-0.5102,False,False,False
182,selection|allenai/OLMo-2-1124-7B-Instruct|b,selection,0.7784,0.9067,300,delta_pp:1,2.1625,0.3366,False,True,True
182,selection|ibm-granite/granite-3.3-8b-instruct|b,selection,0.8698,0.94,300,delta_pp:1,5.8338,1.8088,True,True,False
182,selection|microsoft/Phi-3.5-mini-instruct|b,selection,0.7873,0.9233,300,delta_pp:1,2.8485,2.3681,True,True,True
182,selection|Qwen/Qwen2.5-7B-Instruct|c,selection,0.814,0.9733,300,delta_pp:1,0.7027,-0.384,False,False,False
182,selection|allenai/OLMo-2-1124-7B-Instruct|c,selection,0.7382,0.9233,300,delta_pp:1,2.9532,1.2233,True,True,True
182,selection|ibm-granite/granite-3.3-8b-instruct|c,selection,0.8524,0.9533,300,delta_pp:1,3.2185,1.1876,True,True,False
182,selection|microsoft/Phi-3.5-mini-instruct|c,selection,0.7571,0.8667,300,delta_pp:1,2.3075,3.7391,True,True,True
183,selection|Qwen/Qwen2.5-7B-Instruct|a,selection,0.9305,0.98,300,delta_pp:1,1.238,-0.401,False,True,False
183,selection|allenai/OLMo-2-1124-7B-Instruct|a,selection,0.9164,0.9533,300,delta_pp:1,2.6059,-0.8898,False,True,False
183,selection|ibm-granite/granite-3.3-8b-instruct|a,selection,0.9199,0.96,300,delta_pp:1,4.0162,0.9105,False,True,False
183,selection|microsoft/Phi-3.5-mini-instruct|a,selection,0.8539,0.9467,300,delta_pp:1,6.1762,1.8188,True,True,False
183,selection|Qwen/Qwen2.5-7B-Instruct|b,selection,0.9322,0.9833,300,delta_pp:1,0.555,-0.5102,False,False,False
183,selection|allenai/OLMo-2-1124-7B-Instruct|b,selection,0.8451,0.93,300,delta_pp:1,4.1752,0.3366,False,True,False
183,selection|ibm-granite/granite-3.3-8b-instruct|b,selection,0.9164,0.9533,300,delta_pp:1,5.3822,1.8088,True,True,False
183,selection|microsoft/Phi-3.5-mini-instruct|b,selection,0.897,0.9167,300,delta_pp:1,11.5754,2.3681,True,True,False
183,selection|Qwen/Qwen2.5-7B-Instruct|c,selection,0.9305,0.98,300,delta_pp:1,1.238,-0.384,False,True,False
183,selection|allenai/OLMo-2-1124-7B-Instruct|c,selection,0.8451,0.93,300,delta_pp:1,5.3584,1.2233,True,True,False
183,selection|ibm-granite/granite-3.3-8b-instruct|c,selection,0.8609,0.96,300,delta_pp:1,5.9473,1.1876,True,True,False
183,selection|microsoft/Phi-3.5-mini-instruct|c,selection,0.8988,0.92,300,delta_pp:1,9.5725,3.7391,True,True,False
184,selection|Qwen/Qwen2.5-7B-Instruct|a,selection,0.8409,0.9767,300,delta_pp:1,-0.8165,-0.401,False,False,False
184,selection|allenai/OLMo-2-1124-7B-Instruct|a,selection,0.7483,0.94,300,delta_pp:1,0.4572,-0.8898,False,False,True
184,selection|ibm-granite/granite-3.3-8b-instruct|a,selection,0.8305,0.9567,300,delta_pp:1,0.6785,0.9105,False,False,False
184,selection|microsoft/Phi-3.5-mini-instruct|a,selection,0.9074,0.9633,300,delta_pp:1,2.8073,1.8188,True,True,False
184,selection|Qwen/Qwen2.5-7B-Instruct|b,selection,0.8811,0.9833,300,delta_pp:1,-0.9769,-0.5102,False,False,False
184,selection|allenai/OLMo-2-1124-7B-Instruct|b,selection,0.7781,0.9267,300,delta_pp:1,2.8986,0.3366,False,True,True
184,selection|ibm-granite/granite-3.3-8b-instruct|b,selection,0.8305,0.9567,300,delta_pp:1,0.6785,1.8088,True,False,False
184,selection|microsoft/Phi-3.5-mini-instruct|b,selection,0.9354,0.9467,300,delta_pp:1,3.2803,2.3681,True,True,False
184,selection|Qwen/Qwen2.5-7B-Instruct|c,selection,0.8042,0.9767,300,delta_pp:1,-0.5724,-0.384,False,False,False
184,selection|allenai/OLMo-2-1124-7B-Instruct|c,selection,0.7798,0.93,300,delta_pp:1,7.4004,1.2233,True,True,True
184,selection|ibm-granite/granite-3.3-8b-instruct|c,selection,0.7955,0.96,300,delta_pp:1,1.4646,1.1876,True,True,True
184,selection|microsoft/Phi-3.5-mini-instruct|c,selection,0.9093,0.8967,300,delta_pp:1,4.1115,3.7391,True,True,False
185,selection|Qwen/Qwen2.5-7B-Instruct|a,selection,0.8718,0.9667,300,delta_pp:1,-2.0972,-0.401,False,True,False
185,selection|allenai/OLMo-2-1124-7B-Instruct|a,selection,0.7641,0.92,300,delta_pp:1,-1.6214,-0.8898,False,True,True
185,selection|ibm-granite/granite-3.3-8b-instruct|a,selection,0.8629,0.95,300,delta_pp:1,1.2372,0.9105,False,True,False
185,selection|microsoft/Phi-3.5-mini-instruct|a,selection,0.8559,0.9367,300,delta_pp:1,-1.306,1.8188,True,True,False
185,selection|Qwen/Qwen2.5-7B-Instruct|b,selection,0.8735,0.97,300,delta_pp:1,-2.7641,-0.5102,False,True,False
185,selection|allenai/OLMo-2-1124-7B-Instruct|b,selection,0.8853,0.94,300,delta_pp:1,-0.7793,0.3366,False,False,False
185,selection|ibm-granite/granite-3.3-8b-instruct|b,selection,0.8959,0.96,300,delta_pp:1,1.7501,1.8088,True,True,False
185,selection|microsoft/Phi-3.5-mini-instruct|b,selection,0.84,0.9067,300,delta_pp:1,-0.5836,2.3681,True,False,False
185,selection|Qwen/Qwen2.5-7B-Instruct|c,selection,0.8718,0.9667,300,delta_pp:1,-3.3483,-0.384,False,True,False
185,selection|allenai/OLMo-2-1124-7B-Instruct|c,selection,0.8317,0.9433,300,delta_pp:1,1.3772,1.2233,True,True,False
185,selection|ibm-granite/granite-3.3-8b-instruct|c,selection,0.8317,0.9433,300,delta_pp:1,0.0574,1.1876,True,False,False
185,selection|microsoft/Phi-3.5-mini-instruct|c,selection,0.8276,0.8833,300,delta_pp:1,2.7647,3.7391,True,True,False
186,selection|Qwen/Qwen2.5-7B-Instruct|a,selection,0.7414,0.9667,300,delta_pp:1,-1.267,-0.401,False,True,True
186,selection|allenai/OLMo-2-1124-7B-Instruct|a,selection,0.8155,0.9233,300,delta_pp:1,-5.8869,-0.8898,False,True,False
186,selection|ibm-granite/granite-3.3-8b-instruct|a,selection,0.7845,0.9567,300,delta_pp:1,0.7658,0.9105,False,False,True
186,selection|microsoft/Phi-3.5-mini-instruct|a,selection,0.8276,0.9467,300,delta_pp:1,-2.4812,1.8188,True,True,False
186,selection|Qwen/Qwen2.5-7B-Instruct|b,selection,0.8931,0.98,300,delta_pp:1,0.0,-0.5102,False,False,False
186,selection|allenai/OLMo-2-1124-7B-Instruct|b,selection,0.8655,0.9267,300,delta_pp:1,-2.5341,0.3366,False,True,False
186,selection|ibm-granite/granite-3.3-8b-instruct|b,selection,0.7293,0.9433,300,delta_pp:1,3.3528,1.8088,True,True,True
186,selection|microsoft/Phi-3.5-mini-instruct|b,selection,0.8672,0.93,300,delta_pp:1,-0.5541,2.3681,True,False,False
186,selection|Qwen/Qwen2.5-7B-Instruct|c,selection,0.7448,0.9733,300,delta_pp:1,-1.267,-0.384,False,True,True
186,selection|allenai/OLMo-2-1124-7B-Instruct|c,selection,0.7207,0.9267,300,delta_pp:1,-1.1612,1.2233,True,True,True
186,selection|ibm-granite/granite-3.3-8b-instruct|c,selection,0.7362,0.9567,300,delta_pp:1,0.7129,1.1876,True,False,True
186,selection|microsoft/Phi-3.5-mini-instruct|c,selection,0.8586,0.9133,300,delta_pp:1,0.1058,3.7391,True,False,False
187,selection|Qwen/Qwen2.5-7B-Instruct|a,selection,0.8042,0.9767,300,delta_pp:1,0.1434,-0.401,False,False,False
187,selection|allenai/OLMo-2-1124-7B-Instruct|a,selection,0.8498,0.9233,300,delta_pp:1,1.3409,-0.8898,False,True,False
187,selection|ibm-granite/granite-3.3-8b-instruct|a,selection,0.9074,0.9633,300,delta_pp:1,5.0568,0.9105,False,True,False
187,selection|microsoft/Phi-3.5-mini-instruct|a,selection,0.9004,0.95,300,delta_pp:1,2.4444,1.8188,True,True,False
187,selection|Qwen/Qwen2.5-7B-Instruct|b,selection,0.799,0.9667,300,delta_pp:1,-0.496,-0.5102,False,False,True
187,selection|allenai/OLMo-2-1124-7B-Instruct|b,selection,0.8411,0.9067,300,delta_pp:1,9.8633,0.3366,False,True,False
187,selection|ibm-granite/granite-3.3-8b-instruct|b,selection,0.862,0.9467,300,delta_pp:1,5.9127,1.8088,True,True,False
187,selection|microsoft/Phi-3.5-mini-instruct|b,selection,0.8917,0.9333,300,delta_pp:1,4.4585,2.3681,True,True,False
187,selection|Qwen/Qwen2.5-7B-Instruct|c,selection,0.8025,0.9733,300,delta_pp:1,-0.5097,-0.384,False,False,False
187,selection|allenai/OLMo-2-1124-7B-Instruct|c,selection,0.7694,0.91,300,delta_pp:1,-1.0395,1.2233,True,True,True
187,selection|ibm-granite/granite-3.3-8b-instruct|c,selection,0.9179,0.9833,300,delta_pp:1,2.3759,1.1876,True,True,False
187,selection|microsoft/Phi-3.5-mini-instruct|c,selection,0.9215,0.92,300,delta_pp:1,4.3242,3.7391,True,True,False
188,selection|Qwen/Qwen2.5-7B-Instruct|a,selection,0.8122,0.97,300,delta_pp:1,0.3834,-0.401,False,False,False
188,selection|allenai/OLMo-2-1124-7B-Instruct|a,selection,0.7873,0.9233,300,delta_pp:1,1.7292,-0.8898,False,True,True
188,selection|ibm-granite/granite-3.3-8b-instruct|a,selection,0.8453,0.94,300,delta_pp:1,2.4562,0.9105,False,True,False
188,selection|microsoft/Phi-3.5-mini-instruct|a,selection,0.8488,0.9467,300,delta_pp:1,2.4608,1.8188,True,True,False
188,selection|Qwen/Qwen2.5-7B-Instruct|b,selection,0.8087,0.9633,300,delta_pp:1,1.6985,-0.5102,False,True,False
188,selection|allenai/OLMo-2-1124-7B-Instruct|b,selection,0.7873,0.9233,300,delta_pp:1,1.7292,0.3366,False,True,True
188,selection|ibm-granite/granite-3.3-8b-instruct|b,selection,0.8734,0.9467,300,delta_pp:1,1.1394,1.8088,True,True,False
188,selection|microsoft/Phi-3.5-mini-instruct|b,selection,0.8663,0.9333,300,delta_pp:1,2.4499,2.3681,True,True,False
188,selection|Qwen/Qwen2.5-7B-Instruct|c,selection,0.756,0.9567,300,delta_pp:1,0.3186,-0.384,False,False,True
188,selection|allenai/OLMo-2-1124-7B-Instruct|c,selection,0.7521,0.9033,300,delta_pp:1,1.6582,1.2233,True,True,True
188,selection|ibm-granite/granite-3.3-8b-instruct|c,selection,0.8261,0.95,300,delta_pp:1,1.7462,1.1876,True,True,False
188,selection|microsoft/Phi-3.5-mini-instruct|c,selection,0.8819,0.9167,300,delta_pp:1,4.4163,3.7391,True,True,False
189,selection|Qwen/Qwen2.5-7B-Instruct|a,selection,0.8055,0.9667,300,delta_pp:1,0.9361,-0.401,False,False,False
189,selection|allenai/OLMo-2-1124-7B-Instruct|a,selection,0.6505,0.8967,300,delta_pp:1,2.4591,-0.8898,False,True,True
189,selection|ibm-granite/granite-3.3-8b-instruct|a,selection,0.8173,0.9333,300,delta_pp:1,2.2578,0.9105,False,True,False
189,selection|microsoft/Phi-3.5-mini-instruct|a,selection,0.7702,0.9,300,delta_pp:1,3.8373,1.8188,True,True,True
189,selection|Qwen/Qwen2.5-7B-Instruct|b,selection,0.8002,0.9567,300,delta_pp:1,0.3039,-0.5102,False,False,False
189,selection|allenai/OLMo-2-1124-7B-Instruct|b,selection,0.7496,0.9167,300,delta_pp:1,3.3753,0.3366,False,True,True
189,selection|ibm-granite/granite-3.3-8b-instruct|b,selection,0.8244,0.9467,300,delta_pp:1,2.2209,1.8088,True,True,False
189,selection|microsoft/Phi-3.5-mini-instruct|b,selection,0.7685,0.8967,300,delta_pp:1,4.5065,2.3681,True,True,True
189,selection|Qwen/Qwen2.5-7B-Instruct|c,selection,0.8019,0.96,300,delta_pp:1,-0.3653,-0.384,False,False,False
189,selection|allenai/OLMo-2-1124-7B-Instruct|c,selection,0.6576,0.91,300,delta_pp:1,6.305,1.2233,True,True,True
189,selection|ibm-granite/granite-3.3-8b-instruct|c,selection,0.8609,0.96,300,delta_pp:1,4.6564,1.1876,True,True,False
189,selection|microsoft/Phi-3.5-mini-instruct|c,selection,0.7786,0.86,300,delta_pp:1,5.1006,3.7391,True,True,True
190,selection|Qwen/Qwen2.5-7B-Instruct|a,selection,0.7795,0.9733,300,delta_pp:1,0.3774,-0.401,False,False,True
190,selection|allenai/OLMo-2-1124-7B-Instruct|a,selection,0.7513,0.92,300,delta_pp:1,-0.4367,-0.8898,False,False,True
190,selection|ibm-granite/granite-3.3-8b-instruct|a,selection,0.8627,0.9633,300,delta_pp:1,1.4413,0.9105,False,True,False
190,selection|microsoft/Phi-3.5-mini-instruct|a,selection,0.8521,0.9433,300,delta_pp:1,2.8996,1.8188,True,True,False
190,selection|Qwen/Qwen2.5-7B-Instruct|b,selection,0.7447,0.9633,300,delta_pp:1,0.1606,-0.5102,False,False,True
190,selection|allenai/OLMo-2-1124-7B-Instruct|b,selection,0.7931,0.9433,300,delta_pp:1,-1.6321,0.3366,False,True,True
190,selection|ibm-granite/granite-3.3-8b-instruct|b,selection,0.8627,0.9633,300,delta_pp:1,1.4413,1.8088,True,True,False
190,selection|microsoft/Phi-3.5-mini-instruct|b,selection,0.8746,0.93,300,delta_pp:1,5.2577,2.3681,True,True,False
190,selection|Qwen/Qwen2.5-7B-Instruct|c,selection,0.7742,0.9633,300,delta_pp:1,-0.2133,-0.384,False,False,True
190,selection|allenai/OLMo-2-1124-7B-Instruct|c,selection,0.7443,0.9067,300,delta_pp:1,4.7985,1.2233,True,True,True
190,selection|ibm-granite/granite-3.3-8b-instruct|c,selection,0.7707,0.9567,300,delta_pp:1,-1.3505,1.1876,True,True,True
190,selection|microsoft/Phi-3.5-mini-instruct|c,selection,0.8882,0.9,300,delta_pp:1,5.7514,3.7391,True,True,False
191,selection|Qwen/Qwen2.5-7B-Instruct|a,selection,0.8298,0.9733,300,delta_pp:1,0.4539,-0.401,False,False,False
191,selection|allenai/OLMo-2-1124-7B-Instruct|a,selection,0.8327,0.93,300,delta_pp:1,3.7242,-0.8898,False,True,False
191,selection|ibm-granite/granite-3.3-8b-instruct|a,selection,0.8765,0.9633,300,delta_pp:1,2.3312,0.9105,False,True,False
191,selection|microsoft/Phi-3.5-mini-instruct|a,selection,0.7931,0.9533,300,delta_pp:1,1.8283,1.8188,True,True,True
191,selection|Qwen/Qwen2.5-7B-Instruct|b,selection,0.802,0.97,300,delta_pp:1,1.2081,-0.5102,False,True,False
191,selection|allenai/OLMo-2-1124-7B-Instruct|b,selection,0.7807,0.93,300,delta_pp:1,6.4803,0.3366,False,True,True
191,selection|ibm-granite/granite-3.3-8b-instruct|b,selection,0.8138,0.9433,300,delta_pp:1,2.4754,1.8088,True,True,False
191,selection|microsoft/Phi-3.5-mini-instruct|b,selection,0.7512,0.9233,300,delta_pp:1,2.6197,2.3681,True,True,True
191,selection|Qwen/Qwen2.5-7B-Instruct|c,selection,0.8298,0.9733,300,delta_pp:1,1.7737,-0.384,False,True,False
191,selection|allenai/OLMo-2-1124-7B-Instruct|c,selection,0.7512,0.9233,300,delta_pp:1,10.4758,1.2233,True,True,True
191,selection|ibm-granite/granite-3.3-8b-instruct|c,selection,0.8765,0.9633,300,delta_pp:1,4.9708,1.1876,True,True,False
191,selection|microsoft/Phi-3.5-mini-instruct|c,selection,0.7766,0.8733,300,delta_pp:1,7.1925,3.7391,True,True,True
192,selection|Qwen/Qwen2.5-7B-Instruct|a,selection,0.8469,0.9567,300,delta_pp:1,-1.4348,-0.401,False,True,False
192,selection|allenai/OLMo-2-1124-7B-Instruct|a,selection,0.6832,0.8933,300,delta_pp:1,2.0813,-0.8898,False,True,True
192,selection|ibm-granite/granite-3.3-8b-instruct|a,selection,0.8676,0.9467,300,delta_pp:1,0.3291,0.9105,False,False,False
192,selection|microsoft/Phi-3.5-mini-instruct|a,selection,0.7181,0.91,300,delta_pp:1,5.1038,1.8188,True,True,True
192,selection|Qwen/Qwen2.5-7B-Instruct|b,selection,0.8487,0.96,300,delta_pp:1,-2.1133,-0.5102,False,True,False
192,selection|allenai/OLMo-2-1124-7B-Instruct|b,selection,0.7547,0.93,300,delta_pp:1,1.9935,0.3366,False,True,True
192,selection|ibm-granite/granite-3.3-8b-instruct|b,selection,0.8032,0.9233,300,delta_pp:1,2.8948,1.8088,True,True,False
192,selection|microsoft/Phi-3.5-mini-instruct|b,selection,0.7926,0.9033,300,delta_pp:1,1.7739,2.3681,True,True,True
192,selection|Qwen/Qwen2.5-7B-Instruct|c,selection,0.7967,0.96,300,delta_pp:1,-1.5701,-0.384,False,True,True
192,selection|allenai/OLMo-2-1124-7B-Instruct|c,selection,0.6868,0.9,300,delta_pp:1,6.0036,1.2233,True,True,True
192,selection|ibm-granite/granite-3.3-8b-instruct|c,selection,0.7843,0.9367,300,delta_pp:1,1.7722,1.1876,True,True,True
192,selection|microsoft/Phi-3.5-mini-instruct|c,selection,0.7784,0.8767,300,delta_pp:1,1.9226,3.7391,True,True,True
193,selection|Qwen/Qwen2.5-7B-Instruct|a,selection,0.8794,0.98,300,delta_pp:1,0.0522,-0.401,False,False,False
193,selection|allenai/OLMo-2-1124-7B-Instruct|a,selection,0.7046,0.9267,300,delta_pp:1,0.165,-0.8898,False,False,True
193,selection|ibm-granite/granite-3.3-8b-instruct|a,selection,0.8322,0.96,300,delta_pp:1,-0.8439,0.9105,False,False,False
193,selection|microsoft/Phi-3.5-mini-instruct|a,selection,0.7833,0.9367,300,delta_pp:1,1.5758,1.8188,True,True,True
193,selection|Qwen/Qwen2.5-7B-Instruct|b,selection,0.8042,0.9767,300,delta_pp:1,0.0641,-0.5102,False,False,False
193,selection|allenai/OLMo-2-1124-7B-Instruct|b,selection,0.7483,0.94,300,delta_pp:1,-2.732,0.3366,False,True,True
193,selection|ibm-granite/granite-3.3-8b-instruct|b,selection,0.8707,0.9633,300,delta_pp:1,-0.5278,1.8088,True,False,False
193,selection|microsoft/Phi-3.5-mini-instruct|b,selection,0.7728,0.9167,300,delta_pp:1,-2.288,2.3681,True,True,True
193,selection|Qwen/Qwen2.5-7B-Instruct|c,selection,0.8811,0.9833,300,delta_pp:1,0.6962,-0.384,False,False,False
193,selection|allenai/OLMo-2-1124-7B-Instruct|c,selection,0.7903,0.95,300,delta_pp:1,0.1919,1.2233,True,False,True
193,selection|ibm-granite/granite-3.3-8b-instruct|c,selection,0.8409,0.9767,300,delta_pp:1,-0.3985,1.1876,True,False,False
193,selection|microsoft/Phi-3.5-mini-instruct|c,selection,0.7939,0.8867,300,delta_pp:1,-3.132,3.7391,True,True,True
194,selection|Qwen/Qwen2.5-7B-Instruct|a,selection,0.8649,0.9767,300,delta_pp:1,1.7045,-0.401,False,True,False
194,selection|allenai/OLMo-2-1124-7B-Instruct|a,selection,0.6276,0.9,300,delta_pp:1,-1.8115,-0.8898,False,True,True
194,selection|ibm-granite/granite-3.3-8b-instruct|a,selection,0.7927,0.9333,300,delta_pp:1,1.0176,0.9105,False,True,True
194,selection|microsoft/Phi-3.5-mini-instruct|a,selection,0.8944,0.94,300,delta_pp:1,-1.5066,1.8188,True,True,False
194,selection|Qwen/Qwen2.5-7B-Instruct|b,selection,0.8649,0.9767,300,delta_pp:1,0.3847,-0.5102,False,False,False
194,selection|allenai/OLMo-2-1124-7B-Instruct|b,selection,0.761,0.92,300,delta_pp:1,0.9513,0.3366,False,False,True
194,selection|ibm-granite/granite-3.3-8b-instruct|b,selection,0.8016,0.95,300,delta_pp:1,1.6305,1.8088,True,True,False
194,selection|microsoft/Phi-3.5-mini-instruct|b,selection,0.8627,0.9267,300,delta_pp:1,-0.1944,2.3681,True,False,False
194,selection|Qwen/Qwen2.5-7B-Instruct|c,selection,0.8631,0.9733,300,delta_pp:1,1.0423,-0.384,False,True,False
194,selection|allenai/OLMo-2-1124-7B-Instruct|c,selection,0.7347,0.9167,300,delta_pp:1,4.1328,1.2233,True,True,True
194,selection|ibm-granite/granite-3.3-8b-instruct|c,selection,0.8051,0.9567,300,delta_pp:1,1.6352,1.1876,True,True,False
194,selection|microsoft/Phi-3.5-mini-instruct|c,selection,0.8659,0.8867,300,delta_pp:1,1.0958,3.7391,True,True,False
195,selection|Qwen/Qwen2.5-7B-Instruct|a,selection,0.8536,0.98,300,delta_pp:1,-0.0346,-0.401,False,False,False
195,selection|allenai/OLMo-2-1124-7B-Instruct|a,selection,0.8666,0.94,300,delta_pp:1,3.8232,-0.8898,False,True,False
195,selection|ibm-granite/granite-3.3-8b-instruct|a,selection,0.8501,0.9733,300,delta_pp:1,3.8464,0.9105,False,True,False
195,selection|microsoft/Phi-3.5-mini-instruct|a,selection,0.8057,0.9533,300,delta_pp:1,2.9821,1.8188,True,True,False
195,selection|Qwen/Qwen2.5-7B-Instruct|b,selection,0.8127,0.9667,300,delta_pp:1,0.2873,-0.5102,False,False,False
195,selection|allenai/OLMo-2-1124-7B-Instruct|b,selection,0.7647,0.94,300,delta_pp:1,-0.6557,0.3366,False,False,True
195,selection|ibm-granite/granite-3.3-8b-instruct|b,selection,0.8467,0.9667,300,delta_pp:1,2.6602,1.8088,True,True,False
195,selection|microsoft/Phi-3.5-mini-instruct|b,selection,0.8239,0.9233,300,delta_pp:1,4.7126,2.3681,True,True,False
195,selection|Qwen/Qwen2.5-7B-Instruct|c,selection,0.8179,0.9767,300,delta_pp:1,-0.4139,-0.384,False,False,False
195,selection|allenai/OLMo-2-1124-7B-Instruct|c,selection,0.7612,0.9333,300,delta_pp:1,0.6917,1.2233,True,False,True
195,selection|ibm-granite/granite-3.3-8b-instruct|c,selection,0.743,0.9633,300,delta_pp:1,2.7085,1.1876,True,True,True
195,selection|microsoft/Phi-3.5-mini-instruct|c,selection,0.8099,0.8967,300,delta_pp:1,6.1425,3.7391,True,True,False
196,selection|Qwen/Qwen2.5-7B-Instruct|a,selection,0.8895,0.97,300,delta_pp:1,1.5591,-0.401,False,True,False
196,selection|allenai/OLMo-2-1124-7B-Instruct|a,selection,0.7947,0.91,300,delta_pp:1,1.7973,-0.8898,False,True,True
196,selection|ibm-granite/granite-3.3-8b-instruct|a,selection,0.9491,0.9633,300,delta_pp:1,3.2386,0.9105,False,True,False
196,selection|microsoft/Phi-3.5-mini-instruct|a,selection,0.9596,0.9233,300,delta_pp:1,5.7271,1.8188,True,True,False
196,selection|Qwen/Qwen2.5-7B-Instruct|b,selection,0.8877,0.9667,300,delta_pp:1,2.249,-0.5102,False,True,False
196,selection|allenai/OLMo-2-1124-7B-Instruct|b,selection,0.893,0.9167,300,delta_pp:1,2.8473,0.3366,False,True,False
196,selection|ibm-granite/granite-3.3-8b-instruct|b,selection,0.9439,0.9533,300,delta_pp:1,3.9882,1.8088,True,True,False
196,selection|microsoft/Phi-3.5-mini-instruct|b,selection,0.9544,0.9133,300,delta_pp:1,5.1568,2.3681,True,True,False
196,selection|Qwen/Qwen2.5-7B-Instruct|c,selection,0.8579,0.97,300,delta_pp:1,3.0894,-0.384,False,True,False
196,selection|allenai/OLMo-2-1124-7B-Instruct|c,selection,0.8018,0.9233,300,delta_pp:1,-0.962,1.2233,True,False,False
196,selection|ibm-granite/granite-3.3-8b-instruct|c,selection,0.9175,0.9633,300,delta_pp:1,4.7689,1.1876,True,True,False
196,selection|microsoft/Phi-3.5-mini-instruct|c,selection,0.9421,0.89,300,delta_pp:1,7.3459,3.7391,True,True,False
197,selection|Qwen/Qwen2.5-7B-Instruct|a,selection,0.764,0.97,300,delta_pp:1,-1.0306,-0.401,False,True,True
197,selection|allenai/OLMo-2-1124-7B-Instruct|a,selection,0.8113,0.92,300,delta_pp:1,-4.7464,-0.8898,False,True,False
197,selection|ibm-granite/granite-3.3-8b-instruct|a,selection,0.9161,0.98,300,delta_pp:1,-0.4103,0.9105,False,False,False
197,selection|microsoft/Phi-3.5-mini-instruct|a,selection,0.8218,0.94,300,delta_pp:1,3.2118,1.8188,True,True,False
197,selection|Qwen/Qwen2.5-7B-Instruct|b,selection,0.8409,0.9767,300,delta_pp:1,-0.3985,-0.5102,False,False,False
197,selection|allenai/OLMo-2-1124-7B-Instruct|b,selection,0.8567,0.9367,300,delta_pp:1,0.92,0.3366,False,False,False
197,selection|ibm-granite/granite-3.3-8b-instruct|b,selection,0.8794,0.98,300,delta_pp:1,-0.0824,1.8088,True,False,False
197,selection|microsoft/Phi-3.5-mini-instruct|b,selection,0.7781,0.9267,300,delta_pp:1,3.469,2.3681,True,True,True
197,selection|Qwen/Qwen2.5-7B-Instruct|c,selection,0.8042,0.9767,300,delta_pp:1,-1.3905,-0.384,False,True,False
197,selection|allenai/OLMo-2-1124-7B-Instruct|c,selection,0.8165,0.93,300,delta_pp:1,3.7851,1.2233,True,True,False
197,selection|ibm-granite/granite-3.3-8b-instruct|c,selection,0.764,0.97,300,delta_pp:1,-1.0306,1.1876,True,True,True
197,selection|microsoft/Phi-3.5-mini-instruct|c,selection,0.8376,0.9,300,delta_pp:1,0.4359,3.7391,True,False,False
198,selection|Qwen/Qwen2.5-7B-Instruct|a,selection,0.8476,0.9733,300,delta_pp:1,-3.236,-0.401,False,True,False
198,selection|allenai/OLMo-2-1124-7B-Instruct|a,selection,0.8335,0.9467,300,delta_pp:1,-0.5408,-0.8898,False,False,False
198,selection|ibm-granite/granite-3.3-8b-instruct|a,selection,0.8959,0.96,300,delta_pp:1,0.4989,0.9105,False,False,False
198,selection|microsoft/Phi-3.5-mini-instruct|a,selection,0.8629,0.95,300,delta_pp:1,1.3059,1.8188,True,True,False
198,selection|Qwen/Qwen2.5-7B-Instruct|b,selection,0.82,0.9733,300,delta_pp:1,-1.8587,-0.5102,False,True,False
198,selection|allenai/OLMo-2-1124-7B-Instruct|b,selection,0.8576,0.94,300,delta_pp:1,0.7355,0.3366,False,False,False
198,selection|ibm-granite/granite-3.3-8b-instruct|b,selection,0.8976,0.9633,300,delta_pp:1,-0.0992,1.8088,True,False,False
198,selection|microsoft/Phi-3.5-mini-instruct|b,selection,0.8817,0.9333,300,delta_pp:1,0.5545,2.3681,True,False,False
198,selection|Qwen/Qwen2.5-7B-Instruct|c,selection,0.8512,0.98,300,delta_pp:1,-1.9301,-0.384,False,True,False
198,selection|allenai/OLMo-2-1124-7B-Instruct|c,selection,0.8211,0.9233,300,delta_pp:1,-1.0833,1.2233,True,True,False
198,selection|ibm-granite/granite-3.3-8b-instruct|c,selection,0.8718,0.9667,300,delta_pp:1,0.5425,1.1876,True,False,False
198,selection|microsoft/Phi-3.5-mini-instruct|c,selection,0.847,0.92,300,delta_pp:1,3.3482,3.7391,True,True,False
199,selection|Qwen/Qwen2.5-7B-Instruct|a,selection,0.9391,0.9833,300,delta_pp:1,2.5207,-0.401,False,True,False
199,selection|allenai/OLMo-2-1124-7B-Instruct|a,selection,0.7843,0.9367,300,delta_pp:1,-0.1172,-0.8898,False,False,True
199,selection|ibm-granite/granite-3.3-8b-instruct|a,selection,0.9616,0.9767,300,delta_pp:1,1.0935,0.9105,False,True,False
199,selection|microsoft/Phi-3.5-mini-instruct|a,selection,0.9492,0.9533,300,delta_pp:1,4.4906,1.8188,True,True,False
199,selection|Qwen/Qwen2.5-7B-Instruct|b,selection,0.9391,0.9833,300,delta_pp:1,2.5207,-0.5102,False,True,False
199,selection|allenai/OLMo-2-1124-7B-Instruct|b,selection,0.8605,0.9333,300,delta_pp:1,1.2456,0.3366,False,True,False
199,selection|ibm-granite/granite-3.3-8b-instruct|b,selection,0.9303,0.9667,300,delta_pp:1,3.3253,1.8088,True,True,False
199,selection|microsoft/Phi-3.5-mini-instruct|b,selection,0.9403,0.9367,300,delta_pp:1,6.5401,2.3681,True,True,False
199,selection|Qwen/Qwen2.5-7B-Instruct|c,selection,0.9669,0.9867,300,delta_pp:1,1.7116,-0.384,False,True,False
199,selection|allenai/OLMo-2-1124-7B-Instruct|c,selection,0.7772,0.9233,300,delta_pp:1,5.2179,1.2233,True,True,True
199,selection|ibm-granite/granite-3.3-8b-instruct|c,selection,0.9096,0.9767,300,delta_pp:1,1.514,1.1876,True,True,False
199,selection|microsoft/Phi-3.5-mini-instruct|c,selection,0.9486,0.9033,300,delta_pp:1,11.8236,3.7391,True,True,False
